# Max Rubner-Institut (2025): Bundeslebensmittelschlüssel (BLS), Version 4.0 — Deutsche Nährstoffdatenbank. Karlsruhe.
# DOI: 10.25826/Data20251217-134202-0 · licence CC BY 4.0 (https://creativecommons.org/licenses/by/4.0/)
# Extract by CruxCoach (scripts/build_bls_asset.py): energy, protein, fat, available carbohydrate per 100 g edible portion.
# Source archive sha256: 12b7a6ba62807ec9b301eb276f897dc85f99b2292311618dec3749a12d984c91
# code	name_de	name_en	kcal	protein_g	fat_g	carbs_g
C131000	Hafer ganzes Korn, roh	Oat whole grain, raw	343	11.38	7.09	53.7
C133000	Hafer Flocken	Oat flakes	348	13.22	6.65	53.3
C141000	Gerste ganzes Korn, roh	Barley whole grain, raw	332	11.24	2.1	62.6
C243000	Gerste Mehl	Barley flour	340	11.3	2	62.6
C341000	Mais roh	Maize raw	336	8.66	3.8	62.84
C443000	Mais Mehl	Maize flour	330	8.66	2.82	62.84
C352000	Reis poliert, roh	White rice raw	351	7.93	0.62	77.1
C359000	Reis parboiled, poliert, roh	Rice parboiled, raw	333	8.12	1.03	72.1
E401000	Teigwaren eifrei, roh	Pasta egg-free, raw	346	12.4	1.6	68.83
E510000	Vollkornteigwaren eifrei, roh	Wholemeal pasta egg-free, raw	356	14.3	2.93	62.9
F301100	Erdbeere roh	Strawberry raw	38	0.82	0.4	5.92
F302100	Himbeere roh	Raspberry raw	43	1	0.3	5.2
F331100	Maulbeere roh	Mulberry raw	51	1.37	0.39	8.1
G130100	Rucola roh	Rocket raw	21	3.6	0.4	0
G420100	Stielmus/Rübstiel, roh	Turnip tops/greens, raw	18	1.5	0.3	0.81
G541100	Gemüsepaprika grün, roh	Sweet pepper green, raw	38	1.08	0.24	6.88
G543100	Gemüsepaprika rot, roh	Sweet pepper red, raw	36	1.02	0.2	6.19
G611100	Kohlrübe/Steckrübe, roh	Swede raw	22	1.25	0.16	2.3
G660100	Knollensellerie roh	Celeriac raw	30	1.55	0.33	2.77
G614100	Weiße Rübe/Wasserrübe/Herbstrübe, roh	Turnip raw	40	0.99	0.22	6.58
H640100	Alfalfasprossen/Alfalfakeimlinge, roh	Lucerne/alfalfa sprouts, raw	29	4	0.69	0.3
H662100	Linsensprossen/Linsenkeimlinge, roh	Lentils sprouted raw	29	4.65	0.39	0.3
H861000	Tofu	Tofu	115	15.51	5.63	0
H861100	Seidentofu	Silken tofu	46	4.57	2.9	0
M012100	Roquefort mind. 50 % Fett i. Tr.	Roquefort min. 50 % fat in dry matter	363	21.5	30.6	0
M5B1600	Gorgonzola mind. 48 % Fett i. Tr.	Gorgonzola cheese min. 48 % fat in dry matter	329	18.65	28.06	0
M881000	Milchpulver mit hohem Fettgehalt (Sahnepulver, Rahmpulver)	Milk powder with high fat content (cream powder)	586	21.6	42	28.3
M882000	Vollmilchpulver	Whole milk powder	483	24.69	26.2	35.1
M884000	Magermilchpulver	Skimmed milk powder	347	34.29	0.48	50.5
M886000	Buttermilchpulver	Buttermilk powder	363	32.72	6.75	42.12
N500900	Kaffeeersatzpulver	Coffee substitute powder	279	3.97	0.08	51.25
N540900	Zichorienkaffeepulver	Chicory coffee powder	304	6.8	1.6	51.25
P353100	Apfelwein	Cider	44	0	0	4
P752100	Obstbrand/Obstwasser	Fruit spirit	274	0	0	0
P712000	Wodka	Vodka	225	0	0	0
P741000	Rum 37,5/40 % vol	Rum 37.5/40 % vol	214	0	0	0
S120000	Honig	Honey	305	0.4	0	74.09
S121000	Blütenhonig (Nektarhonig)	Blossom honey	318	0.38	0	78.56
T102100	Hering roh	Herring raw	150	17.2	9.01	0
T102600	Bückling (Hering) heiß geräuchert	Herring smoked	224	21.2	15.5	0
T106600	Sprotte geräuchert	Sprat smoked	243	19.4	18.4	0
T302100	Steinbutt roh	Turbot raw	82	16.7	1.73	0
T306100	Heilbutt/Weißer Heilbutt, roh	Halibut/white halibut, raw	133	20.1	5.83	0
T501100	Karpfen roh	Carp raw	119	18	5.18	0
T502100	Blei/Brachsen/Brasse, roh	Common bream raw	96	16.6	3.31	0
T601100	Barsch/Flussbarsch, roh	European perch raw	79	18.4	0.6	0
T615100	Rotbarsch/Goldbarsch, roh	Ocean perch/redfish, raw	92	15.3	3.47	0
T730100	Hummer roh	Lobster raw	81	15.9	1.9	0
T753100	Garnele/Granat/Krabbe, roh	Common shrimp raw	87	18.6	1.44	0
T780100	Europäische Auster roh	European oyster raw	67	9	2.94	1.09
T792100	Miesmuschel roh	Common mussel raw	60	10.51	1.96	0
U505100	Schwein Fettwamme, ohne Schwarten, geringer Magerfleischanteil (S XI) roh	Pork fat belly flank, without rind, low lean meat content (S XI) raw	645	6.3	68.82	0
U805800	Schaf Fettgewebe, intermuskulär roh	Sheep fatty tissue, intermuscular, raw	637	5.06	68.5	0
U852100	Schaf Brust, mittelfett, roh	Sheep breast, medium fat, raw	179	19.6	11.2	0
U853100	Schaf Brust, fett, roh	Sheep breast, fat, raw	381	12	37	0
U861100	Schaf Bug/Schulter, mager, roh	Sheep shoulder, lean, raw	140	19.7	6.76	0
U891100	Schaf Hinterhaxe, mager, roh	Sheep hindshank, lean, raw	112	20.4	3.35	0
V132100	Kaninchen Fleisch, roh	Domestic rabbit meat, raw	133	20.8	5.5	0
V232100	Hase Fleisch, roh	Hare meat, raw	113	21.6	3.01	0
V523100	Schwein Hirn, roh	Pork brain, raw	123	10.6	9	0
V524100	Schaf Hirn, roh	Sheep brain, raw	119	10.4	8.58	0
C232000	Hafer Schrot	Oat coarse meal	343	11.38	7.09	53.7
C137000	Hafer Grütze	Oat groats	351	15.9	5.84	53.3
C233000	Hafer Mehl	Oat flour	360	14.24	7.15	53.2
C138000	Hafer Kleie	Oat bran flakes	371	15.6	7.7	53.3
C148000	Gerste Graupen	Pearl barley	313	10.4	1.36	62.6
C242000	Gerste Schrot	Barley coarse meal	332	11.24	2.1	62.6
C147000	Gerste Grütze	Barley groats	316	8.5	1.5	62.01
C143000	Gerste Flocken	Barley flakes	332	11.24	2.1	62.6
C146000	Gerste Grieß	Barley semolina	340	11.3	2	62.6
C446000	Mais Stärke	Maize starch	348	0.43	0.08	85.9
C453000	Reis Mehl	Rice flour	347	7.2	0.65	77.1
C351000	Reis unpoliert, roh	Brown rice raw	360	8.38	2.7	73.43
C346000	Mais Grieß	Maize semolina	330	8.66	2.82	62.84
C347000	Mais Grütze	Maize grits	330	8.66	2.82	62.84
E432000	Eierteigwaren roh	Egg pasta raw	342	13.2	2	66.09
F409100	Wald-Erdbeere roh	Wild strawberry raw	38	0.82	0.4	5.92
F306100	Loganbeere roh	Loganberry raw	36	1.1	0.3	3.4
F303100	Brombeere roh	Blackberry raw	49	1.3	0.2	10.2
F408000	Moltebeere roh	Cloudberry raw	43	1	0.3	5.2
F321100	Johannisbeere rot, roh	Red currant raw	39	1.44	0.2	4.3
F307100	Boysenbeere roh	Boysenberry raw	48	0.5	0.3	7.01
F304100	Heidelbeere roh	Blueberry raw	61	0.5	0.6	9.7
F411100	Wald-Himbeere roh	Wild raspberry raw	43	1	0.3	5.2
G553100	Pfefferschote grün, roh	Chilli pepper green, raw	41	2	0.2	6.88
G542100	Gemüsepaprika gelb, roh	Sweet pepper yellow, raw	28	0.8	0.2	4.42
G554100	Pfefferschote rot, roh	Chilli pepper red, raw	40	1.87	0.44	6.19
H650100	Mungbohnensprossen/Mungbohnenkeimlinge, roh	Mung bean sprouts raw	19	3.2	0.3	0.3
H620100	Sojabohnensprossen/Sojabohnenkeimlinge, roh	Soya bean sprouts raw	40	6.31	1.02	0.3
M012200	Feta mind. 45 % Fett i. Tr.	Feta min. 45 % fat in dry matter	284	15.68	24.09	0
M502700	Edelpilzkäse mind. 50 % Fett i. Tr.	Blue cheese min. 50 % fat in dry matter	346	21.4	28.7	0
M502600	Edelpilzkäse mind. 45 % Fett i. Tr.	Blue cheese min. 45 % fat in dry matter	329	18.65	28.06	0
M502800	Edelpilzkäse mind. 60 % Fett i. Tr.	Blue cheese min. 60 % fat in dry matter	409	17.6	37.4	0.1
M887000	Süßmolkenpulver	Sweet whey powder	349	10.9	1.1	72.8
P350000	Fruchtwein (Obstwein)	Fruit wine	43	0	0	4
P355000	Most	Apple must	37	0	0	1.6
P733000	Whisky/Whiskey	Whisky/whiskey	231	0	0	0
P742000	Arrak	Arrack	214	0	0	0
P743000	Rum 80 % vol	Rum 80 % vol	455	0	0	0
P7A4000	Agavenbrand (Mezcal/Tequila)	Agave spirit (Mezcal/Tequila)	234	0	0	0
P740000	Brand aus Zuckerrohr (Cachaca)	Sugarcane spirit	214	0	0	0
P640000	Calvados	Calvados	227	0	0	0
P7A3000	Spirituosen mit Kümmel/Aquavit	Caraway-flavoured spirit drink or Kümmel/Aquavit	274	0	0	0
P754100	Obstgeist	Fruit geist	274	0	0	0
C549000	Gerstenmalzextrakt	Barley malt extract	359	4.4	0	73.8
S122000	Honigtauhonig (Waldhonig)	Honeydew honey	362	0.38	0	85.93
T105100	Sardine roh	Sardine raw	151	19.4	8.15	0
T033000	Schillerlocken (Dornhai, Bauchlappen, heiß geräuchert)	Piked dogfish belly hot smoked	286	21.3	22.3	0
T106100	Sprotte roh	Sprat raw	186	16.7	13.3	0
T305100	Goldbutt/Scholle, roh	Plaice raw	76	17.2	0.8	0
T307100	Schwarzer Heilbutt roh	Greenland halibut raw	161	13.22	12	0
T604100	Katfisch/Steinbeißer, roh	Catfish/wolffish, raw	82	15.8	2.13	0
T512100	Schleie roh	Tench raw	77	17.7	0.74	0
T506100	Wels roh	European catfish raw	128	15.3	7.4	0
T507100	Pangasius/Schlankwels, roh	Striped catfish raw	76	14.91	1.82	0
T603100	Zander roh	Pike-perch raw	86	20	0.66	0
T633100	Meeräsche roh	Grey mullet raw	108	20.4	2.89	0
T617100	Schafskopf (Meerbrasse) roh	Sheepshead raw	102	20.2	2.41	0
T710100	Edelkrebs/Flusskrebs, roh	Crayfish raw	64	15	0.47	0
T720100	Languste roh	Spiny lobster/rock lobster/crawfish, raw	79	17.2	1.1	0
T791100	Große Sandklaffmuschel roh	Softshell clam raw	54	10.5	1.31	0
T797100	Venusmuschel roh	Venus clam raw	73	14.7	0.96	1.4
T793100	Pilgermuschel/Jakobsmuschel, roh	Scallop raw	63	15.6	0.1	0
U605000	Schwein Rückenspeck, kernig, ohne Schwartenzug (S VIII) roh	Pork back fat, firm, without rind (S VIII) raw	746	4.41	80.92	0
U605700	Schwein Speck, ohne Schwartenzug (S VII) roh	Pork neck and back fat, without rind (S VII) raw	660	6.94	70.23	0
U605800	Schwein Fettabschnitte, geringer Schwartenzug, sehr geringer Magerfleischanteil (S IX) roh	Pork fat trimmings, low rind content, very low lean meat content (S IX) raw	661	7.68	70.04	0
U807100	Lamm Fettgewebe, intermuskulär roh	Lamb fatty tissue, intermuscular, raw	637	5.49	68.3	0
U783100	Schaf Kochfleisch (Brust, fett) roh	Sheep meat for boiling (breast, fat) raw	381	12	37	0
U856100	Hammel Brust, roh	Mutton breast, raw	381	12	37	0
U857100	Lamm Brust, roh	Lamb breast, raw	290	16.3	25	0
U863100	Schaf Bug/Schulter, fett, roh	Sheep shoulder, fat, raw	294	17.2	25	0
U867100	Lamm Bug/Schulter, roh	Lamb shoulder, raw	121	19.8	4.6	0
U751100	Schaf Gulasch (Bug, mager) roh	Sheep goulash (shoulder, lean) raw	140	19.7	6.76	0
U771100	Schaf Bratenfleisch (Bug, mager) roh	Sheep meat for roasting (shoulder, lean) raw	140	19.7	6.76	0
U881100	Schaf Keule, mager, roh	Sheep leg, lean, raw	128	22.6	4.2	0
U871100	Schaf Vorderhaxe, mager, roh	Sheep foreshank, lean, raw	112	20.4	3.35	0
V242100	Wildkaninchen Fleisch, roh	Wild rabbit meat, raw	104	20.9	2.32	0
V526100	Hammel Hirn, roh	Mutton brain, raw	126	10.9	9.1	0
C136000	Hafer Grieß	Oat semolina	360	14.24	7.15	53.2
C353100	Wildreis roh	Wild rice raw	363	13.14	0.95	73.43
H030400	Glasnudeln aus Mungbohnenstärke, roh	Glass noodles made from mung bean starch, raw	350	0.24	0.06	85.9
C216000	Weizen Stärke	Wheat starch	335	0.43	0.14	82.5
K230000	Kartoffelstärke (Kartoffelmehl)	Potato starch (potato flour)	338	0.61	0.1	83.1
C456000	Reis Stärke	Rice starch	344	0.82	0.08	85
C356000	Reis Grieß	Rice semolina	347	7.2	0.65	77.1
C559000	Reisnudeln roh	Rice noodles raw	365	7.2	0.56	81.9
E609200	Eierteigwaren Tortellini (Fleischfüllung) getrocknet	Egg pasta Tortellini (meat filling) dried	369	13.51	7.01	61.85
E609100	Eierteigwaren Tortelloni (Ricotta-Spinat-Füllung) getrocknet	Egg pasta Tortelloni (ricotta and spinach filling) dried	278	10.52	4.51	47.76
F413100	Wald-Brombeere roh	Wild blackberry raw	49	1.3	0.2	10.2
F407100	Moosbeere roh	Small cranberry raw	69	0.4	0.7	9.93
F401100	Preiselbeere roh	Lingonberry raw	43	0.69	0.53	6.23
F322100	Johannisbeere weiß, roh	White currant raw	45	1.1	0.2	6.1
F323100	Johannisbeere schwarz roh	Black currant raw	57	1.38	0.22	8.71
M052000	Salzlakenkäse aus Kuhmilch, Hirtenkäse, mind. 45 % Fett i. Tr.	Brine cheese made from cow's milk, min. 45 % fat in dry matter	259	16.36	21	0
M3A4300	Salzlakenkäse aus Schafmilch, mind. 20 % Fett i. Tr.	Brine cheese made from sheep's milk, min. 20 % fat in dry matter	161	18.85	9	0
M053000	Salzlakenkäse aus Ziegenmilch, mind. 45 % Fett i. Tr.	Brine cheese made from goat's milk, min. 45 % fat in dry matter	271	14.9	23	0
M6A6800	Salzlakenkäse aus Schafmilch, mind. 45 % Fett i. Tr.	Brine cheese made from sheep's milk, min. 45 % fat in dry matter	283	15.45	24.09	0
M516700	Danablu mind. 50 % Fett i. Tr.	Danish Blue cheese min. 50 % fat in dry matter	354	21.5	29.5	0
P721000	Spirituosen mit Wacholder	Juniper-flavoured spirit drink	231	0	0	0
P7A1000	Spirituosen mit Anis	Aniseed-flavoured spirit drink	231	0	0	0
P730000	Getreidebrand (Korn)	Grain spirit	231	0	0	0
P620000	Weinbrand/Brandy	Brandy/Weinbrand	221	0	0	0
P722000	Gin	Gin	246	0	0	0
T402100	Stint roh	European smelt raw	85	17.4	1.7	0
T104100	Sardelle roh	Anchovy raw	204	20.1	13.7	0
T070100	Seeteufel roh	Anglerfish raw	66	14.9	0.76	0
T305200	Goldbutt/Scholle, tiefgefroren	Plaice deep-frozen	76	16.4	1.2	0
T311100	Flunder roh	Flounder raw	88	16.5	2.39	0
T600100	Meerbarbe roh	Goatfish raw	98	20.1	2	0
T020100	Tintenfisch roh	Common cuttlefish raw	73	16.1	0.98	0
W412000	Schwein Speck/Rückenspeck (grüner Speck) roh	Pork bacon (loin) raw	746	4.41	80.92	0
U205800	Rind Fettgewebe, intermuskulär roh	Beef fatty tissue, intermuscular, raw	671	8.2	70.9	0
U753100	Schaf Gulasch (Bug, fett) roh	Sheep goulash (shoulder, fat) raw	294	17.2	25	0
U773100	Schaf Bratenfleisch (Bug, fett) roh	Sheep meat for roasting (shoulder, fat) raw	294	17.2	25	0
U866100	Hammel Bug/Schulter, roh	Mutton shoulder, raw	287	15.6	25	0
V122100	Ziege Fleisch, roh	Goat meat, raw	127	20.55	5	0
U882100	Schaf Keule, mittelfett, roh	Sheep leg, medium fat, raw	180	18.8	11.6	0
U741100	Schaf Schnitzel (Keule, mager) roh	Sheep schnitzel (leg, lean) raw	128	22.6	4.2	0
U883100	Schaf Keule, fett, roh	Sheep leg, fat, raw	234	18	18	0
F403100	Schlehe roh	Sloe raw	52	0.75	0.22	7.82
F406100	Holunderbeere roh	Elderberry raw	72	2.53	1.7	7.83
K512000	Tapioka/Tapiokastärke	Tapioca (granulated cassava starch)	346	0.62	0.24	84.9
K213000	Kartoffelpüree Instantpulver	Potatoes mashed instant powder	329	7.4	0.47	70.7
K550000	Pfeilwurzelmehl/Marantastärke	Arrowroot flour	341	0.3	0.1	83.1
P610000	Cognac	Cognac	221	0	0	0
P7A2000	Spirituosen mit bitterem Geschmack (Bitter)	Bitter-tasting spirit drink or bitter	325	0	0	0
V050100	Schnecken roh	Snails edible/escargots, raw	68	14.4	1.2	0
T309100	Seezunge roh	Sole raw	87	17.5	1.86	0
T313100	Rotzunge roh	Witch raw	71	15.5	1	0
U405800	Kalb Fettgewebe, intermuskulär roh	Veal fatty tissue, intermuscular, raw	671	8.2	70.9	0
U892100	Schaf Hinterhaxe, mittelfett, roh	Sheep hindshank, medium fat, raw	180	18.8	11.6	0
U742100	Schaf Schnitzel (Keule, mittelfett) roh	Sheep schnitzel (leg, medium fat) raw	180	18.8	11.6	0
U886100	Hammel Keule, roh	Mutton leg, raw	234	18	18	0
K240400	Kartoffelkloß (aus rohen Kartoffeln) Trockenprodukt	Potato dumpling (from raw potatoes) dehydrated product	320	6.03	0.23	70.7
K240500	Kartoffelkloß (aus gekochten Kartoffeln) Trockenprodukt	Potato dumpling (from boiled potatoes) dehydrated product	324	5.76	1.09	70.7
T309200	Seezunge tiefgefroren	Sole deep-frozen	73	16.7	0.7	0
U872100	Schaf Vorderhaxe, mittelfett, roh	Sheep foreshank, medium fat, raw	180	18.8	11.6	0
B121000	Roggenvollkornbrot	Wholemeal rye bread	193	6.04	1.81	32.49
B271000	Roggenmischbrot	Rye-wheat bread (> 50 % and < 90 % rye)	218	7.38	0.97	41.96
B311000	Weizenbrot/Weißbrot	White bread/wheat bread	272	8.69	2.97	50.54
B511000	Weizenbrötchen	Wheat roll	280	10.09	1.81	53.97
C114000	Weizen Keim	Wheat germ	324	28.48	8.34	24.54
C118000	Quinoa weiß, roh	Quinoa white, raw	361	12.56	6.29	59.65
C211000	Weizen Vollkornmehl	Wheat wholemeal flour	339	12.76	1.78	61.78
C212000	Weizen Backschrot, Type 1700	Wheat coarse meal, Type 1700	341	12.52	1.8	62.39
C213100	Weizen Mehl, Type 812	Wheat flour, Type 812	352	12.44	1.38	69.29
C213200	Weizen Mehl, Type 1050	Wheat flour, Type 1050	352	13.08	1.7	67.91
C213500	Weizen Mehl, Type 1600	Wheat flour, Type 1600	339	14.52	2.44	59.27
C214100	Weizen Mehl, Type 405	Wheat flour, Type 405	348	10.46	0.93	71.77
C214200	Weizen Mehl, Type 550	Wheat flour, Type 550	349	11.94	1.09	70.55
C217000	Weizen Kleie	Wheat bran	266	17.2	3.95	18.92
C223100	Roggen Mehl, Type 815	Rye flour, Type 815	323	7.54	0.92	65.17
C235000	Dinkel Vollkornmehl	Spelt wholemeal flour	335	13.42	2.3	60.13
C322000	Buchweizen roh	Buckwheat raw	339	13.05	3.13	61.86
C332000	Hirse roh	Millet raw	352	11.79	3.13	67.6
C515000	Cornflakes gesüßt	Cornflakes sweetened	366	6.24	1.75	79.35
C515400	Cornflakes ungesüßt	Cornflakes unsweetened	376	7.18	0.84	82.96
C532700	Reiswaffeln ungesalzen	Puffed rice waffles unsalted	371	8	2.42	77.47
C533100	Maiswaffeln gesalzen	Puffed maize waffles salted	389	7.98	3.93	79.4
C534300	Cerealien extrudiert, gesüßt, ungefüllt, mit Frucht-/Honig-/Karamell-/Schokogeschmack	Extruded cereals sweetened, unfilled, fruit/honey/caramel/chocolate flavoured	371	7.92	2.76	75.33
C534500	Cerealien extrudiert, gesüßt, divers gefüllt	Extruded cereals sweetened, variously filled	481	6.98	21.08	63.7
C537000	Weizenpops/Weizen gepufft, gesüßt	Wheat pops/wheat puffed, sweetened	372	9.34	1.8	76.52
C539100	Cerealien aus Vollkornweizenschrot, gesüßt, ungefüllt, Natur/Frucht/Schokolade	Wholemeal wheat cereals sweetened, unfilled, basic/fruit/chocolate	363	10.36	1.8	71.29
C650000	Reisdrink ungesüßt	Rice drink unsweetened	59	0	1.04	12.31
C660000	Haferdrink ungesüßt	Oat drink unsweetened	29	0.74	1.01	4
D038000	Zwieback eifrei	Rusk egg-free	414	11.05	7.86	72.21
H110600	Erdnuss geröstet	Peanut roasted	620	29	49.7	9.9
D064000	Salzbrezeln/Salzstangen (Laugendauergebäck)	Salted pretzels/pretzel sticks (snack)	389	11.54	4.3	73.72
D630400	Butterkekse/Butterplätzchen (Mürbeteig)	Shortbread biscuits	456	7.54	16.12	68.89
E111100	Hühnerei roh	Chicken egg raw	135	13.18	9	0.34
E111500	Hühnerei Pulver	Chicken egg powder	562	46	41.8	0.56
E112100	Hühnerei Eigelb, roh	Chicken egg yolk, raw	345	15.6	31.3	0.21
E112400	Hühnerei Eigelb, getrocknet	Chicken egg yolk, dried	671	34.2	59.3	0.23
E113100	Hühnerei Eiklar, roh	Chicken egg white, raw	42	9.9	0.03	0.41
E113400	Hühnerei Eiklar, getrocknet	Chicken egg white, dried	338	81.1	0.12	3.1
F081100	Rhabarber roh	Rhubarb raw	20	0.6	0.14	1.36
F110100	Apfel roh	Apple raw	58	0.42	0.5	11.7
F110400	Apfel getrocknet	Apple dried	242	1.29	0	53.43
F201100	Aprikose roh	Apricot raw	42	0.8	0.13	8.22
F201400	Aprikose getrocknet	Apricot dried	216	2.66	0.23	44
F203902	Pfirsich gezuckert, Konserve, abgetropft	Peach sugared, canned, drained	65	0.54	0	14.8
F212902	Sauerkirsche gezuckert, Konserve, abgetropft	Sour cherry sugared, canned, drained	52	0.84	0.21	11.06
F220400	Pflaume getrocknet	Plum dried (prunes)	205	2.29	0	44.2
F402100	Hagebutte roh	Rose hip raw	111	3.6	0.6	16.2
F405100	Sanddornbeere roh	Sea buckthorn berry raw	51	1.42	3.2	2.4
F414400	Cranberries getrocknet, gezuckert	Cranberries dried, sugared	287	0.53	0.34	68.61
F501902	Ananas gezuckert, Konserve, abgetropft	Pineapple sugared, canned, drained	61	0.4	0	14.01
F502100	Avocado roh	Avocado raw	132	1.37	12.5	1.37
F503100	Banane roh	Banana raw	79	1.32	0.4	15.89
F504400	Dattel getrocknet	Date dried	356	2.64	0.36	79.3
F505100	Feige roh	Fig raw	52	1.3	0.5	9.6
F505400	Feige getrocknet	Fig dried	276	3.54	1.28	55.17
F506100	Granatapfel roh	Pomegranate raw	79	0.7	0.6	16.1
F507100	Kaki roh	Persimmon raw	67	0.7	0.3	14.12
F508100	Maracuja/Passionsfrucht, roh	Passion fruit raw	57	0.71	0.2	9.54
F511100	Acerola roh	Acerola raw	16	0.21	0.23	2.66
F514100	Kiwi roh	Kiwi fruit raw	61	0.9	0.5	10.1
F515100	Litschi roh	Lychee raw	83	0.86	0.3	18.4
F516100	Mango roh	Mango raw	60	0.7	0.45	12
F517100	Papaya roh	Papaya raw	46	0.7	0.09	9.6
F523100	Brotfrucht roh	Breadfruit raw	100	1.3	0.3	22.53
F532100	Netzmelone/Cantaloupmelone, roh	Musk melon/cantaloup, raw	25	0.84	0.19	4.5
F549100	Jackfrucht roh	Jackfruit raw	78	1.1	0.45	15.31
F553100	Karambole/Sternfrucht, roh	Carambola/star fruit, raw	27	1.2	0.5	3.5
F556100	Kaktusfeige roh	Prickly pear raw	52	1	0.4	8.63
F563100	Feijoa/Ananas-Guave, roh	Feijoa/pineapple guava, raw	53	0.8	0.42	8.4
F603600	Orangensaft	Orange juice	41	0.75	0	8.5
F606902	Mandarine gezuckert, Konserve, abgetropft	Mandarin sugared, canned, drained	72	0.51	0.31	16.15
F850100	Bananenchips frittiert, gesüßt	Banana crips/banana chips, deep-fried, sweetened	490	1.88	30.32	49.35
G061000	Basilikum roh	Basil raw	23	3.15	0.64	0.31
G081100	Schnittlauch roh	Chives raw	29	2.6	0.74	1.54
G081400	Schnittlauch getrocknet	Chives dried	169	21.2	3.5	0
G104100	Feldsalat/Rapunzel, roh	Lamb's lettuce raw	18	1.9	0.36	0.81
G105100	Kopfsalat roh	Butterhead lettuce raw	18	1.5	0.22	1.7
G106100	Radicchio roh	Radicchio/red Italian chicory, raw	20	1.4	0.25	2.6
G107100	Römischer Salat/Romanasalat, roh	Cos lettuce/Romaine lettuce, raw	14	1.2	0.13	1.3
G211100	Spinat roh	Spinach raw	18	2.07	0.3	0.93
G250400	Petersilienblatt getrocknet	Parsley leaf dried	238	26.6	5.5	7.3
G261100	Brennnessel roh	Stinging nettle raw	46	7.37	0.61	1.31
G262100	Löwenzahn roh	Dandelion raw	34	3.13	0.62	2.44
G263100	Sauerampfer roh	Sorrel raw	25	3.19	0.36	1.16
G280100	Gartenkresse roh	Garden cress raw	31	4.2	0.7	0.23
G311100	Blumenkohl roh	Cauliflower raw	35	2.42	0.28	5.33
G312100	Broccoli roh	Broccoli raw	35	3.62	0.6	2.3
G341100	Rotkohl roh	Red cabbage raw	28	1.56	0.18	3.73
G341900	Rotkohlgemüse (küchenfertig) Konserve	Red cabbage canned undrained	56	1.3	0.15	10.29
G342100	Weißkohl roh	White cabbage raw	32	1.38	0.19	4.54
G345902	Sauerkraut Konserve, abgetropft	Sauerkraut canned, drained	34	1.15	0.41	2.37
G431100	Fenchelblatt/Bologneser Fenchel, roh	Roman fennel/sweet fennel, raw	33	2.43	0.3	3.24
G450100	Spargel roh	Asparagus raw	28	1.96	0.16	3.98
G470100	Porree/Lauch, roh	Leek raw	36	2.14	0.25	5
G530100	Okra roh	Okra raw	32	2.1	0.2	3.05
G561100	Tomate roh	Tomato raw	22	0.95	0.11	3.25
G570100	Zuckermais roh	Sweetcorn raw	67	3.28	1.23	9.4
G570902	Zuckermais Konserve, abgetropft	Sweetcorn canned, drained	79	2.71	1.94	10.84
G581100	Kürbis Pumpkin (C. pepo) roh	Pumpkin (C. pepo) raw	36	1.1	0.13	5.81
G582100	Zucchini roh	Courgette raw	22	1.3	0.29	3
G613100	Rote Rübe/Rote Bete, roh	Beetroot raw	43	2.06	0.1	7.22
G620100	Karotte/Möhre, roh	Carrot raw	40	0.84	0.4	6.47
G890702	Salzgurke/Salzdillgurke, milchsauer fermentiert, abgetropft	Gherkin lactic acid fermented, drained	12	0.52	0	1.38
G995000	Nori-Blatt geröstet	Sushi nori (toasted)	261	38.26	4.36	1.76
H012000	Sojalecithin	Soya bean lecithin	760	0	83	3.2
H880200	Erdnussbutter/Erdnusscreme	Peanut butter	606	24.08	47.78	16.09
H130100	Haselnuss	Hazelnut	667	16.25	63.3	4.2
H150100	Kokos Fruchtfleisch, roh	Coconut meat, raw	378	4.62	36.5	3.5
H150400	Kokos Fruchtfleisch, geraspelt, getrocknet	Coconut meat, grated, dried	676	7.38	65.2	7.8
H151000	Kokoswasser (Fruchtwasser)	Coconut water (liquid from coconuts)	10	0.25	0.4	1.28
H170100	Cashewkern	Cashew nut	618	21.01	47.1	26
H180100	Paranuss	Brazil nut	704	16.96	68.1	2.8
H230100	Edelkastanie/Marone	Sweet chestnut	210	2.92	1.9	41.2
H250600	Pistazie geröstet ohne Fett	Pistachio nut roasted without fat	603	24.18	49.3	7.6
H310100	Kürbiskern	Pumpkin seed	588	35.49	46.34	2.81
H739400	Gartenbohne reif	Haricot bean mature	344	22.62	1.6	45.75
H765000	Sojaschnetzel/Sojagranulat, texturiert, trocken	Plant-based mince, made from texturised soya protein, plain, dry	351	50.2	6.74	13.46
H770100	Mungbohne reif	Mung bean mature	292	23.9	1.15	38.7
H800000	Mandeldrink ungesüßt	Almond drink unsweetened	24	0.87	2.16	0.2
H843200	Dessert/Puddingalternative, pflanzlich	Plant-based dessert/pudding alternative	89	2.32	3.78	10.85
H844000	Soja-Joghurtalternative ungesüßt	Plant-based yogurt alternative, made from soya, unsweetened	44	4.17	2.67	0.33
H845000	Sojakochcreme	Plant-based cream alternative, made from soya (for boiling and refining)	157	2.2	15.7	1.4
H862200	Miso/Sojabohnenpaste	Miso/soya bean paste	174	10.6	10.5	6.2
H880100	Sonnenblumenkernaufstrich, Brotaufstrich pflanzlich	Sunflower seed spread	308	4.15	27.75	7.84
H910300	Vegetarische Bratwurst (aus Tofu und Weizenprotein)	Vegetarian bratwurst (made from tofu and wheat protein)	195	18.38	9.79	5.31
H910400	Veganes Schnitzel	Vegan schnitzel	297	15.6	18.55	13.57
H930000	Veganer Aufschnitt (Wurstalternative)	Vegan cold cuts alternative	195	16.8	11.25	4.67
H930200	Vegetarischer Aufschnitt (Wurstalternative, mit Ei)	Vegetarian cold cuts alternative, with egg	179	7.88	13.41	2.5
K110100	Kartoffel geschält, roh	Potatoe peeled, raw	83	1.94	0.1	17.9
K280100	Kartoffelchips/Stapelchips, diverse Sorten	Potato crisps/potato chips (various types)	526	5.5	34.3	45.88
K410100	Maniok/Cassava, roh	Manioc/cassava, raw	146	1	0.23	33.5
K420100	Batate/Süßkartoffel, roh	Batata/sweet potato, raw	119	1.63	0.6	25.2
K430100	Topinambur/Erdartischocke, roh	Jerusalem artichoke/topinambur, raw	55	2.44	0.41	4
K440100	Yamswurzel roh	Yam raw	123	2	0.13	25.7
K701100	Champignon roh	Button mushroom raw	28	3.66	0.27	2.9
K703100	Morchel roh	Morel raw	29	2.49	0.32	0.6
K713100	Pfifferling roh	Chanterelle raw	26	3.91	0.27	0.55
K724100	Shiitakepilz roh	Shiitake mushroom raw	30	2.5	0.2	2.38
K740100	Austernpilz roh	Oyster mushroom raw	32	3.31	0.22	1.27
K820000	Vegetarische Pastete, Brotaufstrich hefebasiert	Vegetarian pate, spread yeast-based	229	4.95	18.15	7.9
M111200	Milch fettarm, frisch, 1,5 % Fett, pasteurisiert	Milk low-fat, fresh, 1.5 % fat, pasteurised	44	3.49	1.54	3.86
M111300	Vollmilch frisch, 3,5 % Fett, pasteurisiert	Whole milk, fresh, 3.5 % fat, pasteurised	62	3.55	3.49	4.03
M112300	Rohmilch/Vorzugsmilch, mind. 3,5 % Fett	Certified raw milk, min. 3.5 % fat	67	3.26	3.78	4.72
M113200	H-Milch fettarm, 1,5 % Fett, ultrahocherhitzt	Milk low-fat, 1.5 % fat, ultra-heated	44	3.16	1.45	4.21
M113300	H-Vollmilch 3,5 % Fett, ultrahocherhitzt	Whole milk, 3.5 % fat, ultra-heated	62	3.18	3.49	4.19
M141300	Joghurt mild, mind. 3,5 % Fett	Yogurt mild, min. 3.5 % fat	67	3.98	3.46	4.13
M173900	Schlagsahne mind. 36 % Fett	Whipping cream min. 36 % fat	363	2.2	38	3
M181100	Kondensmagermilch max. 1 % Fett, gezuckert	Condensed milk max. 1 % fat, sweetened	269	10	0.2	56.7
M181400	Kondensmilch mind. 8 % Fett, gezuckert	Condensed milk min. 8 % fat, sweetened	322	7.91	8.7	52.9
M182500	Kondensmilch 10 % Fett	Evaporated milk 10 % fat	195	7.63	10.19	17.9
M241100	Joghurt mild, aus entrahmter Milch, max. 1 % Fett, mit Fruchtzubereitung, gesüßt	Yogurt mild, max. 1 % fat, with fruit preparation, sweetened	75	3.45	0.42	13.26
M241300	Joghurt mild, max. 3,8 % Fett, mit Fruchtzubereitung, gesüßt	Yogurt mild, max. 3.8 % fat, with fruit preparation, sweetened	96	3.01	2.96	13
M304600	Emmentaler mind. 45 % Fett i. Tr.	Emmentaler cheese min. 45 % fat in dry matter	374	27.5	29.15	0
M400600	Schnittkäse mind. 45 % Fett i. Tr.	Semi-hard cheese min. 45 % fat in dry matter	337	25.22	26.04	0
M402600	Gouda 48 % Fett i. Tr.	Gouda cheese 48 % fat in dry matter	379	22.47	31.58	0
M500600	Schnittkäse halbfest mind. 45 % Fett i. Tr.	Semi-soft cheese min. 45 % fat in dry matter	316	21.46	25.06	0.1
M601800	Brie mind. 60 % Fett i. Tr.	Brie cheese min. 60 % fat in dry matter	329	15.22	29.7	0.01
M602600	Camembert mind. 45 % Fett i. Tr.	Camembert cheese min. 45 % fat in dry matter	257	19.58	19.82	0.05
M603500	Limburger mind. 40 % Fett i. Tr.	Limburger cheese min. 40 % fat in dry matter	249	21.18	18.22	0.02
M6A3700	Schnittkäse aus Ziegenmilch, mind. 50 % Fett i. Tr.	Semi-hard cheese made from goat's milk, min. 50 % fat in dry matter	384	19.16	33.63	0.02
M6A9600	Weichkäse aus Ziegenmilch, mind. 45 % Fett i. Tr.	Soft cheese made from goat's milk, min. 45 % fat in dry matter	285	17.86	22.66	1.92
M710800	Frischkäsezubereitung Natur, mind. 60 % Fett i. Tr.	Cream cheese preparation min. 60 % fat in dry matter	252	6.6	23.25	3.69
M713100	Speisequark Magerstufe, Magerquark < 10 % Fett i. Tr.	Quark < 10 % fat in dry matter	66	11.85	0.18	3.68
M7A1600	Frischkäse aus Ziegenmilch, Natur, mind. 45 % Fett i. Tr.	Cream cheese made from goat's milk, min. 45 % fat in dry matter	230	17.94	16.42	2.02
M810600	Schmelzkäsezubereitung 45 - 52 % Fett i. Tr.	Processed cheese preparation 45 - 52 % fat in dry matter	284	11.8	23.7	5.3
M827800	Frischkäsezubereitung mind. 60 % Fett i. Tr., mit Gemüse/Kräutern	Cream cheese preparation min. 60 % fat in dry matter, with vegetables/herbs	234	5.57	21.46	3.89
N019000	Eistee mit Zitronen-/Pfirsichgeschmack, gesüßt	Iced tea lemon-peach-flavoured, sweetened	25	0	0	6.2
N110000	Trinkwasser	Drinking water	0	0	0	0
N410100	Kaffee (Getränk)	Coffee (infusion)	1	0.12	0	0
N420100	Kaffee (Getränk) aus Instantpulver	Coffee (infusion) made from instant powder	2	0.33	0	0
N420900	Instantkaffeepulver	Coffee instant powder	150	19.5	1.2	4.1
N503900	Cappuccino Instantpulver, gesüßt	Cappuccino instant powder, sweetened	403	10.34	10.9	60.5
N610100	Grüntee (Getränk)	Green tea (infusion)	0	0.1	0	0
N630000	Schwarztee (Getränk)	Black tea (infusion)	0	0	0	0
P122000	Malzgetränk, alkoholfrei	Malt drink, alcohol-free	43	0.38	0	10.32
P150000	Weizenbier kristallklar	Wheat beer filtered	40	0.5	0	2.43
P151100	Hefeweizen/Weizenbier, naturtrüb	Wheat beer, naturally cloudy	42	0.61	0	2.45
P162000	Export hell	Pale export beer	42	0.48	0	2.24
P163000	Pilsner Bier	Pilsner beer	38	0.42	0	2.22
P167000	Schwarzbier	Black beer	39	0.5	0	2.28
P210000	Weißwein trocken	White wine dry	64	0.1	0	0.33
P220000	Weißwein halbtrocken	White wine medium dry	74	0.15	0	1.29
P253000	Rotwein halbtrocken	Red wine medium dry	84	0	0	1.77
P2A3000	Rotwein trocken	Red wine dry	70	0.22	0	0.7
P2A6000	Qualitätsschaumwein, Sekt, trocken	Quality sparkling wine dry	75	0	0	2.09
P2B1100	Rosewein lieblich	Rose wine medium sweet	72	0.1	0	2.5
Q140000	Haselnussöl	Hazelnut oil	899	0	99.9	0
Q190000	Mandelöl	Almond oil	900	0	100	0
Q250000	Kürbiskernöl	Pumpkin seed oil	900	0	100	0
Q611000	Butter mild gesäuert	Best quality butter	747	1.19	82.2	0.57
Q730000	Fischleberöl/Lebertran	Cod-liver oil	900	0	100	0
Q890000	Rinderfett/Rindertalg	Beef tallow/fat	897	0.42	99.5	0
Q901000	Tahin (Sesammus)	Tahini made from sesame seeds	595	18	56	0.7
R111000	Speisesalz/Siedesalz/Tafelsalz	Common salt/table salt	0	0	0	0
R118000	Nitritpökelsalz	Nitrite curing salt	0	0	0	0
R118100	Nitritpökelsalz jodiert	Nitrite curing salt, iodised	0	0	0	0
R123100	Apfelessig	Apple cider vinegar	18	0.2	0	0.15
R132000	Senf mittelscharf	Mustard medium hot	111	5.51	6.96	2.94
R141100	Tomatenketchup	Tomato ketchup	98	1.4	0.1	21.16
R143000	Sojasauce/Sojasoße	Soya sauce	66	6.3	0.88	5.47
R148600	Feinkostsauce/Grillsauce, Mayonnaise-Basis	Barbecue sauce, mayonnaise-based	274	1.1	24.58	11.15
R172000	Glutamat/Mononatriumglutamat/Natriumglutamat	Monosodium glutamate	0	0	0	0
R231000	Basilikum getrocknet	Basil dried	211	23	4.07	1.71
R258100	Pfeffer schwarz, getrocknet	Pepper black, dried	304	10.92	2.77	46.07
R411000	Kutterhilfsmittel (E 450)	Cutter additives phosphate-based (E 450)	0	0	0	0
R421100	Backpulver	Baking powder	88	0.09	0.12	21.6
R421200	Hirschhornsalz (Ammoniumhydrogencarbonat, E 503)	Hartshorn (ammonium bicarbonate, E 503)	0	0	0	0
R421300	Pottasche (99 % Kaliumcarbonat, E 501)	Potash (99 % potassium carbonate, E 501)	0	0	0	0
R434000	Sahnestandmittel	Whipped cream stabilizer	369	0.07	0.04	92.06
R458000	Backhefe getrocknet (Trockenbackhefe)	Baker's yeast dried	334	40.4	7.61	14.3
R459000	Backhefe frisch (Frischbackhefe)	Baker's yeast fresh, pressed	128	16.7	1.2	10
R466000	Apfelpektin getrocknet	Apple pectin dried	186	1.5	0	32
R468000	Gelatine/Speisegelatine	Gelatine	341	85.1	0.1	0
R551000	Milchsäure 80 % (E 270)	Lactic acid 80 % (E 270)	240	0	0	0
R552000	Citronensäure/Zitronensäure (E 330)	Citric acid (E 330)	300	0	0	0
R553000	Ascorbinsäure (E 300)	Ascorbic acid (E 300)	0	0	0	0
R554000	Essigsäure 60 % (E 260)	Acetic acid 60 % (E 260)	180	0	0	0
R811000	Fleisch Bouillon/Brühe/Suppe (Brühwürfel, Pulver)	Beef bouillon/stock/soup (stock cubes, powder)	207	7.24	6.48	27.76
R821000	Gemüse Bouillon/Brühe/Suppe (Brühwürfel, Pulver)	Vegetable bouillon/stock/soup (stock cubes, powder)	195	5.82	5.8	27.91
R822000	Hühner Bouillon/Brühe/Suppe (Brühwürfel, Pulver)	Chicken bouillon/stock/soup (stock cubes, powder)	201	6.96	4.3	32.75
S111000	Zucker weiß (Raffinadezucker/Weißzucker)	Sugar white (refined sugar)	400	0	0	100
S112000	Zucker braun (Kandisfarin/Rohzucker)	Sugar brown (candyfarin/raw sugar)	387	0	0	96.7
S115100	Traubenzucker (Dextrose/Glukose)	Dextrose/glucose)	400	0	0	100
S116000	Milchzucker (Laktose)	Lactose	400	0	0	100
S117000	Malzzucker (Maltose)	Maltose	400	0	0	100
S118000	Fruchtzucker (Fruktose)	Fructose	400	0	0	100
S145000	Nuss-Nougat-Creme	Nut nougat cream (spread)	530	6.9	30.55	54.75
S151000	Glukosesirup maltosehaltig	Glucose syrup containing maltose	413	0	0	79.5
S162000	Sorbit Pulver (E 420)	Sorbitol powder (E 420)	235	0	0	98
S163000	Xylit Pulver (E 967)	Xylitol powder (E 967)	238	0	0	99
S164000	Mannit Pulver (E 421)	Mannitol powder (E 421)	240	0	0	100
S170000	Tafelsüße Tabletten (Süßstoffe: Cyclamat, Saccharin)	Table sweetener tablets (cyclamate, saccharin)	52	0	0	0
S171000	Tafelsüße Flüssigsüße (Süßstoffe: Cyclamat, Saccharin)	Table sweetener liquid (cyclamate, saccharin)	0	0	0	0
S242000	Schokoladeneis	Chocolate ice cream	232	3.62	10.48	29.25
S242300	Walnusseis	Walnut ice cream	240	3.4	12.8	26.74
S410000	Lakritze	Liquorice	311	5.21	0.5	70.64
S581100	Milchschokoladen-Riegel gefüllt mit Karamell, gerösteten Erdnüssen und Candycreme	Milk chocolate bar filled with caramel, roasted peanuts and soft nougat	494	9.08	25.48	54.96
S582200	Schokoladen-Schaumkuss	Chocolate kiss (chocolate coated egg meringue on waffle base)	380	2.96	8.66	68.47
S582500	Milchschokoladen-Riegel gefüllt mit Candycreme/mit Candycreme und Karamell	Milk chocolate bar filled with soft nougat/with soft nougat and caramel	446	3.72	17.05	68.7
S582600	Vollmilchschokoladen-Riegel gefüllt mit Milchcreme	Whole milk chocolate bar filled with milk cream	565	7.51	40.26	39.39
S711000	Kakaopulver schwach entölt	Cocoa powder lightly deoiled	365	22.61	19.8	10.9
T041100	Aal roh	Eel raw	288	15.1	25.3	0
T045100	Dorschleber roh	Cod liver raw	549	4.4	59	0
T061100	Hornfisch/Hornhecht, roh	Garfish raw	107	19.5	3.2	0
T093100	Kabeljaurogen roh	Cod roe raw	113	22.4	2.6	0
T107100	Makrele roh	Mackerel raw	149	18.6	8.31	0
T204100	Dorsch/Kabeljau, roh	Cod raw	79	17.8	0.84	0
T207100	Köhler/Seelachs, roh	Saithe/pollack, raw	99	19.32	2.39	0
T410100	Lachs roh	Salmon raw	180	19.9	11.2	0
T410600	Lachs geräuchert (Räucherlachs)	Salmon smoked	170	21.25	9.2	0.16
T422600	Forelle geräuchert	Trout smoked	137	21.2	5.52	0
T811100	Matjesfilet (Heringsfilet) nordische Art	Matjes fillet (herring fillet) Nordic style	177	14.64	12.6	0
T822900	Heringsfilet in Tomatencreme/Tomatensauce, Konserve	Herring fillet in tomato sauce, canned	205	13.5	14.6	4.46
T890100	Surimi (Krebsfleischimitat aus Fischmuskeleiweiß geformt)	Surimi (crab meat imitation)	89	7.77	3.63	6.25
T900262	Tintenfischringe paniert, tiefgefroren, gebacken (Ofen)	Common cuttlefish rings, breaded, deep-frozen, baked (oven)	284	10.62	15.44	21.54
U020100	Schwein Hackfleisch, roh	Pork mince, raw	271	17.88	22.14	0
U209100	Rind Blut, roh	Beef blood liquid, raw	72	17.8	0.13	0
U281100	Rind Keule, roh	Beef round, raw	148	21	7.1	0
U507100	Schwein Fettbacke, ohne Schwartenzug (S VI) roh	Pork fat jowl, without rind (S VI) raw	425	13.16	41.37	0
U508100	Schwein Maske, ohne Mager- und Fettbacke (S XII) roh	Pork mask, without lean and fat jowl (S XII) raw	315	19.1	26.46	0
U605900	Schwein Wamme, mittelfett, ohne Schwartenzug (S X) roh	Pork belly flank, medium fat, without rind (S X) raw	489	11.43	49.28	0
U608300	Schwein Schwarte, gekocht	Pork rind, boiled	237	28.71	13.58	0
U609100	Schwein Blut, roh	Pork blood, raw	75	18.5	0.11	0
U611100	Schwein Filet/Lende, roh	Pork tenderloin, raw	118	22.79	2.97	0
U622100	Schwein Kotelett (Rücken/cranial) roh	Pork loin (cranial part) raw	175	21.02	10.08	0
U624100	Schwein Kotelett (Rücken/caudal) roh	Pork loin (caudal part) raw	115	23.56	2.35	0
U642100	Schwein Bauch (wie gewachsen) roh	Pork belly (untrimmed) raw	324	17.74	28.06	0
U651100	Schwein Brustspitze, roh	Pork breast tip, raw	196	19.66	13.07	0
U664100	Schwein Dicker Bug (mit Fett und Schwarte) roh	Pork shoulder (with fat and rind) raw	198	20.4	12.92	0
U665100	Schwein Dünner Bug (ohne Fett und Schwarte) roh	Pork shoulder (without fat and rind) raw	135	20.51	5.83	0
U666100	Schwein Restbug (Teile) roh	Pork shoulder strips, raw	121	21.51	3.83	0
U672100	Schwein Vordereisbein/Vorderhaxe, roh	Pork foreshank (hock) raw	200	22.99	12.06	0
U681700	Schwein Rohschinken, mager, Rohpökelware, geräuchert	Pork ham raw, lean, raw cured, smoked	138	28.45	2.02	0.12
U682700	Schwein Rohschinken, mit Fettrand, Rohpökelware, geräuchert	Pork ham raw, with fat, raw cured, smoked	270	24.05	18.85	0.14
U684100	Schwein Nuss, roh	Pork thick flank, raw	109	21.77	2.43	0
U685100	Schwein Hüfte/Schinkenspeck, roh	Pork rump, raw	127	22.28	4.23	0
U686100	Schwein Unterschale (mit Rolle) roh	Pork silverside, raw	222	19.9	15.79	0
U687000	Schwein Oberschale (ohne Deckel) roh	Pork topside	115	23.01	2.51	0
U693100	Schwein Hintereisbein/Hinterhaxe, roh	Pork hindshank (hock) raw	222	20.12	15.7	0
U821100	Schaf Rücken, roh	Sheep loin (chop) raw	120	21.6	3.77	0
U831100	Schaf Hals/Kamm/Nacken, roh	Sheep scrag, raw	180	18.1	11.9	0
U985200	Rindfleischbrühe Konserve	Beef stock canned	8	1.48	0.22	0
V414100	Hähnchen ganz, entbeint, mit Haut, roh	Chicken whole, boneless, with skin, raw	186	18.37	12.53	0
V513100	Schwein Herz, roh	Pork heart, raw	117	16.9	5.53	0
V522100	Kalb Hirn, roh	Veal brain, raw	109	10.1	7.6	0
V531100	Rind Leber, roh	Beef liver, raw	131	19.21	3.66	5.3
V532100	Kalb Leber, roh	Veal liver, raw	86	14.9	1.15	4.1
V533100	Schwein Leber, roh	Pork liver, raw	131	20.96	4.77	1
V541100	Rind Lunge, roh	Beef lungs, raw	98	18.1	2.9	0
V544100	Schaf Lunge, roh	Sheep lungs, raw	90	16.7	2.6	0
V564100	Schaf Milz, roh	Sheep spleen, raw	97	17.2	3.1	0
V565100	Lamm Milz, roh	Lamb spleen, raw	97	17.2	3.1	0
V575100	Lamm Niere, roh	Lamb kidney, raw	87	16.1	2.54	0
V584100	Schaf Bries, roh	Sheep sweetbread, raw	81	13.2	3.16	0
V593100	Schwein Zunge, roh	Pork tongue, raw	190	17.27	13.44	0
V614100	Hähnchen Herz, roh	Chicken heart, raw	165	13.09	12.5	0
V634100	Hähnchen Leber, roh	Chicken liver, raw	112	17.44	4.15	1.2
V654100	Hähnchen Magen, roh	Chicken stomach, raw	82	15.9	2	0
W112200	Streichmettwurst/Streichmettwurst mit Zwiebeln	Mettwurst sausage/Mettwurst sausage with onions, spreadable	231	12.1	19.8	0.22
W121100	Teewurst fein/grob/Rügenwalder Art	Teewurst sausage finely/coarsely minced/Rügenwalder style, spreadable	373	12.72	35.6	0
W147000	Geflügelsalami mit Pflanzenfett	Poultry salami with vegetable fat	307	20.35	24.35	0.01
W211200	Wiener Würstchen	Vienna sausage	289	12.9	26.15	0
W231100	Lyoner/Lyoner Wurst	Lyon sausage	281	12.25	25.5	0.25
W233000	Fleischkäse einfach, fein/Original Bayerischer Leberkäse fein	Fleischkaese sausage	282	13.5	24.9	0.57
W255400	Bierwurst/Blasenwurst	Bierwurst sausage	275	13.73	24	0.46
W310000	Delikatess Leberwurst/Feine Leberwurst/Gutsleberwurst	Liver sausage finely minced	357	12.3	33.15	2.05
W331000	Mettwurst gekocht	Mettwurst sausage cooked	315	16.32	27.42	0.26
W443000	Lachsschinken, Rohpökelware, geräuchert	Pork loin lean rolled, raw cured, smoked	123	24.43	2.08	0.76
D650600	Lebkuchen schokoliert	Chocolate gingerbread	399	6.74	11.5	64.64
X411243	Hühnerbrühe	Chicken stock	5	0.5	0.3	0
X416243	Gemüsebrühe	Vegetable stock	4	0.32	0.1	0.54
H410100	Leinsamen	Linseed/flax seed	470	22.27	36.5	1.7
X4A1000	Fischbrühe	Fish stock	8	1	0.4	0
Y183013	Fleischbrühe (Rind)	Beef stock	3	0.4	0.2	0
H120100	Walnuss	Walnut	721	16.07	70.6	3
S241000	Vanilleeis	Vanilla ice cream	194	2.38	10.16	22.64
H420100	Sesam	Sesame seed	565	20.9	50.4	1.42
H430100	Sonnenblumenkern	Sunflower seed	564	26.11	47.6	4.8
H450100	Mohn	Poppy seed	528	23.82	42.2	2.99
H510802	Oliven grün, gesäuert, abgetropft	Olives green, pickled, drained	132	1.21	13.55	0
H610100	Bambussprossen roh	Bamboo shoots raw	17	2.5	0.3	0.96
M150000	Buttermilch	Buttermilk	39	3.23	0.56	4.73
G250100	Petersilienblatt roh	Parsley leaf raw	33	4.09	0.36	1.31
G332100	Rosenkohl roh	Brussels sprouts raw	40	4.45	0.34	2.26
G480100	Speisezwiebel roh	Onion raw	34	1.16	0.15	6.01
G510100	Aubergine roh	Aubergine raw	19	0.57	0.18	3.02
G520100	Gurke roh	Cucumber raw	16	1.06	0.2	1.97
G640100	Pastinake roh	Parsnip raw	59	2.69	0.43	9.7
G710100	Bohne grün, roh	Bean green, raw	28	2.24	0.24	3.4
G730100	Dicke Bohne unreif, roh	Broad bean immature, raw	63	5.4	0.6	6.2
G760100	Erbse grün, roh	Pea green, raw	88	5.9	0.48	12.3
G761100	Zuckererbse roh	Sugar pea raw	38	3.6	0.2	4.4
H910500	Vegetarische Wiener Würstchen	Vegetarian Vienna sausages	248	21.6	15.07	5.45
U632100	Schwein Kamm, roh	Pork neck, raw	175	19.21	10.9	0
B122000	Roggenvollkornschrotbrot	Coarse wholemeal rye bread	193	6.04	1.81	32.49
B783012	Weizentortilla	Wheat flour tortilla	296	8.85	7.85	46.64
B314000	Weizentoastbrot/Buttertoastbrot	Wheat toast/butter toast	261	8.29	3.59	46.8
C530100	Amaranth gepufft, ungesüßt	Amaranth puffed, unsweetened	393	13.24	5.9	66.92
C335000	Amaranth roh	Amaranth raw	377	14.04	5.93	62.38
C118100	Quinoa tricolore, roh	Quinoa tricolore, raw	369	13.33	6.2	60.17
C530200	Quinoa gepufft, ungesüßt	Quinoa puffed, unsweetened	380	9.04	3.3	75.65
C219000	Hartweizen Vollkornmehl	Durum wheat wholemeal flour	346	14.4	2.32	60.94
C241000	Einkorn Vollkornmehl	Einkorn wheat wholemeal flour	337	13.93	2.86	58.9
C531000	Weizen gepufft, ungesüßt	Wheat puffed, unsweetened	368	15.4	2	67.5
C240000	Emmer Vollkornmehl	Emmer wheat wholemeal flour	342	13.09	2.34	63.27
C111000	Weizen ganzes Korn, roh	Wheat whole grain, raw	331	12.81	1.83	59.21
C219300	Hartweizen Grieß	Durum wheat semolina	352	13.36	1.48	68.92
C215000	Weizen Dunst	Wheat middlings (dunst)	355	10.64	0.82	73.72
C218000	Weichweizen Grieß	Soft wheat semolina	355	10.72	0.88	73.97
C223200	Roggen Mehl, Type 997	Rye flour, Type 997	321	7.74	1.05	63.73
C126000	Roggen Grieß	Rye semolina	323	7.54	0.92	65.17
C221000	Roggen Vollkornmehl	Rye wholemeal flour	312	9	1.33	56.56
C223300	Roggen Mehl, Type 1150	Rye flour, Type 1150	319	8.03	1.14	61.74
C223600	Roggen Mehl, Type 1740	Rye flour, Type 1740	315	8.98	1.27	57.46
C223400	Roggen Mehl, Type 1370	Rye flour, Type 1370	318	8.85	1.22	59.18
C222000	Roggen Backschrot, Type 1800	Rye coarse meal, Type 1800	312	9	1.37	55.91
C238000	Dinkel Grieß	Spelt semolina	342	12.52	1.81	65.75
C236000	Dinkel ganzes Korn, roh	Spelt whole grain, raw	337	14.25	2.45	58.82
C235100	Dinkel Vollkornschrot	Spelt coarse meal	338	14.85	2.42	58.73
C234000	Dinkel Mehl, Type 630	Spelt flour, Type 630	352	13.17	1.38	68.35
C311000	Grünkern ganzes Korn, roh	Green spelt whole grain, raw	329	11.07	2.68	59.18
C234200	Dinkel Mehl, Type 1050	Spelt flour, Type 1050	348	13.87	2.16	65.06
C234100	Dinkel Mehl, Type 812	Spelt flour, Type 812	352	13.7	1.57	67.58
C237000	Dinkel Kleie	Spelt bran	270	17.06	5.88	18.24
C421000	Buchweizen Vollkornmehl	Buckwheat wholemeal flour	355	11.7	2.71	68.2
C424000	Buchweizen Mehl	Buckwheat flour	350	12.52	3.12	65.08
C422000	Buchweizen Schrot	Buckwheat coarse meal	339	13.05	3.13	61.86
C327000	Buchweizen Grütze	Buckwheat groats	322	13.05	1.55	61.16
C432000	Hirse Schrot	Millet coarse meal	352	11.79	3.13	67.6
C333100	Hirse Flocken	Millet wholegrain flakes	352	11.79	3.13	67.6
C433000	Hirse Mehl	Millet flour	378	11.6	4.25	71.6
C515100	Cornflakes gesüßt, angereichert mit Vitaminen	Cornflakes sweetened, fortified with vitamins	366	6.24	1.75	79.35
C532000	Reis gepufft, ungesüßt	Rice puffed, unsweetened	365	7.5	2.3	77.47
C533000	Popcorn ungesüßt	Popcorn unsweetened	338	12	4.4	55.3
C546000	Tortillachips (Nachos)	Tortilla chips (Nachos)	471	5.96	21.2	61.9
C534100	Cerealien extrudiert, gesüßt, ungefüllt, mit Zimtgeschmack	Extruded cereals sweetened, unfilled, cinnamon flavoured	424	8.36	9.38	73.36
C534400	Cerealien extrudiert, gesüßt, ungefüllt, mit Frucht-/Honig-/Karamell-/Schokogeschmack, angereichert mit Vitaminen und Mineralstoffen	Extruded cereals sweetened, unfilled, fruit/honey/caramel/chocolate flavoured, fortified with vitamins and minerals	371	7.92	2.76	75.33
C534600	Cerealien extrudiert, gesüßt, divers gefüllt, angereichert mit Vitaminen und Mineralstoffen	Extruded cereals sweetened, variously filled, fortified with vitamins and minerals	481	6.98	21.08	63.7
C539200	Cerealien aus Vollkornweizenschrot, gesüßt, ungefüllt, Natur/Frucht/Schokolade, angereichert mit Vitaminen und Mineralstoffen	Wholemeal wheat cereals sweetened, unfilled, basic/fruit/chocolate, fortified with vitamins and minerals	363	10.36	1.8	71.29
C650200	Reisdrink ungesüßt, angereichert mit Vitaminen und Calcium	Rice drink unsweetened, fortified with vitamins and calcium	59	0	1.04	12.31
C660200	Haferdrink ungesüßt, angereichert mit Vitaminen, Calcium und Jod	Oat drink unsweetened, fortified with vitamins, calcium and iodine	29	0.74	1.01	4
D630600	Doppelkekse mit Kakaocremefüllung	Shortcake biscuits sandwiched with cocoa-cream filling	471	5.37	17.59	71.18
E141100	Gänseei roh	Goose egg raw	177	13.9	13.3	0.34
E106100	Wachtelei roh	Quail egg raw	135	13.18	9	0.34
E151100	Putenei roh	Turkey egg raw	163	13.7	11.9	0.34
E112500	Hühnerei Eigelb, Pulver	Chicken egg yolk, powder	671	34.2	59.3	0.23
E113500	Hühnerei Eiklar, Pulver	Chicken egg white, powder	338	81.1	0.12	3.1
F140100	Quitte roh	Quince raw	53	0.42	0.5	8.2
F130100	Birne roh	Pear raw	58	0.3	0.29	13.16
F923900	Apfelkompott/Apfelmark, ungesüßt, Konserve	Apple sauce/apple compote, unsweetened, canned	63	0.4	0.27	14.07
F120100	Apfel geschält, roh	Apple peeled, raw	43	0.3	0.13	8.9
F404100	Eberesche süß, roh	Sweet rowanberry raw	73	1.3	1.2	12.7
F529100	Japanische Wollmispel/Loquat, roh	Japanese medlar/loquat, raw	48	0.55	0.2	9.8
F150100	Mispel roh	Medlar raw	45	0.5	0.2	9.2
F120400	Apfel geschält, getrocknet	Apple peeled, dried	242	1.29	0	53.43
F220100	Pflaume roh	Plum raw	48	0.3	0.17	10.71
F202100	Nektarine roh	Nectarine raw	48	1.06	0.2	9.2
F203100	Pfirsich roh	Peach raw	39	0.7	0.11	8.02
F203400	Pfirsich getrocknet	Peach dried	282	4.9	0.6	54.11
F545100	Kochbanane roh	Plantain raw	130	1.18	0.07	29.5
F524100	Cherimoya roh	Cherimoya raw	79	1.54	0.3	15.89
F840100	Rosine/Sultanine (Weinbeere getrocknet)	Raisin/sultana (grape dried)	288	2.7	1	61.8
F572100	Tamarillo roh	Tamarillo/tree tomato, raw	75	1.7	0.8	14.12
F552100	Kapstachelbeere/Physalis, roh	Cape gooseberry raw	81	2.3	1.1	14.12
F564100	Mangostane roh	Mangosteen raw	67	0.6	0.6	14.12
F559100	Rambutan roh	Rambutan raw	63	1	0.1	13.7
F533100	Honigmelone roh	Honeydew melon raw	46	0.51	0.1	10.09
F535100	Wassermelone roh	Watermelon raw	35	0.6	0.4	6.96
F513100	Guave roh	Guava raw	45	0.9	0.5	6
F508600	Maracujasaft/Passionsfruchtsaft	Passion fruit juice	51	0.8	0.4	10.04
F603100	Orange roh	Orange raw	49	1	0.2	8.85
F604600	Grapefruitsaft	Grapefruit juice	37	0.53	0.1	7.3
F606600	Mandarinensaft	Mandarin juice	49	0.9	0.3	9.59
F110600	Apfelsaft	Apple juice	44	0.1	0	10.59
G102100	Endivie/Escariol, roh	Endive/escarole, raw	13	1.25	0.2	0.83
G101100	Chicoree roh	Witloof chicory raw	20	2.39	0.18	1.3
G108100	Schnittsalat/Pflücksalat, roh	Looseleaf lettuce raw	15	1.2	0.1	1.26
G460100	Portulak roh	Purslane raw	14	1.48	0.34	0.59
G220100	Bleichsellerie roh	Stalk celery raw	17	1.2	0.1	1.5
G103100	Eisbergsalat roh	Iceberg lettuce raw	15	0.8	0.2	1.62
G230100	Mangold roh	Chard/leaf beet, raw	17	1.85	0.28	0.87
G212100	Gemüseamaranth roh	Chinese spinach raw	20	2.46	0.33	0.93
G213100	Neuseeländer Spinat roh	New Zealand spinach raw	15	1.5	0.2	0.93
G410100	Artischocke roh	Artichokes raw	44	2.4	0.12	2.69
G350100	Romanesco roh	Romanesco broccoli raw	35	2.42	0.28	5.33
G322100	Grünkohl roh	Curly kale raw	53	4.16	0.67	3.32
G343100	Wirsing roh	Savoy cabbage raw	37	2.78	0.32	4.1
G344100	Spitzkohl roh	Pointed cabbage raw	31	1.21	0.18	4.54
G321100	Chinakohl roh	Chinese white cabbage raw	18	1.8	0.2	1.38
G331100	Kohlrabi roh	Kohlrabi raw	28	1.94	0.16	3.88
G345100	Sauerkraut abgetropft, roh	Sauerkraut drained, raw	23	1.12	0.31	0.99
G440100	Palmenherz roh	Palm heart, raw	32	2.7	0.2	3.98
G482100	Frühlingszwiebel/Lauchzwiebel, roh	Spring onion raw	27	1.9	0.19	3
G490100	Knoblauch roh	Garlic raw	97	6.05	0.42	3
G488100	Silberzwiebel roh	Silverskin onion raw	34	1.16	0.15	6.01
G486100	Frühlingszwiebel/Lauchzwiebel (ohne Laub) roh	Spring onion, bulb only, raw	32	0.9	0.15	5.99
G484100	Perlzwiebel roh	Pearl onion raw	34	1.16	0.15	6.01
G485100	Schalotte roh	Shallot raw	33	2	0.1	3.2
G568900	Tomate geschält, Konserve	Tomato peeled, canned	24	1.2	0.3	3.25
G581000	Kürbis Hokkaido (C. maxima) roh	Hokkaido pumpkin raw	30	1.4	0.2	5.3
G583100	Chayote roh	Chayote raw	34	0.78	0.1	5.81
G650100	Schwarzwurzel roh	Black salsify raw	61	1.39	0.43	8.8
G670100	Wurzelpetersilie roh	Parsley root raw	76	2.88	0.47	13.8
G630100	Meerrettich roh	Horseradish raw	84	5.88	0.3	11.67
G720100	Wachsbohne roh	Wax bean raw	27	2.1	0.2	3.4
G750100	Sojabohne unreif (Edamame) roh	Soya bean immature (edamame) raw	146	13	6.8	6.2
G760200	Erbse grün, tiefgefroren	Pea green, deep-frozen	77	4.9	0.7	10
G520802	Gurke gesäuert (Gewürzgurke) abgetropft	Cucumber/gherkin pickled, drained	33	0.9	0	5.52
H110800	Erdnussmus	Peanut butter (100 % pure)	620	29	49.7	9.9
H160100	Pekannuss	Pecan	723	10.97	72	3
F960800	Cashewnussmus	Cashew butter (100 % pure)	623	17.6	49.4	26
H320100	Pinienkern	Pine nut	660	16.4	61.9	6.2
H210100	Mandel süß	Sweet almond	544	22.33	46.6	3.87
H190600	Macadamianuss geröstet ohne Fett	Macadamia nut roasted without fat	758	9.19	76.1	5.2
H250100	Pistazie	Pistachio nut	599	20.8	51.6	7.6
H250700	Pistazie geröstet ohne Fett, gesalzen	Pistachio nut roasted without fat, salted	588	23	49.3	8.6
H480100	Chia-Samen	Chia seeds	479	22.11	32.79	3.66
H520800	Oliven geschwärzt, in Salzlake, abgetropft	Olives blackened, in brine, drained	140	0.84	14.84	0
H702100	Augenbohne reif	Cowpea/black-eyed pea, mature	319	23.5	1.26	45.75
H750100	Dicke Bohne reif	Broad bean mature	349	27	1.53	46.7
H742100	Kidneybohne reif	Kidney bean mature	316	22.8	0.83	40.3
C551000	Weizenkleber/Weizengluten	Gluten (from wheat)	394	80.6	1.85	13.46
H764400	Sojamehl vollfett	Soya flour full fat	514	38.36	22.8	24
K762400	Hefe Flocken/Nährhefe	Yeast flakes/nutritional yeast	305	48.7	4.5	6.2
H725100	Linse reif	Lentil mature	323	23.36	1.7	44.8
G760400	Erbse reif	Pea green mature	311	23.02	1.44	40.5
G750400	Sojabohne reif	Soya bean mature	388	38.2	18.27	6.6
G770400	Kichererbse reif	Chick pea mature	317	18.58	5.92	39.6
G780400	Limabohne (Butterbohne Mondbohne) reif	Lima bean/butter bean, mature	325	20.6	1.4	48.63
H800100	Mandeldrink ungesüßt, angereichert mit Vitaminen und Calcium	Almond drink unsweetened, fortified with vitamins and calcium	24	0.87	2.16	0.2
H841100	Sojadrink ungesüßt	Soya drink unsweetened	30	3.22	1.3	0.4
H843300	Dessert/Puddingalternative, pflanzlich, angereichert mit Vitaminen und Calcium	Plant-based dessert/pudding alternative, fortified with vitamins and calcium	89	2.32	3.78	10.85
H844100	Soja-Joghurtalternative ungesüßt, angereichert mit Vitaminen und Calcium	Plant-based yogurt alternative, made from soya, unsweetened, fortified with vitamins and calcium	44	4.17	2.67	0.33
K130492	Pommes frites tiefgefroren, frittiert	Potato chips/french fries, deep-frozen, deep-fried	203	2.9	9.04	25.94
K120100	Kartoffel ungeschält, roh	Potatoe unpeeled, raw	86	2.05	0.1	18.46
K130262	Pommes frites tiefgefroren, gebacken	Potato chips/french fries, deep-frozen, baked	167	3.03	4.33	27.4
K130200	Pommes frites tiefgefroren	Potato chips/french fries, deep-frozen	123	2.23	3.22	20.17
K290100	Kartoffelchips energiereduziert	Potato crisps/potato chips, calorie-reduced	464	6.2	21.5	57.9
K280200	Kartoffelsticks	Potato sticks	502	6.5	31.5	46.52
K707100	Edel-Reizker roh	Saffron milk cap (red pine mushroom) raw	36	2.83	0.67	2.9
K718100	Steinpilz roh	Porcini mushroom raw	46	5.4	0.4	3.27
K709100	Hallimasch roh	Dark honey mushroom raw	37	3.17	0.68	2.9
K702100	Trüffel roh	Black truffle (Perigord black truffle) raw	73	8.29	0.51	0.6
M111100	Milch entrahmt, frisch, höchstens 0,1 % Fett, pasteurisiert	Milk skimmed, fresh, max. 0.1 % fat, pasteurised	34	3.42	0.07	4.8
M114200	Milch fettarm, 1,5 % Fett, laktosefrei, pasteurisiert	Milk low-fat, fresh, 1.5 % fat, lactose-free, pasteurised	44	3.49	1.54	4.11
M117700	Sahneersatz (Mischung aus pflanzlichen Fetten und Milch)	Cream substitute (mixture of vegetable fats and milk)	182	1.57	18	3.43
M114300	Vollmilch 3,5 % Fett, laktosefrei, pasteurisiert	Whole milk, fresh, 3.5 % fat, lactose-free, pasteurised	62	3.55	3.49	4.15
M021000	Ziegenmilch mind. 3 % Fett	Goat's milk min. 3 % fat	67	3.62	3.92	4.2
M011000	Schafmilch mind. 4,5 % Fett	Sheep's milk min. 4.5 % fat	92	5.16	5.97	4.43
M141200	Joghurt fettarm, mind. 1,5 % bis max. 1,8 % Fett	Yogurt low-fat, min. 1.5 % to max. 1.8 % fat	62	5.04	1.6	6.05
M1A5200	H-Milch fettarm, 1,5 % Fett, laktosefrei, ultrahocherhitzt	Milk low-fat, 1.5 % fat, lactose-free, ultra-heated	46	3.16	1.45	4.61
M182100	Kondensmagermilch max. 1 % Fett	Evaporated milk max. 1 % fat	85	8.2	0.24	12.1
M1A7300	H-Vollmilch 3,5 % Fett, laktosefrei, ultrahocherhitzt	Whole milk, 3.5 % fat, lactose-free, ultra-heated	63	3.18	3.49	4.59
M182300	Kondensmilch teilentrahmt, mind. 1 % bis < 7,5 % Fett	Evaporated milk semi-skimmed, min. 1 % to < 7.5 % fat	109	7.6	4.1	10.3
M148300	Joghurt mind. 3,5 % Fett, mit Magermilchpulverzusatz	Yogurt min. 3.5 % fat, fortified with skimmed milk powder	74	4.2	3.5	5.8
M1E3300	Joghurt mind. 3,5 % Fett, laktosefrei	Yogurt min. 3.5 % fat, lactose-free	68	3.98	3.46	4.36
M121300	Dickmilch/Sauermilch, mind. 3,5 % Fett	Soured milk (thick) min. 3.5 % fat	67	3.3	3.5	4.8
M141500	Sahnejoghurt mind. 10 % Fett	Yogurt min. 10 % fat	124	3.3	10	4.5
M130300	Kefir mind. 3,5 % Fett	Kefir min. 3.5 % fat	63	3.16	3.5	4.13
M149500	Schafjoghurt	Yogurt made from sheep's milk	90	3.87	6.2	4.02
M161000	Süßmolke	Sweet whey	25	0.82	0.24	4.7
M173800	Schlagsahne mind. 30 % Fett	Whipping cream min. 30 % fat	308	2.31	31.7	3.27
M171500	Kaffeesahne mind. 10 % Fett	Coffee cream min. 10 % fat	124	3.04	10.5	4.05
M182400	Kondensmilch mind. 7,5 % Fett	Evaporated milk min. 7.5 % fat	132	6.36	7.57	9.32
M2J7100	Trinkjoghurt aus entrahmter Milch, max. 0,5 % Fett, mit Fruchtzubereitung, gesüßt	Yogurt drink from skimmed milk, max. 0.5 % fat, with fruit preparation, sweetened	75	3.45	0.42	13.26
M2A3300	Joghurt mild, max. 3,8 % Fett, mit Fruchtzubereitung, gesüßt, laktosefrei	Yogurt mild, max. 3.8 % fat, with fruit preparation, sweetened, lactose-free	97	3.01	2.96	13.2
M2L2300	Trinkjoghurt mind. 3,5 % Fett, mit Fruchtzubereitung, gesüßt	Yogurt drink min. 3.5 % fat, with fruit preparation, sweetened	96	3.01	2.96	13
M303700	Chester (Cheddar) mind. 50 % Fett i. Tr.	Chester (Cheddar) cheese min. 50 % fat in dry matter	387	22.98	32.2	0.21
M302600	Bergkäse mind. 45 % Fett i. Tr.	Bergkäse (Alpine cheese) min. 45 % fat in dry matter	395	28.9	30.8	0
M302700	Bergkäse mind. 50 % Fett i. Tr.	Bergkäse (Alpine cheese) min. 50 % fat in dry matter	423	26.9	34.8	0
M303600	Chester (Cheddar) mind. 45 % Fett i. Tr.	Chester (Cheddar) cheese min. 45 % fat in dry matter	370	26.6	28.8	0
M313600	Provolone mind. 45 % Fett i. Tr.	Provolone cheese min. 45 % fat in dry matter	398	26.08	31.98	0
M300600	Hartkäse mind. 45 % Fett i. Tr.	Hard cheese min. 45 % fat in dry matter	374	27.5	29.15	0
M309600	Jarlsberg mind. 45 % Fett i. Tr.	Jarlsberg cheese min. 45 % fat in dry matter	352	26.7	26.9	0
M403800	Tilsiter mind. 60 % Fett i. Tr.	Tilsit cheese min. 60 % fat in dry matter	419	19	37.8	0
M404600	Wilstermarschkäse mind. 45 % Fett i. Tr.	Wilstermarsch cheese min. 45 % fat in dry matter	321	23.4	24.9	0
M406700	Fontina mind. 50 % Fett i. Tr.	Fontina cheese min. 50 % fat in dry matter	386	25.6	31.1	0
M307700	Raclettekäse mind. 45 % Fett i. Tr.	Raclette cheese min. 45 % fat in dry matter	342	22.8	27.5	0
M401700	Edamer mind. 50 % Fett i. Tr.	Edam cheese min. 50 % fat in dry matter	369	25	29.6	0
M401600	Edamer mind. 45 % Fett i. Tr.	Edam cheese min. 45 % fat in dry matter	355	24.3	28.3	0
M403700	Tilsiter mind. 50 % Fett i. Tr.	Tilsit cheese min. 50 % fat in dry matter	359	22.3	29.6	0
M403600	Tilsiter mind. 45 % Fett i. Tr.	Tilsit cheese min. 45 % fat in dry matter	355	25.76	27.7	0.03
M401400	Edamer mind. 30 % Fett i. Tr.	Edam cheese min. 30 % fat in dry matter	262	28.05	16.2	0.05
M401500	Edamer mind. 40 % Fett i. Tr.	Edam cheese min. 40 % fat in dry matter	317	25.85	23.4	0
M506600	Danbo mind. 45 % Fett i. Tr.	Danbo cheese min. 45 % fat in dry matter	323	23.6	25	0.05
M524500	Halloumi Grillkäse	Halloumi cheese	315	21.46	25.06	0.1
M501700	Butterkäse mind. 50 % Fett i. Tr.	Butterkäse cheese min. 50 % fat in dry matter	347	21.46	28.8	0.01
M507600	Esrom mind. 45 % Fett i. Tr.	Esrom cheese min. 45 % fat in dry matter	328	23.7	25.7	0.01
M503700	Steinbuscher mind. 50 % Fett i. Tr.	Steinbuscher cheese min. 50 % fat in dry matter	316	20	26	0.01
M504500	Weißlacker mind. 40 % Fett i. Tr.	Weisslacker cheese min. 40 % fat in dry matter	268	21.8	19.7	0.01
M501600	Butterkäse mind. 45 % Fett i. Tr.	Butterkäse cheese min. 45 % fat in dry matter	310	23.61	23.5	0.1
M503600	Steinbuscher mind. 45 % Fett i. Tr.	Steinbuscher cheese min. 45 % fat in dry matter	296	21.6	23	0.01
M504700	Weißlacker mind. 50 % Fett i. Tr.	Weisslacker cheese min. 50 % fat in dry matter	327	20	27	0.01
M504600	Weißlacker mind. 45 % Fett i. Tr.	Weisslacker cheese min. 45 % fat in dry matter	294	20.8	23	0.01
M505700	Trappistenkäse mind. 50 % Fett i. Tr.	Trappista cheese min. 50 % fat in dry matter	374	23.5	30.7	0.01
M501800	Butterkäse mind. 60 % Fett i. Tr.	Butterkäse cheese min. 60 % fat in dry matter	384	17	34.7	0.01
M503400	Steinbuscher mind. 30 % Fett i. Tr.	Steinbuscher cheese min. 30 % fat in dry matter	243	26.5	15	0.01
M505600	Trappistenkäse mind. 45 % Fett i. Tr.	Trappista cheese min. 45 % fat in dry matter	345	25.1	26.8	0.01
M602800	Camembert mind. 60 % Fett i. Tr.	Camembert cheese min. 60 % fat in dry matter	378	17.9	34	0.01
M609800	Weinkäse, Weichkäse, mind. 60 % Fett i. Tr.	Wine cheese, soft cheese, min. 60 % fat in dry matter	382	17	34.7	0.01
M600900	Weichkäse mind. 70 % Fett i. Tr.	Soft cheese min. 70 % fat in dry matter	413	13.2	40	0.01
M600800	Weichkäse mind. 60 % Fett i. Tr.	Soft cheese min. 60 % fat in dry matter	367	16.8	33.2	0.01
M601700	Brie mind. 50 % Fett i. Tr.	Brie cheese min. 50 % fat in dry matter	341	22.14	27.9	0.11
M602700	Camembert mind. 50 % Fett i. Tr.	Camembert cheese min. 50 % fat in dry matter	313	20.08	25.7	0.1
M602400	Camembert mind. 30 % Fett i. Tr.	Camembert cheese min. 30 % fat in dry matter	214	23.02	13.5	0
M601600	Brie mind. 45 % Fett i. Tr.	Brie cheese min. 45 % fat in dry matter	264	21	19.82	0
M600700	Weichkäse mind. 50 % Fett i. Tr.	Soft cheese min. 50 % fat in dry matter	310	19.8	25.5	0
M600600	Weichkäse mind. 45 % Fett i. Tr.	Soft cheese min. 45 % fat in dry matter	257	19.58	19.82	0
M604600	Münster mind. 45 % Fett i. Tr.	Muenster cheese min. 45 % fat in dry matter	292	21.6	22.6	0.01
M605500	Romadur mind. 40 % Fett i. Tr.	Romadur cheese min. 40 % fat in dry matter	275	23.1	20.1	0.01
M605700	Romadur mind. 50 % Fett i. Tr.	Romadur cheese min. 50 % fat in dry matter	313	20	25.7	0.01
M609600	Weinkäse, Weichkäse, mind. 45 % Fett i. Tr.	Wine cheese, soft cheese, min. 45 % fat in dry matter	294	21.18	23	0.01
M604700	Münster mind. 50 % Fett i. Tr.	Muenster cheese min. 50 % fat in dry matter	322	20.9	26.3	0.01
M603700	Limburger mind. 50 % Fett i. Tr.	Limburger cheese min. 50 % fat in dry matter	327	20	27.2	0.01
M605300	Romadur mind. 20 % Fett i. Tr.	Romadur cheese min. 20 % fat in dry matter	180	23.9	9.16	0.01
M603300	Limburger mind. 20 % Fett i. Tr.	Limburger cheese min. 20 % fat in dry matter	185	26.4	8.57	0.01
M600500	Weichkäse mind. 40 % Fett i. Tr.	Soft cheese min. 40 % fat in dry matter	249	21.18	18.22	0.01
M410700	Schnittkäse aus Schafmilch, mind. 50 % Fett i. Tr.	Semi-hard cheese made from sheep's milk, min. 50 % fat in dry matter	383	19.16	33.63	0.01
M6A5700	Weichkäse aus Schafmilch, mind. 45 % Fett i. Tr.	Soft cheese made from sheep's milk, min. 45 % fat in dry matter	279	17.86	22.66	0.6
M715800	Brotaufstrich aus pflanzlichen Fetten, Rahm, Joghurt entrahmt	Spread made from vegetable fats, cream, skimmed yogurt	230	4.8	22.1	2.47
M713700	Speisequark Rahmstufe, 50 % Fett i. Tr.	Quark 50 % fat in dry matter	178	8.3	14.5	2.9
M710700	Frischkäsezubereitung Natur, mind. 50 % Fett i. Tr.	Cream cheese preparation min. 50 % fat in dry matter	202	9.74	16.61	2.73
M032100	Mozzarella mind. 45 % Fett i. Tr.	Mozzarella min. 45 % fat in dry matter	259	17.12	20.99	0
M176800	Sauerrahm/Creme fraiche, 30 % Fett	Creme fraiche 30 % fat	265	2.4	27.03	2.55
M772800	Schmelzkäse aus Frischkäse, streichfähig, mind. 60 % Fett i. Tr.	Processed cheese made from cream cheese, spreadable, min. 60 % fat in dry matter	328	10.7	29.6	4.1
M780100	Kochkäse < 10 % Fett i. Tr.	German cooked cheese < 10 % fat in dry matter	84	15.2	0.5	4.2
M711100	Körniger Frischkäse < 10 % Fett i. Tr.	Cottage cheese < 10 % fat in dry matter	73	11.8	1.2	3
M711300	Körniger Frischkäse mind. 20 % Fett i. Tr.	Cottage cheese min. 20 % fat in dry matter	109	13.3	4.3	3.64
M712200	Schichtkäse mind. 10 % Fett i. Tr.	Layered cheese min. 10 % fat in dry matter	91	12.44	2.42	4.14
M712300	Schichtkäse mind. 20 % Fett i. Tr.	Layered cheese min. 20 % fat in dry matter	111	11.9	4.96	3.94
M713200	Speisequark Viertelfettstufe, 10 % Fett i. Tr.	Quark 10 % fat in dry matter	84	11.6	2	4.1
M713300	Speisequark Halbfettstufe, 20 % Fett i. Tr.	Quark 20 % fat in dry matter	110	12.24	5.1	3.04
M730100	Sauermilchkäse < 10 % Fett i. Tr.	Soured milk cheese < 10 % fat in dry matter	128	30.03	0.47	0
M827200	Frischkäsezubereitung mind. 10 % Fett i. Tr., mit Gemüse/Kräutern	Cream cheese preparation min. 10 % fat in dry matter, with vegetables/herbs	107	16	3	3.3
M710100	Skyr, Frischkäse < 10 % Fett i. Tr.	Skyr Icelandic style strained yogurt < 10 % fat in dry matter	64	10.35	0.84	3.19
M7B1600	Frischkäse aus Schafmilch, Natur, mind. 45 % Fett i. Tr.	Cream cheese made from sheep's milk, min. 45 % fat in dry matter	229	17.94	16.42	1.74
M771700	Schmelzkäse schnittfest, mind. 50 % Fett i. Tr.	Processed cheese sliceable min. 50 % fat in dry matter	348	17	29	4.1
M810500	Schmelzkäsezubereitung mind. 40 % Fett i. Tr.	Processed cheese preparation min. 40 % fat in dry matter	254	15	19	5.1
M771400	Schmelzkäse schnittfest, mind. 30 % Fett i. Tr.	Processed cheese sliceable min. 30 % fat in dry matter	221	14.8	13.6	9
M771600	Schmelzkäse schnittfest, mind. 45 % Fett i. Tr.	Processed cheese sliceable min. 45 % fat in dry matter	299	15.7	23.6	5.1
N314000	Limonade chininhaltig	Carbonated soft drink with quinine	41	0	0	9.88
N310400	Zitronenlimonade	Carbonated lemonade	38	0	0	9.27
N315000	Ginger Ale	Ginger Ale	37	0	0	8.87
N128000	Natürliches Mineralwasser still	Natural mineral water still	0	0	0	0
N127000	Natürliches Mineralwasser mit Kohlensäure	Natural mineral water carbonated	0	0	0	0
N130000	Natürliches Mineralwasser mit geringem Mineraliengehalt	Natural mineral water with low mineral content	0	0	0	0
N160000	Quellwasser	Spring water	0	0	0	0
N419000	Türkischer Mokka (Getränk)	Turkish mocha (infusion)	0	0.12	0	0
N415000	Kaffee (Getränk) entkoffeiniert	Coffee (infusion) decaffeinated	0	0.12	0	0
N411100	Espresso (Getränk)	Espresso (infusion)	2	0.4	0	0
N416000	Kaffee (Getränk) koffeinreduziert	Coffee (infusion) caffeine-reduced	0	0.12	0	0
N440100	Kaffee (Getränk) entkoffeiniert, aus Instantpulver	Coffee (infusion) made from decaffeinated instant powder	2	0.33	0	0
N440900	Instantkaffeepulver entkoffeiniert	Coffee instant powder decaffeinated	150	19.5	1.2	4.1
N611000	Mate-Tee (Getränk)	Mate tea (infusion)	0	0.1	0	0
N720100	Kräutertee (Getränk)	Herbal tea (infusion)	0	0	0	0
N601000	Roibusch-/Rooibos-/Rotbusch-Tee (Getränk)	Rooibos tea (infusion)	0	0	0	0
N670100	Schwarztee (Getränk) entkoffeiniert	Black tea (infusion) decaffeinated	0	0	0	0
P151120	Hefeweizen/Weizenbier, 0,0 % vol	Wheat beer 0.0 % vol	26	0.48	0	5.9
P151110	Hefeweizen/Weizenbier, alkoholfrei	Wheat beer alcohol-free	22	0.48	0	4.7
P161000	Lagerbier hell	Pale beer	36	0.4	0	2.28
P165000	Lagerbier dunkel	Dark beer	27	0.4	0	0.17
P197000	Bier kohlenhydratreduziert	Beer reduced carbohydrate content	32	0.42	0	0.8
P1A4000	Leichtbier	Light beer	27	0.42	0	2.2
P163100	Pilsner Bier, alkoholfrei	Pilsner beer alcohol-free	18	0.42	0	3.7
P154000	Kölsch	Koelsch (beer from Cologne)	38	0.42	0	2.22
P153000	Altbier	Dark beer (medium-gravity beer) top-fermented	40	0.5	0	2.28
P172000	Bockbier	Bock beer (original wort > 16 %)	49	0.9	0	2.13
P177000	Stout	Stout	46	0.4	0	5.3
P174000	Doppelbock	Doppelbock beer (original wort min. 18 %)	50	0.5	0	2.13
P219000	Eiswein	Ice wine	141	0.08	0	23.06
N014000	Wein alkoholfrei	Wine alcohol-free	18	0.1	0	3
N003000	Aperitif alkoholfrei	Aperitif alcohol-free	64	0.13	0	15
P289000	Federweißer (Traubenmost teilweise vergoren)	Federweisser (still fermenting young wine)	73	0.15	0	1.29
P232000	Weißwein Beerenauslese/Trockenbeerenauslese	White wine Beerenauslese/Trockenbeerenauslese	130	0.12	0	18.55
P231000	Weißwein süß	White wine sweet	89	0.14	0	6.15
P230000	Weißwein lieblich	White wine medium sweet	77	0.15	0	2.43
P431000	Portwein	Port wine	161	0.1	0	11.9
P2A1000	Rotwein süß	Red wine sweet	95	0	0	5.15
P2A2000	Rotwein lieblich	Red wine medium sweet	86	0	0	2.29
P462000	Sherry medium dry	Sherry medium dry	119	0.1	0	5.9
P341300	Wermutwein trocken	Vermouth dry	105	0.1	0	3
P560100	Bitterlikör 11 % vol	Bitter liqueur 11 % vol	150	0	0	25
P330000	Perlwein/Perlwein mit zugesetzer Kohlensäure, trocken	Pearl wine/pearl wine with added carbonic acid, dry	74	0	0	2.09
P2A7100	Qualitätsschaumwein, Sekt, halbtrocken	Quality sparkling wine medium dry	80	0	0	3.9
P2A7000	Qualitätsschaumwein, Sekt, süß	Quality sparkling wine sweet	86	0	0	5.5
P2A6110	Qualitätsschaumwein, Sekt, herb/brut	Quality sparkling wine brut	69	0	0	0.63
P2A6100	Qualitätsschaumwein, Sekt, extra trocken	Quality sparkling wine extra dry	72	0	0	1.34
N005000	Sekt alkoholfrei	Sparkling wine alcohol-free	22	0	0	5.2
P273000	Rosewein trocken	Rose wine dry	64	0.1	0	0.7
P2B1000	Rosewein süß	Rose wine sweet	78	0.1	0	4.85
P2B1200	Rosewein halbtrocken	Rose wine medium dry	65	0.1	0	1.17
Q310000	Walnussöl	Walnut oil	899	0	99.9	0
Q120000	Olivenöl	Olive oil	899	0	99.9	0
Q210000	Erdnussöl	Peanut oil	899	0	99.9	0
Q550000	Kokosöl	Coconut oil	900	0	100	0
Q180000	Rapsöl/Rüböl	Rapeseed oil/canola oil	900	0	100	0
Q260000	Maiskeimöl	Corn oil	900	0	100	0
Q270000	Sojaöl	Soya oil	900	0	100	0
Q320000	Sonnenblumenöl	Sunflower oil	900	0	100	0
Q640000	Halbfettbutter	Butter half fat	377	4	39.8	0.57
Q683000	Butterschmalz	Rendered butter	897	0.25	99.5	0
Q6A7000	Mischfett mit überwiegend Milchfett, ungesalzen	Mixed fat spread, mainly milk fat, unsalted	647	0.59	71.28	0.65
Q630000	Süßrahmbutter	Sweet cream butter	747	0.59	82.5	0.6
Q620000	Sauerrahmbutter	Cultured butter	747	1.19	82.2	0.57
Q860000	Schweinefett/Schweineschmalz	Pork lard	900	0	100	0
Q830000	Hühnerfett	Chicken fat	900	0	100	0
U205000	Rind Fettgewebe, subkutan roh	Beef fatty tissue, subcutaneous, raw	852	1.5	94	0
Q880000	Hammelfett/Hammeltalg	Mutton tallow/fat	747	3.85	81.3	0
R113000	Speisesalz jodiert/Jodsalz, mit Fluorid	Iodised salt with fluoride	0	0	0	0
R113100	Speisesalz jodiert/Jodsalz, mit Fluorid und Folsäure	Iodised salt with fluoride and folic acid	0	0	0	0
R111100	Steinsalz	Rock salt	0	0	0	0
R114000	Speisesalz jodiert/Jodsalz	Iodised salt	0	0	0	0
R112000	Meersalz	Sea salt	0	0	0	0
R121000	Weinessig	Wine vinegar	25	0	0	0
R134000	Senf extra scharf	Mustard extra hot	111	5.51	6.96	2.94
R133000	Senf scharf	Mustard hot	111	5.51	6.96	2.94
R135000	Senf süß	Mustard sweet	177	4.25	5.37	25.1
R141200	Curry-Gewürzketchup	Curry ketchup	98	1.4	0.1	21.16
R148200	Feinkostsauce/Grillsauce, Tomaten-Basis	Barbecue sauce, tomato-based	102	1.46	0.56	21.36
R161200	Tomaten passiert/Tomatenpüree	Tomato puree	29	1.18	0.1	3.94
Q991000	Mayonnaise (Fertigprodukt)	Mayonnaise (ready-made product)	750	1.49	81.2	2.3
R910000	Bratensoße Instantpulver	Gravy instant powder	324	7.71	8.65	51.94
R810000	Bouillon/Brühe/Suppe (Brühwürfel, Pulver)	Bouillon/stock/soup (stock cubes, powder)	195	5.82	5.8	27.91
S372000	Marshmallow (Schaumzuckerware)	Marshmallow	373	1.8	0.2	84
R381100	Orangeat	Candied orange peel	260	0	0.2	62.9
S311000	Hartkaramelle (Bonbon)	Hard candy	421	0	0.2	92.8
S124000	Invertzuckercreme	Invert sugar cream	331	0.15	0	82.5
S111100	Puderzucker	Icing sugar/powdered sugar	400	0	0	100
S114000	Vanillezucker	Vanilla sugar	400	0	0	100
S351000	Fondant (Fondantmasse)	Fondant/fondant mass	339	0.7	3.1	77
R452000	Vanillinzucker	Vanillin sugar	400	0	0	100
S152000	Melasse	Treacle/molasses, dark	229	1.2	0.1	55.9
S361000	Fruchtgummi (Gummibonbon)	Gum drops with fruit essence	312	4.8	0.3	70.7
S531200	Milchschokolade gefüllt mit Mandel-Karamell	Milk chocolate filled with almond-caramel	494	9.08	25.48	54.96
S622100	Pralinen gefüllt mit Mandel-Karamell	Pralines filled with almond-caramel	494	9.08	25.48	54.96
S622600	Pralinen gefüllt mit Karamellcreme	Pralines filled with caramel cream	446	3.72	17.05	68.7
S550000	Sahneschokolade	Cream chocolate	567	7	36.02	51.92
S530000	Milchschokolade	Milk chocolate	532	6.83	31.34	54.03
S628000	Pralinen gefüllt mit Milch-/Joghurtcreme	Pralines filled with milk/yogurt cream	565	7.51	40.26	39.39
S620000	Pralinen gefüllt	Pralines filled	565	7.51	40.26	39.39
S580000	Schokolade weiß	Chocolate white	554	6.18	33.44	56.79
S500000	Schokolade	Chocolate	520	5.49	28.36	57.5
S539900	Vollmilchschokolade	Whole milk chocolate	555	6.34	35.13	52.01
S713000	Kakaopulver stark entölt	Cocoa powder strongly deoiled	311	25.5	11.2	12.3
S570000	Bitterschokolade	Dark chocolate	563	9.1	41.33	33.7
T041600	Aal geräuchert (Räucheraal)	Eel smoked	329	17.9	28.6	0
T064100	Hecht roh	Pike raw	84	18.4	1.13	0
T861100	Kaviar echt (Stör)	Caviar (sturgeon)	244	26.1	15.5	0
T091100	Heringsrogen roh	Herring roe raw	131	26	3.05	0
T094100	Lachsrogen roh	Salmon roe raw	113	22.4	2.6	0
T121100	Thunfisch roh	Tuna raw	139	22.4	5.52	0
T107600	Makrele geräuchert	Mackerel smoked	338	18.89	29.2	0
T206100	Schellfisch roh	Haddock raw	74	17.1	0.58	0
T800200	Stockfisch (getrocknet)	Stockfish (cod unsalted, dried)	339	79.2	2.5	0
T208100	Merlan/Wittling, roh	Whiting raw	85	18.4	1.31	0
T209100	Seehecht roh	Hake raw	86	17.2	1.93	0
T202100	Leng roh	Ling raw	82	19	0.62	0
T204200	Dorsch/Kabeljau, tiefgefroren	Cod deep-frozen	72	16.56	0.6	0
T213100	Alaska-Pollack/Alaska-Seelachs, roh	Alaska pollock raw	57	12.3	0.82	0
T207200	Köhler/Seelachs, tiefgefroren	Saithe/pollack, deep-frozen	81	17.75	1.1	0
T033100	Dornhai roh	Piked dogfish raw	181	12.6	14.5	0
T415100	Königslachs roh	Chinook salmon raw	180	19.9	11.2	0
T422400	Forelle gesalzen	Trout salted	137	21.2	5.52	0
T422100	Forelle roh	Trout raw	156	21.55	7.63	0
T103100	Matjeshering mild gesalzen	Matjes herring mild salted	272	16	22.6	0
U291100	Rind Hinterhesse, roh	Beef leg/hindshank, raw	140	21.4	6	0
U261100	Rind Bug/Schulter, roh	Beef shoulder, raw	128	20.2	5.3	0
U201000	Rind Muskelfleisch, roh	Beef muscle meat, raw	106	22	1.9	0.1
U284100	Rind Hüfte, roh	Beef rump, raw	110	22.1	2.35	0
U482100	Kalb Keule, roh	Veal round, raw	89	20.7	0.72	0
U287100	Rind Oberschale, roh	Beef topside/top round, raw	124	20.86	4.53	0
U602100	Schwein Fleisch, sehnenfrei, sichtbarer Fettanteil max. 5 % (S II) roh	Pork meat, tendon free, visible fat content max. 5 % (S II) raw	136	21.41	5.61	0
U511100	Schwein Filetmedaillon, roh	Pork fillet medaillon, raw	102	22.7	1.2	0
U733100	Schaf Filetsteak, roh	Sheep fillet steak, raw	118	22.79	2.97	0
U711100	Schaf Filetmedaillon, roh	Sheep fillet medaillon, raw	118	22.79	2.97	0
U602200	Schwein Fleisch, geringer Feinsehnenanteil, sichtbarer Fettanteil max. 3 - 5 % (S II/III) roh	Pork meat, low fine tendon content, visible fat content max. 3 - 5 % (S II/III) raw	137	22.77	5.08	0
U602000	Schwein Fleisch, fett- und sehnenfrei (S I) roh	Pork meat, fat and tendon free (S I) raw	105	22.16	1.85	0
U522100	Schwein Stielkotelett, roh	Pork chop (loin) raw	175	21.02	10.08	0
U578100	Schwein Lachsbraten, roh	Pork meat for roasting (loin) raw	115	23.56	2.35	0
W510000	Kasseler, Rohpökelware, geräuchert	Pork loin chop, raw cured, smoked	107	21.97	2.17	0
U533100	Schwein Schmetterlingssteak, roh	Pork steak (loin) raw	145	22.4	6.2	0
U577100	Schwein Kammbraten, roh	Pork meat for roasting (neck) raw	175	19.21	10.9	0
U532100	Schwein Kammsteak, roh	Pork steak (neck) raw	175	19.21	10.9	0
V250100	Wildschwein Fleisch, roh	Wild boar meat, raw	162	19.5	9.3	0
U57B100	Schwein Ladenbauch, roh	Pork belly for roasting, raw	324	17.74	28.06	0
U603100	Schwein Bauch, mager, sichtbarer Fettanteil max. 25 % (S IV) roh	Pork belly, lean, visible fat content max. 25 % (S IV) raw	289	16.79	24.63	0
U604000	Schwein Bauch, kernig, sichtbarer Fettanteil max. 60 % (S V) roh	Pork belly, firm, visible fat content max. 60 % (S V) raw	307	16.6	26.68	0
U583100	Schwein Kochfleisch (Bauch) roh	Pork meat for boiling (belly) raw	324	17.74	28.06	0
U57A100	Schwein Grillbauch, roh	Pork belly for grilling, raw	324	17.74	28.06	0
U564100	Schwein Dicke Rippe roh	Pork breast tip cut raw	196	19.66	13.07	0
U603000	Schwein Fleisch, höherer Sehnenanteil, sichtbarer Fettanteil max. 7 - 10 % (S III) roh	Pork meat, higher tendon content, visible fat content max. 7 - 10 % (S III) raw	203	19.7	13.76	0
U571100	Schwein Bratenfleisch (Bug mit Fett und Schwarte) roh	Pork meat for roasting (shoulder with fat and rind) raw	198	20.4	12.92	0
U574100	Schwein Bratenfleisch (Bug ohne Fett und Schwarte) roh	Pork meat for roasting (shoulder without fat and rind) raw	135	20.51	5.83	0
U554100	Schwein Gulasch (Restbug) roh	Pork goulash (shoulder strips) raw	121	21.51	3.83	0
W441000	Parmaschinken	Parma ham	307	26.72	21.8	0.13
W442000	Schwarzwälder Schinken, Rohpökelware, geräuchert	Black Forest ham, raw cured, smoked	307	26.5	21.9	0.13
U575100	Schwein Bratenfleisch (Nuss) roh	Pork meat for roasting (thick flank) raw	109	21.77	2.43	0
U543100	Schwein Schnitzel (Nuss) roh	Pork schnitzel (thick flank) raw	109	21.77	2.43	0
U601000	Schwein Muskelfleisch, roh	Pork muscle meat, raw	105	22	1.86	0
U576100	Schwein Bratenfleisch (Hüfte/Schinkenspeck) roh	Pork meat for roasting (rump) roh	127	22.28	4.23	0
U579100	Schwein Schwartenbraten (Krustenbraten) roh	Pork meat for roasting (silverside) raw	222	19.9	15.79	0
U563100	Schwein Roulade (Oberschale) roh	Pork meat for olives (topside) raw	115	23.01	2.51	0
U541100	Schwein Schnitzel (Oberschale) roh	Pork schnitzel (topside) raw	106	22.2	1.9	0
U801000	Schaf Muskelfleisch, roh	Sheep muscle meat, raw	112	20.4	3.41	0
U726100	Hammel Kotelett, roh	Mutton chop (loin) raw	348	14.9	32	0
U727100	Lamm Kotelett, roh	Lamb chop (loin) raw	217	18.5	15.9	0
U817100	Lamm Nuss, roh	Lamb thick flank, raw	121	20	4.6	0
U837100	Lamm Hals/Kamm/Nacken, roh	Lamb scrag, raw	191	18.6	13	0
U816100	Hammel Filet/Lende, roh	Mutton tenderloin, raw	194	18.7	13.2	0
U811100	Schaf Filet/Lende, roh	Sheep tenderloin, raw	194	18.7	13.2	0
U754100	Schaf Gulasch (Hals/Kamm/Nacken) roh	Sheep goulash (scrag) raw	180	18.1	11.9	0
U981700	Fleischfond Konserve	Soup basic stock canned	8	1.48	0.22	0
V434100	Suppenhuhn Fleisch, mit Haut, roh	Boiling fowl meat, with skin, raw	257	18.5	20.3	0
V416100	Hähnchen Brustfilet, roh	Chicken breast fillet, raw	109	23.25	1.81	0
V417100	Hähnchen Flügel, mit Haut, roh	Chicken wings, with skin, raw	199	18.33	13.94	0
V334100	Wildente Fleisch, mit Haut, roh	Wild duck meat, with skin, raw	206	17.4	15.2	0
V444100	Poularde Fleisch, mit Haut, roh	Poulard meat, with skin, raw	175	19	11	0
V413000	Hähnchen Fleisch, ohne Haut, roh	Chicken meat, without skin, raw	131	20.2	5.6	0
V484100	Pute Fleisch, mit Haut, roh	Turkey meat, with skin, raw	157	20.2	8.5	0
V320100	Rebhuhn Fleisch, roh	Partridge meat, raw	248	35	12	0
V515100	Lamm Herz, roh	Lamb heart, raw	132	17.6	6.8	0
U080100	Rind Leberhack, roh	Beef liver mince, raw	131	19.21	3.66	5.3
V535100	Lamm Leber, roh	Lamb liver, raw	131	20.6	4.92	1
V542100	Kalb Lunge, roh	Veal lungs, raw	90	17.5	2.17	0
V543100	Schwein Lunge, roh	Pork lungs, raw	114	13.5	6.67	0
V546100	Hammel Lunge, roh	Mutton lungs, raw	94	18.4	2.3	0
V563100	Schwein Milz, roh	Pork spleen, raw	102	17.2	3.64	0
V561100	Rind Milz, roh	Beef spleen, raw	100	18.5	2.9	0
V566100	Hammel Milz, roh	Mutton spleen, raw	108	18	4	0
V574100	Schaf Niere, roh	Sheep kidney, raw	89	15.7	2.95	0
V571100	Rind Niere, roh	Beef kidney, raw	111	16.2	5.14	0
V573100	Schwein Niere, roh	Pork kidney, raw	102	17	3.77	0
V576100	Hammel Niere, roh	Mutton kidney, raw	93	16.5	3.03	0
V585100	Lamm Bries, roh	Lamb sweetbread, raw	81	13.2	3.16	0
V595100	Lamm Zunge, roh	Lamb tongue, raw	227	14.8	18.6	0
V636100	Gans Leber, roh	Goose liver, raw	109	16.4	4.28	1.2
V438100	Suppenhuhn Innereien, roh	Boiling fowl giblets, raw	154	17.9	9.21	0
V635100	Ente Leber, roh	Duck liver, raw	121	18.7	4.64	1.2
V551100	Rind Magen/Kutteln, roh	Beef stomach/tripe, raw	80	13.5	2.84	0
V553100	Schwein Magen, roh	Pork stomach, raw	158	16.8	10.1	0
W149300	Salami (Schwein)	Pork salami	374	23.54	30.9	0
W288100	Geflügelmortadella	Poultry mortadella	229	12.57	19.09	0.01
W874200	Cocktailwürstchen Konserve	Cocktail sausage small canned	228	12.5	19.5	0
W874300	Wiener Würstchen Konserve	Vienna sausage canned	228	12.5	19.5	0
W212000	Geflügel-Wiener Würstchen	Poultry Vienna sausage	232	13.62	18.98	1.01
W870400	Lyoner/Lyoner Wurst, Konserve	Lyon sausage canned	281	12.25	25.5	0.25
W231200	Mortadella/Schinkenwurst fein zerkleinert	Mortadella/Ham bologna finely minced	264	13.5	23	0.25
W245000	Lyoner weiß	White Lyoner sausage	281	12.25	25.5	0.25
W255100	Lyoner grob	Lyoner sausage coarsely minced	281	12.25	25.5	0.25
W234000	Fleischwurst	Bologna	306	12.11	28.3	0.25
W241000	Gelbwurst	Gelbwurst sausage (uncured)	298	11.55	27.7	0.25
W871700	Bierwurst/Blasenwurst, Konserve	Bierwurst canned	275	13.73	24	0.46
W880100	Leberwurst Konserve	Liver sausage high quality, canned	357	12.3	33.15	2.05
W314000	Kalbsleberwurst	Veal liver sausage	351	13.55	32	1.93
W424000	Schwein Kochschinken, Kochpökelware	Pork ham, cooked cured	130	22.5	3.7	0.74
X412263	Geflügelkraftbrühe (Huhn)	Poultry consomme (chicken)	5	0.5	0.3	0
X412463	Fischkraftbrühe	Fish consomme	8	1	0.4	0
X412053	Rinderkraftbrühe	Beef consomme	3	0.4	0.2	0
X411363	Wildbrühe	Game stock	3	0.4	0.2	0
X413663	Doppelte Rinderkraftbrühe	Double beef consomme	3	0.4	0.2	0
X411563	Kalbsbrühe	Veal stock	3	0.4	0.2	0
X412363	Wildkraftbrühe	Game consomme	3	0.4	0.2	0
C211100	Weizen Vollkornschrot	Wheat coarse meal	331	12.81	1.83	59.21
C113000	Weizen Flocken	Wheat flakes	331	12.81	1.83	59.21
C219100	Hartweizen Vollkorngrieß	Durum wheat wholemeal semolina	346	14.4	2.32	60.94
C219200	Hartweizen ganzes Korn, roh	Durum wheat whole grain, raw	346	14.4	2.32	60.94
C119100	Bulgur (Hartweizen) roh	Bulgur (durum wheat) raw	353	12.4	2	68
C119200	Couscous (Hartweizen) roh	Couscous (durum wheat) raw	350	11.69	1.7	68.92
C117000	Weizen Grütze	Wheat groats	352	13.36	1.48	68.92
C121000	Roggen ganzes Korn, roh	Rye whole grain, raw	302	11	1.7	53.84
C236100	Dinkel Flocken	Spelt flakes	337	14.25	2.45	58.82
C457000	Reis Kleie	Rice bran	380	14.1	20.8	17.2
C240100	Emmer ganzes Korn, roh	Emmer wheat whole grain, raw	342	13.09	2.34	63.27
C240200	Emmer Flocken	Emmer wheat flakes	342	13.09	2.34	63.27
C241200	Einkorn Flocken	Einkorn wheat flakes	337	13.93	2.86	58.9
C241100	Einkorn ganzes Korn, roh	Einkorn wheat whole grain, raw	337	13.93	2.86	58.9
C413000	Grünkern Vollkornmehl	Green spelt flour	321	10.4	2	59.18
C412000	Grünkern Vollkornschrot	Green spelt coarse meal	329	11.07	2.68	59.18
C317000	Grünkern Grütze	Green spelt groats	329	11.07	2.68	59.18
C326000	Buchweizen Grieß	Buckwheat semolina	350	12.52	3.12	65.08
C433100	Braunhirse Mehl	Brown millet flour	337	11.1	3.74	55.81
C534200	Cerealien extrudiert, gesüßt, ungefüllt, mit Zimtgeschmack, angereichert mit Vitaminen und Mineralstoffen	Extruded cereals sweetened, unfilled, cinnamon flavoured, fortified with vitamins and minerals	424	8.36	9.38	73.36
E131100	Entenei roh	Duck egg raw	182	12.8	14.4	0.34
F112600	Apfelsaft angereichert mit Vitamin C	Apple juice fortified with vitamin C	44	0.1	0	10.59
F310600	Traubensaft	Grape juice	68	0.21	0	16.35
F501600	Ananassaft	Pineapple juice	47	0.4	0.1	10.71
F212100	Sauerkirsche roh	Sour cherry raw	69	0.9	0.5	13.75
F223100	Zwetschge roh	Blue plum raw	48	0.3	0.17	10.71
F211100	Süßkirsche roh	Sweet cherry raw	70	0.9	0.31	15.33
F310100	Weintraube roh	Grape raw	61	0.75	0.28	12.18
F225100	Reineclaude roh	Greengage raw	61	0.84	0	13.4
F224100	Mirabelle roh	Mirabelle plum raw	74	0.73	0.2	16.78
F305100	Stachelbeere roh	Gooseberry raw	50	0.88	0.15	9.84
F601100	Zitrone roh	Lemon raw	40	0.7	0.4	3.16
F605100	Pampelmuse/Pomelo, roh	Pomelo raw	46	0.9	0.4	7.77
F607100	Clementine roh	Clementine raw	48	0.85	0.15	9.19
F604100	Grapefruit roh	Grapefruit raw	35	0.5	0.15	6.5
F606100	Mandarine roh	Mandarin raw	53	1	0.3	10.1
F522100	Lulo/Naranjilla, roh	Naranjilla raw	48	1	0.15	8.85
F840300	Korinthe (Weinbeere getrocknet)	Currant (grape dried)	309	2.2	1	67.51
G109100	Zuckerhutsalat roh	Sugar loaf chicory raw	13	1.25	0.2	0.83
G430100	Gemüsefenchel roh	Fennel/Florence fennel, raw	27	1.4	0.2	3.43
G324100	Pak Choi roh	Pak choi raw	16	1.8	0.2	1
G680100	Rettich roh	Radish raw	21	1.05	0.15	2.97
G691100	Radieschen roh	Small red radish raw	18	1.05	0.14	2.31
G414100	Gemüseartischocke/Kardone, roh	Cardoon raw	19	0.7	0.1	2.69
G492100	Bärlauch roh	Wild garlic raw	26	1.9	0.19	2.93
G012902	Kapern gesäuert, abgetropft	Capers pickled, canned, drained	22	2.12	0.42	0
R211200	Ingwer/Ingwerwurzel, roh	Ginger root raw	48	1.92	0.75	6.8
G693100	Wasabi roh	Japanese horseradish/wasabi root, raw	90	4.8	0.63	11.67
H731400	Lupinenmehl	Lupin flour	327	37.72	8.8	6.6
H710400	Erbsenmehl	Pea flour	280	20.91	1.3	40.5
H720400	Kichererbsenmehl	Chickpea flour	322	20.04	5.8	39.6
H160600	Pekannuss geröstet ohne Fett	Pecan roasted without fat	750	11.2	74.3	4.3
H190100	Macadamianuss	Macadamia nut	736	8.8	73	5.2
H220100	Mandel bitter	Bitter almond	544	22.33	46.6	3.87
H210200	Mandel süß, blanchiert	Sweet almond blanched	544	22.33	46.6	3.87
H210600	Mandel süß, geröstet ohne Fett	Sweet almond roasted without fat	550	22	46.6	3.87
H730000	Linse rot reif	Lentil red mature	334	25.6	2.17	48.8
H011000	Sojaproteinisolat	Soya bean protein isolate	384	88.3	3.39	0
H841400	Sojadrink ungesüßt, angereichert mit Vitaminen und Calcium	Soya drink unsweetened, fortified with vitamins and calcium	30	3.22	1.3	0.4
K706100	Butterpilz roh	Brown-yellow boletus (slippery jack) raw	31	2.55	0.36	3.27
K704100	Birkenpilz roh	Brown birch bolete raw	46	4.7	0.62	3.27
K717100	Rotkappe roh	Orange birch bolete raw	34	2.17	0.78	3.27
M0A1000	Mozzarella mind. 20 % Fett i. Tr.	Mozzarella min. 20 % fat in dry matter	158	19.91	8.5	0
M114100	Milch entrahmt, höchstens 0,1 % Fett, laktosefrei, pasteurisiert	Milk skimmed, fresh, max. 0.1 % fat, lactose-free, pasteurised	35	3.42	0.07	5.1
M113100	H-Milch entrahmt, höchstens 0,5 % Fett, ultrahocherhitzt	Milk skimmed, max. 0.5 % fat, ultra-heated	35	3.51	0.21	4.68
M141100	Joghurt aus entrahmter Milch, max. 0,5 % Fett	Yogurt from skimmed milk, max. 0.5 % fat	48	5.27	0.1	5.83
M130500	Sahnekefir mind. 10 % Fett	Kefir min. 10 % fat	120	2.95	10	3.85
M130100	Kefir aus entrahmter Milch, max. 0,5 % Fett	Kefir from skimmed milk, max. 0.5 % fat	37	3.26	0.5	4.25
M130200	Kefir fettarm, mind. 1,5 % bis max. 1,8 % Fett	Kefir low-fat, min. 1.5 % to max. 1.8 % fat	46	3.23	1.5	4.22
M121200	Dickmilch/Sauermilch, fettarm, mind. 1,5 % bis max. 1,8 % Fett	Soured milk (thick) low-fat, min. 1.5 % to max. 1.8 % fat	52	3.4	1.5	5.2
M1B2200	Joghurt fettarm, mind. 1,5 % bis max. 1,8 % Fett, laktosefrei	Yogurt low-fat, min. 1.5 % to max. 1.8 % fat, lactose-free	63	5.04	1.6	6.31
M148200	Joghurt fettarm, mind. 1,5 % bis max. 1,8 % Fett, mit Magermilchpulverzusatz	Yogurt low-fat, min. 1.5 % to max. 1.8 % fat, fortified with skimmed milk powder	59	4.3	1.5	6.1
M121500	Sahnedickmilch/Sahnesauermilch, mind. 10 % Fett	Soured milk (thick) min. 10 % fat	123	3.1	10	4.5
M148500	Sahnejoghurt mind. 10 % Fett, mit Magermilchpulverzusatz	Yogurt min. 10 % fat, fortified with skimmed milk powder	131	4	10	5.5
M172500	Sauerrahm/Saure Sahne, mind. 10 % Fett	Sour cream min. 10 % fat	119	3.1	10	4.1
M162000	Sauermolke	Sour whey	22	0.68	0.09	4.2
M172900	Sauerrahm/Creme fraiche, 40 % Fett	Sour cream 40 % fat	397	2.1	42	2
M172700	Sauerrahm/Schmand, mind. 20 % Fett	Sour cream min. 20 % fat	206	2.8	20	3
M301700	Appenzeller mind. 50 % Fett i. Tr.	Appenzeller cheese min. 50 % fat in dry matter	403	26.65	32.5	0
M305700	Greyerzer mind. 50 % Fett i. Tr.	Gruyère cheese min. 50 % fat in dry matter	399	26.9	32.1	0
M306400	Parmesan mind. 30 % Fett i. Tr.	Parmesan cheese min. 30 % fat in dry matter	391	35.6	27.43	0.06
M402400	Gouda mind. 30 % Fett i. Tr.	Gouda cheese min. 30 % fat in dry matter	266	29.59	16	0
M403400	Tilsiter mind. 30 % Fett i. Tr.	Tilsit cheese min. 30 % fat in dry matter	273	28.7	17.2	0.05
M400400	Schnittkäse mind. 30 % Fett i. Tr.	Semi-hard cheese min. 30 % fat in dry matter	266	27.88	16.8	0.05
M403500	Tilsiter mind. 40 % Fett i. Tr.	Tilsit cheese min. 40 % fat in dry matter	303	24.8	22.3	0
M402500	Gouda mind. 40 % Fett i. Tr.	Gouda cheese min. 40 % fat in dry matter	313	24.7	23.4	0
M400500	Schnittkäse mind. 40 % Fett i. Tr.	Semi-hard cheese min. 40 % fat in dry matter	317	25.86	23.4	0
M400700	Schnittkäse mind. 50 % Fett i. Tr.	Semi-hard cheese min. 50 % fat in dry matter	375	24.8	30.3	0
M508600	Havarti mind. 45 % Fett i. Tr.	Havarti cheese min. 45 % fat in dry matter	342	24	26.8	0.07
M400800	Schnittkäse mind. 60 % Fett i. Tr.	Semi-hard cheese min. 60 % fat in dry matter	419	19	37.8	0
M404700	Wilstermarschkäse mind. 50 % Fett i. Tr.	Wilstermarsch cheese min. 50 % fat in dry matter	362	21.62	30.3	0
M619700	Bel Paese mind. 50 % Fett i. Tr.	Bel Paese cheese min. 50 % fat in dry matter	376	25.4	30.2	0.01
M500800	Schnittkäse halbfest mind. 60 % Fett i. Tr.	Semi-soft cheese min. 60 % fat in dry matter	384	17	34.7	0.01
M512400	Steppenkäse mind. 30 % Fett i. Tr.	Steppenkäse cheese min. 30 % fat in dry matter	246	26.3	15.4	0.01
M500400	Schnittkäse halbfest mind. 30 % Fett i. Tr.	Semi-soft cheese min. 30 % fat in dry matter	245	26.52	15.2	0.01
M512600	Steppenkäse mind. 45 % Fett i. Tr.	Steppenkäse cheese min. 45 % fat in dry matter	328	24.1	25.4	0.01
M500500	Schnittkäse halbfest mind. 40 % Fett i. Tr.	Semi-soft cheese min. 40 % fat in dry matter	268	21.88	19.7	0.01
M500700	Schnittkäse halbfest mind. 50 % Fett i. Tr.	Semi-soft cheese min. 50 % fat in dry matter	329	19.91	27.3	0.01
M600400	Weichkäse mind. 30 % Fett i. Tr.	Soft cheese min. 30 % fat in dry matter	214	23.02	13.5	0
M600300	Weichkäse mind. 20 % Fett i. Tr.	Soft cheese min. 20 % fat in dry matter	185	26.4	8.57	0.01
M713500	Speisequark Fettstufe, 40 % Fett i. Tr.	Quark 40 % fat in dry matter	159	10.87	11.4	2.6
M827700	Frischkäsezubereitung mind. 50 % Fett i. Tr., mit Gemüse/Kräutern	Cream cheese preparation min. 50 % fat in dry matter, with vegetables/herbs	190	9.3	15.3	3
M712500	Schichtkäse mind. 40 % Fett i. Tr.	Layered cheese min. 40 % fat in dry matter	160	10.8	11.3	3.2
M820200	Frischkäsezubereitung Natur, mind. 10 % Fett i. Tr.	Cream cheese preparation min. 10 % fat in dry matter	86	11.6	2.8	3
M820100	Frischkäsezubereitung Natur < 10 % Fett i. Tr.	Cream cheese preparation < 10 % fat in dry matter	64	11.9	0.2	3
M820600	Frischkäsezubereitung Natur, mind. 45 % Fett i. Tr.	Cream cheese preparation min. 45 % fat in dry matter	173	12.2	12	3.34
M820500	Frischkäsezubereitung Natur, mind. 40 % Fett i. Tr.	Cream cheese preparation min. 40 % fat in dry matter	165	12.4	11	3.39
M827300	Frischkäsezubereitung mind. 20 % Fett i. Tr., mit Gemüse/Kräutern	Cream cheese preparation min. 20 % fat in dry matter, with vegetables/herbs	137	13.2	7.5	3.6
M780300	Kochkäse mind. 20 % Fett i. Tr.	German cooked cheese min. 20 % fat in dry matter	124	13.8	5.6	3.8
M780500	Kochkäse mind. 40 % Fett i. Tr.	German cooked cheese min. 40 % fat in dry matter	156	12.8	10.5	1.7
M810400	Schmelzkäsezubereitung mind. 30 % Fett i. Tr.	Processed cheese preparation min. 30 % fat in dry matter	219	15	14	7.4
M827100	Frischkäsezubereitung < 10 % Fett i. Tr., mit Gemüse/Kräutern	Cream cheese preparation < 10 % fat in dry matter, with vegetables/herbs	84	16.46	0.2	3.4
N310300	Orangenlimonade	Orange soft drink	33	0	0	8.35
N330000	Colagetränk koffeinhaltig	Cola beverage caffeinated	41	0	0	10.3
N120000	Natürliches Mineralwasser	Natural mineral water	0	0	0	0
N323000	Brause	Carbonated sherbet	37	0	0	9
N311000	Limonade mit Süßungsmitteln	Carbonated soft drink with artificial sweeteners	1	0	0	0.1
N321000	Brause mit Zucker und Süßungsmitteln	Carbonated sherbet with sugar and artificial sweeteners	15	0	0	3.5
N316000	Limonade mit Gewürzauszügen und Süßungsmitteln	Carbonated soft drink with spice extracts and artificial sweeteners	2	0	0	0
N710000	Früchtetee (Getränk)	Fruit tea (infusion)	0	0	0	0
N721000	Pfefferminztee (Getränk)	Peppermint tea (infusion)	0	0	0	0
P163110	Pilsner Bier, 0,0 % vol	Pilsner beer 0.0 % vol	19	0.41	0	4.4
P166000	Export dunkel	Dark export beer	27	0.4	0	0.17
P273100	Rotling trocken	Rotling wine dry	64	0.1	0	0.7
P341600	Wermutwein süß	Vermouth sweet	140	0.1	0	14.6
P432000	Madeirawein	Madeira wine	153	0.1	0	11.9
P464000	Sherry sweet	Sherry sweet	211	0.1	0	36.7
P530000	Fruchtaromalikör	Fruit aroma liqueur	294	0.1	0	31.8
P510000	Fruchtsaftlikör	Fruit juice liqueur	235	0.1	0	31.8
P461000	Sherry dry	Sherry dry	101	0.1	0	0.08
P463000	Sherry cream	Sherry cream	141	0.1	0	13.4
Q330000	Traubenkernöl	Grapeseed oil	900	0	100	0
Q340000	Distelöl/Safloröl	Safflower oil	900	0	100	0
Q160000	Leinöl	Linseed oil	900	0	100	0
Q170000	Hanföl	Hemp oil	900	0	100	0
Q230000	Sesamöl	Sesame oil	900	0	100	0
Q220000	Weizenkeimöl	Wheat germ oil	900	0	100	0
Q350000	Mohnöl	Poppy seed oil	900	0	100	0
Q940000	Bratöl/Frittieröl, pflanzlich	Vegetable deep-frying oil	900	0	100	0
Q150000	Palmfett/Palmöl, raffiniert	Palm fat/palm oil, refined	900	0	100	0
Q150100	Palmfett gehärtet	Palm fat hydrogenated	900	0	100	0
Q530000	Kakaobutter	Cocoa butter	900	0	100	0
Q520000	Sheabutter	Shea butter	900	0	100	0
Q550200	Kokosfett gehärtet	Coconut fat hydrogenated	900	0	100	0
Q550100	Kokosöl desodoriert	Coconut oil deodorized	900	0	100	0
Q810000	Entenfett	Duck fat	900	0	100	0
Q820000	Gänsefett/Gänseschmalz	Goose lard/fat	900	0	100	0
R122000	Branntweinessig	Distilled vinegar	25	0	0	0
R125000	Balsamicoessig	Balsamic vinegar	95	0	0	20.04
R160000	Tomatenmark	Tomato paste	81	3.4	0.2	13.2
R381200	Zitronat/Sukkade	Candied lemon peel	259	0	0	62.9
S151100	Ahornsirup	Maple syrup	240	0.04	0.06	59.9
S353000	Fondant mit Pfefferminzgeschmack	Peppermint creams	339	0.7	3.1	77
S355000	Fondantkonfekt	Fondant confectionery	339	0.7	3.1	77
S356000	Fondantcreme	Fondant cream	351	0.7	3.1	80
S740000	Trinkschokoladenpulver	Instant hot chocolate powder (for drinking chocolate)	370	7.97	5.87	68.13
S723000	Getränkepulver kakaohaltig	Beverage powder containing cocoa	377	5.2	2.36	80.39
S672000	Schokoladen-Dekor	Chocolate decorations	520	5.49	28.36	57.5
S610000	Pralinen	Pralines	555	6.34	35.13	52.01
S622900	Sahnepralinen	Cream pralines	567	7	36.02	51.92
S560000	Zartbitter-/Halbbitterschokolade	Bittersweet/semisweet chocolate	534	6.62	32.26	49.6
S331000	Toffee/Sahnetoffee	Toffee/cream toffee	500	2	15.9	75.1
T121902	Thunfisch im eigenen Saft, Konserve, abgetropft	Tuna canned, drained	95	22.87	0.41	0
T124100	Gelbflossen-Thun roh	Yellowfin tuna raw	102	24.4	0.49	0
T122100	Weißer Thun roh	Albacore raw	121	27.2	1.37	0
T120100	Pelamide roh	Atlantic bonito raw	139	22.4	5.52	0
T121200	Thunfisch tiefgefroren	Tuna deep-frozen	107	25.2	0.7	0
T201100	Brosme/Lumb, roh	Cusk raw	74	17.3	0.55	0
T206600	Schellfisch geräuchert	Haddock smoked	93	22.1	0.47	0
T213200	Alaska-Pollack/Alaska-Seelachs, tiefgefroren	Alaska pollock deep-frozen	72	16.4	0.7	0
T412100	Buckellachs roh	Pink salmon raw	124	21	4.4	0
T417100	Wildlachs roh	Pacific salmon raw	180	19.9	11.2	0
T422112	Forelle/Regenbogenforellen-Filet mit Haut, roh	Trout/rainbow trout fillet with skin, raw	136	18.96	6.47	0
T406100	Felchen/Maräne/Renke/Schnäpel, roh	Whitefishes raw	113	20.62	3.21	0
T424100	Meerforelle roh	Sea trout raw	108	18.4	3.61	0
T422200	Forelle tiefgefroren	Trout deep-frozen	129	19.9	5.3	0
V272100	Rentier Fleisch, roh	Reindeer meat, raw	106	22.6	1.7	0
U104100	Rind Fleisch, vom Knochen, roh	Beef bonemeat, raw	105	22	1.9	0
U205300	Rind Knochenmark, roh	Beef marrow, raw	852	1.5	94	0
U405000	Kalb Fettgewebe, subkutan roh	Veal fatty tissue, subcutaneous, raw	852	1.5	94	0
U461100	Kalb Bug/Schulter, roh	Veal shoulder, raw	94	21.2	1.01	0
U151100	Rind Gulasch (Bug) roh	Beef goulash (shoulder) raw	128	20.2	5.3	0
U231100	Rind Hals/Kamm/Nacken, roh	Beef neck/chuck, raw	149	19.25	8.05	0
U171100	Rind Bratenfleisch (Bug) roh	Beef meat for roasting (shoulder) raw	128	20.2	5.3	0
U184100	Rind Kochfleisch (Bug) roh	Beef meat for boiling (shoulder) raw	128	20.2	5.3	0
U271100	Rind Vorderhesse, roh	Beef shin/foreshank, raw	128	20.2	5.3	0
U185100	Rind Kochfleisch (Hüfte) roh	Beef meat for boiling (rump) raw	110	22.1	2.35	0
U211100	Rind Filet/Lende, roh	Beef fillet (tenderloin) raw	121	21.2	4	0
U163100	Rind Roulade (Oberschale) roh	Beef meat for olives (topside/top round) raw	124	20.86	4.53	0
U202000	Rind Fleisch, fett- und sehnenfrei (R I) roh	Beef meat, fat and tendons free (R I) raw	124	20.86	4.53	0
U207000	Rind Bindegewebe, roh	Beef connective tissue, raw	140	21.4	6	0
U109100	Rind Ochsenschwanz, roh	Beef oxtail, raw	188	21	11.5	0
U486100	Kalb Unterschale/Schwanzstück, roh	Veal silverside, raw	89	20.7	0.72	0
U362100	Kalb Roulade (Keule) roh	Veal meat for olives (round) raw	89	20.7	0.72	0
U342100	Kalb Schnitzel (Keule) roh	Veal schnitzel (round) raw	89	20.7	0.72	0
U485100	Kalb Kugel/Nuss, roh	Veal thick flank, raw	89	20.7	0.72	0
U504100	Schwein Fleisch, vom Knochen, roh	Pork bonemeat, raw	105	22	1.86	0
U721100	Schaf Kotelett, roh	Sheep chop (loin) raw	348	14.9	32	0
U806000	Hammel Muskelfleisch, roh	Mutton muscle meat, raw	112	20.4	3.41	0
U807000	Lamm Muskelfleisch, roh	Lamb muscle meat, raw	116	20.8	3.7	0
V464100	Ente Fleisch, mit Haut, roh	Duck meat, with skin, raw	227	18.1	17.2	0
V335100	Wildente Schenkel, mit Haut, roh	Wild duck leg, with skin, raw	206	17.4	15.2	0
V4A6100	Hähnchen Brust, ohne Haut, roh	Chicken breast, without skin, raw	109	21.81	2.42	0
V486100	Pute Brust, ohne Haut, roh	Turkey breast, without skin, raw	105	24.1	0.99	0
V487100	Pute Flügel, mit Haut, roh	Turkey wings, with skin, raw	192	20.2	12.3	0
V4A5100	Hähnchen Oberschenkel, mit Haut, roh	Chicken thigh, with skin, raw	212	17.17	15.96	0
V4B5100	Hähnchen Unterschenkel, mit Haut, roh	Chicken drumstick, with skin, raw	151	18.55	8.58	0
V435100	Suppenhuhn Schenkel, mit Haut, roh	Boiling fowl leg, with skin, raw	257	18.5	20.3	0
V488100	Pute Innereien, roh	Turkey giblets, raw	154	17.9	9.21	0
V468100	Ente Innereien, roh	Duck giblets, raw	154	17.9	9.21	0
V478100	Gans Innereien, roh	Goose giblets, raw	154	17.9	9.21	0
V454100	Perlhuhn Fleisch, mit Haut, roh	Guineafowl meat, with skin, raw	152	23.4	6.45	0
V471100	Gans Fleisch, ohne Haut, roh	Goose meat, without skin, raw	155	22.8	7.13	0
V402100	Baby-Pute Fleisch, mit Haut, roh	Young turkey meat, with skin, raw	151	22.4	6.79	0
V485100	Pute Keule, ohne Haut, roh	Turkey leg, without skin, raw	114	20.5	3.61	0
V494100	Taube Fleisch, mit Haut, roh	Pigeon meat, with skin, raw	169	20.9	9.5	0
V516100	Hammel Herz, roh	Mutton heart, raw	128	16.8	6.8	0
V514100	Schaf Herz, roh	Sheep heart, raw	117	16.5	5.68	0
V511100	Rind Herz, roh	Beef heart, raw	121	16.8	6	0
V534100	Schaf Leber, roh	Sheep liver, raw	131	20.4	5.02	1
V536100	Hammel Leber, roh	Mutton liver, raw	132	21.2	3.95	3
V552100	Kalb Magen/Gekröse, roh	Veal stomach/pluck, raw	134	14.8	8.3	0
V562100	Kalb Milz, roh	Veal spleen, raw	100	18.2	3	0
V572100	Kalb Niere, roh	Veal kidney, raw	124	16.7	6.37	0
V582100	Kalb Bries, roh	Veal sweetbread, raw	99	17.2	3.4	0
V591100	Rind Zunge, roh	Beef tongue, raw	207	16	15.9	0
V594100	Schaf Zunge, roh	Sheep tongue, raw	218	15.7	17.2	0
V596100	Hammel Zunge, roh	Mutton tongue, raw	187	13.5	14.8	0
W140000	Salami	Salami	374	23.54	30.9	0
W870200	Mortadella/Schinkenwurst fein zerkleinert, Konserve	Mortadella/Ham bologna finely minced, canned	264	13.5	23	0.25
W870600	Fleischwurst Konserve	Bologna canned	306	12.11	28.3	0.25
W880200	Kalbsleberwurst Konserve	Veal liver sausage canned	351	13.55	32	1.93
W440000	Schwein Kochschinken, Kochpökelware, Konserve (Dosenschinken)	Pork ham, cooked cured, canned	184	20.2	10.7	0.74
C123000	Roggen Flocken	Rye flakes	293	9	1.7	53.84
C221100	Roggen Vollkornschrot	Rye coarse meal	310	8.43	1.35	56.47
F311100	Weintraube rot, roh	Grape red, raw	80	0.6	0.1	17.5
F504100	Dattel roh	Date raw	140	1.5	0.1	31.6
F312100	Weintraube weiß, roh	Grape white, raw	72	0.7	0.2	15.54
F317600	Traubensaft angereichert mit Eisen	Grape juice fortified with iron	68	0.21	0	16.35
F501100	Ananas roh	Pineapple raw	46	0.5	0.1	9.4
F602100	Limette roh	Lime raw	28	0.5	0.2	1.9
F613100	Kumquat roh	Kumquat raw	51	0.65	0.3	10.1
F609100	Tangerine roh	Tangerine raw	53	1	0.3	10.1
F608100	Satsuma roh	Satsuma mandarin raw	50	0.8	0.3	9.6
H212800	Mandelmus	Sweet almond butter (100 % pure)	559	25.3	46.6	4.51
M1A3100	H-Milch entrahmt, höchstens 0,5 % Fett, laktosefrei, ultrahocherhitzt	Milk skimmed, max. 0.5 % fat, lactose-free, ultra-heated	36	3.51	0.21	4.97
M1B1100	Joghurt aus entrahmter Milch, max. 0,5 % Fett, laktosefrei	Yogurt from skimmed milk, max. 0.5 % fat, lactose-free	49	5.27	0.1	6.13
M148100	Joghurt aus entrahmter Milch, max. 0,5 % Fett, mit Magermilchpulverzusatz	Yogurt from skimmed milk, max. 0.5 % fat, fortified with skimmed milk powder	46	4.3	0.1	6.2
M121100	Dickmilch/Sauermilch, entrahmt, max. 0,5 % Fett	Soured milk (thick) skimmed, max. 0.5 % fat	37	3.2	0.1	5.2
M7A6800	Mascarpone mind. 80 % Fett i. Tr.	Mascarpone min. 80 % fat in dry matter	395	4.5	40.33	3.38
M301300	Appenzeller mind. 20 % Fett i. Tr.	Appenzeller cheese min. 20 % fat in dry matter	242	33.8	11.4	0
M300700	Hartkäse mind. 50 % Fett i. Tr.	Hard cheese min. 50 % fat in dry matter	399	26.9	32.1	0
M300400	Hartkäse mind. 30 % Fett i. Tr.	Hard cheese min. 30 % fat in dry matter	391	35.6	27.43	0.06
M827500	Frischkäsezubereitung mind. 40 % Fett i. Tr., mit Gemüse/Kräutern	Cream cheese preparation min. 40 % fat in dry matter, with vegetables/herbs	146	9.7	10.2	3.2
M741600	Ricotta, Molkeneiweißkäse, mind. 45 % Fett i. Tr.	Ricotta min. 45 % fat in dry matter	159	8.58	12.3	3.43
M771300	Schmelzkäse schnittfest, mind. 20 % Fett i. Tr.	Processed cheese sliceable min. 20 % fat in dry matter	217	24.5	11.5	3.1
M780200	Kochkäse mind. 10 % Fett i. Tr.	German cooked cheese min. 10 % fat in dry matter	104	14.7	3	3.9
N331000	Colagetränk koffeinhaltig, mit Süßungsmitteln	Cola beverage caffeinated, with artificial sweeteners	0	0	0	0
N340000	Colagetränk koffeinfrei	Cola beverage decaffeinated	41	0	0	10.3
P550000	Kaffeelikör/Kakaolikör, klar	Coffee/cocoa liqueur, without milk/cream	335	0.1	0.4	46
P560000	Bitterlikör/Kräuterlikör/Gewürzlikör	Bitter/herb/spice liqueur	282	0.1	0	28.78
Q4A4000	Sonnenblumenmargarine Vollfett, angereichert mit Vitamin D	Margarine made from sunflower oil, fortified with vitamin D	720	0.17	79.94	0
Q4A1000	Pflanzenmargarine Dreiviertelfett, angereichert mit Vitaminen	Margarine three-quarter fat, fortified with vitamins	541	0.06	60.13	0
Q4C2000	Pflanzliches Streichfett mit > 41 % und < 60 % Fett, angereichert mit Vitaminen	Vegetable fat spread with > 41 % and < 60 % fat, fortified with vitamins	405	0.03	44.94	0
Q4C4000	Rapsölmargarine Vollfett, angereichert mit Vitaminen	Margarine made from rapeseed oil/canola oil, fortified with vitamins	725	0.04	80.48	0
Q4C5000	Mischfett mit überwiegend Pflanzenfett, ungesalzen, angereichert mit Vitaminen	Mixed fat spread (mainly vegetable fat) unsalted, fortified with vitamins	499	0.39	54.66	1.24
Q400000	Pflanzenmargarine Vollfett, angereichert mit Vitaminen	Margarine full-fat, fortified with vitamins	718	0.11	79.6	0.16
Q440000	Pflanzenmargarine Halbfett, angereichert mit Vitaminen	Margarine half-fat, fortified with vitamins	371	0.26	39.66	3.14
Q4C1000	Pflanzliches Streichfett mit > 62 - < 80 % Fett, angereichert mit Vitaminen	Vegetable fat spread with > 62 % and < 80 % fat, fortified with vitamins	628	0.12	69.57	0.35
Q4C3000	Pflanzliches Streichfett mit < 39 % Fett, angereichert mit Vitaminen	Vegetable fat spread with < 39 % fat, fortified with vitamins	286	0.75	30.18	2.68
Q482000	Ziehmargarine	Margarine for making puff pastry	718	0	79.8	0
Q481000	Backmargarine	Margarine for baking	717	0	79.7	0
Q570000	Palmkernfett/Palmkernöl	Palm kernel fat/palm kernel oil	900	0	100	0
S330000	Weichkaramelle	Soft caramels	500	2	15.9	75.1
S671000	Zartbitter-/Halbbitter-Kuvertüre	Glazing chocolate, bittersweet/semi-sweet	534	6.62	32.26	49.6
T118100	Schildmakrele/Stöcker, roh	Atlantic horse mackerel raw	119	19.75	4.46	0
T200100	Grenadier roh	Grenadier raw	76	17.5	0.7	0
T403100	Bachsaibling roh	Brook trout raw	109	21.2	2.73	0
U216100	Rind Filetsteak roh	Beef tenderloin steak raw	121	21.2	4	0
U333100	Kalb Filetsteak, roh	Veal tenderloin steak, raw	121	21.2	4	0
U070100	Rind Tatar/Schabefleisch, roh	Beef mince, lean, raw	115	22	3	0
U411100	Kalb Filet/Lende, roh	Veal fillet (tenderloin) raw	101	21.2	1.82	0
U221100	Rind Roastbeef (Rücken) roh	Beef roastbeef (loin) raw	130	22.45	4.45	0
U432100	Kalb Hals/Nacken/Kamm, roh	Veal scrag raw	109	21.2	2.66	0
U351100	Kalb Gulasch (Bug) roh	Veal goulash (shoulder) raw	94	21.2	1.01	0
U371100	Kalb Bratenfleisch (Bug) roh	Veal meat for roasting (shoulder) raw	94	21.2	1.01	0
V212100	Hirsch Fleisch, roh	Venison meat, raw	112	20.6	3.34	0
V311100	Fasan Fleisch, mit Haut, roh	Pheasant meat, with skin, raw	154	23.75	6.55	0
V463000	Ente Fleisch, ohne Haut, roh	Duck meat, without skin, raw	122	19	5.1	0
V474100	Gans Fleisch, mit Haut, roh	Goose meat, with skin, raw	342	15.7	31	0
V481000	Pute Fleisch, ohne Haut, roh	Turkey meat, without skin, raw	102	20.5	2.2	0
W561000	Putenbrust, Kochpökelware, geräuchert	Turkey breast cold cuts, cooked cured, smoked	107	23.02	1.63	0
V465100	Ente Schenkel, mit Haut, roh	Duck leg, with skin, raw	212	17.17	15.96	0
V475100	Gans Schenkel, mit Haut, roh	Goose leg, with skin, raw	231	17.17	18.07	0
V512100	Kalb Herz, roh	Veal heart, raw	109	15.9	5.06	0
V592100	Kalb Zunge, roh	Veal tongue, raw	172	16.9	11.6	0
M400300	Schnittkäse mind. 20 % Fett i. Tr.	Semi-hard cheese min. 20 % fat in dry matter	242	33.8	11.4	0
M810300	Schmelzkäsezubereitung mind. 20 % Fett i. Tr.	Processed cheese preparation min. 20 % fat in dry matter	191	17	10	7.6
M827400	Frischkäsezubereitung mind. 30 % Fett i. Tr., mit Gemüse/Kräutern	Cream cheese preparation min. 30 % fat in dry matter, with vegetables/herbs	140	11	9	3
N352000	Colagetränk koffeinfrei, mit Süßungsmitteln	Cola beverage decaffeinated, with artificial sweeteners	0	0	0	0
P540100	Mandellikör	Almond liqueur	335	0.1	0.4	46
T612100	Schwertfisch roh	Swordfish raw	106	19.4	3.11	0
U235100	Rind Hochrippe, roh	Beef forerib/prime rib, raw	155	20.55	8.05	0
U131100	Rind Steak (Rücken) roh	Beef steak (loin) raw	130	22.45	4.45	0
U175100	Rind Rostbraten, roh	Beef meat for roasting (sirloin) raw	130	22.45	4.45	0
U121100	Rind Kotelett (Rücken) roh	Beef chop (loin) raw	130	22.45	4.45	0
U421100	Kalb Rücken, roh	Veal loin, raw	107	20.9	2.62	0
V217100	Hirsch Rücken, roh	Venison saddle, raw	112	20.6	3.34	0
V112100	Pferd Fleisch, roh	Horse meat, raw	108	20.6	2.67	0.4
V221100	Reh Keule, roh	Roe deer leg, raw	97	21.4	1.25	0
V222100	Reh Rücken, roh	Roe deer saddle, raw	122	22.4	3.55	0
V354100	Wachtel Fleisch, ohne Haut, roh	Quail meat, without skin, raw	128	21.8	4.53	0
M500300	Schnittkäse halbfest mind. 20 % Fett i. Tr.	Semi-soft cheese min. 20 % fat in dry matter	242	33.82	11.4	0
U255100	Rind Brustkern/Mittelbrust, roh	Beef brisket/centre cut, raw	200	18.59	13.99	0
U401000	Kalb Muskelfleisch, roh	Veal muscle meat, raw	92	21.3	0.81	0
U331100	Kalb Steak (Rücken) roh	Veal steak (loin) raw	107	20.9	2.62	0
U323100	Kalb Kotelett (Rücken) roh	Veal chop (loin) raw	107	20.9	2.62	0
U382100	Kalb Kochfleisch (Brust) roh	Veal meat for boiling (breast) raw	200	18.59	13.99	0
U452100	Kalb Brust, roh	Veal breast, raw	201	18.4	14.2	0
U304100	Kalb Fleisch, vom Knochen, roh	Veal bonemeat, raw	92	21.3	0.81	0
Y817142	Rahmnockerln gebraten	Cream dumplings fried	193	6.7	12.3	13.6
X556233	Tomaten gebacken provenzalische Art	Tomatoes baked Provencal style	96	1	7.95	3.83
D0A1000	Buchweizen-Wasserbiskuitboden	Buckwheat water sponge cake base	305	10.63	4.93	53.4
X700242	Eier-Frischteigwaren mit Grieß, grün, selbstgemacht, roh	Fresh egg pasta with semolina, green, homemade, raw	236	10.66	3.4	39.1
Q590000	Käsealternative, Basis Pflanzenfett, vegan	Plant-based cheese alternative, vegetable fat based, vegan	293	0.16	23.04	21.17
X573612	Weiße Rüben gedünstet (mit Fett und Salz)	Turnip stewed (with fat and salt)	68	0.81	4.5	4.75
S241500	Speiseeis Vanille, überzogen mit Schokolade	Vanilla ice cream, covered with chocolate	292	3.67	16.3	31.75
U693172	Schwein Hintereisbein/Hinterhaxe, gegrillt	Pork hindshank (hock) grilled	282	26.1	19.73	0
V551132	Rind Magen/Kutteln, gekocht	Beef stomach/tripe, boiled	97	17.4	3.04	0
D4A2000	Brownies	Brownies	489	7.26	32.84	38.7
B8B1000	Mehrkornknusperbrot angereichert mit Vitaminen und Spurenelementen	Multigrain crackerbread, fortified with vitamins and trace elements	353	10.7	2.3	66.4
V465162	Ente Schenkel, mit Haut, gebraten ohne Fett (Ofen)	Duck leg, with skin, fried without fat (oven)	194	26.02	9.98	0
B107900	Vollkornbrot mit Quark	Wholemeal bread with quark	213	7.92	1.02	38
T207132	Köhler/Seelachs, pochiert	Saithe/pollack, poached	100	19.32	2.55	0
X929012	Vollkornpfannkuchen/Vollkorneierkuchen, ungesüßt, mit Milch 3,5 % Fett, gebraten	Wholemeal pancakes unsweetened, with milk 3.5 % fat, fried	231	8.98	13.4	17.04
B6A5200	Dinkelvollkornknäckebrot mit Ölsamen und Hartkäse	Wholemeal spelt criscpread with oilseeds and hard cheese	424	17.8	18.1	43
Y996140	Vanillecremeeis	Vanilla ice cream (with egg)	176	4.3	9.42	18.5
C514300	Knuspermüslimischung, klassisch, gesüßt, angereichert mit Vitaminen und Mineralstoffen	Crunchy muesli mix, classic, sweetened, fortified with vitamins and minerals	421	9	15.95	56.4
V419000	Hähnchen Flügel, mit Haut, mariniert, roh	Chicken wings, with skin, marinated, raw	211	16.56	15.26	1.66
X559312	Kürbis gedünstet (mit Fett und Salz)	Pumpkin stewed (with fat and salt)	56	1.34	3.2	4.97
X655032	Kartoffelpuffer/Reibekuchen (mit saurer Sahne und Grieß) gebraten	Potato pancakes (with sour cream and semolina) fried	185	3.6	8.9	21.6
X537063	Rotkohl mit Apfel gedünstet	Red cabbage with apple stewed	62	1.01	3.74	4.9
T603200	Zander tiefgefroren	Pike-perch deep-frozen	86	20	0.66	0
D1A1200	Rhabarber-Streuselkuchen (Hefeteig)	Rhubarb crumble cake (yeast dough)	169	3.52	6	23
T502400	Blei/Brachsen/Brasse, gesalzen	Common bream salted	110	18.58	3.91	0
B551200	Weizenmischbrötchen mit Mohn	Wheat-rye roll (> 50 % and < 90 % wheat) with poppy seeds	291	9	3.3	53
M246000	Joghurt mind. 3,5 % Fett, mit Schokoladenzubereitung, gesüßt	Yogurt min. 3.5 % fat, with chocolate preparation, sweetened	117	3.46	4.47	14.91
U771162	Schaf Bratenfleisch (Bug, mager) gebraten ohne Fett (Ofen)	Sheep meat for roasting (shoulder, lean) fried without fat (oven)	176	26.7	7.73	0
X2A3000	Fruchtmischung (Apfel, Banane, Mandarine) ungesüßt	Fruit mix (apple, banana, mandarin) unsweetened	64	0.73	0.5	12.7
X539063	Wirsing gedünstet (mit Fett und Salz)	Savoy cabbage stewed (with fat and salt)	70	2.28	4.6	3.7
B6A2100	Roggenvollkornknäckebrot	Wholemeal rye crispbread	327	9.44	1.39	59.32
W641100	Rind Pökelfleisch (Brust) geräuchert	Beef meat (breast) cured, smoked	191	17.66	13.29	0.25
X987812	Hafer Grütze, gekocht (mit Fett und Salz)	Oat groats, boiled (with fat and salt)	71	2.8	2.18	9.2
V438142	Suppenhuhn Innereien, geschmort ohne Fett	Boiling fowl giblets, braised without fat	244	30.9	13.4	0
B6A4000	Mehrkornvollkornknäckebrot	Multigrain wholemeal crispbread	339	10.6	2.4	60
B6A2300	Roggenvollkornknäckebrot mit Milch	Wholemeal rye crispbread with milk	327	9.69	1.38	59.18
D465300	Thüringer Obstkuchen (Hefeteig)	Thuringian fruit flan (yeast dough)	165	7.1	4.9	22
M2A2100	Milchmischgetränk < 1 % Fett, probiotisch, aromatisiert, mit Zucker und Süßungsmitteln, angereichert mit Vitaminen	Milk drink < 1 % fat, probiotic, flavoured, with sugar and artificial sweeteners, fortified with vitamins	28	3.47	0.07	3.2
V591800	Rind Zunge, Kochpökelware	Beef tongue, cooked cured	175	15.58	12.26	0.5
X699312	Süßkartoffeln gedünstet (mit Fett und Salz)	Sweet potatoes stewed (with fat and salt)	124	1.44	3.1	21.3
B8A7000	Sauerteigbrot mit Sonnenblumenkernen, glutenfrei	Sourdough bread with sunflower seeds, gluten-free	231	7.9	7.6	30.9
D4A8100	Kokoskuchen (Rührmasse)	Coconut cake (cake batter)	444	7.33	28.64	37.8
X644013	Kartoffelgratin ohne Käse	Potato gratin without cheese	117	2.4	5.03	15
B106000	Vollkornbrot mit Ölsamen	Wholemeal bread with oilseeds	229	8.1	3.17	37
U884000	Schaf Keule, mager, mariniert, roh	Sheep leg, lean, marinated, raw	120	20.9	3.88	0.34
B526300	Roggenbrötchen mit Sesam	Rye roll with sesame seeds	275	8.42	3.55	48
U857162	Lamm Brust, gebraten ohne Fett (Ofen)	Lamb breast, fried without fat (oven)	336	21.51	27.78	0
X530143	Bayerisches Kraut gedünstet	Bavarian white cabbage stewed	58	1.01	3.71	3.84
B517700	Weizenbrötchen mit Quark	Wheat roll with quark	298	10.2	2.68	56
V4A5162	Hähnchen Oberschenkel, mit Haut, gebraten ohne Fett (Ofen)	Chicken thigh, with skin, fried without fat (oven)	256	24.88	17.35	0
X4A8060	Misosuppe	Miso soup	11	0.6	0.4	0.85
X459033	Bouillabaisse	Fish soup "Bouillabaisse"	44	8	0.7	1.1
G311182	Blumenkohl gebraten ohne Fett (Pfanne)	Cauliflower fried without fat (pan)	71	4.85	0.56	10.65
D4A7000	Käse-Schinken-Hörnchen (Quark-Öl-Teig)	Cheese-ham crescent (quark oil dough)	305	14.45	14.25	28.3
S358300	Vanillefondant	Vanilla fondant	390	0.01	4.6	85.3
G554182	Pfefferschote rot, gebraten ohne Fett (Pfanne)	Chilli pepper red, fried without fat (pan)	68	3.17	0.75	10.49
D130100	Apfelkuchen (Sandmasse)	Apple pie (sand cake batter)	244	3.1	12.42	29.1
D710500	Anisplätzchen (Biskuitmasse)	Anise sponge biscuits	350	8	2.87	71.82
X9A2010	Hirsebrei ungesüßt, mit Milch 3,5 % Fett	Millet porridge unsweetened, with milk 3.5 % fat	134	6	4.18	17.82
C416000	Mehlmischung für Kuchen glutenfrei	Flour mix for cake gluten-free	347	1.8	0.5	82.9
Y640312	Lachssteaks gebraten	Salmon steaks fried	224	23.4	14.48	0
D1A1300	Zwetschgen-Streuselkuchen (Hefeteig)	Blue plum crumble cake (yeast dough)	192	3.34	6.02	30
D483400	Apfelstrudel (Mürbeteig)	Apple strudel (shortcrust pastry)	289	4.6	16.1	29.8
E609132	Eierteigwaren Tortelloni (Ricotta-Spinat-Füllung) getrocknet, gekocht	Egg pasta Tortelloni (ricotta and spinach filling) dried, boiled	106	4.14	1.78	17.86
B526000	Roggenbrötchen mit Ölsamen	Rye roll with oilseeds	281	9.1	5.17	45
X988012	Buchweizen gekocht (mit Fett und Salz)	Buckwheat boiled (with fat and salt)	102	3.33	2.51	15.8
D701800	Springerle	"Springerle" anise biscuits	392	7.84	2.36	83.67
D0A2000	Mandelbiskuitboden	Almond sponge cake base	307	11.98	9.95	41.49
Y993240	Schokoladensahneeis	Chocolate cream ice cream	322	3.9	25.59	18.4
U642800	Schwein Bauch (wie gewachsen) Rohpökelware	Pork belly (untrimmed) raw cured	294	16.69	25.08	0.47
S580200	Schokolade weiß, mit Kaffee	Chocolate white, filled with coffee	546	6.4	32.8	55.8
Y880763	Quarkkrapfen frittiert	Quark doughnuts deep-fried	340	7	16.3	39.4
D6A3000	Braune Lebkuchen unglasiert	Brown gingerbread without icing	332	7	12.1	47.5
B277700	Roggenmischbrot mit Quark	Rye-wheat bread (> 50 % and < 90 % rye) with quark	223	7.31	0.76	43
X469313	Spanisch Fricco (Kartoffel-Eintopf mit Schweinefleisch, Naturjoghurt und saurer Sahne)	"Spanish Fricco" (potato stew with pork, yogurt and sour cream)	173	7.13	11.3	10
T091400	Heringsrogen gesalzen	Herring roe salted	147	28.82	3.57	0
D1A3000	Apfelkuchen (Quark-Öl-Teig)	Apple cake (quark oil dough)	177	3.4	6.34	25.2
D710800	Schokoladen-Haselnuss-Cookies	Chocolate-hazelnut cookies	505	7.8	27.39	54.7
F503400	Banane getrocknet	Banana dried	290	4.89	1.5	58.9
B881100	Eiweißbrot/Proteinbrot	Protein bread	226	23.4	8.2	11
M200300	Milchmischgetränk 3,5 % Fett, aromatisiert, gesüßt	Milk drink 3.5 % fat, flavoured, sweetened	78	3.38	3.33	8.5
Y720163	Rührei gebraten in Butter	Scrambled eggs fried in butter	172	13.31	12.99	0.42
G263132	Sauerampfer gekocht	Sorrel boiled	35	4.56	0.51	1.66
X530353	Sauerkraut gedünstet	Sauerkraut stewed	29	0.76	1.05	1.68
G211152	Spinat gedünstet	Spinach stewed	22	2.49	0.36	1.12
Y352212	Schweinebraten ohne Sauce	Pork roast without sauce	264	27.24	17.24	0
X570363	Erbsenpüree von grünen Erbsen	Pea puree from fresh peas	121	4.7	5.79	9.8
C522700	Getreideflakes gesüßt, mit Schokolade, angereichert mit Vitaminen und Mineralstoffen	Cereal flakes sweetened, with chocolate, fortified with vitamins and minerals	376	8.1	5.8	69.3
F302600	Himbeersaft	Raspberry juice	35	0.9	0.24	5.53
V533182	Schwein Leber, gebraten ohne Fett (Pfanne)	Pork liver, fried without fat (pan)	147	23.15	5.55	1.16
B6A3200	Roggenvollkornknäckebrot mit Sonnenblumenkernen	Wholemeal rye crispbread with sunflower seeds	367	12.21	9.39	49.8
C522100	Getreideflakes gesüßt, angereichert mit Vitaminen und Mineralstoffen	Cereal flakes sweetened, fortified with vitamins and minerals	348	9.7	1.6	70.2
U541172	Schwein Schnitzel (Oberschale) gegrillt	Pork schnitzel (topside) grilled	137	28.8	2.39	0
B511100	Weizenbrötchen mit Kümmel und Salz	Wheat roll with caraway seeds and salt	291	9.3	2.69	55
W423000	Schwein Kochschinken, Kochpökelware, geräuchert	Pork ham, cooked cured, smoked	106	19.24	3.04	0.47
U693700	Schwein Hintereisbein/Hinterhaxe, Kochpökelware, geräuchert	Pork hindshank (hock) cooked cured, smoked	163	16.35	10.63	0.44
D0A3000	Nussbiskuitboden	Nut sponge cake base	319	11.42	11.5	41.5
D652300	Pfeffernüsse	"Pfeffernusse" spiced gingerbread biscuits with sugar icing	397	8.85	4.48	78.6
B6A1500	Weizenvollkornknäckebrot mit Ölsamen, Hartkäse und Möhre	Wholemeal wheat crispbread with oilseeds, hard cheese and carrots	417	16.1	15.3	48
X341040	Mayonnaise mit Essig	Mayonnaise with vinegar	719	2	78.57	0.41
D657100	Kathrinchen (Honigteigplätzchen)	"Kathrinchen" honey gingerbread biscuits	401	7.14	8.91	71.43
G486132	Frühlingszwiebel/Lauchzwiebel (ohne Laub) gekocht	Spring onion, bulb only, boiled	37	1	0.17	6.91
W217000	Knacker einfach/Schüblinge einfach/Servela einfach	Knacker sausage simple	210	12.2	17.86	0.08
C558000	Fleischersatz glutenhaltig (Seitan)	Meat substitute containing gluten (seitan)	199	28.4	7.2	4
Y273032	Kalbsleber mehliert, gebraten	Veal liver floured, fried	141	19.22	2.94	9.2
B591000	Mehrkornbrötchen	Multigrain roll	302	9.8	5.44	50
B8A2000	Brötchen glutenfrei	Roll gluten-free	303	4.4	4.2	61
X572712	Grünkohl gedünstet (mit Fett und Salz)	Curly kale stewed (with fat and salt)	77	3.02	4.29	3.7
D4A8400	Möhren-Nuss-Kuchen (Rührmasse)	Carrot nut cake (cake batter)	360	7.35	20.04	36
D431900	Ottilienkuchen (Rührmasse)	"Ottilienkuchen" cake (cake batter)	456	7.1	26.98	45.1
E151132	Putenei gekocht	Turkey egg boiled	163	13.7	11.9	0.34
G345152	Sauerkraut abgetropft, gedünstet	Sauerkraut drained, stewed	22	1.11	0.31	0.98
U711162	Schaf Filetmedaillon, gebraten ohne Fett (Ofen)	Sheep fillet medaillon, fried without fat (oven)	146	29.26	3.21	0
B881200	Eiweißbrötchen/Proteinbrötchen	Protein roll	328	33.9	11.9	16
V522132	Kalb Hirn, gekocht	Veal brain, boiled	103	10.69	6.71	0
U532072	Schwein Kammsteak, mariniert, gegrillt	Pork steak (neck) marinated, grilled	312	27.29	22.4	0.19
B111400	Weizenvollkornbrot mit Nüssen	Wholemeal wheat bread with nuts	242	8.8	4.29	38
D430400	Napfkuchen mit Sultaninen und Zitronat (Rührmasse)	Ring cake with sultanas and candied lemon peel (cake batter)	402	7.1	17.6	52
X3A4010	Roquefortsauce	Roquefort sauce	430	12.44	41.23	1.88
B531000	Haferbrötchen	Oat roll	302	10.5	4.47	52
U281200	Rind Keule, tiefgefroren	Beef round, deep-frozen	148	21	7.1	0
D1A3100	Zwetschgenkuchen (Quark-Öl-Teig)	Blue plum cake (quark oil dough)	180	3.36	6.37	26.4
U687032	Schwein Oberschale (ohne Deckel) gekocht	Pork topside, boiled	145	30.01	2.73	0
M2M2400	Sahnejoghurt mind. 10 % Fett, mit Schokoladenzubereitung, gesüßt	Yogurt min. 10 % fat, with chocolate preparation, sweetened	151	2.9	8.87	14.3
D088000	Wiener Tortenboden kakaohaltig (dunkel)	Viennese sponge cake base containing cocoa (dark)	362	8.99	16.29	44
X574112	Sojasprossen gedünstet (mit Fett und Salz)	Soya bean sprouts stewed (with fat and salt)	86	6.38	6.04	0.3
U622700	Schwein Kotelett (Rücken/cranial) Kochpökelware, geräuchert	Pork loin (cranial part) cooked cured, smoked	131	17.07	6.82	0.44
X3A9010	Joghurt-Dip	Yogurt dip	93	3.64	6.6	4
D462700	Mandelkuchen (Hefeteig)	Almond cake (yeast dough)	429	10.07	22.77	44
D623500	Käsewaffeln salzig (Rührmasse)	Cheese waffles salted (cake batter)	481	10.7	35.96	27.5
S352000	Fondantkonfekt mit Zartbitterschokolade überzogen	Fondant confectionery covered with bittersweet chocolate	361	1.3	6	75
M8A6000	Speisequarkzubereitung mind. 30 % Fett i. Tr., mit Kräutern	Quark preparation min. 30 % fat in dry matter, with herbs	119	8.35	7.78	3.32
M837500	Speisequarkzubereitung mind. 40 % Fett i. Tr., mit Kräutern	Quark preparation min. 40 % fat in dry matter, with herbs	137	8.53	9.66	3.52
D483200	Haselnusszopf (Mürbeteig)	Braided hazelnut bread (shortcrust pastry)	431	8.47	25.17	41.2
U990100	Bratensoße dunkel, Konserve	Gravy dark, canned	43	1.32	1.56	5.7
T204132	Dorsch/Kabeljau, pochiert	Cod poached	69	15.5	0.78	0
X537912	Weißkraut gedünstet (mit Fett und Salz)	White cabbage stewed (with fat and salt)	58	1.01	3.71	3.83
E606200	Semmelknödel getrocknet	White bread dumplings dried	390	17.35	10.66	54.32
D089000	Schokobiskuitrolle/Schokobiskuitroulade, ungefüllt	Chocolate sponge cake roll unfilled	290	11.59	6.78	44.4
B516300	Weizenbrötchen mit Sesam	Wheat roll with sesame seeds	299	9.6	3.43	55
X471353	Schokoladen-Milchkaltschale gebunden mit Stärke	Cold chocolate-milk soup thickened with starch	86	3.72	3.52	9.8
Y321222	Schweinekotelett natur, gebraten	Pork chop fried	230	26.92	13.59	0.02
B226800	Roggenbrot mit Nüssen	Rye bread with nuts	230	6.12	3.97	38
X643153	Tomatenkartoffeln gedünstet	Potatoes with tomatoes stewed	100	1.76	4.2	12.98
B416000	Weizenvollkornbrötchen mit Ölsamen	Wholemeal wheat roll with oilseeds	299	11.2	5.61	46
U404000	Kalb Fleisch, sehnenfrei, sichtbarer Fettanteil > 20 % (KA IV) roh	Veal meat, tendon free, visible fat content > 20 % (KA IV) raw	296	16.7	25.41	0
X925012	Pfannkuchen/Eierkuchen, ungesüßt, mit Milch 1,5 % Fett, gebraten	Pancakes unsweetened, with milk 1.5 % fat, fried	211	8.75	5	31.6
D0A2200	Mandelboden (mit Eiklar zubereitet)	Almond cake base (prepared with egg white)	375	10.6	16.22	44.95
U541072	Schwein Schnitzel (Oberschale) mariniert, gegrillt	Pork schnitzel (topside) marinated, grilled	184	26.38	8.52	0.16
H154000	Kokosmilch/Kokosnussmilch	Coconut milk	227	2.77	21.9	2.1
Y560312	Grillhähnchen	Chicken grilled	257	24.18	17.78	0
D401400	Honigkuchen	Gingerbread cake	366	6.77	6.5	68.4
X574512	Sojabohnen (Edamame) gedünstet (mit Fett und Salz)	Soya bean (edamame) stewed (with fat and salt)	161	10.8	10	5.1
D131200	Apfelkuchen (Rührmasse)	Apple pie (cake batter)	220	3.8	9.97	27.8
X3A8020	Senf-Honig-Dressing für Salat	Mustard-honey dressing for salad	404	0.62	41.3	5.17
D431200	Mandelkuchen (Rührmasse)	Almond cake (cake batter)	430	10.47	23.96	41.3
D7B1100	Buttergebäck kakaohaltig (Mürbeteig)	Butter biscuits containing cocoa (shortcrust pastry)	497	7.42	27.08	54
S692000	Getreidechips umhüllt mit Milchschokolade	Cereal crisps coated with milk chocolate	513	5.24	27.67	59.4
C119232	Couscous (Hartweizen) gekocht	Couscous (durum wheat) boiled	156	4.91	0.68	31.05
T213172	Alaska-Pollack/Alaska-Seelachs, gegrillt	Alaska pollock grilled	73	15.9	1.04	0
G650152	Schwarzwurzel gedünstet	Black salsify stewed	60	1.36	0.42	8.6
S478100	Ingwer kandiert	Ginger candied	215	1.01	0.39	51.1
Y824243	Scheiterhaufen gebacken	Souffle with rolls, apple and raisins	168	4.9	4.9	25.1
P5A1000	Sahnelikör	Cream liqueur	262	0.75	10.18	18
D9A2000	Vollkornhefeteig süß roh	Wholemeal yeast dough, sweetened, raw	273	8.4	8.26	38
X9A3050	Grissini	Grissini	354	11.63	13	44
N410500	Kaffee (Getränk) mit Kondensmilch 7,5 % Fett und Zucker	Coffee (infusion) with evaporated milk 7.5 % fat and sugar	13	0.32	0.25	2.1
S581900	Kokos-Praline mit Cremefüllung und blanchierter Mandel	Coconut praline with cream-filling and blanched almond	604	6.7	46.8	36.5
S142400	Birnenkraut	Pear butter, sweetened	206	0.8	0.7	47.7
D733800	Mandelgebäck (Mürbeteig)	Almond biscuits (shortcrust pastry)	539	8.39	32.93	49.9
U711172	Schaf Filetmedaillon, gegrillt	Sheep fillet medaillon, grilled	161	31.25	3.95	0
R910032	Bratensoße aus Instantpulver, zubereitet mit Wasser	Gravy made from instant powder and water	10	0.23	0.25	1.73
X940112	Mehlschmarren (süddeutsche Mehlspeise) gebraten	"Mehlschmarren" fried (thick flour pancake cut into pieces)	254	7.78	11.04	29.92
W236000	Fleischsalat-Grundmasse	Bologna for meat salads	261	10.24	24.01	0.96
R9A5100	Sacherguss/Schokoladenglasur, für Gebäck/Torten	Sacher icing/chocolate icing, for pastry/tortes	345	3.31	15.75	45.4
T411800	Graved Lachs	Graved salmon (salt-sugar-cured)	152	19.01	7.74	1.49
P9A4000	Cocktail, Gin Tonic	Cocktail, Gin and tonic	55	0	0	5.37
D7A5000	Apfeltaschen (Hefeteig)	Turnover (yeast dough) filled with apples	244	5.5	7	38
X357112	Buttermilch-Dressing mit Honig für Salat	Buttermilk dressing with honey for salad	104	2.86	6.28	8.03
Y720443	Rührei gebraten mit Pfifferlingen	Scrambled eggs fried with chanterelles	166	9.26	13.59	1.11
F090100	Fruchtmischung gezuckert, roh	Mixed fruit sugared, raw	87	0.69	0.4	18.9
F303600	Brombeersaft	Blackberry juice	40	1.17	0.2	9.2
F305152	Stachelbeere gedünstet	Gooseberry stewed	56	0.97	0.17	10.93
Y341313	Debreziner Bohnengulasch (mit Schweinefleisch)	"Debreziner" bean goulash with pork	97	10.52	4.8	2.3
V585132	Lamm Bries, gekocht	Lamb sweetbread, boiled	91	15.4	3.28	0
T402182	Stint gebraten ohne Fett (Pfanne)	European smelt fried without fat (pan)	100	20.66	1.91	0
B6A1200	Weizenvollkornknäckebrot mit Müslizutaten, gesüßt	Wholemeal wheat crispbread with muesli ingredients, sweetened	438	13.6	18.1	50
B257700	Weizenmischbrot mit Quark	Wheat-rye bread (> 50 % and < 90 % wheat) with quark	224	7.79	0.85	43
D301300	Französische Schokoladentorte (Rührmasse)	French chocolate torte (cake batter)	452	5.66	23.7	52.4
D432300	Früchtekuchen (ohne Fett zubereitet)	Fruitcake (prepared without fat)	380	7.4	12.3	56.4
D072000	Blätterteig eifrei, roh	Puff pastry egg-free, raw	425	4.18	32.19	28.65
S624000	Pralinen gefüllt mit Fruchtcreme	Pralines filled with fruit cream	550	4.3	35.3	51.1
V334162	Wildente Fleisch, mit Haut, gebraten ohne Fett (Ofen)	Wild duck meat, with skin, fried without fat (oven)	243	27	15	0
U886142	Hammel Keule, geschmort ohne Fett	Mutton leg, braised without fat	309	26.72	22.5	0
B416700	Weizenvollkornbrötchen mit Kürbiskernen	Wholemeal wheat roll with pumpkin seeds	297	11.7	5.66	45
C141032	Gerste ganzes Korn, gekocht	Barley whole grain, boiled	176	6	1.06	33.4
B106500	Vollkornbrot mit Sonnenblumenkernen	Wholemeal bread with sunflower seeds	230	8.1	3.29	37
M2A0300	Milchmischgetränk 3,5 % Fett, aromatisiert, gesüßt, angereichert mit Vitaminen	Milk drink 3.5 % fat, flavoured, sweetened, fortified with vitamins	78	3.38	3.33	8.5
B491300	Dinkelvollkornbrötchen mit Ölsamen	Wholemeal spelt roll with oilseeds	297	11.5	5.97	45
Y5A1000	Hähnchenbrustfilet mit Cornflakes paniert, gebraten	Chicken breast fillet with cornflakes breading, fried	191	23.14	8.13	6.13
Y848160	Rumtopf	Fruit preserved in rum with sugar	333	0.3	0.1	17.4
Y993440	Erdbeersahneeis	Strawberry cream ice cream	241	2.9	20.88	9.83
N0A1100	Nearwater/Aqua Plus Getränk, aromatisiert, mit Zucker und Süßungsmitteln	Nearwater/Aqua Plus beverage, flavoured, with sugar and artificial sweeteners	14	0	0	3.6
V487200	Pute Flügel, mit Haut, tiefgefroren	Turkey wings, with skin, deep-frozen	192	20.2	12.3	0
T900300	Meeresfrüchtemischung roh	Shellfish (frutti di mare) raw	72	14.61	1.51	0
X320253	Bechamelsauce mit Milch 3,5 % Fett	Bechamel sauce with milk 3.5 % fat	119	4.21	8.01	7.24
Y730463	Omelett gebraten mit Tomaten	Omelette fried with tomatoes	142	6.2	11.81	2.13
Y141823	Rindergulasch mit Gemüse	Beef goulash with vegetables	100	8	4	7
Y771510	Kräuterquark (aus Magerquark)	Quark, < 10 % fat in dry matter, with herbs	80	9.49	2.7	3.8
B551000	Weizenmischbrötchen	Wheat-rye roll (> 50 % and < 90 % wheat)	289	8.8	2.72	54
Y146113	Westfälischer Pfefferpotthast mit Rindfleisch und Sauce	Westphalian "Pfefferpotthast" (beef stew with sauce)	122	12.45	6.2	3.44
W237000	Fleischkäse fettreduziert	Fleischkaese sausage reduced-fat	147	18.25	8.1	0.16
Y560322	Brathähnchen gebraten im Ofen	Chicken fried in oven (roast chicken)	230	22.69	15.44	0.02
C512600	Müslimischung Bircher Art (mit Trockenfrüchten und Nüssen) ungesüßt	Muesli mix Bircher style (with dried fruit and nuts) unsweetened	366	11.8	11	49.4
C341032	Mais gekocht	Maize boiled	88	2.28	0.95	16.58
W221300	Currybratwurst	Curry-Bratwurst	215	10.92	19.01	0.04
X556043	Ganze Tomaten gedünstet, mit Sahne	Whole tomatoes stewed, with cream	83	1.22	6.64	3.68
V592800	Kalb Zunge, Kochpökelware	Veal tongue, cooked cured	144	15.98	8.68	0.48
Y141523	Krautgulasch (mit Rindfleisch)	Beef goulash with white cabbage	129	11.34	7.1	3.93
B710700	Dinkelbrot mit Nüssen	Spelt bread with nuts	253	8.66	5.01	41
D701500	Raspeli	"Raspeli" meringue with cocoa powder and coconut	450	6.3	23.39	50.4
D440700	Englischer Kuchen (Sandmasse) mit Alkohol	English cake (sand cake batter) with alcohol	424	5.8	22.2	48.3
U665162	Schwein Dünner Bug (ohne Fett und Schwarte) gebraten ohne Fett (Ofen)	Pork shoulder (without fat and rind) fried without fat (oven)	169	27.44	6.57	0
T402152	Stint gedünstet	European smelt stewed	77	15.54	1.62	0
G093100	Suppengrün/Suppenkraut, roh	Mirepoix raw	33	2.15	0.34	3.4
Y824443	Kirschenmichel gebacken	Cherry souffle	152	5	4.84	21.58
U724000	Schaf Kotelett, mariniert, roh	Sheep chop (loin) marinated, raw	320	13.87	29.2	0.34
B111600	Weizenvollkornbrot mit Sonnenblumenkernen	Wholemeal wheat bread with sunflower seeds	236	9.3	3.37	38
U461132	Kalb Bug/Schulter, gekocht	Veal shoulder, boiled	119	27.26	1.08	0
E632100	Dinkeleierteigwaren roh	Spelt egg pasta raw	366	14.51	2.29	68.48
F201600	Aprikosensaft	Apricot juice	49	0.7	0.1	10.8
D2A2000	Johannisbeertorte mit Baiser/Träublestorte (Mürbeteig)	Red currant torte (shortcrust pastry) with meringue	320	6.7	12.9	41.75
Y782613	Käse-Weißbrot-Auflauf	Cheese-white bread casserole	260	15.3	14.01	17.34
D610300	Schokoladenbaiser	Chocolate meringue	406	8.1	10.81	66.3
D431300	Makronenkuchen (Rührmasse)	Macaroon cake (cake batter)	456	8.8	26.23	44.6
W540000	Hamburger Rauchfleisch (Rind Oberschale) Rohpökelware, geräuchert	Beef meat (topside/top round) raw cured, smoked	118	19.5	4.23	0.49
G730200	Dicke Bohne unreif, tiefgefroren	Broad bean immature, deep-frozen	70	6	0.7	6.6
D790700	Kekse/Plätzchen (Vollkornmürbeteig)	Wholemeal biscuits	522	7.13	29.77	53.1
D0A8000	Quicheboden (Mürbeteig)	Quiche base (shortcrust pastry)	442	8.2	25.85	42.5
C522600	Getreideflakes gesüßt, mit Schokolade	Cereal flakes sweetened, with chocolate	376	8.1	5.8	69.3
G994100	Gemüsemischung asiatische Art, roh	Mixed vegetables Asian style, raw	30	2	0.3	3.6
B8A9000	Vollkornbrot glutenfrei	Wholemeal bread gluten-free	227	6.6	6	32
Y497623	Hammelfleisch gedünstet mit Weißkraut (Irish Stew)	Mutton stewed with white cabbage (Irish Stew)	155	6.36	9.8	9.45
B275700	Roggenmischbrot mit Kümmel	Rye-wheat bread (> 50 % and < 90 % rye) with caraway seeds	219	6.53	0.75	43
X471423	Schokoladen-Milchsuppe gebunden mit Grieß	Chocolate-milk soup thickened with semolina	87	3.9	3.4	10
D432100	Rehrücken gebacken (Sandmasse)	Mock saddle of venison cake (sand cake batter)	479	9.35	30.58	39.3
V592132	Kalb Zunge, gekocht	Veal tongue, boiled	174	19.01	10.88	0
W207000	Geflügelbockwurst mit Schweinefleisch	Poultry bockwurst with pork	137	12.73	9.6	0
U171200	Rind Bratenfleisch (Bug) tiefgefroren	Beef meat for roasting (shoulder) deep-frozen	128	20.2	5.3	0
G250200	Petersilienblatt tiefgefroren	Parsley leaf deep-frozen	33	4.09	0.36	1.31
D771600	Croissant (Hefeblätterteig/Plunderteig)	Danish pastry croissant	426	8	23.57	44
B516700	Weizenbrötchen mit Kürbiskernen	Wheat roll with pumpkin seeds	307	10.7	5.17	52
D4A8600	Rotweinkuchen (Rührmasse)	Red wine cake (cake batter)	429	7.92	28.01	34.2
M813700	Schmelzkäsezubereitung 45 - 52 % Fett i. Tr., mit Schinken	Processed cheese preparation 45 - 52 % fat in dry matter, with ham	279	12.19	22.98	5.14
D7A5300	Zimtschnecken (Hefeteig)	Danish swirl (yeast dough) with cinnamon	352	7.5	10.09	56.3
V488200	Pute Innereien, tiefgefroren	Turkey giblets, deep-frozen	154	17.9	9.21	0
G920200	Gemüsemischung Leipziger Allerlei, tiefgefroren	Mixed vegetables "Leipziger Allerlei", deep-frozen	57	3.2	0.4	8.2
C522400	Getreideflakes gesüßt, mit Nüssen	Cereal flakes sweetened, with nuts	370	10.8	6.93	60.9
X330053	Grundsauce dunkel/braun (von Wildbrühe)	Basic sauce brown (from game stock)	76	1.14	5.4	5.53
W213000	Frankfurter Würstchen/Schinkenwürstchen	Frankfurt sausage small	270	12.4	24.4	0.08
D1A4200	Stachelbeerkuchen (Rührmasse) mit Baiser	Gooseberry cake (cake batter) with meringue	275	4.1	12.25	35.6
F508700	Maracujanektar/Passionsfruchtnektar	Passion fruit nectar	56	0.2	0.1	13.21
D7B4000	Friesenkekse (Mürbeteig)	"Friesenkekse" biscuits (shortrcrust pastry)	511	6.5	27.31	58.36
Y882310	Quarkspeise mit Pfirsichen	Quark dish with peaches	113	5.8	4.92	10.88
X651013	Kartoffeln geschält, roh gebraten	Potatoes raw, peeled, fried	222	2.88	12.75	22.6
X518543	Ratatouille	Ratatouille	58	1.2	3.36	4.6
X469043	Weißkraut-Karotten-Eintopf mit weißen Bohnen und Hammelfleisch	White cabbage-carrot stew with haricots and mutton	131	7.16	7.92	6
D432400	Quarkstollen (Rührmasse)	Quark stollen (cake batter)	379	8.1	15.7	48.6
X890933	Paella	Paella	102	8.5	3.3	9
F514600	Kiwisaft	Kiwi fruit juice	48	0.8	0.4	9.1
Y881610	Quarkspeise mit Himbeeren	Quark dish with raspberries	112	5.8	4.87	10
Y881510	Quarkspeise mit Erdbeeren	Quark dish with strawberries	111	5.75	4.88	10.26
X810413	Milchreis gesüßt, mit Milch 3,5 % Fett und Rosinen, aufgezogen, gebacken	Rice pudding sweetened, with milk 3.5 % fat and raisins, baked	140	4.1	4.3	20.8
D462800	Schneckennudeln/Rosenkuchen (Hefeteig)	Yeast rose cake	348	7.1	11.9	51
D0A5100	Hefeteig (feiner) gebacken	Yeast dough (fine) baked	359	8.6	14.06	48
S571000	Bitterschokolade gefüllt mit Karamell	Dark chocolate filled with caramel	549	8.1	37.6	40
W183000	Bauernbratwurst/Westfälinger	Bauernbratwurst sausage raw, small, firm	281	19.24	22.58	0.15
D0A5000	Hefeteig (einfacher) gebacken	Yeast dough (simple) baked	322	8.71	8.98	50
T710400	Edelkrebs/Flusskrebs, gesalzen	Crayfish salted	73	16.93	0.56	0
W138100	Gänsezervelatwurst mit Schweinefleisch	Zervelatwurst sausage with goose meat and pork	366	23.2	30.38	0
Y780163	Käsefondue (mit Alkohol)	Cheese fondue (with alcohol)	252	16.9	19.01	0.12
D461400	Gugelhupf mit Rosinen (Hefeteig)	Ring cake with raisins (yeast dough)	382	8.8	16.8	47
W143000	Salami Ungarische Art	Salami Hungarian-type	386	21.81	33.08	0.18
W146000	Katenrauchwurst	Katenrauchwurst sausage	263	25.15	17.93	0.18
G321132	Chinakohl gekocht	Chinese white cabbage boiled	20	2.02	0.23	1.56
D753100	Nuss-Spritzgebäck (Rührmasse)	Nut spritz biscuits (cake batter)	558	7.9	40.54	38.6
D461500	Streuselkuchen (Hefeteig)	Crumb cake (yeast dough)	425	7.27	17.97	57
X644113	Kartoffel-Tomaten-Gratin mit Mozzarella	Potato gratin with tomatoes and mozzarella	97	2.76	5.2	9.09
K420162	Batate/Süßkartoffel, gebacken	Batata/sweet potato, baked	152	2.09	0.77	32.4
S340000	Weichkaramelle gefüllt	Soft caramel filled	432	2.33	18.23	63
N710600	Früchtetee (Getränk) mit Zucker	Fruit tea (infusion) with sugar	7	0	0	1.86
U211162	Rind Filet/Lende, gebraten ohne Fett (Ofen)	Beef fillet (tenderloin) fried in the oven without fat	136	25.13	3.95	0
P281000	Glühwein	Mulled wine	96	0.24	0	8.21
Y849440	Grapefruit gezuckert	Grapefruit sugared	74	0.4	0.13	16.5
G613152	Rote Rübe/Rote Bete, gedünstet	Beetroot stewed	43	2.02	0.1	7.08
X700062	Eier-Frischteigwaren, selbstgemacht, roh	Fresh egg pasta, homemade, raw	283	11.07	5.76	44.97
W139100	Lammfleisch-Zervelatwurst	Zervelatwurst sausage with lamb meat	371	21.23	31.81	0
U133100	Rind Steak (Rücken) mariniert, roh	Beef steak (loin) marinated, raw	144	20.41	6.75	0.14
M816000	Schmelzkäsezubereitung 45 - 52 % Fett i. Tr., mit Nüssen	Processed cheese preparation 45 - 52 % fat in dry matter, with nuts	317	12.12	27.22	5.1
X951113	Grießbrei einfach, gesüßt	Semolina porridge simple, sweetened	100	4.29	3.39	12.94
K420132	Batate/Süßkartoffel, gekocht	Batata/sweet potato, boiled	65	1.7	0.2	12.8
X423462	Rinderkraftbrühe mit Reis	Beef consomme with rice	26	0.92	0.2	5
B782100	Weizenfladenbrot	Wheat flatbread	248	8.2	2.3	47
X614213	Kartoffelgulasch	Potato goulash	75	1	3.2	10.1
X435143	Käseklößchen	Small cheese dumplings	371	17.37	26.4	15.32
G490162	Knoblauch gebacken	Garlic baked	112	7.12	0.49	3
X9A2090	Porridge gesüßt, mit Wasser	Porridge sweetened, with water	81	2.61	1.31	13.5
T107172	Makrele gegrillt	Mackerel grilled	188	23.7	10.36	0
H110700	Erdnuss geröstet, gesalzen	Peanut roasted, salted	614	28.7	49.2	9.9
Y771140	Schnittlauchquark (aus Sahnequark)	Quark, min. 40 % fat in dry matter, with chives	132	8.84	9.18	2.94
W874100	Frankfurter Würstchen/Schinkenwürstchen, Konserve	Frankfurt small sausage canned	226	12.5	19.5	0.08
B416500	Weizenvollkornbrötchen mit Sonnenblumenkernen	Wholemeal wheat roll with sunflower seeds	300	11.2	5.75	46
V593800	Schwein Zunge, Kochpökelware	Pork tongue, cooked cured	202	20.88	12.87	0.62
D400700	Englische Muffins/Toasties (Hefeteig) gebraten ohne Fett (Pfanne)	English muffins/toasties (yeast dough) fried without fat (pan)	371	10.55	8.47	61
W121500	Teewurst fettreduziert	Teewurst sausage spreadable, reduced-fat	200	21.63	12.56	0.1
B406000	Vollkornbrötchen mit Ölsamen	Wholemeal roll with oilseeds	294	10.7	5.54	45
T410200	Lachs tiefgefroren	Salmon deep-frozen	180	19.9	11.2	0
G541042	Gemüsepaprika grün, geschmort ohne Fett	Sweet pepper green, braised without fat	42	1.18	0.26	7.56
X454713	Haferschleim	Oat gruel	20	0.77	0.39	3.1
D750600	Heidesand (Mürbeteig)	"Heidesand" biscuits (shortcrust pastry)	521	5.28	25.88	65.4
K750100	Mischpilze roh	Mixed mushrooms raw	34	3.5	0.3	2.16
B259000	Weizenmischbrot mit Kürbiskernen	Wheat-rye bread (> 50 % and < 90 % wheat) with pumpkin seeds	238	8.42	3.06	41
V463172	Ente Fleisch, ohne Haut, gegrillt	Duck meat, without skin, grilled	153	25.9	5.5	0
D034000	Schokozwieback	Chocolate rusk	466	9.1	20.2	58
V351200	Wachtel Fleisch, ohne Haut, tiefgefroren	Quail meat, without skin, deep-frozen	128	21.8	4.53	0
X359640	Asia-Dressing	Asian dressing	236	1.84	22.05	4.9
G312182	Broccoli gebraten ohne Fett (Pfanne)	Broccoli fried without fat (pan)	71	7.24	1.19	4.6
B723300	Laugengebäck mit Sesam	Lye pastry (pretzels) with sesame seeds	276	8.9	3.61	50
W238000	Geflügelfleischkäse mit Schweinefleisch	Poultry fleischkaese sausage with pork	193	16.86	13.9	0.11
T309152	Seezunge gedünstet	Sole stewed	78	15.62	1.77	0
B111700	Weizenvollkornbrot mit Buttermilch	Wholemeal wheat bread with buttermilk	222	8.7	1.19	40
D720800	Käsewindbeutel salzig (Brandmasse) ungefüllt	Cheese puffs salted (choux pastry) unfilled	245	12.3	14.16	16.5
G331132	Kohlrabi gekocht	Kohlrabi boiled	28	1.9	0.16	3.8
D400800	Heidelbeer-Muffins (Rührmasse)	Blueberry muffins (cake batter)	336	5.7	14.23	44.3
S132000	Konfitüre extra	Jam extra quality	234	0.4	0.2	56.3
U651162	Schwein Brustspitze, gebraten ohne Fett (Ofen)	Pork breast tip, fried without fat (oven)	228	25.24	14.13	0
B8A6000	Sauerteigbrot mit Ölsamen, glutenfrei	Sourdough bread with oilseeds, gluten-free	229	7.9	7.3	30.6
S560600	Zartbitter-/Halbbitterschokolade, gefüllt mit Kokoscreme	Bittersweet/semisweet chocolate, filled with coconut cream	564	5.51	37.37	48.1
S220200	Kaffeeeis	Coffee ice cream	171	4.4	9.2	17.6
D621100	Eiswaffeln/Waffelhörnchen (Rührmasse)	Ice cream cones	295	5.44	13.02	37.9
V256042	Wildschwein Fleisch, geschmort ohne Fett	Wild boar meat, braised without fat	204	26.85	10.78	0
U583132	Schwein Kochfleisch (Bauch) gekocht	Pork meat for boiling (belly) boiled	357	22.49	29.64	0
D187200	Apfel-Streuselkuchen (Mürbeteig)	Apple crumble tart (shortcrust pastry)	309	4.19	16.13	35.14
D7A5500	Rosinenbrötchen (Hefeteig)	Roll with raisins (yeast dough)	338	8.3	9	53.8
F614600	Orangennektar mit Süßungsmitteln	Orange nectar with artificial sweeteners	20	0.38	0	4.25
E608000	Böhmische Knödel roh	Bohemian dumplings raw	235	8.31	8.96	29.19
H810000	Studentenfutter	Fruit and nut mix	485	12.3	32.2	32.3
B421000	Roggenvollkornbrötchen	Wholemeal rye roll	256	7.56	2.86	43
D734600	Buttergebäck (Mürbeteig)	Butter biscuits (shortcrust pastry)	496	6.82	26.15	57
S142200	Apfelkraut	Apple butter, sweetened	231	0.9	1	52.1
R942000	Tortenguss klar (zubereitet mit Wasser und Zucker) für Gebäck/Torten	Gelatin glaze for pastry/tortes	48	0.01	0	12.06
C532900	Reiswaffeln schokoliert	Puffed rice waffles chocolate coated	475	7.13	21.37	61
Q960000	Pflanzenfett/Frittierfett, pflanzlich	Vegetable deep-frying fat	900	0	100	0
S539100	Vollmilchschokolade gefüllt mit Karamell	Whole milk chocolate filled with caramel	533	4.57	30.37	57.3
S354000	Kokosflocken (aus Fondant)	Coconut fondant flakes	461	1.92	16.95	68.5
U432200	Kalb Hals/Nacken/Kamm, tiefgefroren	Veal scrag deep-frozen	109	21.2	2.66	0
Y436232	Lammfleischspieße mit Gemüse, gegrillt	Lamb skewer with vegetables, grilled	161	12.4	11.3	1.7
Y686212	Tintenfische mehliert, gebraten	Cuttlefish floured, fried	96	16.23	2.2	2.25
B516400	Weizenbrötchen mit Mohn	Wheat roll with poppy seeds	298	9.6	3.3	55
D0A6100	Kuchenboden/Tortenboden, kakaohaltig (Mürbeteig, einfacher)	Cake base/torte base, containing cocoa (shortcrust pastry, simple)	428	8.61	18.28	55.5
D181300	Apfelkuchen gedeckt (Mürbeteig)	Covered apple sheet cake (shortcrust pastry)	219	3.7	9.9	27.4
V487172	Pute Flügel, mit Haut, gegrillt	Turkey wings, with skin, grilled	294	31.1	18.9	0
X384143	Barbecuesauce/Grillsauce	Barbecue sauce	112	1.15	7.27	9.24
H882000	Käsealternative, Basis Cashewkerne, vegan	Plant-based cheese alternative, cashew-based, vegan	440	14.97	33.56	18.5
B406700	Vollkornbrötchen mit Kürbiskernen	Wholemeal roll with pumpkin seeds	296	11.2	5.59	45
Q998000	Salatcreme (Fertigprodukt)	Salad cream (ready-made product)	300	1.4	27.02	11.92
B6A2800	Roggenvollkornknäckebrot mit Kürbiskernen	Wholemeal rye crispbread with pumpkin seeds	370	13.77	9.15	49.3
G341142	Rotkohl geschmort ohne Fett	Red cabbage braised without fat	50	2.76	0.32	6.66
Y025022	Fleischkäse gebraten	Fleischkaese fried	314	14.34	28.02	0.62
B226500	Roggenbrot mit Sonnenblumenkernen	Rye bread with sunflower seeds	223	6.59	3.04	38
F609600	Tangerinensaft	Tangerine juice	42	0.9	0.24	8.08
B6A5100	Dinkelvollkornknäckebrot mit Ölsamen	Wholemeal spelt criscpread with oilseeds	429	16.4	18.2	45
C515200	Cornflakes gesüßt, mit Zuckerglasur und Erdnüssen, angereichert mit Vitaminen und Mineralstoffen	Cornflakes sweetened, sugar frosted, with peanuts, fortified with vitamins and minerals	396	6.2	3.9	82.5
B426800	Roggenvollkornbrötchen mit Nüssen	Wholemeal rye roll with nuts	275	7.87	6.36	40
W164200	Göttinger Schinkenwurst	Göttinger ham bologna raw	375	21.78	31.89	0.18
Y862143	Vanilleflammeri/Vanillepudding, mit Eigelb	Vanilla pudding with egg yolk	143	4.6	5.26	19.16
D7A2000	Cookies mit Schokoladenstückchen	Chocolate chip cookies	488	6.48	22.18	64
B226700	Roggenbrot mit Kürbiskernen	Rye bread with pumpkin seeds	225	7.04	2.98	38
W171600	Kolbacz	Kolbacz sausage raw	453	20.04	41.37	0
B111500	Weizenvollkornbrot mit Ölsamen	Wholemeal wheat bread with oilseeds	235	9.3	3.25	38
W004000	Aufschnitt-Grundbrät	Sausage meat for cold cuts	218	14.16	17.86	0.09
W116000	Schmierwurst fettreich	Mettwurst sausage high-fat, spreadable	327	18.28	28.15	0.12
T617152	Schafskopf (Meerbrasse) gedünstet	Sheepshead stewed	93	18	2.3	0
X4B1010	Rhabarberkaltschale gebunden mit Grieß	Cold rhubarb soup thickened with semolina	48	0.55	0.09	9.87
D9A4000	Vollkornplunderteig roh	Wholemeal Danish pastry dough, raw	352	6.88	21.57	30
U065100	Schwein Brät, roh	Pork sausage meat, raw	268	12.49	24.13	0.09
U990200	Meerrettichsoße Konserve	Horseradish sauce canned	132	4.02	7.8	9.97
B226000	Roggenbrot mit Ölsamen	Rye bread with oilseeds	223	6.6	2.92	38
S623600	Pralinen gefüllt mit Vanillecreme	Pralines filled with vanilla cream	560	5.4	36.08	52.5
B710500	Dinkelbrot	Spelt bread	221	8.4	2.39	38
X9A6030	Hefeteig für Pizza/Pizzateig, roh	Yeast dough for pizza/pizza dough, raw	244	6.2	6.81	38
S730000	Getränkepulver malzhaltig, angereichert mit Vitaminen und Mineralstoffen	Beverage powder containing malt, fortified with vitamins and minerals	363	9.82	1.8	74.9
D7A2100	Schokoladen-Mandel-Cookies vegan	Chocolate almond cookies vegan	527	9.44	33.2	44.1
Y855312	Rote Grütze ungesüßt	Red fruit jelly, unsweetened	57	0.9	0.3	10.6
B491400	Dinkelvollkornbrötchen mit Sonnenblumenkernen	Wholemeal spelt roll with sunflower seeds	297	11.5	6.11	45
D330300	Schokoladentorte (Rührmasse)	Chocolate torte (cake batter)	432	7.97	22.59	47.5
U632172	Schwein Kamm, gegrillt	Pork neck, grilled	217	24.27	13.34	0
F605600	Pampelmusensaft/Pomelosaft	Pomelo juice	35	0.8	0.3	6.22
T417200	Wildlachs tiefgefroren	Pacific salmon deep-frozen	180	19.9	11.2	0
D0A4000	Wasserbiskuitboden	Water sponge cake base	306	8.5	3.69	58.7
T506152	Wels gedünstet	European catfish stewed	117	13.5	7	0
X476140	Buttermilchsuppe gesüßt	Buttermilk soup, sweetened	69	3.08	1.67	9.88
B781300	Weizenbaguettebrötchen	Wheat baguette roll	289	9.6	1.51	57
X562043	Karotten/Möhren, gedünstet (mit Fett und Salz)	Carrots stewed (with fat and salt)	66	0.73	4.2	5.04
C119132	Bulgur (Hartweizen) gekocht	Bulgur (durum wheat) boiled	152	5.5	0.9	29.1
X574212	Kichererbsen gekocht (mit Fett und Salz)	Chickpeas boiled (with fat and salt)	128	6	4.6	13.1
S221700	Joghurteis	Yogurt ice cream	124	3.9	2.5	21.01
T206182	Schellfisch gebraten ohne Fett (Pfanne)	Haddock fried without fat (pan)	87	20.3	0.65	0
D7A5400	Milchbrötchen (Hefeteig)	Milk roll (yeast dough)	337	8.9	11.54	48
F091100	Fruchtmischung ungesüßt, roh	Mixed fruit unsweetened	62	0.75	0.4	12.3
R9A2000	Ananas-Joghurtsahne für Gebäck/Torten	Pineapple yogurt cream for pastry/tortes	160	2.6	10.1	14.2
Y881012	Quarkspeise mit Sauerkirschen	Quark dish with sour cherries	119	6.05	5.1	11.66
D771700	Croissant (Hefeblätterteig/Plunderteig) gefüllt mit Nuss-Nougat-Creme	Danish pastry croissant, filled with nut nougat cream	465	8	26.04	48
B426000	Roggenvollkornbrötchen mit Ölsamen	Wholemeal rye roll with oilseeds	267	8.44	5.17	40
X558143	Zucchini gedünstet (mit Fett und Salz)	Courgette stewed (with fat and salt)	70	1.6	4.9	4
X553912	Paprika gedünstet (mit Fett und Salz)	Sweet peppers stewed (with fat and salt)	56	0.96	2.8	5.53
Y662132	Schwertfisch-Rouladen gebraten	Swordfish roulades fried	173	22.84	8.49	1
Y413032	Lammfilet gebraten	Lamb fillet fried	274	25.6	19.1	0
K702152	Trüffel gedünstet	Black truffle (Perigord black truffle) stewed	103	11.67	0.72	0.8
D655600	Sirupkuchen	Syrup cake	337	6.4	6	63.2
D657400	Honigkuchenhäufchen	Gingerbread cake mounds	375	5.9	7.4	69.2
H742132	Kidneybohne reif, gekocht	Kidney bean mature, boiled	129	8.6	1	15.2
S530700	Milchschokolade gefüllt mit Fruchtcreme	Milk chocolate filled with fruit cream	554	3.8	34	57.3
T860000	Kaviarcreme/Kaviarpaste	Caviar paste	412	8.6	36.2	12.72
Y114022	Rinderfiletsteak gebraten	Beef fillet steak fried	180	25.92	8.46	0.02
S341000	Karamellbonbon zuckerfrei	Caramel candy sugar-free	275	0.22	8.28	83
X9A6020	Blätterteig (mit Butter) roh	Puff pastry (with butter) raw	465	5.2	35.67	29.75
D187300	Apfel-Streuselkuchen (Rührmasse)	Apple crumble tart (cake batter)	219	3.1	9.09	30
G554152	Pfefferschote rot, gedünstet	Chilli pepper red, stewed	44	2.03	0.48	6.73
B526700	Roggenbrötchen mit Kürbiskernen	Rye roll with pumpkin seeds	282	9.58	5.21	45
S538300	Vollmilchschokolade gefüllt mit Frucht-Vanillecreme	Whole milk chocolate filled with fruit-vanilla cream	560	5.4	36.08	52.5
S621200	Weinbrand-Bohnen	Pralines with brandy filling	472	3.57	21.32	54.7
Y184512	Rindersteak gebraten (mit Fett und Salz)	Beef steak fried (with fat and salt)	183	29.14	7.37	0.02
V487182	Pute Flügel, mit Haut, gebraten ohne Fett (Pfanne)	Turkey wings, with skin, fried without fat (pan)	264	27.5	17.1	0
B723500	Laugengebäck mit Käse	Lye pastry (pretzels) with cheese	279	9.2	3.4	51
X522012	Blattspinat gedünstet (mit Fett und Salz)	Leaf spinach stewed (with fat and salt)	70	2.4	5.76	1.08
M175800	Sprühsahne/Schlagsahne, gesüßt, mind. 30 % Fett	Spray cream/whipping cream, sweetened, min. 30 % fat	309	2.4	30	7.2
F971900	Fruchtsoße gezuckert, Konserve	Fruit sauce sugared, canned	177	0.5	0.3	41.7
S472200	Kirsche kandiert (Belegkirsche)	Cherry candied	214	0.51	0.18	48.2
X548163	Zwiebeln gebraten	Onions fried	66	1.72	1.81	9.42
B276700	Roggenmischbrot mit Kürbiskernen	Rye-wheat bread (> 50 % and < 90 % rye) with pumpkin seeds	238	7.98	3.05	41
B6A6000	Knäckebrot glutenfrei, laktosefrei	Crispbread gluten-free, lactose-free	382	8.8	6.1	71
D612000	Schokokekse glutenfrei	Chocolate biscuits gluten-free	483	5.21	22.87	62.4
D421000	Sandmasse/Sandteig, roh	Sand cake batter raw	407	4.94	22.85	44.9
G520152	Gurke gedünstet	Cucumber stewed	18	1.15	0.22	2.14
X988212	Mais gekocht (mit Fett und Salz)	Maize boiled (with fat and salt)	101	2.21	2.69	16.04
D701600	Haferflockenplätzchen	Oatmeal biscuits	448	8.67	21.87	51.8
X4A7000	Gemüse-Eintopf/Gemüsepichelsteiner	Vegetable stew "Pichelsteiner"	61	1.67	2.1	8
X929212	Pfannkuchen/Eierkuchen, ungesüßt, mit Milch 3,5 % Fett, gebraten	Pancakes unsweetened, with milk 3.5 % fat, fried	267	8.34	12.12	30.1
S571400	Bitterschokolade mit Trüffelfüllung	Dark chocolate filled with truffles	547	7.12	37.77	40
S581600	Vollmilchschokoladen-Riegel gefüllt mit Joghurt-Erdbeercreme	Whole milk chocolate bar filled with strawberry -yogurt cream	565	4.6	35.65	55.5
D613000	Zitronenkekse glutenfrei	Lemon biscuits gluten-free	445	4.43	19.6	60.41
C515300	Cornflakes gesüßt, mit Zuckerglasur und Erdnüssen	Cornflakes sweetened, sugar frosted, with peanuts	396	6.2	3.9	82.5
D411200	Rehrücken (Wiener Boden hell)	Mock saddle of venison cake (Viennese sponge cake light)	493	9.76	32.26	38.5
T020142	Tintenfisch geschmort ohne Fett	Common cuttlefish braised without fat	71	15.09	1.22	0
T420162	Forelle gebraten ohne Fett (Ofen)	Trout fried without fat (oven)	197	28.05	9.2	0
X538943	Weinkraut mit Apfel gedünstet	White cabbage with white wine and apple stewed	72	1.03	4.26	5.2
B277300	Roggenmischbrot mit Buttermilch	Rye-wheat bread (> 50 % and < 90 % rye) with buttermilk	221	6.85	0.81	43
Y896143	Pfitzauf/Kuchenmichel, gebacken	Cake souffle	242	8.21	9.47	30.07
B401000	Vollkornbrötchen	Wholemeal roll	282	9.9	3.18	48
K717152	Rotkappe gedünstet	Orange birch bolete stewed	48	3.06	1.1	4.6
V311200	Fasan Fleisch, mit Haut, tiefgefroren	Pheasant meat, with skin, deep-frozen	154	23.75	6.55	0
V990100	Geflügel Frikadelle, roh	Poultry patty, raw	105	14.8	3.2	4
X434343	Schwemmklößchen, Suppeneinlage	"Schwemmklößchen" small dumplings as soup garnish	164	6.84	6.88	18.03
B491100	Dinkelvollkornbrötchen mit Kürbiskernen	Wholemeal spelt roll with pumpkin seeds	299	12	6.02	45
B314100	Weizentoastbrot mit Roggen	Wheat toast with rye	263	8.38	3.35	48
B723200	Laugengebäck mit Kürbiskernen	Lye pastry (pretzels) with pumpkin seeds	277	9.1	3.56	50
B276500	Roggenmischbrot mit Sonnenblumenkernen	Rye-wheat bread (> 50 % and < 90 % rye) with sunflower seeds	236	7.52	3.11	41
X9A2060	Porridge gesüßt, mit Milch 3,5 % Fett	Porridge sweetened, with milk 3.5 % fat	141	6.1	4.74	17.4
K718400	Steinpilz getrocknet	Porcini mushroom dried	270	31.48	2.33	19.06
B8A8000	Toastbrot glutenfrei	Toast gluten-free	221	1.64	4.02	44
Y410012	Hammelfilet gebraten	Mutton fillet fried	274	25.64	19.05	0
C526000	Polenta (Maisgrieß mit Wasser, Fett und Salz) gekocht	Polenta (Maize semolina prepared with water, fat and salt) boiled	114	1.71	6	12.37
G311200	Blumenkohl tiefgefroren	Cauliflower deep-frozen	33	1.3	0.31	5.62
B8A4000	Sauerteigbrot glutenfrei	Sourdough bread gluten-free	180	5.2	1.6	34.4
R924000	Mokkasahne für Gebäck/Torten	Mocha cream for pastry/tortes	296	3.5	25.6	12.7
X472143	Vanille-Milchsuppe gebunden mit Grieß	Vanilla-milk soup thickened with semolina	85	3.72	3.34	10
Y840412	Himbeerkompott zuckerreduziert	Raspberry compote sugar-reduced	56	0.9	0.26	9
G761032	Zuckererbse gekocht	Sugar pea boiled	40	3.3	0.4	5
M2N1400	Sahnejoghurt mind. 10 % Fett, mit Vanillezubereitung, gesüßt	Yogurt min. 10 % fat, with vanilla preparation, sweetened	140	2.7	8.3	12.9
B561300	Dinkelbrötchen mit Ölsamen	Spelt roll with oilseeds	304	11.3	5.3	50
U632072	Schwein Kamm, mariniert, gegrillt	Pork neck, marinated, grilled	262	22.87	18.76	0.16
D4A4000	Kürbis-Mandel-Kuchen (Biskuitmasse)	Pumpkin almond cake (sponge cake)	276	9.25	13.61	27
U211200	Rind Filet/Lende, tiefgefroren	Beef fillet (tenderloin) deep-frozen	121	21.2	4	0
X9A2070	Porridge gesüßt, mit Milch 3,5 % Fett und Kakaopulver	Porridge sweetened, with milk 3.5 % fat and cocoa powder	142	6.16	4.76	17.4
X359912	Italian Dressing	Italian dressing	547	0.07	59.4	0.5
V402182	Baby-Pute Fleisch, mit Haut, gebraten ohne Fett (Pfanne)	Young turkey meat, with skin, fried without fat (pan)	207	30.49	9.43	0
N412900	Cappuccino (Getränk) aus gesüßtem Instantpulver	Cappuccino (infusion) made from sweetened instant powder	31	0.8	0.84	4.65
B406800	Vollkornbrötchen mit Nüssen	Wholemeal roll with nuts	302	10.1	6.77	45
Y231022	Kalbsschnitzel mehliert, gebraten	Veal schnitzel floured, fried	129	23.94	2.3	2.5
N270000	Grapefruitsaftschorle	Grapefruit juice spritzer	18	0.27	0.05	3.65
D281100	Kirschtorte (Mürbeteig und Rührmasse)	Cherry torte (shortcrust pastry and cake batter)	356	6.02	17.81	41.9
Y637422	Heilbuttfilet pochiert (ohne Sauce)	Halibut fillet poached (without sauce)	136	20.08	6.21	0
G660162	Knollensellerie gebacken	Celeriac baked	35	1.82	0.39	3.26
X9A6000	Backteig ungesüßt, mit Bier, roh	Frying batter unsweetened, with beer, raw	204	7.2	6.35	26.52
G630132	Meerrettich gekocht	Horseradish boiled	79	5.57	0.28	11.05
M8A5000	Speisequarkzubereitung mind. 20 % Fett i. Tr., mit Kräutern	Quark preparation min. 20 % fat in dry matter, with herbs	94	10.09	4.08	3.55
Y880050	Quarkspeise einfach, mit Erdbeeren	Quark dish simple, with strawberries	82	6.23	1.24	10.63
Q590100	Käsealternative, Basis Pflanzenfett, vegan, angereichert mit Vitamin B12 und Calcium	Plant-based cheese alternative, vegetable fat based, vegan, fortified with vitamin B12 and calcium	293	0.16	23.04	21.17
B107300	Vollkornbrot mit Buttermilch	Wholemeal bread with buttermilk	212	7.47	1.06	38
E438000	Eier-Frischteigwaren roh	Fresh egg pasta raw	297	12.05	3.8	51.8
D611000	Maiskekse glutenfrei	Maize biscuits gluten-free	445	4.38	19.39	60.95
T813900	Thunfisch in Tomatensauce, Konserve	Tuna in tomato sauce, canned	126	11.9	5.6	6.6
V212162	Hirsch Fleisch, gebraten ohne Fett (Ofen)	Venison meat, fried without fat (oven)	150	28.78	3.93	0
F900900	Rote Grütze gezuckert, Konserve	Red fruit jelly sugared, canned	111	0.6	0.2	25.4
X420163	Rinderkraftbrühe mit Tapioka (Sago)	Beef consomme with tapioka (sago)	11	0.4	0.2	1.9
B426700	Roggenvollkornbrötchen mit Kürbiskernen	Wholemeal rye roll with pumpkin seeds	269	8.92	5.22	40
B491200	Dinkelvollkornbrötchen mit Nüssen	Wholemeal spelt roll with nuts	305	10.9	7.21	45
S538000	Milchschokolade mit Erdnüssen	Milk chocolate with peanuts	530	8.4	30.7	53.4
W149100	Lammfleisch-Salami	Lamb salami	371	21.22	31.75	0
Y840443	Himbeerkompott	Raspberry compote	70	0.8	0.25	12.9
B314200	Mehrkorntoastbrot mit Ölsamen	Multigrain toast	282	9.58	5.6	46
K709152	Hallimasch gedünstet	Dark honey mushroom stewed	53	4.47	0.96	4.2
D753200	Kokosschnitten (Rührmasse)	Coconut square (cake batter)	473	6.81	32.68	36.1
Y184412	Rinderfilet gebraten im Ofen (mit Fett und Salz)	Beef fillet fried in oven (with fat and salt)	158	25.4	6.25	0
T411700	Lachs gesalzen	Salmon salted	207	22.13	13.14	0
B121200	Roggenvollkornbrot mit Nüssen	Wholemeal rye bread with nuts	214	5.98	3.91	33
U861142	Schaf Bug/Schulter, mager, geschmort ohne Fett	Sheep shoulder, lean, braised without fat	193	29.2	8.45	0
X9A6040	Hefeteig, gesalzen, mit Milch 3,5 % Fett, roh	Yeast dough, salted, with milk 3.5 % fat, raw	348	8.5	12.81	48
T213182	Alaska-Pollack/Alaska-Seelachs, gebraten ohne Fett (Pfanne)	Alaska pollock fried without fat (pan)	67	14.6	0.92	0
W221100	Bratwurst-Grundbrät	Bratwurst sausage meat	267	12.47	24.1	0.09
X951312	Hirse gedünstet (mit Fett und Salz)	Millet stewed (with fat and salt)	162	4.37	4.78	24.8
T122200	Weißer Thun tiefgefroren	Albacore deep-frozen	121	27.2	1.37	0
U235162	Rind Hochrippe, gebraten ohne Fett (Ofen)	Beef forerib/prime rib, fried without fat (oven)	204	29.45	9.61	0
B6A2500	Roggenvollkornknäckebrot mit Gerstenmalz	Wholemeal rye crispbread with barley malt	332	9.3	1.33	60.6
Y241033	Kalbsgulasch	Veal goulash	105	15.3	4.2	1.3
D9A2400	Stollen (Vollkornhefeteig)	Wholemeal yeast stollen	378	6.9	18.2	43
G620600	Gemüsesaft aus Karotte/Möhre	Carrot juice	22	0.63	0.32	3.72
Y238023	Kalbsrücken gebraten im Ofen	Veal loin fried in oven	151	26.76	4.83	0.01
T204172	Dorsch/Kabeljau, gegrillt	Cod grilled	106	23.9	1.1	0
H210710	Mandel süß, geröstet mit Fett, gesalzen	Sweet almond roasted with fat, salted	557	21.22	48.64	3.75
D733500	Schwarz-Weiß-Gebäck (Mürbeteig)	Black-and-white chequerboard biscuits (shortcrust pastry)	460	6.78	19.82	62.2
S342000	Fruchtgummi zuckerfrei	Fruit gum sugar-free	220	7.7	0	77
P285100	Weißwein-Schorle, süß, mit Zitronenlimonade	White wine spritzer with carbonated lemonade	51	0.05	0	4.7
W164100	Schinkenwurst Krakauer Art (Rohwurst)	Ham bologna Krakow style raw	293	24.13	21.75	0.18
B717000	Hirsebrot glutenfrei	Millet bread gluten-free	229	7.4	4.7	37.2
B491000	Dinkelvollkornbrötchen	Wholemeal spelt roll	285	10.8	3.63	48
F130152	Birne gedünstet	Pear stewed	60	0.31	0.3	13.56
Y661012	Barsch Müllerinart (mehliert, gebraten)	Perch floured, fried	97	17.6	1.3	2.83
S135000	Marmelade (hergestellt aus Zitrusfrüchten)	Marmalade	240	0.5	0.1	57.8
X987712	Grünkern gekocht (mit Fett und Salz)	Green spelt boiled (with fat and salt)	199	5.65	4.8	30.22
D461700	Butterkuchen/Zuckerkuchen (Hefeteig)	German butter cake (yeast dough)	429	8.96	21.09	49
G570182	Zuckermais gebraten ohne Fett (Pfanne)	Sweetcorn fried without fat (pan)	77	3.77	1.41	10.8
Y847750	Heidelbeeren gezuckert	Blueberries sugared	82	0.5	0.56	15.35
D655100	Feiner Honigkuchen	Fine gingerbread cake	337	7.48	6.7	59.9
X5A9040	Rote-Bete-Gemüse gedünstet	Beetroot stewed	59	1.34	3.4	4.85
W153100	Mettwurst luftgetrocknet, energiereduziert	Mettwurst sausage firm air dried, reduced-fat	218	26.45	12.47	0
Y211022	Kalbsfilet gebraten im Ofen	Veal fillet fried in oven	151	28.7	3.98	0.02
S694000	Trockenfrüchte mit Vollmilchschokoladenüberzug	Whole milk chocolate covered dried fruits	426	4.5	17.8	58.8
D610100	Russisch-Brot (Eiklarmasse)	Russian bread letter-shaped biscuits (meringue)	383	9.7	0.92	82.4
B121300	Roggenvollkornbrot mit Ölsamen	Wholemeal rye bread with oilseeds	207	6.44	2.9	33
Y311112	Schweinefilet geschmort, mit Sauce	Pork fillet braised, with sauce	120	13.8	6.7	0.83
Y497113	Lammkeule gebraten im Ofen provenzalische Art, mit Sauce	Leg of lamb fried in oven Provencal style, with sauce	180	23.55	9.44	0.02
Y182912	Gulasch einfach (mit Rindfleisch)	Beef goulash simple	133	13.2	7.5	3
T020172	Tintenfisch gegrillt	Common cuttlefish grilled	107	23.55	1.46	0
B526500	Roggenbrötchen mit Sonnenblumenkernen	Rye roll with sunflower seeds	281	9.09	5.3	45
D621200	Waffelkekse	Waffle biscuits	295	5.44	13.02	37.9
U672800	Schwein Vordereisbein/Vorderhaxe, Kochpökelware	Pork foreshank (hock) cooked cured	155	19.74	8.2	0.44
V486172	Pute Brust, ohne Haut, gegrillt	Turkey breast, without skin, grilled	139	31.71	1.3	0
T501400	Karpfen gesalzen	Carp salted	136	20.15	6.12	0
G486182	Frühlingszwiebel/Lauchzwiebel (ohne Laub) gebraten ohne Fett (Pfanne)	Spring onion, bulb only, fried without fat (pan)	51	1.4	0.24	9.5
T206152	Schellfisch gedünstet	Haddock stewed	71	16.4	0.59	0
B121600	Roggenvollkornbrot mit Quark	Wholemeal rye bread with quark	192	6.2	0.84	34
C335032	Amaranth gekocht	Amaranth boiled	119	4.48	1.79	19.88
Y5A3000	Hühnerleber gebraten	Chicken liver fried	149	19.97	6.39	2.77
S570800	Bitterschokolade gefüllt mit Pfefferminzcreme	Dark chocolate filled with peppermint cream	504	5.46	24.8	52.1
D655200	Ostpreußischer Honigkuchen	East-Prussian gingerbread cake	406	6.44	10.88	69.14
B227300	Roggenbrot mit Buttermilch	Rye bread with buttermilk	209	5.9	0.82	40
G350162	Romanesco gebacken	Romanesco broccoli baked	50	3.41	0.39	7.52
X9A2050	Polenta (Maisbrei mit Wasser, Rapsöl und Salz) gekocht	Polenta (maize porridge prepared with water, rapeseed oil and salt) boiled	114	1.7	6.04	12.35
B8B6000	Dinkelknusperbrot	Spelt crackerbread	395	13.34	5.7	69.3
U931900	Corned Beef, deutsches, mit Schweineschwarten Konserve	German corned beef, with pork rind, canned	159	25.1	6.4	0.29
C415000	Mehlmischung für Brot glutenfrei	Flour mix for bread gluten-free	342	4.1	0.7	78.2
T420252	Forelle tiefgefroren, gedünstet	Trout deep-frozen, stewed	118	17.77	5.05	0
H730132	Linse reif, gekocht	Lentil mature, boiled	119	9.08	0.7	15.5
X081943	Käsebrot überbacken ("Welsh rarebit")	Cheese toast baked "Welsh rarebit"	319	19.2	17.69	18.64
S132100	Konfitüre extra, mit Fruchtzucker und Süßungsmitteln	Jam extra quality, with fructose and artificial sweeteners	157	0.4	0.2	36.9
X441043	Grundsuppe hell	Basic soup light-coloured	39	0.7	2.6	3.13
D4A8300	Marmorkuchen mit Kirschen (Rührmasse)	Marble cake (cake batter) with cherries	286	5.51	14.79	31.6
G480600	Gemüsesaft aus Speisezwiebel	Onion juice	25	0.98	0.12	4.81
X081143	Toastschnitten mit Schinkencreme, gebacken	Toast squares with creamed ham, baked	210	10.01	11.52	15.46
X8A1100	Sushi-Reis (Grundrezept)	Sushi rice (ground recipe)	104	2.31	0.18	22.7
R913000	Wasabi-Paste Konserve	Wasabi paste canned	94	5.4	2.23	10.19
X9A1050	Hirsebratlinge gebraten	Millet patties fried	192	6.6	12	13.4
Y847650	Erdbeeren gezuckert	Strawberries sugared	51	0.79	0.39	9.51
Y890342	Kaiserschmarren (mit Milch 3,5 % Fett) gebraten	"Kaiserschmarren" fried (thick pancake with milk 3.5 % fat, cut into pieces)	250	8.1	13.2	23.4
U204000	Rind Fleisch, grob entsehnt, sichtbarer Fettanteil max. 10 % (R III) roh	Beef meat, tendons coarsly removed, visible fat content max. 10 % (R III) raw	190	19.93	12.25	0
F323600	Johannisbeersaft schwarz	Black currant juice	55	1.24	0.18	10.01
S461000	Nonpareille	Nonpareil	388	0.13	0.02	91.4
U342172	Kalb Schnitzel (Keule) gegrillt	Veal schnitzel (round) grilled	116	26.85	0.92	0
X476650	Buttermilchkaltschale gesüßt	Cold buttermilk soup, sweetened	68	3.2	0.6	11.4
V250182	Wildschwein Fleisch, gebraten ohne Fett (Pfanne)	Wild boar meat, fried without fat (pan)	214	28.07	11.27	0
X382040	Frankfurter grüne Kräutersauce	Frankfurt green herb sauce	144	2.8	12.9	3.7
G542132	Gemüsepaprika gelb, gekocht	Sweet pepper yellow, boiled	28	0.81	0.2	4.47
S358100	Schokoladenfondant	Chocolate fondant	383	1.8	10.6	69
D1A2300	Rhabarber-Streuselkuchen (Mürbeteig)	Rhubarb crumble cake (shortcrust pastry)	260	3.77	11.74	32.6
D772100	Schinkenhörnchen (Quarkblätterteig)	Ham crescent (puff pastry)	437	11.62	32.62	23.15
W164000	Schinkenwurst roh	Ham bologna raw	386	21.84	33.11	0.18
X357160	Meerrettichschaum	Horseradish mousse	174	3.21	15.6	4.8
D432200	Eiserkuchen (Rührmasse)	Hollow wafer sticks (cake batter)	292	5.33	11.74	40.56
M8A4000	Speisequarkzubereitung mind. 10 % Fett i. Tr., mit Kräutern	Quark preparation min. 10 % fat in dry matter, with herbs	77	9.6	2.27	3.8
W850100	Schinkentorte	Ham pie	118	19.1	3.8	1
C514200	Knuspermüslimischung, klassisch, gesüßt	Crunchy muesli mix, classic, sweetened	421	9	15.95	56.4
B6A1300	Weizenvollkornknäckebrot mit Ölsamen	Wholemeal wheat crispbread with oilseeds	433	16.4	20.3	40
B551500	Weizenmischbrötchen mit Sonnenblumenkernen	Wheat-rye roll (> 50 % and < 90 % wheat) with sunflower seeds	303	9.6	5.25	51
X850123	Risotto gedünstet mit Gemüsebrühe	Risotto stewed with vegetable stock	153	2.87	4.1	25.8
X425363	Rinderkraftbrühe mit Gemüse	Beef consomme with vegetables	23	0.9	1.5	1.2
B256000	Weizenmischbrot mit Ölsamen	Wheat-rye bread (> 50 % and < 90 % wheat) with oilseeds	236	7.98	3.01	41
Y341023	Gulasch (mit Schweinefleisch)	Pork goulash	150	18.2	8.3	0.6
T720132	Languste gekocht	Spiny lobster/rock lobster/crawfish, boiled	76	15.93	1.36	0
X568043	Teltower Rübchen gedünstet, mit Sahne	Turnips "Teltower Rübchen" stewed, with cream	77	0.95	5	5.81
M2Q4220	Milchmischgetränk 1,5 % Fett, mit Kakao/Schokolade, gesüßt, angereichert mit Vitaminen	Milk drink 1.5 % fat, with cocoa/chocolate, sweetened, fortified with vitamins	63	3.61	1.6	8.4
K706152	Butterpilz gedünstet	Brown-yellow boletus (slippery jack) stewed	44	3.59	0.51	4.6
C317032	Grünkern Grütze, gekocht	Green spelt groats, boiled	92	3.08	0.74	16.44
Y260912	Kalbsbraten ohne Sauce	Veal roast without sauce	114	21.5	2.2	1.6
X513263	Steinpilze gebraten mit Tomaten	Porcini mushrooms fried with tomatoes	63	5.25	1.74	4.27
D440500	Nusskuchen (Sandmasse)	Nut cake (sand cake batter)	500	6.84	31.79	45.4
Y8A4090	Schokoladenflammeri/Schokoladenpudding	Chocolate pudding	126	3.88	4.04	18.3
H765082	Sojaschnetzel/Sojagranulat, texturiert, eingeweicht, gebraten ohne Fett (Pfanne)	Plant-based mince, made from texturised soya protein, plain, soaked, fried without fat (pan)	99	14.17	1.8	3.96
X890662	Pilaw (Reis mit Zwiebeln und Butter)	Pilaf (rice with onions and butter)	167	3.14	4.7	27.4
G520600	Gemüsesaft aus Gurke	Cucumber juice	12	0.9	0.16	1.57
B276000	Roggenmischbrot mit Ölsamen	Rye-wheat bread (> 50 % and < 90 % rye) with oilseeds	236	7.52	2.99	41
C240132	Emmer ganzes Korn, gekocht	Emmer wheat whole grain, boiled	182	6.99	1.18	33.77
D470200	Nusskranz (Quark-Öl-Teig)	Nut ring cake (quark oil dough)	405	9.6	21.25	42.1
G520132	Gurke gekocht	Cucumber boiled	17	1.09	0.2	2.01
D7A5600	Schokobrötchen (Hefeteig)	Roll with chocolate chips (yeast dough)	370	8.31	14.33	50
Y991143	Vanillesahneeis	Vanilla cream ice cream	292	3.6	25.06	13.04
P1A3000	Colabier (Pilsner Bier mit Cola)	Pilsner beer mixed with cola	40	0.21	0	6.26
U950200	Schweinebraten (Pulled Pork) Konserve	Pork roast, canned	197	26.8	7.6	5
Y610610	Matjes mit Zwiebeln	Matjes herring with onions	170	14	12.01	0.29
U623172	Schwein Kotelett (Rücken/cranial) mariniert, gegrillt	Pork loin (cranial part) marinated, grilled	258	24.66	17.59	0.16
B6A1400	Weizenvollkornknäckebrot mit Ölsamen und Hartkäse	Wholemeal wheat crispbread with oilseeds and hard cheese	442	19.3	20.8	39
D6A1000	Basler Leckerli	Basler Leckerli (hard spice biscuit)	383	6.15	6.9	72.3
B291000	Mehrkornbrot mit Ölsamen	Multigrain bread	248	7.94	3.62	42
X435163	Käse-Grießnockerl	Cheese-semolina dumplings	381	13.75	26.89	20.08
U281142	Rind Keule, geschmort ohne Fett	Beef round, braised without fat	188	28.6	8.2	0
B723100	Laugengebäck (Hagelsalz entfernt)	Pretzel (visible salt removed)	283	9.2	4.14	50
U733182	Schaf Filetsteak, gebraten ohne Fett (Pfanne)	Sheep fillet steak, fried without fat (pan)	156	31.38	3.44	0
N210000	Fruchtsaftgetränk Apfel	Fruit juice beverage apple	33	0.03	0	8.17
U867162	Lamm Bug/Schulter, gebraten ohne Fett (Ofen)	Lamb shoulder, fried without fat (oven)	155	26.87	5.26	0
D036000	Butterzwieback	Butter rusk	421	13.21	9.51	68
X3A5000	Schokoladensauce mit Kuvertüre und Sahne	Chocolate sauce with couverture and cream	317	3.05	22.44	24.3
Y672713	Hecht gefüllt, gebacken	Pike filled, baked	104	19	2.6	1
W112300	Braunschweiger Mettwurst, fettreduziert	Braunschweiger Mettwurst sausage spreadable, reduced-fat	203	21.54	12.95	0.12
Y141423	Gulasch Esterhazy (mit Rindfleisch)	Beef goulash "Esterhazy"	135	12.04	8.2	2.5
X9A2020	Hirsebrei ungesüßt, mit Mandeldrink	Millet porridge unsweetened, with almond drink	92	3.11	1.9	15.12
W221000	Rheinische Bratwurst	Rhenish bratwurst	215	10.92	18.96	0.08
B106700	Vollkornbrot mit Kürbiskernen	Wholemeal bread with pumpkin seeds	231	8.54	3.23	37
C111032	Weizen ganzes Korn, gekocht	Wheat whole grain, boiled	176	6.84	0.93	31.6
Y6A1000	Heringsfilet mehliert, gebraten	Herring fillet floured, fried	188	18.4	10.37	5.19
D471700	Quarktaschen (Quark-Öl-Teig)	Turnover (quark oil dough) filled with quark	308	9	11.4	41.1
S539000	Vollmilchschokolade gefüllt mit Mokka-/Kaffeecreme	Whole milk chocolate filled with mocha/coffee cream	538	6.7	33.6	51.1
B723400	Laugengebäck mit Sonnenblumenkernen	Lye pastry (pretzels) with sunflower seeds	276	9	3.58	50
X536053	Rosenkohl gedünstet (mit Fett und Salz)	Brussels sprouts stewed (with fat and salt)	64	3.35	4	1.87
D9A4900	Vollkorncroissant (Plunderteig)	Wholemeal Danish pastry croissant	419	8.5	24.02	39
V475142	Gans Schenkel, mit Haut, geschmort ohne Fett	Goose leg, with skin, braised without fat	195	22.57	11.62	0
U010100	Rind Hackfleisch, roh	Beef mince, raw	224	19.1	16.39	0
X361163	Vanillesauce	Vanilla sauce	118	4	4.61	15.16
X821112	Reis unpoliert, gedünstet (mit Fett und Salz)	Brown rice stewed (with fat and salt)	169	2.85	6.19	24.78
G450162	Spargel gebacken	Asparagus baked	33	2.31	0.18	4.69
P288100	Erdbeerbowle	Strawberry punch	67	0.23	0.09	3.56
D752100	Rosinen-Mandel-Schnecken (Hefeteig)	Danish swirl (yeast dough) with raisins and almonds	370	7.7	15	49
Y384112	Gyros (Schweinefleisch) gebraten	Gyros (pork) fried	230	24.35	14.48	0.5
D741400	Buchteln (Hefeteig)	"Buchteln" baked yeast buns	331	7.32	12.46	46
V414162	Hähnchen ganz, entbeint, mit Haut, gebraten ohne Fett (Ofen)	Chicken whole, boneless, with skin, fried without fat (oven)	208	24.17	12.37	0
Y825043	Schokoladenauflauf	Chocolate casserole	292	7.1	16.81	27.2
D755300	Mandelhörnchen (Rührmasse)	Almond crescent roll (cake batter)	344	7.82	19.06	34.2
C557000	Fleischersatz gluten-, milch- und sojahaltig	Meat substitute containing gluten, milk and soya	128	17	2.7	8.7
V997100	Hähnchenbrustfilet im eigenen Saft, Konserve	Chicken breast fillet in its own juice, canned	117	24.65	1.91	0.29
X490153	Rhabarberkaltschale gebunden mit Stärke	Cold rhubarb soup thickened with starch	41	0.3	0.07	8.56
D032000	Nährzwieback	Fortified rusk	421	12.82	9.52	69
D7A2300	Schokoladenbrezeln (Mürbeteig)	Chocolate pretzels (shortcrust pastry)	482	7.88	26.44	50.6
C113032	Weizen Flocken, gekocht	Wheat flakes, boiled	56	2.17	0.31	10.02
U362200	Kalb Roulade (Keule) tiefgefroren	Veal meat for olives (round) deep-frozen	89	20.7	0.72	0
X545612	Spargel gekocht (mit Fett und Salz)	Asparagus boiled (with fat and salt)	72	2.01	4.88	4.11
B710800	Dinkelbrot mit Ölsamen	Spelt bread with oilseeds	246	9.14	3.97	41
D024000	Dinkelzwieback ungesüßt	Spelt rusk unsweetened	410	13.77	7.17	69
Y650412	Karpfen blau (im Essigsud pochiert)	Carp poached in stock with vinegar	96	13.74	4.2	0.21
X351040	Essigmarinade für Salat	Vinegar marinade for salad	399	0.09	43.4	0.34
S243000	Speiseeis (Schoko, Vanille) gemischt	Ice cream mixed (chocolate, vanilla)	213	3	10.32	25.94
C222032	Roggen Backschrot, Type 1800, gekocht	Rye coarse meal, Type 1800, boiled	47	1.4	0.21	8.43
B255700	Weizenmischbrot mit Kümmel	Wheat-rye bread (> 50 % and < 90 % wheat) with caraway seeds	220	7.03	0.84	43
V481162	Pute Fleisch, ohne Haut, gebraten ohne Fett (Ofen)	Turkey meat, without skin, fried without fat (oven)	146	30.07	2.9	0
D610700	Wespennester (Eiklarmasse)	"Wasp nests" almond meringue	466	11	23.62	49.69
Y576312	Entenbrust gebraten im Ofen (mit Fett und Salz)	Duck breast fried in oven (with fat and salt)	368	28.68	28.09	0.03
G480200	Speisezwiebel tiefgefroren	Onion deep-frozen	37	1.28	0.17	6.68
S582300	Milchschokolade mit Mandel-Nougat	Milk chocolate with almond-nougat	519	6.52	28.95	56.44
B551300	Weizenmischbrötchen mit Ölsamen	Wheat-rye roll (> 50 % and < 90 % wheat) with oilseeds	294	9.2	3.96	52
X891412	Wildreismischung gedünstet (mit Fett und Salz)	Wild rice mix stewed (with fat and salt)	170	4.44	5.61	24.78
D730800	Teegebäck (Mürbeteig)	Tea biscuits (shortcrust pastry)	476	7.51	23.68	56.8
X533042	Chinakohl gedünstet, mit geriebenem Käse	Chinese white cabbage stewed, with grated cheese	56	2.1	4.32	1.4
D9B1000	Butterkekse/Butterplätzchen, kakaohaltig (Vollkornmürbeteig)	Wholemeal shortbread biscuits, containing cocoa	522	7.79	30.9	49.4
G485082	Schalotte gebraten ohne Fett (Pfanne)	Shallot fried without fat (pan)	53	3.2	0.2	5.1
V489000	Pute Brust, ohne Haut, mariniert, roh	Turkey breast, without skin, marinated, raw	127	21.76	3.6	1.66
S625000	Trüffel-Pralinen	Truffle pralines	547	7.12	37.77	40
U642300	Schwein Bauch (wie gewachsen) mariniert, roh	Pork belly (untrimmed) marinated	339	16.29	30.32	0.11
S551200	Sahneschokolade gefüllt mit Karamell	Cream chocolate filled with caramel	541	5.03	30.99	57.2
U575162	Schwein Bratenfleisch (Nuss) gebraten ohne Fett (Ofen)	Pork meat for roasting (thick flank) fried without fat (oven)	143	29.54	2.78	0
E612100	Eierteigwaren glutenfrei, roh	Egg pasta gluten-free, raw	369	8.06	3.6	74.7
Y336132	Fleischspieße (Kalb- und Schweinefleisch) gegrillt	Meat skewer (veal and pork) grilled	120	12.69	6.02	3.17
X363143	Karamellsauce	Caramel sauce	138	3.5	4.17	21.54
M206300	Milchmischgetränk 3,5 % Fett, mit Kakao/Schokolade, gesüßt	Milk drink 3.5 % fat, with cocoa/chocolate, sweetened	78	3.7	3.5	7.6
G486142	Frühlingszwiebel/Lauchzwiebel (ohne Laub) geschmort ohne Fett	Spring onion, bulb only, braised without fat	41	1.1	0.19	7.49
C522000	Getreideflakes gesüßt	Cereal flakes sweetened	348	9.7	1.6	70.2
T209132	Seehecht pochiert	Hake poached	68	13.3	1.59	0
Y710142	Spiegelei gebraten	Fried egg	210	13.42	17.19	0.35
B121500	Roggenvollkornbrot mit Buttermilch	Wholemeal rye bread with buttermilk	190	5.77	0.88	34
X492343	Pflaumensuppe passiert	Plum puree soup, strained	72	0.29	0.17	16.6
R124000	Kräuteressig	Herb vinegar	27	0	0	0
Y7A2040	Schafskäse (Feta) mit Tomaten und Oliven gebacken	Sheep's milk cheese baked with tomatoes and olives	208	9.1	17.9	1.71
U025100	Schwein Frikadelle, roh	Pork patty, raw	205	13.17	15.04	4
G710182	Bohne grün, gebraten ohne Fett (Pfanne)	Bean green, fried without fat (pan)	32	2.57	0.28	3.9
S640000	Rumkugeln	Rum truffles	394	2.89	6.3	80
H702132	Augenbohne reif, gekocht	Cowpea/black-eyed pea, mature, boiled	114	8.6	0.47	16.16
C117032	Weizen Grütze, gekocht	Wheat groats, boiled	98	3.71	0.41	19.15
P8A2000	Alkopops	Alcopops	66	0	0	8.93
D735300	Haselnuss-Dreispitz (Mürbeteig)	"Dreispitz" hazelnut biscuits (shortcrust pastry)	507	9.6	27.82	53
W154000	Schinkenmettwurst	Schinkenmettwurst sausage firm	436	20.47	39.27	0.18
X469460	Gazpacho (Spanische Gemüsesuppe)	"Gazpacho" (cold Spanish vegetable soup)	88	1.5	5.7	6
T406182	Felchen/Maräne/Renke/Schnäpel, gebraten ohne Fett (Pfanne)	Whitefishes fried without fat (pan)	132	24.49	3.61	0
W153000	Mettwurst luftgetrocknet	Mettwurst sausage firm air dried	262	25.15	17.92	0
U783132	Schaf Kochfleisch (Brust, fett) gekocht	Sheep meat for boiling (breast, fat) boiled	480	17.5	45.5	0
T406152	Felchen/Maräne/Renke/Schnäpel, gedünstet	Whitefishes stewed	102	18.2	3.02	0
B551600	Weizenmischbrötchen mit Kümmel und Salz	Wheat-rye roll (> 50 % and < 90 % wheat) with caraway seeds and salt	288	8.7	2.69	54
T104162	Sardelle gebraten ohne Fett (Ofen)	Anchovy fried without fat (oven)	231	23.87	15.1	0
G620152	Karotte/Möhre, gedünstet	Carrot stewed	42	0.88	0.42	6.74
R921000	Schlagsahne gesüßt, mit Gelatine gebunden, für Gebäck/Torten	Whipped cream sweetened, with gelatine, for pastry/tortes	313	3.8	29.6	7.8
Y890463	Salzburger Nockerl gebacken	"Salzburger Nockerl" baked (sweet egg dish)	228	8.4	12.58	19.9
B8A3000	Buchweizenbrot glutenfrei	Buckwheat bread gluten-free	208	8.9	5.1	28.6
W222600	Rostbratwurst	Rostbratwurst sausage	178	15.9	12.66	0.08
X3A7050	Mayonnaise, gestreckt mit Joghurt	Mayonnaise, diluted with yogurt	566	2.5	60.9	1.26
Y692212	Fischklößchen mit Rotbarsch gegart	Small fishcakes with redfish cooked	95	11.6	3.73	3.56
B6A5000	Dinkelvollkornknäckebrot mit Müslizutaten, gesüßt	Wholemeal spelt criscpread with muesli ingredients, sweetened	416	14.2	14.5	52
X201160	Gemischter Salat ohne Salatmarinade	Mixed salad without salad marinade	22	1.6	0.2	2.4
W189000	Schwarzwälder Bauernwürstle	Black forest farmer's sausage raw, small, firm	365	18.49	32.31	0.1
U866142	Hammel Bug/Schulter, geschmort ohne Fett	Mutton shoulder, braised without fat	374	23.16	31.25	0
C522500	Getreideflakes gesüßt, mit Nüssen, angereichert mit Vitaminen und Mineralstoffen	Cereal flakes sweetened, with nuts, fortified with vitamins and minerals	370	10.8	6.93	60.9
X9A2100	Porridge ungesüßt, mit Milch 3,5 % Fett	Porridge unsweetened, with milk 3.5 % fat	134	6.29	4.9	15
G553182	Pfefferschote grün, gebraten ohne Fett (Pfanne)	Chilli pepper green, fried without fat (pan)	69	3.4	0.3	11.67
V484142	Pute Fleisch, mit Haut, geschmort ohne Fett	Turkey meat, with skin, braised without fat	172	26.55	7.29	0
G898200	Sahne-Meerrettich Konserve	Creamed horseradish canned	289	3.6	25.51	9.55
Y8A8030	Mürbeteig gesüßt, roh	Shortcrust pastry sweetened, raw	432	6.89	22.28	49.6
X454343	Eingestreute Grießsuppe	Semolina soup	19	0.74	0.1	3.6
U741182	Schaf Schnitzel (Keule, mager) gebraten ohne Fett (Pfanne)	Sheep schnitzel (leg, lean) fried without fat (pan)	168	31.1	4.87	0
D610200	Baiser	Meringue	387	6.3	0.02	90.5
B8B4000	Weizenknusperbrot	Wheat crackerbread	381	13.2	3.4	71.2
W002000	Puten-Aufschnitt-Grundbrät mit Schweinefleisch	Sausage meat for turkey cold cuts with pork	161	14.12	11.6	0.09
D740500	Nusshörnchen (Hefeteig)	Nut crescent roll (yeast dough)	430	8.4	22.4	47
X469213	Irish Stew (Weißkraut-Kartoffel-Eintopf mit Hammelfleisch)	Irish stew (white cabbage-potato stew with mutton)	113	4.76	6.9	7.2
T506600	Wels geräuchert	European catfish smoked	138	16.52	8	0
S242600	Speiseeis (Nuss, Schoko) gemischt	Ice cream mixed (chocolate, nut)	236	3.51	11.64	28
X901612	Porridge ungesüßt, mit Milch 3,5 % Fett und Kakaopulver	Porridge unsweetened, with milk 3.5 % fat and cocoa powder	134	6.36	4.92	14.9
C422032	Buchweizen Schrot, gekocht	Buckwheat coarse meal, boiled	43	1.7	0.39	7.8
V212132	Hirsch Fleisch, gekocht	Venison meat, boiled	171	32.62	4.45	0
Y131132	Roastbeef gebraten im Ofen, ohne Sauce	Roast beef fried in oven, without sauce	180	28.72	7.27	0.02
D400400	Schokoladen-Muffins (Rührmasse)	Chocolate muffins (cake batter)	361	7.4	16.54	43.5
D237100	Rhabarberkuchen (Rührmasse) mit Baiser	Rhubarb cake (cake batter) with meringue	240	3.6	11.55	28.5
X531612	Blumenkohl gedünstet (mit Fett und Salz)	Cauliflower stewed (with fat and salt)	75	2.01	5.3	4.35
D0A7000	Kuchenboden/Tortenboden (Rührmasse)	Cake base/torte base (cake batter)	392	8.17	17.28	49.8
G484162	Perlzwiebel gebacken	Pearl onion baked	39	1.36	0.18	7.08
B551400	Weizenmischbrötchen mit Sesam	Wheat-rye roll (> 50 % and < 90 % wheat) with sesame seeds	292	9	3.43	53
Y840563	Preiselbeerkompott	Lingonberry compote	128	0.29	0.22	30.13
R481100	Puddingpulver Vanille, ungezuckert	Pudding powder, vanilla, unsweetened	344	0.43	0.08	84.91
G720132	Wachsbohne gekocht	Wax bean boiled	27	2	0.2	3.4
V4B5172	Hähnchen Unterschenkel, mit Haut, gegrillt	Chicken drumstick, with skin, grilled	200	26.24	10.54	0
V454200	Perlhuhn Fleisch, mit Haut, tiefgefroren	Guineafowl meat, with skin, deep-frozen	152	23.4	6.45	0
D621800	Sahnewaffeln (Rührmasse)	Cream waffle (cake batter)	534	6.6	38.35	39.9
B521100	Roggenbrötchen mit Kümmel und Salz	Rye roll with caraway seeds and salt	268	8.19	2.83	48
S621100	Weinbrand-Kirschen	Pralines with brandy-cherry filling	430	3.81	20.48	49.7
D755200	Mandelkränzchen (Rührmasse)	Almond ring cake (cake batter)	409	10.6	20.28	44.2
X571143	Grüne Bohnen gedünstet	Green beans stewed	48	1.9	2.79	3.1
Y845552	Apfelschmarren gebraten	"Apfelschmarren" fried (thick apple pancake cut into pieces)	215	5.2	9.93	25.1
G450132	Spargel gekocht	Asparagus boiled	16	1.7	0.14	1.31
T603152	Zander gedünstet	Pike-perch stewed	76	17.65	0.62	0
X9A6050	Vollkornhefeteig für Pizza/Vollkornpizzateig, roh	Wholemeal yeast dough for pizza/wholemeal pizza dough, raw	250	8.71	4.37	40
T506182	Wels gebraten ohne Fett (Pfanne)	European catfish fried without fat (pan)	139	17.1	7.8	0
D701700	Haferflocken-Nussplätzchen	Oatmeal-nut biscuits	517	9.7	35.16	37.9
U271132	Rind Vorderhesse, gekocht	Beef shin/foreshank, boiled	149	24.9	5.45	0
P9B2000	Cocktail, Campari-Soda	Cocktail, Campari-soda	56	0	0	5.7
U931100	Rindfleisch im eigenen Saft, mit Schweineschwarten, Konserve	Beef in its own juice, with pork rind, canned	217	34.44	8.6	0.44
U421142	Kalb Rücken, geschmort ohne Fett	Veal loin, braised without fat	130	26.2	2.79	0
Y421233	Lammkoteletts mariniert, gegrillt	Lamb chops marinated, grilled	320	24.61	24.5	0.03
G613600	Gemüsesaft aus Rote Rübe/Rote Bete	Beetroot juice	37	1.08	0.08	7.76
X8A1030	Milchreis gesüßt, mit Reisdrink	Rice pudding sweetened, with rice drink	166	1.92	4.07	30.1
Q999000	Remoulade (Fertigprodukt)	Remoulade (ready-made product)	567	0.8	60	4.99
V634182	Hähnchen Leber, gebraten ohne Fett (Pfanne)	Chicken liver, fried without fat (pan)	159	24.36	6.1	1.76
X417813	Grießsuppe gesüßt, mit Milch 3,5 % Fett	Semolina soup sweetened, with milk 3.5 % fat	107	4.09	3.45	14.74
Y642112	Forelle blau (im Essigsud pochiert)	Trout poached in stock with vinegar	121	15.73	5.9	0.21
S161000	Pflaumenmus	Plum butter (jam)	195	0.94	0.2	45.93
R9A3500	Zucker-Butter-Zimt-Füllung für Gebäck/Torten	Sugar-butter-cinnamon filling for pastry/tortes	549	0.51	35.23	57.39
W610000	Leiterchen/Rippchen/Schälrippchen, Kochpökelware	Pork spare ribs, cooked cured	296	19.22	24.07	0.55
B256500	Weizenmischbrot mit Sonnenblumenkernen	Wheat-rye bread (> 50 % and < 90 % wheat) with sunflower seeds	237	7.97	3.12	41
Y144423	Rinderragout	Beef ragout	178	18.59	10.5	2.17
V516142	Hammel Herz, geschmort ohne Fett	Mutton heart, braised without fat	213	30.11	10.3	0
P7A1100	Spirituose mit Anis, verdünnt mit Wasser	Aniseed-flavoured spirit drink, with water	116	0	0	0
X573312	Romanesco gedünstet (mit Fett und Salz)	Romanesco stewed (with fat and salt)	77	2.04	5.5	4.46
Y335012	Schweinesteak natur, gebraten	Pork steak fried	175	26.5	7.7	0.02
B516500	Weizenbrötchen mit Sonnenblumenkernen	Wheat roll with sunflower seeds	298	9.6	3.39	55
Y872460	Erdbeeren mit Schlagsahne	Strawberries with whipped cream	116	1.26	9.54	5.14
T402200	Stint tiefgefroren	European smelt deep-frozen	85	17.4	1.7	0
Y332212	Schweineschnitzel natur, gebraten	Pork schnitzel fried	156	32.37	2.92	0.03
Y847840	Himbeeren gezuckert	Raspberries sugared	65	0.9	0.28	11
Y263123	Kalbsrahmgulasch	Veal goulash with cream	165	15.04	11.1	1.06
B101000	Vollkornbrot	Wholemeal bread	210	7.16	1.01	38
B8B3000	Vollkornknusperbrot	Wholemeal crackerbread	348	10.4	2.3	63.7
G484182	Perlzwiebel gebraten ohne Fett (Pfanne)	Pearl onion fried without fat (pan)	53	1.83	0.24	9.54
Y144512	Rindergeschnetzeltes	Beef ragout with white wine	171	27.5	5.9	1.45
D736100	Käseknusperchen salzig (Mürbeteig)	Crispy cheese biscuits salted (shortcrust pastry)	460	10.4	33.97	25.8
M832100	Speisequarkzubereitung < 10 % Fett i. Tr., mit Vanillezubereitung, gesüßt	Quark preparation < 10 % fat in dry matter, with vanilla preparation, sweetened	104	6.89	0.11	18.26
Y341113	Szegediner Gulasch (mit Schweinefleisch)	"Szegediner" pork goulash	89	7.8	4.3	3.1
C219332	Hartweizen Grieß, gekocht	Durum wheat semolina, boiled	159	6.02	0.67	31.05
B8A1000	Baguette glutenfrei	Baguette gluten-free	224	3.2	3.1	45
X432142	Teigwaren eifrei (mit Salz gekocht)	Pasta egg-free (boiled with salt)	145	5.4	0.7	28.6
Y691123	Rotbarschragout	Redfish ragout	106	10.7	4.6	1.4
X9A1010	Haferbratlinge vegan, gebraten	Oat patties vegan, fried	265	8.01	15.6	20
U672700	Schwein Vordereisbein/Vorderhaxe, Kochpökelware, geräuchert	Pork foreshank (hock) cooked cured, smoked	150	18.68	8.17	0.44
D050000	Cracker	Crackers	495	8.84	24.13	58.5
E607000	Grießklößchen roh	Semolina dumplings raw	132	6.64	5.28	14.09
U541082	Schwein Schnitzel (Oberschale) gebraten ohne Fett (Pfanne)	Pork schnitzel (topside) fried without fat (pan)	144	31.02	2.23	0
B111200	Weizenvollkorntoastbrot	Wholemeal wheat toast	249	8.8	3.67	41
X3A9020	Joghurt-Dip mit Kräutern	Yogurt dip with herbs	93	3.64	6.6	4
Y612110	Rollmops mariniert, abgetropft	Pickled herring fillet, filled, rolled, drained	146	11.9	10.11	0.7
B781400	Weizenbaguette mit Nüssen	Wheat baguette with nuts	277	8.7	4.75	48
G992100	Gemüsemischung Erbsen-Karotten, roh	Mixed vegetables peas and carrots, raw	64	3.4	0.44	9.39
X572412	Tofu gebraten (mit Fett und Salz)	Tofu fried (with fat and salt)	199	18.07	13.07	1.31
D651400	Nussprinten schokoliert	Nut printen with chocolate icing	492	8	27.7	50.4
K713400	Pfifferling getrocknet	Chanterelle dried	243	36.27	2.51	5.11
B6A3000	Roggenvollkornknäckebrot mit Ölsamen	Wholemeal rye crispbread with oilseeds	338	10.17	3.62	56.6
T710200	Edelkrebs/Flusskrebs, tiefgefroren	Crayfish deep-frozen	64	15	0.47	0
Y642412	Forelle Müllerinart (mehliert, gebraten)	Trout floured, fried	174	21.28	8.3	2.64
X6A1010	Kartoffeln mit Schale gekocht	Potatoes boiled with peel	87	2.09	0.1	18.82
X3A8000	Essigmarinade warm, für gekochte Salate	Vinegar marinade warm, for cooked salad	140	0.16	14.2	0.77
D770200	Käsegebäck salzig (Quarkmürbeteig)	Cheese pastry salted (shortcrust pastry with quark)	418	10.77	25.74	34.4
B111300	Weizenvollkornbrot mit Kürbiskernen	Wholemeal wheat bread with pumpkin seeds	237	9.7	3.31	38
U512100	Schwein Filetmedaillon, mariniert, roh	Pork fillet medaillon, marinated, raw	138	20.8	6	0.11
D461602	Brioches (Hefeteig) ungefüllt	Brioches (yeast dough) without filling	427	10.4	25.1	38.4
D623200	Apfelwaffeln (Rührmasse)	Apple waffles (cake batter)	384	7.3	26.39	28.1
X554543	Paprika-Gurkengemüse gedünstet	Sweet peppers and cucumbers stewed	49	1.06	2.5	4.54
G212182	Gemüseamaranth gebraten ohne Fett (Pfanne)	Chinese spinach fried without fat (pan)	30	3.67	0.49	1.39
D1A1000	Apfel-Streuselkuchen (Hefeteig)	Apple crumble cake (yeast dough)	189	3.3	5.99	29
W234100	Fleischwurst fettreduziert	Bologna reduced-fat	104	13.9	5.31	0.12
S539200	Vollmilchschokolade gefüllt mit Fruchtcreme	Whole milk chocolate filled with fruit cream	550	4.3	35.3	51.1
N258000	Fruchtsaftschorle Weintraube	Grape juice spritzer	40	0.12	0	9.48
B121100	Roggenvollkornbrot mit Kürbiskernen	Wholemeal rye bread with pumpkin seeds	209	6.87	2.95	33
X360040	Sahnesauce süß	Cream sauce sweet	252	3.8	19.58	15.05
D7B5000	Kekse/Plätzchen, kakaohaltig (Rührmasse)	Biscuits, containig cocoa (cake batter)	521	7	29.27	55.7
B516000	Weizenbrötchen mit Ölsamen	Wheat roll with oilseeds	300	9.8	3.96	54
R9A2200	Schokoladensahne für Gebäck/Torten	Chocolate cream for pastry/tortes	314	3.6	26	15.8
X6A3030	Ofenkartoffeln mit Zwiebeln	Baked potatoes with onions	130	2.37	3.72	20.72
Y996340	Schokoladencremeeis	Chocolate ice cream (with egg)	216	4.5	11.77	22.5
P192000	Radler (Pilsner Bier mit Zitronenlimonade)	Pilsner beer mixed with carbonated lemonade	38	0.21	0	5.74
U883162	Schaf Keule, fett, gebraten ohne Fett (Ofen)	Sheep leg, fat, fried without fat (oven)	279	24.1	20.3	0
M861000	Mousse au chocolat, Milchbasis, gesüßt	Mousse au chocolat (milk-based) sweetened	167	4.6	7.2	20.3
M2N6400	Sahnejoghurt mind. 10 % Fett, gesüßt	Yogurt min. 10 % fat, sweetened	152	4.43	8.16	14.57
C346032	Mais Grieß, gekocht	Maize semolina, boiled	123	3.23	1.05	23.45
Y841212	Johannisbeerkompott	Red currant compote	74	1	0.14	14.61
D470300	Butterkuchen/Zuckerkuchen (Quark-Öl-Teig)	German butter cake (quark oil dough)	454	8.33	25.97	45.2
Y173113	Rinderleber gebraten	Beef liver fried	170	21.11	5.36	9.23
G490200	Knoblauch tiefgefroren	Garlic deep-frozen	107	6.72	0.47	3
B309000	Weißbrot glutenfrei	White bread gluten-free	224	3.2	3.1	45
U632200	Schwein Kamm, tiefgefroren	Pork neck, deep-frozen	175	19.21	10.9	0
N630300	Schwarztee (Getränk) mit Milch 3,5 % Fett und Zucker	Black tea (infusion) with milk 3.5 % fat and sugar	9	0.12	0.11	1.93
X420363	Rinderkraftbrühe nach schottischer Art mit Graupen	Beef consomme Scottish style with pearl barley	126	4.2	10.5	3.3
T403182	Bachsaibling gebraten ohne Fett (Pfanne)	Brook trout fried without fat (pan)	128	25.2	3.07	0
V488142	Pute Innereien, geschmort ohne Fett	Turkey giblets, braised without fat	210	26.6	11.51	0
C660500	Haferdrink gesüßt, aromatisiert, angereichert mit Vitaminen, Calcium und Jod	Oat drink sweetened, flavoured, fortified with vitamins, calcium and iodine	42	0.71	0.98	7.5
C414000	Mehlmischung eiweißarm, glutenfrei, natriumarm	Flour mix low protein, gluten-free, low sodium	336	0.43	0.14	82.67
D083000	Sachertortenboden	Sacher cake base	396	8.69	23.11	37.2
Y818242	Quarkplinsen gebraten	Small quark pancakes fried	257	10.59	13.87	21.57
G450142	Spargel gedämpft	Asparagus steamed	30	2.9	0.4	3
X850133	Risotto mit Butter und Parmesan	Risotto with butter and Parmesan cheese	163	4.93	4.9	24.4
V221172	Reh Keule, gegrillt	Roe deer leg, grilled	140	31.13	1.76	0
D610500	Zimtsterne (Eiklarmasse)	Cinnamon stars (meringue)	473	14.3	27.15	39.89
U511200	Schwein Filetmedaillon, tiefgefroren	Pork fillet medaillon, deep-frozen	102	22.7	1.2	0
G543032	Gemüsepaprika rot, gekocht	Sweet pepper red, boiled	24	1.04	0.1	3.31
V414172	Hähnchen ganz, entbeint, mit Haut, gegrillt	Chicken whole, boneless, with skin, grilled	239	25.61	15.18	0
X987612	Bulgur gekocht (mit Fett und Salz)	Bulgur boiled (with fat and salt)	171	5.1	3.6	28.2
U532200	Schwein Kammsteak, tiefgefroren	Pork steak (neck) deep-frozen	175	19.21	10.9	0
P194000	Altbierbowle	Punch with top-fermented dark beer	48	0.55	0.08	5.28
V464200	Ente Fleisch, mit Haut, tiefgefroren	Duck meat, with skin, deep-frozen	227	18.1	17.2	0
S560700	Zartbitter-/Halbbitterschokolade, gefüllt mit Pfefferminzcreme	Bittersweet/semisweet chocolate, filled with peppermint cream	486	3.97	19.36	61.7
C118122	Quinoa tricolore, gekocht	Quinoa tricolore, boiled	104	3.78	1.67	17.06
K701162	Champignon gebacken	Button mushroom baked	40	5.08	0.38	4.1
D422000	Rührmasse/Rührteig, roh	Cake batter raw	358	6.73	16.76	44
X357413	Joghurtmarinade für Salat	Yogurt marinade for salad	114	3.07	8.84	3.83
D490300	Blätterteig (mit Ei) gebacken	Puff pastry with egg, baked	617	8	46.64	39.69
X890733	Pilaw, Serbisches Reisfleisch	Pilaf "Serbian" with meat	191	6.9	11.6	14
Y344013	Schweineragout	Pork ragout	187	16.6	12.3	2.1
M2I3200	Milchmischgetränk 1,5 % Fett, mit Kaffee und Süßungsmitteln	Milk drink 1.5 % fat, with coffee and artificial sweeteners	33	2.4	1	3.6
Y301822	Kasseler Kotelett gebraten	Pork loin chop cured, fried	153	30	3.68	0
D077002	Biskuitboden	Sponge cake base	289	10.92	5.74	47.76
W520000	Corned Beef	Corned beef	142	21.7	6	0.28
G640182	Pastinake gebraten ohne Fett (Pfanne)	Parsnip fried without fat (pan)	109	4.98	0.8	17.9
X475243	Milchsuppe gesüßt, gebunden mit Haferflocken	Milk soup sweetened, thickened with oat flakes	102	4.55	4.22	11.1
D0A3100	Nuss-Wasserbiskuitboden	Nut water sponge cake base	344	9.15	11.12	50.7
W003000	Aufschnitt-Grundbrät fettreduziert	Sausage meat for cold cuts reduced-fat	151	15.06	10.06	0.13
Y527012	Rehkeule gebraten im Ofen (mit Fett und Salz)	Leg of roe deer fried in oven (with fat and salt)	177	31.37	5.7	0.03
M2A0100	Milchmischgetränk < 1 % Fett, aromatisiert, mit Zucker und Süßungsmitteln	Milk drink < 1 % fat, flavoured, with sugar and artificial sweeteners	42	3.33	0.07	7.05
X208312	Tomate-Mozzarella (Caprese)	Tomato-mozzarella (Caprese)	185	7.22	15.9	2.51
W410400	Schwein Schinkenspeck, Rohpökelware, geräuchert	Pork bacon (ham) raw cured, smoked	121	20.82	3.95	0.49
D4A8500	Nusskuchen vegan (Rührmasse)	Nut cake vegan (cake batter)	432	7.33	25.87	40.3
D9A3000	Vollkornmürbeteig süß roh	Wholemeal shortcrust pastry, sweetened, raw	454	6.64	26.31	44.85
Y881842	Quarkkeulchen (gerührter Hefeteig) gebraten	Small quark-yeast pancakes fried	357	9.6	17.3	39
M2R2200	Joghurt fettarm, mind. 1,5 % bis max. 1,8 % Fett, mit Vanillezubereitung, gesüßt	Yogurt low-fat, min. 1.5 % to max. 1.8 % fat, with vanilla preparation, sweetened	82	3.27	1.14	14
N500100	Kaffeeersatz (Getränk)	Coffee substitute (infusion)	5	0.07	0	0.97
F110152	Apfel gedünstet	Apple stewed	60	0.44	0.52	12
U912000	Rindfleisch in Gelee, Konserve	Beef in jelly, canned	87	15.6	2.6	0.3
G332162	Rosenkohl gebacken	Brussels sprouts baked	48	5.24	0.4	2.66
W313000	Frankfurter Leberwurst	Frankfurt liver sausage	291	13	26.32	0.54
B251000	Weizenmischbrot	Wheat-rye bread (> 50 % and < 90 % wheat)	207	8.61	1.51	37.33
S530300	Milchschokolade gefüllt mit Karamell	Milk chocolate filled with caramel	506	4.5	24	62.1
U255700	Rind Brustkern/Mittelbrust, Rohpökelware, geräuchert	Beef brisket/centre cut, raw cured, smoked	189	17.37	13.08	0.49
V469000	Ente Fleisch, mit Haut, mariniert, roh	Duck meat with skin marinated, raw	238	16.92	18.83	0.13
P195000	Bier mit Sekt	Beer with sparkling wine	52	0.26	0	2.18
H842400	Sojadrink gesüßt, aromatisiert	Soya drink sweetened, flavoured	58	3.01	2.21	5.69
X362143	Schokoladensauce	Chocolate sauce	126	4.14	5.52	14.6
P546000	Eierlikör	Egg liqueur	294	4	7	27.1
M2H7300	Milchshake 3,5 % Fett, mit Kakao/Schokolade, gesüßt	Milkshake 3.5 % fat, with cocoa/chocolate, sweetened	78	3.7	3.5	7.6
D380900	Kuchenboden/Tortenboden (Mürbeteig, feiner)	Cake base/torte base (shortcrust pastry, fine)	488	7	27.53	51.67
B221000	Roggenbrot	Rye bread	220	6	1.24	43.04
U175162	Rind Rostbraten, gebraten ohne Fett (Ofen)	Beef meat for roasting (sirloin) fried without fat (oven)	146	26.61	4.39	0
T306182	Heilbutt/Weißer Heilbutt, gebraten ohne Fett (Pfanne)	Halibut/white halibut, fried without fat (pan)	155	23.87	6.56	0
X434143	Grießnockerln, Suppeneinlage	"Grießnockerln" semolina dumplings as soup garnish	364	8.79	25.86	23.07
M2H2300	Milchshake 3,5 % Fett, aromatisiert, gesüßt	Milkshake 3.5 % fat sweetened	78	3.38	3.33	8.5
Y730163	Omelett gebraten	Omelette fried	197	12.23	16.21	0.66
D7A7000	Plunderteig roh	Danish pastry raw	386	7.08	22.77	37
B781200	Weizenbaguette	Wheat baguette	253	8.3	1.31	50
Y610512	Matjes-Brötchen	Matjes herring roll	187	11.87	8.21	15.2
B6A2600	Roggenvollkornknäckebrot mit Kleie und Ölsamen	Wholemeal rye crispbread with wheat bran and oilseeds	332	10.8	2.9	55.3
U541200	Schwein Schnitzel (Oberschale) tiefgefroren	Pork schnitzel (topside) deep-frozen	106	22.2	1.9	0
G213132	Neuseeländer Spinat gekocht	New Zealand spinach boiled	18	1.8	0.2	1.11
U111700	Rind Filet/Lende, Rohpökelware, geräuchert	Beef fillet, raw cured, smoked	115	19.81	3.74	0.49
D617000	Waffeln (Rührmasse) glutenfrei	Waffles (cake batter) gluten-free	392	5.91	20.24	45.9
N720400	Kräutertee (Getränk) mit Sahne 30 % Fett	Herbal tea (infusion) with cream 30 % fat	10	0.08	1.06	0.11
T201152	Brosme/Lumb, gedünstet	Cusk stewed	66	15.45	0.52	0
W114000	Grobe Mettwurst	Coarse Mettwurst sausage spreadable	297	19.3	24.3	0.14
U486142	Kalb Unterschale/Schwanzstück, geschmort ohne Fett	Veal silverside, braised without fat	106	24.95	0.74	0
W411300	Schwein Bauchspeck, Rohpökelware, geräuchert	Pork streaky bacon, raw cured, smoked	304	16.58	26.22	0.49
D7A7700	Kalter Hund (Kekskuchen ohne Backen)	"Kalter Hund" biscuits cake without baking	492	4.41	30.7	47.9
H230182	Edelkastanie/Marone, gebraten ohne Fett (Pfanne)	Sweet chestnut fried without fat (pan)	228	3.02	2.06	44.78
V464132	Ente Fleisch, mit Haut, gekocht	Duck meat, with skin, boiled	204	24.68	11.73	0
D035000	Kokoszwieback	Coconut rusk	450	7.6	14.9	69
B781500	Weizenvollkornbaguette	Wholemeal wheat baguette	229	8.4	1.67	41
G490132	Knoblauch gekocht	Garlic boiled	101	6.19	0.43	3
G780432	Limabohne (Butterbohne, Mondbohne) reif, gekocht	Lima bean/butter bean, mature, boiled	130	8.1	0.57	16.9
N491000	Kaffee (Getränk) halb und halb, mit Milch 3,5 % Fett	Coffee (infusion) half and half, with milk 3.5 % fat	31	1.84	1.74	2.01
F401600	Preiselbeersaft	Lingonberry juice	34	0.62	0.42	5.61
Y435112	Hammelsteak natur, gebraten	Mutton steak fried	498	20.44	46.2	0
X416913	Gemüsesuppe püriert/Gemüsecremesuppe	Vegetable puree soup	32	0.86	1.2	4
S380000	Komprimate (Pastillen, Presslinge)	Compressed sweet/candy	404	0	0	93.6
B276800	Roggenmischbrot mit Nüssen	Rye-wheat bread (> 50 % and < 90 % rye) with nuts	243	7.03	4.08	41
K410182	Maniok/Cassava, gebraten ohne Fett (Pfanne)	Manioc/cassava, fried without fat (pan)	166	1.14	0.26	38
Y7A2030	Ofenkäse mit Knoblauch und Thymian gebacken	Oven cheese baked with garlic and thyme	270	20.55	20.78	0
U882200	Schaf Keule, mittelfett, tiefgefroren	Sheep leg, medium fat, deep-frozen	180	18.8	11.6	0
S210000	Cremeeis/Kremeis	Ice cream (containing egg yolk)	171	4.3	9.31	17.53
X320063	Grundsauce hell/weiß, vegan	Basic sauce white, vegan	57	0.73	4.4	3.54
X327312	Sahne-Käsesauce	Cream-cheese sauce	351	9.4	33.17	3.2
U816162	Hammel Filet/Lende, gebraten ohne Fett (Ofen)	Mutton tenderloin, fried without fat (oven)	224	24.01	14.27	0
C130032	Hafer ganzes Korn, gekocht	Oat whole grain, boiled	181	6.07	3.58	28.7
V420000	Hähnchen Unterschenkel, mit Haut, mariniert, roh	Chicken drumstick, with skin, marinated, raw	168	16.76	10.43	1.66
Y8A5030	Sahneflammeri/Sahnepudding, mit Eigelb	Cream pudding with egg yolk	244	4	16.96	18.85
X8A1040	Milchreis gesüßt, mit Sojadrink	Rice pudding sweetened, with soya drink	104	4.24	1.11	18.4
X461813	Linsen-Eintopf mit Suppengemüse	Lentil stew with vegetables	127	7.49	2.3	15.8
V250172	Wildschwein Fleisch, gegrillt	Wild boar meat, grilled	209	25.64	11.85	0
B426500	Roggenvollkornbrötchen mit Sonnenblumenkernen	Wholemeal rye roll with sunflower seeds	268	8.43	5.3	40
Y881153	Vanillequark	Vanilla quark	138	7.58	6.54	11.84
W149200	Hirschsalami mit Schweinefleisch	Venison salami with pork	316	22.66	24.93	0.18
U421200	Kalb Rücken, tiefgefroren	Veal loin, deep-frozen	107	20.9	2.62	0
G750432	Sojabohne reif, gekocht	Soya bean mature, boiled	157	15.41	7.52	2.5
V654182	Hähnchen Magen, gebraten ohne Fett (Pfanne)	Chicken stomach, fried without fat (pan)	132	27.82	2.32	0
Y710162	Spiegelei gebraten in Butter	Fried egg in butter	204	13.19	16.61	0.4
B231000	Haferbrot	Oat bread	212	6.63	1.55	39
D477100	Schinkenhörnchen (Quark-Öl-Teig)	Ham rolls (quark oil dough)	268	14.38	10.07	28.4
S230000	Rahmeis/Sahneeis	Ice cream cream-based	281	3.6	24.04	12.46
X561112	Kohlrüben/Steckrüben, gedünstet (mit Fett und Salz)	Swede stewed (with fat and salt)	50	1.17	3.4	2.15
U951800	Corned Pork, Konserve	Corned pork, canned	143	26.2	4.1	0.29
G470042	Porree/Lauch, geschmort ohne Fett	Leek braised without fat	44	2.65	0.31	6
G230132	Mangold gekocht	Chard/leaf beet, boiled	16	1.77	0.27	0.83
S538500	Vollmilchschokolade mit Getreideflakes	Whole milk chocolate with cereal flakes	532	6.33	31.12	55.29
G710162	Bohne grün, gebacken	Bean green, baked	33	2.63	0.28	4.1
T305282	Goldbutt/Scholle, tiefgefroren, gebraten ohne Fett (Pfanne)	Plaice deep-frozen, fried without fat (pan)	82	17.7	1.23	0
N720500	Kräutertee (Getränk) mit Sahne 30 % Fett und Zucker	Herbal tea (infusion) with cream 30 % fat and sugar	17	0.08	1.04	1.91
V636182	Gans Leber, gebraten ohne Fett (Pfanne)	Goose liver, fried without fat (pan)	165	24.3	6.69	1.88
X962162	Butternockerln	Butter dumplings	309	9.18	17.63	27.23
U543182	Schwein Schnitzel (Nuss) gebraten ohne Fett (Pfanne)	Pork schnitzel (thick flank) fried without fat (pan)	154	31.82	2.99	0
G332182	Rosenkohl gebraten ohne Fett (Pfanne)	Brussels sprouts fried without fat (pan)	81	8.9	0.68	4.52
H170600	Cashewkern geröstet mit Fett	Cashew nut roasted with fat	599	19.8	49.99	15.9
V468182	Ente Innereien, gebraten ohne Fett (Pfanne)	Duck giblets, fried without fat (pan)	240	27	14.62	0
S131100	Fruchtaufstrich	Fruit spread	179	0.5	0.3	41.7
D657200	Honigkuchenplätzchen	Gingerbread cake biscuits	403	7.17	5.75	78.7
R481200	Puddingpulver Schokolade, ungezuckert	Pudding powder, chocolate, unsweetened	340	5.98	2.9	68.8
M2A1100	Milchmischgetränk < 1 % Fett, aromatisiert, mit Süßungsmitteln	Milk drink < 1 % fat, flavoured, with artificial sweeteners	30	2.51	0.13	4.76
T207152	Köhler/Seelachs, gedünstet	Saithe/pollack, stewed	94	18.11	2.39	0
X3A6000	Bechamelsauce vegan, mit Sojadrink	Bechamel sauce vegan, with soya drink	79	3.33	5.41	3.4
U571162	Schwein Bratenfleisch (Bug mit Fett und Schwarte) gebraten ohne Fett (Ofen)	Pork meat for roasting (shoulder with fat and rind) fried without fat (oven)	240	27.3	14.56	0
V481182	Pute Fleisch, ohne Haut, gebraten ohne Fett (Pfanne)	Turkey meat, without skin, fried without fat (pan)	140	27.9	3.1	0
F511600	Acerolasaft	Acerola juice	15	0.19	0.18	2.39
N4A2000	Kaffee (Getränk) mit Sojadrink, ungesüßt	Coffee (infusion) with soya drink, unsweetened	2	0.22	0.04	0.01
R9A5200	Schokoladenfettglasur für Gebäck/Torten	Chocolate icing (containing non-cocoa fats) for pastry/tortes	428	4.14	28.87	35.4
M206100	Milchmischgetränk < 1 % Fett, mit Kakao/Schokolade, gesüßt	Milk drink < 1 % fat, with cocoa/chocolate, sweetened	52	3.56	0.2	8.7
P571000	Apfelkorn	Apfelkorn (apple flavoured liqueur)	127	0.06	0	6.54
Y882010	Quarkspeise mit Süßkirschen	Quark dish with sweet cherries	120	5.83	4.91	12.75
E101132	Wachtelei gekocht	Quail egg boiled	135	13.18	9	0.34
D7A3000	Scones (britisches Kleingebäck)	Scones (British)	360	9.46	15.28	44.6
G093400	Suppengrün/Suppenkraut, getrocknet	Mirepoix dried	305	12.47	2.66	45
U342162	Kalb Schnitzel (Keule) gebraten ohne Fett (Ofen)	Veal schnitzel (round) fried without fat (oven)	121	28.39	0.82	0
S462000	Zuckerperlen (Liebesperlen)	Sugar beads/sugar sprinkles	404	0	0	93.6
B111800	Weizenvollkornbrot mit Quark	Wholemeal wheat bread with quark	223	9.2	1.15	40
Y622913	Kabeljaufilet mit Gemüse in Folie gebacken	Cod fillet with vegetables, baked in foil	97	13.7	3.8	1.3
X572512	Topinambur gedünstet (mit Fett und Salz)	Topinambur stewed (with fat and salt)	72	1.63	4.3	2.82
Y771240	Schnittlauchquark (aus Magerquark)	Quark, < 10 % fat in dry matter, with chives	64	9.55	1.03	3.73
U693800	Schwein Hintereisbein/Hinterhaxe, Kochpökelware	Pork hindshank (hock) cooked cured	167	17.27	10.67	0.44
X538853	Spitzkohl gedünstet (mit Fett und Salz)	Pointed cabbage stewed (with fat and salt)	58	1.01	3.8	3.63
G582152	Zucchini gedünstet	Courgette stewed	23	1.4	0.31	3
U151182	Rind Gulasch (Bug) gebraten ohne Fett (Pfanne)	Beef goulash (shoulder) fried without fat (pan)	179	28.52	7.17	0
T307182	Schwarzer Heilbutt gebraten ohne Fett (Pfanne)	Greenland halibut fried without fat (pan)	173	14.77	12.7	0
B821000	Paniermehl/Semmelbrösel/Semmelmehl	Bread crumbs	364	11.6	3.97	67.48
H730400	Linsenmehl	Lentil flour	312	23.36	1.7	44.8
X513063	Steinpilze gedünstet	Porcini mushrooms stewed	114	6.56	6.21	5.53
D011000	Backerbsen	Soup pearls	469	9.81	24.09	50.7
Y141223	Rinderrahmgulasch	Beef goulash with cream	211	15.89	15.66	1.5
X518233	Gemüsemischung gebraten	Vegetable mix fried	59	2.2	1.9	7
G541082	Gemüsepaprika grün, gebraten ohne Fett (Pfanne)	Sweet pepper green, fried without fat (pan)	65	1.83	0.41	11.67
V414142	Hähnchen ganz, entbeint, mit Haut, geschmort ohne Fett	Chicken whole, boneless, with skin, braised without fat	205	25.61	11.39	0
G230182	Mangold gebraten ohne Fett (Pfanne)	Chard/leaf beet, fried without fat (pan)	26	2.76	0.42	1.3
Y790240	Meerrettichbutter	Horseradish butter	557	2.52	58.69	3.73
X570143	Grüne Erbsen gedünstet	Green peas stewed	118	4.9	5.32	10.28
B561100	Dinkelbrötchen mit Kürbiskernen	Spelt roll with pumpkin seeds	306	11.7	5.35	50
S532000	Milchschokolade mit Knusperreis	Milk chocolate with puffed rice	492	6.99	24.37	59.65
X572612	Chinakohl gedünstet (mit Fett und Salz)	Chinese white cabbage stewed (with fat and salt)	46	1.44	3.54	1.27
B561400	Dinkelbrötchen mit Sonnenblumenkernen	Spelt roll with sunflower seeds	304	11.2	5.44	50
D086000	Biskuitrolle/Biskuitroulade, ungefüllt	Sponge cake roll unfilled	289	10.92	5.74	47.76
T124182	Gelbflossen-Thun gebraten ohne Fett (Pfanne)	Yellowfin tuna fried without fat (pan)	121	29	0.55	0
D615000	Löffelbiskuits glutenfrei	Sponge fingers gluten-free	408	11.67	7.88	72.44
B710600	Dinkelbrot mit Kürbiskernen	Spelt bread with pumpkin seeds	248	9.57	4.02	41
T033600	Dornhai geräuchert	Piked dogfish smoked	195	13.6	15.65	0
G332152	Rosenkohl gedünstet	Brussels sprouts stewed	41	4.54	0.35	2.3
D702000	Baklava	"Baklava" filled puff pastry	561	8.16	38	44.8
X880113	Reis gedünstet mit Pfifferlingen	Rice stewed with chanterelles	141	3.86	4.5	20.2
F202152	Nektarine gedünstet	Nectarine stewed	53	1.2	0.2	10.4
G343162	Wirsing gebacken	Savoy cabbage baked	43	3.27	0.38	4.7
X351440	Salatmarinade mit Meerrettich	Salad marinade with horseradish	352	1.21	36.71	2
E612000	Teigwaren eifrei, glutenfrei, roh	Pasta egg-free, gluten-free, raw	343	8.42	2.22	68.7
V250132	Wildschwein Fleisch, gekocht	Wild boar meat, boiled	224	29.41	11.81	0
B406500	Vollkornbrötchen mit Sonnenblumenkernen	Wholemeal roll with sunflower seeds	295	10.7	5.68	45
X532043	Broccoli gedünstet, mit gerösteten Mandelblättchen	Broccoli stewed, with roasted almond flakes	112	4.9	8.29	2.5
X880213	Gemüsereis mit Wurzelgemüse und Käse	Rice with root vegetables and cheese	134	3.8	4.6	18
V444200	Poularde Fleisch, mit Haut, tiefgefroren	Poulard meat, with skin, deep-frozen	175	19	11	0
K706400	Butterpilz getrocknet	Brown-yellow boletus (slippery jack) dried	253	20.49	2.9	26.29
X556243	Tomaten gefüllt mit Oliven und Schafskäse überbacken	Tomatoes filled with olives and sheep's milk cheese, gratinated	180	6.43	15.6	2.37
X810033	Milchreis gesüßt, mit Milch 3,5 % Fett	Rice pudding sweetened, with milk 3.5 % fat	140	4.89	3.22	22.4
T791200	Große Sandklaffmuschel tiefgefroren	Softshell clam deep-frozen	54	10.5	1.31	0
D071000	Ausbackteig (mit Milch) gesüßt, roh	Frying batter (with milk) sweetened, raw	227	7	9.6	27.36
P9B1000	Cocktail, Campari-Orange	Cocktail, Campari-orange	74	0.3	0	9.4
X711512	Eier-Frischteigwaren Spätzle, selbstgemacht, roh	Fresh egg pasta spaetzle, homemade, raw	220	9.3	3.93	35.54
W343000	Blutwurst-Grundmasse	Blood sausage meat	164	23.28	7.73	0.36
T410132	Lachs pochiert	Salmon poached	187	19.9	11.95	0
U624172	Schwein Kotelett (Rücken/caudal) gegrillt	Pork loin (caudal part) grilled	151	30.98	2.99	0
U020200	Schwein Hackfleisch, tiefgefroren	Pork mince, deep-frozen	271	17.88	22.14	0
D431500	Baumkuchen/Grillkuchen/Schichtkuchen (Rührmasse)	Layer cake (cake batter)	462	6.2	27.38	46.3
T311182	Flunder gebraten ohne Fett (Pfanne)	Flounder fried without fat (pan)	103	19.6	2.69	0
W288132	Geflügelmortadella gekocht	Poultry mortadella boiled	203	11.72	16.68	0.01
D540400	Quarkstrudel (Strudelteig)	Quark strudel (strudel dough)	300	11.1	12.6	34.1
D733100	Nusstaler (Mürbeteig)	Nut rounds (shortcrust pastry)	525	8.14	31.47	50.5
X710213	Milchnudeln (Teigwaren eifrei) mit Rosinen	Pasta egg-free, boiled with milk and raisins	165	5.7	4.9	23.9
K440132	Yamswurzel gekocht	Yam boiled	120	1.6	0.2	26.8
V614182	Hähnchen Herz, gebraten ohne Fett (Pfanne)	Chicken heart, fried without fat (pan)	270	27.89	17.66	0
U891162	Schaf Hinterhaxe, mager, gebraten ohne Fett (Ofen)	Sheep hindshank, lean, fried without fat (oven)	143	27.3	3.77	0
V513800	Schwein Herz, Kochpökelware	Pork heart, cooked cured	170	26.35	6.83	0.8
Y883340	Schwarzwaldbecher mit Quark (mit Alkohol)	Quarkdish with sour cherries, chocolate and cherry brandy	186	5.29	9.94	16.1
D039000	Zwieback glutenfrei	Rusk gluten-free	406	2.1	6.4	84
V515142	Lamm Herz, geschmort ohne Fett	Lamb heart, braised without fat	219	31.5	10.3	0
B8B2000	Roggenknusperbrot	Rye crackerbread	354	9.5	2.8	66.4
U741162	Schaf Schnitzel (Keule, mager) gebraten ohne Fett (Ofen)	Sheep schnitzel (leg, lean) fried without fat (oven)	161	29.8	4.67	0
K702400	Trüffel getrocknet	Black truffle (Perigord black truffle) dried	243	27.52	1.69	2
C218032	Weichweizen Grieß, gekocht	Soft wheat semolina, boiled	39	1.17	0.1	8.04
X551343	Auberginen mit Tomaten gedünstet	Aubergines with tomatoes stewed	55	0.89	3.65	3.6
X518412	Karotten und Erbsen gedünstet (mit Fett und Salz)	Carrots and peas stewed (with fat and salt)	76	2.4	3.33	7.33
T415152	Königslachs gedünstet	Chinook salmon stewed	163	17.36	10.42	0
X416713	Gemüsesuppe	Vegetable soup	25	0.9	1.3	1.9
U351142	Kalb Gulasch (Bug) geschmort ohne Fett	Veal goulash (shoulder) braised without fat	113	25.88	1.05	0
S141000	Schoko-Nuss-Creme	Chocolate-nut cream	581	10.69	43.4	35.4
U532172	Schwein Kammsteak, gegrillt	Pork steak (neck) grilled	226	25.26	13.89	0
T105172	Sardine gegrillt	Sardine grilled	201	26.04	10.72	0
G510172	Aubergine gegrillt	Aubergine grilled	38	1.12	0.36	6.04
G220152	Bleichsellerie gedünstet	Stalk celery stewed	16	1.08	0.1	1.5
Y161212	Rinderbraten ohne Sauce	Beef roast without sauce	228	27.9	12.9	0.02
U831172	Schaf Hals/Kamm/Nacken, gegrillt	Sheep scrag, grilled	256	26.3	16.77	0
T604600	Katfisch/Steinbeißer, geräuchert	Catfish/wolffish, smoked	124	23	3.58	0
X572312	Mais (Zuckermais) gedünstet (mit Fett und Salz)	Sweetcorn stewed (with fat and salt)	79	2.69	3.64	7.8
S142100	Apfelkraut (ohne Zuckerzusatz)	Apple butter, unsweetened	205	1.5	1.7	41.1
T305262	Goldbutt/Scholle, tiefgefroren, gebraten ohne Fett (Ofen)	Plaice deep-frozen, fried without fat (oven)	112	24.34	1.65	0
V481200	Pute Fleisch, ohne Haut, tiefgefroren	Turkey meat, without skin, deep-frozen	102	20.5	2.2	0
B6A4100	Mehrkornvollkornknäckebrot mit Ölsamen	Multigrain wholemeal crispbread with oilseeds	415	15.8	17.1	43
Y311712	Schweinelende gebraten im Ofen (mit Fett und Salz)	Pork tenderloin fried in oven (with fat and salt)	139	26.06	3.57	0.57
B6A1000	Weizenknäckebrot mit Sesam	Wheat crispbread with sesame seeds	405	14.5	9.43	62
X359253	Senfmarinade für Salat	Mustard marinade for salad	542	0.66	58.73	0.3
V050182	Schnecken gebraten ohne Fett (Pfanne)	Snails edible/escargots, fried without fat (pan)	73	15.5	1.23	0
D0A2100	Schoko-Mandelbiskuitboden	Chocolate-almond sponge cake base	389	13.93	20.31	35.6
D655400	Dicker Honigkuchen	Thick gingerbread cake	398	7.21	8.64	71
E530000	Vollkorneierteigwaren roh	Wholemeal egg pasta raw	353	14.11	2.69	61.95
D630500	Butterkekse/Butterplätzchen (Mürbeteig) schokoliert	Shortbread biscuits, with chocolate icing	518	6.78	28.1	58.24
B106800	Vollkornbrot mit Nüssen	Wholemeal bread with nuts	232	7.62	4.23	36
X9A6060	Pfannkuchenteig/Eierkuchenteig, ungesüßt, mit Milch 3,5 % Fett, roh	Pankcake dough unsweetened, with milk 3.5 % fat, raw	164	7.5	4.72	22.03
X556812	Tomaten gedünstet (mit Fett und Salz)	Tomatoes stewed (with fat and salt)	47	1.17	2.26	4.37
U754182	Schaf Gulasch (Hals/Kamm/Nacken) gebraten ohne Fett (Pfanne)	Sheep goulash (scrag) fried without fat (pan)	227	25.3	14	0
H130800	Haselnussmus	Hazelnut butter (100 % pure)	669	16.41	63.94	4.3
C552000	Mehrkornflocken	Multigrain flakes	326	11.57	3.07	57.2
B629000	Knusperbrot glutenfrei	Crackerbread gluten-free	351	7.96	1.61	73.6
M2A7200	Milchmischgetränk 1,5 % Fett, mit Kaffee, gesüßt	Milk drink 1.5 % fat, with coffee, sweetened	54	2.85	1.2	7.9
V475162	Gans Schenkel, mit Haut, gebraten ohne Fett (Ofen)	Goose leg, with skin, fried without fat (oven)	203	25.62	11.12	0
W115200	Westfälische grobe Mettwurst	Westphalian coarse Mettwurst sausage spreadable	326	16.65	28.75	0.14
S580600	Schokolade weiß, mit Getreideflakes	Chocolate white, with cornflakes	533	6.26	29.98	59.16
X535043	Kohlrabi gedünstet (mit Fett und Salz) mit Petersilie	Kohlrabi stewed (with fat and salt) with parsley	80	1.73	6.3	3.41
T403152	Bachsaibling gedünstet	Brook trout stewed	99	18.9	2.6	0
W511000	Kasseler Kamm, Kochpökelware, geräuchert	Pork neck, cooked cured, smoked	154	20.9	7.5	0.61
T612152	Schwertfisch gedünstet	Swordfish stewed	96	17.32	2.96	0
Q6A7100	Mischfett mit überwiegend Milchfett, gesalzen	Mixed fat spread, mainly milk fat, salted	640	0.58	70.53	0.64
T406600	Felchen/Maräne/Renke/Schnäpel, geräuchert	Whitefishes smoked	122	22.27	3.46	0
T209182	Seehecht gebraten ohne Fett (Pfanne)	Hake fried without fat (pan)	101	20.43	2.17	0
Y610412	Heringsfilet gegrillt	Herring fillet grilled	171	18.2	10.88	0
U421162	Kalb Rücken, gebraten ohne Fett (Ofen)	Veal loin, fried without fat (oven)	134	27.11	2.83	0
T617200	Schafskopf (Meerbrasse) tiefgefroren	Sheepshead deep-frozen	102	20.2	2.41	0
G332200	Rosenkohl tiefgefroren	Brussels sprouts deep-frozen	45	4.94	0.38	2.51
Y583212	Putenschnitzel natur, gebraten	Turkey schnitzel fried	152	31.47	2.92	0
B6A3100	Roggenvollkornknäckebrot mit Sesam	Wholemeal rye crispbread with sesame seeds	350	10.48	6.04	53.81
X9A2000	Hirsebrei gesüßt, mit Milch 3,5 % Fett	Millet porridge sweetened, with milk 3.5 % fat	143	5.86	4.08	20.31
G543042	Gemüsepaprika rot, geschmort ohne Fett	Sweet pepper red, braised without fat	40	1.11	0.22	6.8
S242200	Karamelleis	Caramel ice cream	184	4.1	8.78	22.16
V417162	Hähnchen Flügel, mit Haut, gebraten ohne Fett (Ofen)	Chicken wings, with skin, fried without fat (oven)	226	24.77	14.13	0
T601400	Barsch/Flussbarsch, gesalzen	European perch salted	89	20.6	0.7	0
V354142	Wachtel Fleisch, ohne Haut, geschmort ohne Fett	Quail meat, without skin, braised without fat	184	36.5	4.28	0
T124200	Gelbflossen-Thun tiefgefroren	Yellowfin tuna deep-frozen	102	24.4	0.49	0
X432342	Flädle/Frittaten/Suppenpfannkuchen, gebraten	"Flädle" fried strips of crepe as soup garnish	253	8.53	12.69	25.28
X611143	Bouillonkartoffeln (mit Fleischbrühe)	Bouillon potatoes (with meat stock)	59	1.48	0.1	12.6
X523512	Mangold gedünstet (mit Fett und Salz)	Chard stewed (with fat and salt)	62	1.87	5.23	0.88
H511900	Oliven grün, gefüllt mit Mandeln, gesäuert, abgetropft	Olives green, filled with almonds, pickled, drained	206	5.01	19.5	0.69
G570162	Zuckermais gebacken	Sweetcorn baked	79	3.86	1.45	11.1
X5A3000	Gemüsemischung Kaisergemüse, gekocht (ohne Sauce)	Vegetable mix boiled (without sauce)	31	1.99	0.37	3.9
U543162	Schwein Schnitzel (Nuss) gebraten ohne Fett (Ofen)	Pork schnitzel (thick flank) fried without fat (oven)	134	27.58	2.59	0
U727182	Lamm Kotelett, gebraten ohne Fett (Pfanne)	Lamb chop (loin) fried without fat (pan)	253	24.07	17.43	0
T797132	Venusmuschel gekocht	Venus clam boiled	73	13.8	1.2	1.8
H861062	Tofu gebacken	Tofu baked	160	21.54	7.82	0
P9B3000	Cocktail, Campari-Tonic	Cocktail, Campari-tonic	47	0	0	6.3
V217200	Hirsch Rücken, tiefgefroren	Venison saddle, deep-frozen	112	20.6	3.34	0
U482162	Kalb Keule, gebraten ohne Fett (Ofen)	Veal round, fried without fat (oven)	114	26.85	0.78	0
X432252	Teigwaren eifrei (mit Salz gekocht), Suppeneinlage	Pasta egg-free (boiled with salt) as soup garnish	145	5.4	0.7	28.6
M200200	Milchmischgetränk 1,5 % Fett, aromatisiert, gesüßt	Milk drink 1.5 % fat, flavoured, sweetened	58	3.35	1.48	7.71
G480182	Speisezwiebel gebraten ohne Fett (Pfanne)	Onion fried without fat (pan)	53	1.83	0.24	9.54
G343142	Wirsing geschmort ohne Fett	Savoy cabbage braised without fat	65	4.91	0.57	7.3
V604100	Hähnchen Innereien, roh	Chicken giblets, raw	106	16.61	4.37	0
T406200	Felchen/Maräne/Renke/Schnäpel, tiefgefroren	Whitefishes deep-frozen	113	20.62	3.21	0
T417400	Wildlachs gesalzen	Pacific salmon salted	207	22.13	13.14	0
U733200	Schaf Filetsteak, tiefgefroren	Sheep fillet steak, deep-frozen	118	22.79	2.97	0
S421000	Marzipan Rohmasse	Marzipan raw paste	415	8	24.9	37.21
P5A2000	Fruchtsahnelikör	Fruit cream liqueur	242	0.3	3.17	29
E811000	Frischteigwaren eifrei, roh	Fresh pasta egg-free, raw	145	6.2	2.65	23.19
U672200	Schwein Vordereisbein/Vorderhaxe, tiefgefroren	Pork foreshank (hock) deep-frozen	200	22.99	12.06	0
T604152	Katfisch/Steinbeißer, gedünstet	Catfish/wolffish, stewed	75	14.11	2.03	0
U235132	Rind Hochrippe, gekocht	Beef forerib/prime rib, boiled	181	26.05	8.5	0
S582400	Teigschnitte gefüllt mit Milchcreme	Sponge cake slice filled with milk cream	421	8	27.8	34
D433200	Quarknapfkuchen (Rührmasse)	Quark ring cake (cake batter)	376	8.5	16.1	47.7
U255132	Rind Brustkern/Mittelbrust, gekocht	Beef brisket/centre cut, boiled	269	27.88	17.49	0
K724152	Shiitakepilz gedünstet	Shiitake mushroom stewed	42	3.5	0.3	3.35
B8B5000	Weizenknusperbrot (mit Butter)	Wheat crackerbread (made with butter)	398	11.93	5.81	71.8
B416800	Weizenvollkornbrötchen mit Nüssen	Wholemeal wheat roll with nuts	304	10.7	6.84	45
D463100	Dresdner Stollen (Hefeteig) mit Alkohol	Dresden stollen (yeast dough) with alcohol	388	6.3	17.6	46.2
Y235022	Kalbssteak gebraten (mit Fett und Salz)	Veal steak fried (with fat and salt)	124	22	3.97	0.01
X5A8000	Grüne Bohnen gekocht	Green beans boiled	28	2.16	0.23	3.4
G220142	Bleichsellerie geschmort ohne Fett	Stalk celery braised without fat	18	1.3	0.1	1.7
T793182	Pilgermuschel/Jakobsmuschel, gebraten ohne Fett (Pfanne)	Scallop fried without fat (pan)	68	16.65	0.11	0
W010000	Mürbeteig für Fleisch-/Wurstpasteten, roh	Shortcrust pastry for meat/sausage pate, raw	393	6.4	22.75	39.24
V654200	Hähnchen Magen, tiefgefroren	Chicken stomach, deep-frozen	82	15.9	2	0
T512182	Schleie gebraten ohne Fett (Pfanne)	Tench fried without fat (pan)	92	21.02	0.83	0
Y121032	Rinderkotelett gebraten	Beef chop fried	190	30.12	7.62	0.03
U109182	Rind Ochsenschwanz, gebraten ohne Fett (Pfanne)	Beef oxtail, fried without fat (pan)	263	30.1	15.8	0
Y880312	Quarkspeise mit Ananas	Quark dish with pineapple	121	5.95	5.06	12.33
F552600	Kapstachelbeersaft/Physalissaft	Cape gooseberry juice	68	2.07	0.88	12.71
X547063	Lauch/Porree, gedünstet (mit Fett und Salz)	Leek stewed (with fat and salt)	89	2.27	6.04	5
F212152	Sauerkirsche gedünstet	Sour cherry stewed	80	1.03	0.57	15.8
G350182	Romanesco gebraten ohne Fett (Pfanne)	Romanesco broccoli fried without fat (pan)	71	4.85	0.56	10.65
Y422032	Lammkotelett natur, gebraten	Lamb chop fried	291	23.98	21.69	0.03
N257000	Fruchtsaftschorle Orange	Orange juice spritzer	24	0.43	0	4.93
U121172	Rind Kotelett (Rücken) gegrillt	Beef chop (loin) grilled	151	26.28	5.1	0
X431242	Eierstich, Suppeneinlage	Custard royale (diced egg custard) as soup garnish	101	7.75	6.86	2.1
X330043	Grundsauce dunkel/braun (von Fleischbrühe)	Basic sauce brown (from meat stock)	76	1.14	5.4	5.53
E131132	Entenei gekocht	Duck egg boiled	182	12.8	14.4	0.34
M863000	Obatzter/Obazda, Käsezubereitung 60 % Fett i. Tr.	Obatzter/Obazda (Bavarian cheese spread) 60 % fat in dry matter	298	11.64	27.19	1.53
X9A4020	Pfannkuchen/Eierkuchen, ungesüßt, mit Milch 3,5 % Fett, gebraten in Butter	Pancakes unsweetened, with milk 3.5 % fat, fried in butter	255	8.43	10.68	30.2
U533182	Schwein Schmetterlingssteak, gebraten ohne Fett (Pfanne)	Pork steak (loin) fried without fat (pan)	162	26.6	6.2	0
B521000	Roggenbrötchen	Rye roll	273	8.27	2.87	49
U881200	Schaf Keule, mager, tiefgefroren	Sheep leg, lean, deep-frozen	128	22.6	4.2	0
G583132	Chayote gekocht	Chayote boiled	34	0.76	0.1	5.69
V435132	Suppenhuhn Schenkel, mit Haut, gekocht	Boiling fowl leg, with skin, boiled	226	22.5	15.09	0
Y846150	Erdbeerschaum (mit Sahne)	Strawberry mousse	145	1.9	6.32	19.24
F224152	Mirabelle gedünstet	Mirabelle plum stewed	85	0.84	0.23	19.29
T730200	Hummer tiefgefroren	Lobster deep-frozen	81	15.9	1.9	0
D7A2200	Erdnussplätzchen (Mürbeteig)	Peanut biscuits (shortcrust pastry)	492	10.4	25	54.5
N410300	Kaffee (Getränk) mit Milch 3,5 % Fett und Zucker	Coffee (infusion) with milk 3.5 % fat and sugar	10	0.23	0.11	1.93
Y446123	Lammcurry	Lamb curry (with sauce)	333	22.72	26.3	1.2
Y135432	Rindersteak gegrillt	Beef steak grilled	180	25.92	8.46	0.01
V544132	Schaf Lunge, gekocht	Sheep lungs, boiled	88	16.7	2.3	0
D710200	Löffelbiskuits	Sponge fingers	399	12.59	6.5	71.5
W191000	Landjäger	Landjäger sausage raw, small, firm	364	22.33	30.52	0.03
G614132	Weiße Rübe/Wasserrübe/Herbstrübe, gekocht	Turnip boiled	39	0.96	0.21	6.37
W144000	Salami Italienische Art, mit Lammfleisch	Salami Italian-type, with lamb meat	353	22.36	29.14	0.23
M2R8300	Joghurt mind. 3,5 % Fett, mit Vanillezubereitung, gesüßt	Yogurt min. 3.5 % fat, with vanilla preparation, sweetened	94	3.51	3.05	12.5
H800400	Mandeldrink gesüßt, aromatisiert, angereichert mit Vitaminen und Calcium	Almond drink sweetened, flavoured, fortified with vitamins and calcium	35	0.84	2.1	3.08
D614000	Müslikekse glutenfrei	Muesli biscuits gluten-free	432	5.99	20.22	55.2
X548912	Zwiebeln gedünstet (mit Fett und Salz)	Onions stewed (with fat and salt)	66	0.97	4.4	4.88
Y341013	Schweinegulasch mit Tomaten und Zwiebeln	Pork goulash with tomatoes and onions	111	13.27	4.71	3.29
V224100	Reh Rücken, mariniert, roh	Roe deer saddle, marinated, raw	114	20.7	3.29	0.34
V485182	Pute Keule, ohne Haut, gebraten ohne Fett (Pfanne)	Turkey leg, without skin, fried without fat (pan)	166	29.54	5.31	0
H120610	Walnuss geröstet ohne Fett	Walnut roasted without fat	734	16.07	72.04	3
X442043	Grundsuppe dunkel	Basic soup dark	47	0.84	3.4	3.23
B111000	Weizenvollkornbrot	Wholemeal wheat bread	180	7.55	0.86	31.9
Y841263	Süßkirschkompott	Sweet cherry compote	93	0.69	0.24	21.5
H130400	Haselnuss gemahlen	Hazelnut ground	662	16.25	63.3	4.2
D085000	Wiener Tortenboden (hell)	Viennese sponge cake base (light)	362	8.45	15.46	46.75
U872200	Schaf Vorderhaxe, mittelfett, tiefgefroren	Sheep foreshank, medium fat, deep-frozen	180	18.8	11.6	0
U452132	Kalb Brust, gekocht	Veal breast, boiled	232	23.66	15.21	0
C327032	Buchweizen Grütze, gekocht	Buckwheat groats, boiled	89	3.62	0.43	16.99
T506200	Wels tiefgefroren	European catfish deep-frozen	128	15.3	7.4	0
Y7A2020	Lachs-Dillcreme (mit Frischkäse)	Salmon-cream cheese with dill weed	230	10.7	19.5	2.46
G660152	Knollensellerie gedünstet	Celeriac stewed	27	1.4	0.3	2.5
S155000	Apfeldicksaft	Apple syrup	302	0.67	0	72.62
D610600	Zuckerlis (Eiklarmasse)	"Zuckerlis" almond meringue	434	13	21.72	43.9
V4A6182	Hähnchen Brust, ohne Haut, gebraten ohne Fett (Pfanne)	Chicken breast, without skin, fried without fat (pan)	136	29.28	2.15	0
X8A1000	Brühreis (mit Gemüsebrühe)	Boiled rice (with vegetable stock)	142	3.15	1.3	28.9
W288182	Geflügelmortadella gebraten ohne Fett (Pfanne)	Poultry mortadella fried without fat (pan)	274	15.4	22.67	0.01
U522800	Schwein Stielkotelett, Kochpökelware	Pork chop (loin) cooked cured	135	18.01	6.84	0.44
U402000	Kalb Fleisch, fett- und sehnenfrei (KA I) roh	Veal meat, fat and tendon free (KA I) raw	117	20.74	3.82	0
X880453	Curryreis	Curried rice	136	2.19	4.54	21.3
V484162	Pute Fleisch, mit Haut, gebraten ohne Fett (Ofen)	Turkey meat, with skin, fried without fat (oven)	221	29.63	11.33	0
X5A6000	Artischocken gedünstet mit Orangensaft	Artichokes stewed with orange juice	63	1.56	3.4	3.5
T410072	Lachs gegrillt	Salmon grilled	206	22.94	12.65	0
V320200	Rebhuhn Fleisch, tiefgefroren	Partridge meat, deep-frozen	248	35	12	0
N4A1000	Kaffee (Getränk) mit Mandeldrink, ungesüßt	Coffee (infusion) with almond drink, unsweetened	2	0.14	0.07	0.01
C515600	Cornflakes gesüßt, mit Zuckerglasur	Cornflakes sweetened, sugar frosted	383	4.62	0.54	88.35
X521043	Spinat gedünstet, mit Sahne	Spinach stewed, with cream	85	2.39	7.31	1.46
V531182	Rind Leber, gebraten ohne Fett (Pfanne)	Beef liver, fried without fat (pan)	159	22.81	4.58	6.62
T309282	Seezunge tiefgefroren, gebraten ohne Fett (Pfanne)	Sole deep-frozen, fried without fat (pan)	86	19.83	0.79	0
V402162	Baby-Pute Fleisch, mit Haut, gebraten ohne Fett (Ofen)	Young turkey meat, with skin, fried without fat (oven)	213	32.85	9.05	0
T061152	Hornfisch/Hornhecht, gedünstet	Garfish stewed	96	17.2	3	0
U852132	Schaf Brust, mittelfett, gekocht	Sheep breast, medium fat, boiled	239	28.6	13.8	0
V438132	Suppenhuhn Innereien, gekocht	Boiling fowl giblets, boiled	204	25.2	11.51	0
Y562032	Hähnchenbrustfilet gebraten	Chicken breast fillet fried	145	30.73	2.44	0
Y638332	Steinbuttfilet pochiert (ohne Sauce)	Turbot fillet poached (without sauce)	67	13.45	1.49	0
X552153	Schmorgurken	Cucumbers braised	137	1.59	12.86	3.05
K701200	Champignon tiefgefroren	Button mushroom deep-frozen	36	4.58	0.34	3.6
X423363	Rinderkraftbrühe mit Perlgraupen	Beef consomme with pearl barley	24	1.07	0.3	4.1
U221800	Rind Roastbeef (Rücken) Rohpökelware	Beef roastbeef (loin) raw cured	122	21.12	3.98	0.47
B781600	Dinkelvollkornbaguette	Wholemeal spelt baguette	227	8.8	1.98	40
D076000	Ausbackteig (mit Bier) ungesüßt, roh	Frying batter (with beer) unsweetened, raw	214	5.9	8.45	25.09
U563142	Schwein Roulade (Oberschale) geschmort ohne Fett	Pork meat for olives (topside) braised without fat	152	31.01	3.09	0
T615142	Rotbarsch/Goldbarsch, gedämpft	Ocean perch/redfish, steamed	84	13.7	3.3	0
S538900	Vollmilchschokolade mit alkoholhaltiger Füllung	Whole milk chocolate with alcoholic filling	490	8.5	23.5	54.84
N540100	Zichorienkaffee (Getränk)	Chicory coffee (infusion)	6	0.13	0.03	0.97
U622800	Schwein Kotelett (Rücken/cranial) Kochpökelware	Pork loin (cranial part) cooked cured	135	18.01	6.84	0.44
X5A9000	Karotten/Möhren, gekocht	Carrots boiled	40	0.84	0.4	6.53
X5A7010	Kürbis gebacken	Pumpkin baked	69	1.26	3.23	6.66
D651300	Printen	"Printen" brown gingerbread biscuits	383	5.2	6.6	74.4
D730600	Spekulatius (Mürbeteig)	"Spekulatius" spiced almond biscuits (shortcrust pastry)	486	8.73	25.41	53.9
K110143	Kartoffel geschält, druckgedämpft	Potatoe peeled, pressure-steamed	81	2.08	0.04	17.35
B551100	Weizenmischbrötchen mit Kürbiskernen	Wheat-rye roll (> 50 % and < 90 % wheat) with pumpkin seeds	304	10.1	5.16	51
V217142	Hirsch Rücken, geschmort ohne Fett	Venison saddle, braised without fat	140	26.81	3.66	0
G345600	Gemüsesaft aus Sauerkraut	Sauerkraut juice	18	0.96	0.25	0.79
E112162	Hühnerei Eigelb, gebacken	Chicken egg yolk, baked	414	18.4	37.71	0.25
G570172	Zuckermais gegrillt	Sweetcorn grilled	72	3.46	1.32	10.1
K740152	Austernpilz gedünstet	Oyster mushroom stewed	45	4.66	0.31	1.78
D073000	Brandmasse/Brandteig, roh	Choux pastry raw	178	6.75	9.29	16.21
X356050	Quarkdressing	Quark dressing	63	8.35	1.15	3.61
T601600	Barsch/Flussbarsch, geräuchert	European perch smoked	85	19.86	0.6	0
Y524233	Rehragout	Roe deer ragout	144	20	3.5	2.1
G760262	Erbse grün, tiefgefroren, gebacken	Pea green, deep-frozen, baked	92	5.8	0.82	11.9
D041000	Erdnussflips	Peanut puffs	478	15.2	25	43.6
U861200	Schaf Bug/Schulter, mager, tiefgefroren	Sheep shoulder, lean, deep-frozen	140	19.7	6.76	0
D730700	Käseplätzchen salzig (Mürbeteig)	Shortcake cheese biscuits salted	527	14.4	40.54	25.1
B121400	Roggenvollkornbrot mit Sonnenblumenkernen	Wholemeal rye bread with sunflower seeds	208	6.44	3.01	33
G484152	Perlzwiebel gedünstet	Pearl onion stewed	33	1.13	0.15	5.89
G510142	Aubergine geschmort ohne Fett	Aubergine braised without fat	24	0.7	0.22	3.78
F116600	Apfelnektar mit Süßungsmitteln	Apple nectar with artificial sweeteners	22	0.05	0	5.29
V635182	Ente Leber, gebraten ohne Fett (Pfanne)	Duck liver, fried without fat (pan)	173	26.1	6.82	1.76
K750400	Mischpilze getrocknet	Mixed mushrooms dried	257	26.8	2.2	16.5
Y8A8000	Backteig gesüßt, mit Milch 3,5 % Fett, roh	Frying batter sweetened, with milk 3.5 % fat, raw	231	7.1	9.53	28.36
Y243132	Kalbfleischspieße gegrillt	Veal skewer grilled	96	10.8	3.2	5.1
D616000	Haselnussplätzchen glutenfrei	Hazelnut biscuits gluten-free	554	5.2	36.1	50.7
X9A6010	Backteig ungesüßt, mit Milch 3,5 % Fett, roh	Frying batter unsweetened, with milk 3.5 % fat, raw	177	7.81	3.61	27.3
G332132	Rosenkohl gekocht	Brussels sprouts boiled	47	3.8	0.4	5
V432132	Suppenhuhn Fleisch, mit Haut, gekocht	Boiling fowl meat, with skin, boiled	246	24.48	16.42	0
T615600	Rotbarsch/Goldbarsch, geräuchert	Ocean perch/redfish, smoked	145	23.8	5.5	0
X821212	Reis poliert, gedünstet (mit Fett und Salz)	White rice stewed (with fat and salt)	122	1.98	4.02	19
Y880040	Quarkspeise einfach, mit Schokolade	Quark dish simple, with chocolate	117	7.47	2.77	15.01
S622300	Pralinen gefüllt mit Pfefferminzcreme	Pralines filled with peppermint cream	486	3.97	19.36	61.7
B314072	Weizentoastbrot/Buttertoastbrot, getoastet	Wheat toast/butter toast, toasted	319	10.11	4.38	57.07
D793100	Müslikekse (Vollkornmürbeteig)	Wholemeal muesli biscuits (shortcrust pastry)	405	8.5	13.2	59.2
D026000	Vollkornzwieback	Wholemeal rusk	398	12.26	6.16	68
F545182	Kochbanane gebraten ohne Fett (Pfanne)	Plantain fried without fat (pan)	193	1.76	0.1	44
D6A4000	Florentiner (Mandelmasse)	Florentine biscuits (almond mass)	536	10.65	39.48	31.5
X8A1050	Milchreis gesüßt, mit Mandeldrink	Rice pudding sweetened, with almond drink	138	3.57	3.17	23.3
Y292012	Kalbfleisch gekocht (mit Fett und Salz)	Veal boiled (with fat and salt)	305	25.06	22.72	0
B710900	Dinkelbrot mit Sonnenblumenkernen	Spelt bread with sunflower seeds	247	9.13	4.08	41
V468200	Ente Innereien, tiefgefroren	Duck giblets, deep-frozen	154	17.9	9.21	0
U751182	Schaf Gulasch (Bug, mager) gebraten ohne Fett (Pfanne)	Sheep goulash (shoulder, lean) fried without fat (pan)	182	27.5	7.95	0
S242500	Speiseeis (Nuss, Schoko, Vanille) gemischt	Ice cream mixed (chocolate, vanilla, nut)	222	3.13	11.15	26.22
B256700	Weizenmischbrot mit Nüssen	Wheat-rye bread (> 50 % and < 90 % wheat) with nuts	243	7.5	4.07	41
K130362	Pommes frites tiefgefroren, gebacken, gesalzen	Potato chips/french fries, deep-frozen, baked, salted	167	3.01	4.31	27.3
U403100	Kalb Fleisch, geringer Sehnenanteil, sichtbarer Fettanteil max. 5 % (KA II) roh	Veal meat, low tendon content, visible fat content max. 5 % (KA II) raw	152	19.95	8.03	0
T313182	Rotzunge gebraten ohne Fett (Pfanne)	Witch fried without fat (pan)	84	18.41	1.12	0
D025000	Vollkornzwieback ungesüßt	Wholemeal rusk unsweetened	406	13.07	9.1	62
M2Q8320	Milchmischgetränk 3,5 % Fett, mit Kakao/Schokolade, gesüßt, angereichert mit Vitaminen	Milk drink 3.5 % fat, with cocoa/chocolate, sweetened, fortified with vitamins	78	3.7	3.5	7.6
U255800	Rind Brustkern/Mittelbrust, Rohpökelware	Beef brisket/centre cut, raw cured	184	17.48	12.51	0.47
C532100	Vollmilchschokolade mit Puffreis und Crispies	Whole milk chocolate with puffed rice and crispies	522	6.55	29.56	56.3
V486162	Pute Brust, ohne Haut, gebraten ohne Fett (Ofen)	Turkey breast, without skin, fried without fat (oven)	164	37.87	1.41	0
U867132	Lamm Bug/Schulter, gekocht	Lamb shoulder, boiled	172	29.86	5.84	0
U382200	Kalb Kochfleisch (Brust) tiefgefroren	Veal meat for boiling (breast) deep-frozen	200	18.59	13.99	0
G482142	Frühlingszwiebel/Lauchzwiebel, geschmort ohne Fett	Spring onion braised without fat	34	2.4	0.24	3.7
N410400	Kaffee (Getränk) mit Kondensmilch 7,5 % Fett	Coffee (infusion) with evaporated milk 7.5 % fat	5	0.33	0.25	0.31
U131182	Rind Steak (Rücken) gebraten ohne Fett (Pfanne)	Beef steak (loin) fried without fat (pan)	166	29.12	5.53	0
X532512	Broccoli gedünstet (mit Fett und Salz)	Broccoli stewed (with fat and salt)	82	3.74	5.64	2.4
G620162	Karotte/Möhre, gebacken	Carrot baked	47	0.99	0.47	7.61
G212152	Gemüseamaranth gedünstet	Chinese spinach stewed	22	2.62	0.35	0.98
V535182	Lamm Leber, gebraten ohne Fett (Pfanne)	Lamb liver, fried without fat (pan)	144	22.2	5.59	1.1
S491000	Sesam-Krokant	Sesame brittle	488	10.66	25.7	44.7
F140152	Quitte gedünstet	Quince stewed	54	0.43	0.52	8.4
X574412	Dicke Bohnen gedünstet (mit Fett und Salz)	Broad beans stewed (with fat and salt)	92	4.5	4.9	5.1
G220132	Bleichsellerie gekocht	Stalk celery boiled	17	1.23	0.1	1.5
S570500	Bitterschokolade gefüllt mit Gewürzcreme	Dark chocolate with spice cream	531	7.15	39.78	32.1
N630500	Schwarztee (Getränk) mit Sahne 30 % Fett und Zucker	Black tea (infusion) with cream 30 % fat and sugar	17	0.08	1.04	1.91
X512053	Pfifferlinge gedünstet	Chanterelles stewed	97	4.61	7.3	1.5
Y720143	Rührei gebraten	Scrambled eggs fried	203	12.88	16.61	0.39
B8A5000	Sauerteigbrot mit Kürbiskernen, glutenfrei	Sourdough bread with pumpkin seeds, gluten-free	234	9.1	7.4	30.6
Y221232	Kalbskotelett natur, gebraten	Veal chop fried	138	24.45	4.41	0
X930512	Buchweizenpfannkuchen ungesüßt, gebraten	Pancakes made from buckwheat flour, unsweetened, fried	259	7.51	10.8	31.53
T309252	Seezunge tiefgefroren, gedünstet	Sole deep-frozen, stewed	66	14.91	0.67	0
Q993000	Salatmayonnaise (Fertigprodukt)	Salad mayonnaise (ready-made product)	490	0.4	50.75	7.29
D7B3000	Butterkekse/Butterplätzchen, kakaohaltig (Mürbeteig)	Shortbread biscuits, containing cocoa	527	6.77	30.63	54
Q4B1000	Pflanzencreme zum Braten und Kochen	Vegetable fat cooking liquid	662	0	73.5	0
D657300	Pflastersteine	"Pflastersteine" thick convex gingerbread biscuits	430	6.39	10.05	76.7
X493243	Holundersuppe mit Apfel, gebunden mit Stärke	Elderberry soup with apple, thickened with starch	67	1.37	0.95	11.2
T204232	Dorsch/Kabeljau, tiefgefroren, pochiert	Cod deep-frozen, poached	66	15.15	0.58	0
Y687163	Schnecken im Sud gekocht	Snails boiled in stock	78	16.5	1.29	0
G581062	Kürbis Hokkaido (C. maxima) gebacken	Hokkaido pumpkin baked	35	1.65	0.23	6.23
D482200	Zwetschgenkuchen (Mürbeteig)	Blue plum tart (shortcrust pastry)	216	3.21	9.61	28.12
S440000	Gelee-Früchte	Jelly fruit	331	0.01	0	78.6
W512000	Kasseler Rippenspeer, Kochpökelware, geräuchert	Pork loin spare ribs, cooked cured, smoked	131	17.07	6.82	0.44
U632700	Schwein Kamm, Rohpökelware, geräuchert	Pork neck, raw cured, smoked	165	17.95	10.19	0.49
X476512	Tsatsiki	Tsatsiki	81	2.4	6.02	3.5
X991442	Graupen nach Risottoart	Pearl barley prepared like risotto	112	3.61	3.3	16.4
D750200	Streuselschnecken (Hefeteig)	Danish swirl (yeast dough) with crumbles	393	8.1	16.31	52
D651700	Backoblaten	Round baking wafers	334	9.53	0.85	69.58
F323152	Johannisbeere schwarz gedünstet	Black currant stewed	60	1.45	0.23	9.16
D4A6100	Hefezopf mit Sultaninen	Braided yeast bread with sultanas	349	8.9	7.1	60
X930252	Quarkpfannkuchen ungesüßt, gebraten	Quark pancakes unsweetened, fried	196	7.6	10.5	17.15
V413182	Hähnchen Fleisch, ohne Haut, gebraten ohne Fett (Pfanne)	Chicken meat, without skin, fried without fat (pan)	156	27.5	5.1	0
M208000	Milchmischgetränk 3,5 % Fett, mit Kaffee, gesüßt	Milk drink 3.5 % fat, with coffee, sweetened	76	2.75	3.72	7.92
Y842253	Reneclaudenkompott	Greengage compote	75	0.6	0	17.5
X702042	Vollkorn-Eier-Frischteigwaren selbstgemacht, roh	Fresh wholemeal egg pasta, homemade, raw	222	10.77	3.62	33.35
K701152	Champignon gedünstet	Button mushroom stewed	41	5.15	0.39	4.2
G331182	Kohlrabi gebraten ohne Fett (Pfanne)	Kohlrabi fried without fat (pan)	53	3.59	0.3	7.19
X4B1000	Pfirsichkaltschale gebunden mit Stärke	Cold peach soup thickened with starch	61	0.7	0.08	13.57
S580300	Schokolade weiß, mit Kokoschips	Chocolate white, filled with coconut chips	564	6.28	36.06	52.7
V514182	Schaf Herz, gebraten ohne Fett (Pfanne)	Sheep heart, fried without fat (pan)	159	24.1	6.99	0
T020132	Tintenfisch gekocht	Common cuttlefish boiled	71	15.09	1.22	0
T615200	Rotbarsch/Goldbarsch, tiefgefroren	Ocean perch/redfish, deep-frozen	92	15.3	3.47	0
G230162	Mangold gebacken	Chard/leaf beet, baked	20	2.18	0.33	1.03
S463000	Dragee-Streusel	Hundreds and Thousands sprinkles	408	0.24	1.8	96.2
T305162	Goldbutt/Scholle, gebraten ohne Fett (Ofen)	Plaice fried without fat (oven)	104	23.7	1	0
G480162	Speisezwiebel gebacken	Onion baked	39	1.36	0.18	7.08
T720200	Languste tiefgefroren	Spiny lobster/rock lobster/crawfish, deep-frozen	79	17.2	1.1	0
F110700	Apfelnektar	Apple nectar	37	0.05	0	8.89
G898300	Tafel-Meerrettich Konserve	Horsereadish canned	171	3.17	11.92	9.45
B822000	Paniermehl glutenfrei	Bread crumbs gluten-free	376	6.46	3.8	78
X655022	Kartoffelpuffer/Reibekuchen, gebraten	Potato pancakes fried	206	4.23	12.61	18.08
G520062	Gurke gebacken	Cucumber baked	20	1.25	0.23	2.32
S538800	Vollmilchschokolade gefüllt mit Kokoscreme	Whole milk chocolate filled with coconut cream	575	5.36	38.94	49.5
T861700	Kaviarersatz (Seehase)	Caviar substitute (lumpfish)	136	19.4	6.45	0
W415000	Schwein Frühstücksspeck, Rohpökelware, geräuchert	Pork breakfast bacon, raw cured, smoked	304	16.58	26.22	0.49
G553152	Pfefferschote grün, gedünstet	Chilli pepper green, stewed	44	2.2	0.2	7.48
M2A0200	Milchmischgetränk 1,5 % Fett, aromatisiert, gesüßt, angereichert mit Vitaminen	Milk drink 1.5 % fat, flavoured, sweetened, fortified with vitamins	58	3.35	1.48	7.71
E113132	Hühnerei Eiklar, gekocht	Chicken egg white, boiled	42	9.9	0.03	0.41
K703400	Morchel getrocknet	Morel dried	231	19.69	2.53	4.7
T102132	Hering pochiert	Herring poached	147	16.3	9.12	0
K410432	Maniok/Cassava, gekocht	Manioc/cassava, boiled	146	1.03	0.23	33.5
B227700	Roggenbrot mit Quark	Rye bread with quark	210	6.35	0.78	40
C532200	Weiße Schokolade mit Puffreis und Crispies	White chocolate with puffed rice and crispies	522	6.41	28.16	60.24
U291200	Rind Hinterhesse, tiefgefroren	Beef leg/hindshank, deep-frozen	140	21.4	6	0
U554182	Schwein Gulasch (Restbug) gebraten ohne Fett (Pfanne)	Pork goulash (shoulder strips) fried without fat (pan)	166	30.96	4.64	0
G230152	Mangold gedünstet	Chard/leaf beet, stewed	18	1.97	0.3	0.93
V421000	Hähnchen Brustfilet, mariniert, roh	Chicken breast fillet, marinated, raw	130	20.99	4.34	1.66
U231132	Rind Hals/Kamm/Nacken, gekocht	Beef neck/chuck, boiled	199	27.94	9.74	0
V432200	Suppenhuhn Fleisch, mit Haut, tiefgefroren	Boiling fowl meat, with skin, deep-frozen	257	18.5	20.3	0
W225000	Stockwurst/Münchner Stockwurst	Stockwurst sausage	195	10.98	16.76	0.02
S621000	Pralinen mit alkoholhaltiger Füllung	Pralines with alcoholic filling	472	3.57	21.32	54.7
G230142	Mangold geschmort ohne Fett	Chard/leaf beet, braised without fat	30	3.27	0.49	1.56
D712000	Kekse/Plätzchen, eiweißarm	Biscuits low protein	466	0.37	16.5	78.5
S537000	Vollmilchschokolade mit Mandeln	Whole milk chocolate with almonds	554	10.3	38	39.97
G582172	Zucchini gegrillt	Courgette grilled	46	2.8	0.64	6
Y841743	Pflaumenkompott/Zwetschgenkompott	Plum compote	66	0.21	0.12	15.57
T213152	Alaska-Pollack/Alaska-Seelachs, gedünstet	Alaska pollock stewed	51	11	0.78	0
W424032	Schwein Kochschinken, Kochpökelware, gekocht	Pork ham, cooked cured, boiled	150	27.24	3.55	0.89
B6A2900	Roggenvollkornknäckebrot mit Leinsamen und Weizenkeimen	Wholemeal rye crispbread with linseed and wheat germ	338	11.53	4.01	54
K740182	Austernpilz gebraten ohne Fett (Pfanne)	Oyster mushroom fried without fat (pan)	52	5.43	0.36	2.08
K703182	Morchel gebraten ohne Fett (Pfanne)	Morel fried without fat (pan)	48	4.08	0.53	1
T710132	Edelkrebs/Flusskrebs, gekocht	Crayfish boiled	61	13.89	0.58	0
X545063	Spargel gekocht (ohne Sauce)	Asparagus boiled (without sauce)	28	1.91	0.15	3.93
Y864112	Apfelmus ungesüßt	Apple sauce unsweetened	51	0.37	0.44	10.2
Y840643	Brombeerkompott	Blackberry compote	80	0.91	0.1	18.6
R940000	Vanillecreme/Vanilleflammeri, eihaltig, für Gebäck/Torten	Vanilla cream/vanilla flummery, with egg, for pastry/tortes	122	3.6	4.35	17.09
W121400	Geflügelteewurst mit Schweinefleisch	Teewurst sausage made from poultry and pork, spreadable	195	20.77	12.35	0.1
V486182	Pute Brust, ohne Haut, gebraten ohne Fett (Pfanne)	Turkey breast, without skin, fried without fat (pan)	148	33.74	1.41	0
K430132	Topinambur/Erdartischocke, gekocht	Jerusalem artichoke/topinambur, boiled	52	2.29	0.38	3.75
Y840743	Stachelbeerkompott	Gooseberry compote	94	0.63	0.11	21.47
G263152	Sauerampfer gedünstet	Sorrel stewed	26	3.39	0.38	1.23
X924012	Pfannkuchen/Eierkuchen, ungesüßt, mit Milch 1,5 % Fett, gebraten ohne Fett	Pancakes unsweetened, with milk 1.5 % fat, fried without fat	195	8.89	2.87	32.2
X471443	Schokoladen-Milchsuppe gebunden mit Stärke	Chocolate-milk soup thickened with starch	115	3.82	5.24	12.97
W411000	Schwein Speck (Rückenspeck) Rohpökelware, geräuchert	Pork bacon (loin) raw cured, smoked	699	4.13	75.8	0
T420152	Forelle gedünstet	Trout stewed	144	19.24	7.27	0
X434442	Weißbrotwürfel geröstet in Butter (Croutons)	Croutons, white bread cubes toasted in butter	492	7.44	32.43	40.84
X5A8010	Grüne Erbsen in Sahne gedünstet	Green peas stewed in cream	182	5.4	11.89	10.96
G311162	Blumenkohl gebacken	Cauliflower baked	50	3.41	0.39	7.52
G346100	Weinsauerkraut roh	Wine sauerkraut raw	23	1.1	0.3	0.99
G561132	Tomate gekocht	Tomato boiled	22	0.99	0.12	3.4
K724400	Shiitakepilz getrocknet	Shiitake mushroom dried	270	22.8	1.8	21.74
U574162	Schwein Bratenfleisch (Bug ohne Fett und Schwarte) gebraten ohne Fett (Ofen)	Pork meat for roasting (shoulder without fat and rind) fried without fat (oven)	169	27.44	6.57	0
D0A4100	Schoko-Wasserbiskuitboden	Chocolate water sponge cake base	306	9.12	4.65	55.6
U4A3100	Kalb Fleisch, sichtbarer Fettanteil max. 15 % (KA III) roh	Veal meat, visible fat content max. 15 % (KA III) raw	215	18.52	15.7	0
F092100	Beerenmischung mit Sauerkirschen, ungesüßt, roh	Berry mix with sour cherries, unsweetened, raw	50	1.1	0.3	7.9
F090400	Fruchtmischung getrocknet (Trockenfrucht-Mix)	Mixed fruit dried	261	2.58	0.35	55.5
S582000	Knusperpraline mit Milchschokolade, Cornflakes und Mandelstückchen	Crispy praline with milk chocolate, cornflakes and almond bits	493	7.31	24.85	58.11
B254000	Weizenmischtoastbrot	Mixed wheat toast	246	7.6	2.76	45
X320243	Bechamelsauce	Bechamel sauce	88	2.5	6.2	5.42
T601152	Barsch/Flussbarsch, gedünstet	European perch stewed	70	16.24	0.6	0
U333172	Kalb Filetsteak, gegrillt	Veal tenderloin steak, grilled	144	25.44	4.7	0
S241700	Speiseeis Schokolade, überzogen mit Schokolade	Chocolate ice cream, covered with chocolate	315	4.47	16.34	35.4
F516400	Mango getrocknet	Mango dried	322	3.8	2.44	65
T512400	Schleie gesalzen	Tench salted	87	19.81	0.87	0
V552132	Kalb Magen/Gekröse, gekocht	Veal stomach/pluck, boiled	156	19.03	8.89	0
G542182	Gemüsepaprika gelb, gebraten ohne Fett (Pfanne)	Sweet pepper yellow, fried without fat (pan)	48	1.36	0.34	7.5
W114100	Grobe Mettwurst fettreduziert	Coarse Mettwurst sausage spreadable, reduced-fat	182	22.24	10.21	0.15
U852200	Schaf Brust, mittelfett, tiefgefroren	Sheep breast, medium fat, deep-frozen	179	19.6	11.2	0
Y134022	Rinderrumpsteak gebraten	Beef rump steak fried	180	28.7	7.26	0.02
G670182	Wurzelpetersilie gebraten ohne Fett (Pfanne)	Parsley root fried without fat (pan)	140	5.33	0.87	25.5
G543072	Gemüsepaprika rot, gegrillt	Sweet pepper red, grilled	39	1.08	0.21	6.65
U080132	Rind Leberhack, gekocht	Beef liver mince, boiled	174	26.2	4.44	7.23
W223100	Geflügelbratwurst	Poultry bratwurst	184	10.9	15.52	0.08
M2A6100	Milchmischgetränk < 1 % Fett, mit Kakao/Schoko, Zucker und Süßungsmitteln	Milk drink < 1 % fat, with cocoa/chocolate, sugar and artificial sweeteners	44	3.17	0.2	7.2
V416162	Hähnchen Brustfilet, gebraten ohne Fett (Ofen)	Chicken breast fillet, fried without fat (oven)	144	31.85	1.86	0
V413200	Hähnchen Fleisch, ohne Haut, tiefgefroren	Chicken meat, without skin, deep-frozen	131	20.2	5.6	0
H190700	Macadamianuss geröstet ohne Fett, gesalzen	Macadamia nut roasted without fat, salted	752	9.12	75.5	5.1
G680152	Rettich gedünstet	Radish stewed	20	1.03	0.15	2.91
T302200	Steinbutt tiefgefroren	Turbot deep-frozen	82	16.7	1.73	0
S332000	Sahnekaramelle	Cream caramel	434	3.8	7.7	79.4
T502182	Blei/Brachsen/Brasse, gebraten ohne Fett (Pfanne)	Common bream fried without fat (pan)	112	19.71	3.72	0
H800200	Mandeldrink gesüßt, aromatisiert	Almond drink sweetened, flavoured	31	0.85	2.12	1.99
X0A1010	Cornflakes mit Milch 3,5 % Fett und Honig gesüßt	Cornflakes with milk 3.5 % fat, honey sweetened	160	4.06	2.79	29.07
G561082	Tomate gebraten ohne Fett (Pfanne)	Tomato fried without fat (pan)	36	1.61	0.19	5.5
G090100	Gemüsemischung Kaisergemüse, roh	Mixed vegetables (carrots, cauliflower and broccoli florets) raw	37	2.31	0.43	4.7
U271200	Rind Vorderhesse, tiefgefroren	Beef shin/foreshank, deep-frozen	128	20.2	5.3	0
G640162	Pastinake gebacken	Parsnip baked	70	3.16	0.51	11.4
C518000	Popcorn gesalzen	Popcorn salty	395	7.53	14.71	54.67
P3A2000	Sekt mit Orangensaft	Sparkling wine with orange juice	58	0.38	0	5.3
G331162	Kohlrabi gebacken	Kohlrabi baked	34	2.28	0.19	4.56
C236032	Dinkel ganzes Korn, gekocht	Spelt whole grain, boiled	177	7.52	1.22	31.05
U881142	Schaf Keule, mager, geschmort ohne Fett	Sheep leg, lean, braised without fat	181	33.5	5.25	0
Y860940	Buttercreme (zum Füllen und Überziehen)	Butter-cream filling	581	2	47.72	35.83
Y710352	Spiegelei gebraten mit Kochschinken	Fried egg with boiled ham	204	17.71	14.35	0.57
G670400	Wurzelpetersilie getrocknet	Parsley root dried	339	12.85	2.1	61.5
G561072	Tomate gegrillt	Tomato grilled	26	1.15	0.14	4.01
V414200	Hähnchen ganz, entbeint, mit Haut, tiefgefroren	Chicken whole, boneless, with skin, deep-frozen	186	18.37	12.53	0
V444162	Poularde Fleisch, mit Haut, gebraten ohne Fett (Ofen)	Poulard meat, with skin, fried without fat (oven)	190	24.1	10.4	0
G312152	Broccoli gedünstet	Broccoli stewed	39	3.94	0.65	2.5
G480152	Speisezwiebel gedünstet	Onion stewed	33	1.13	0.15	5.89
X9A2120	Porridge ungesüßt, mit Wasser	Porridge unsweetened, with water	71	2.69	1.35	10.8
U452800	Kalb Brust, Rohpökelware	Veal breast, raw cured	186	17.33	12.7	0.47
S581400	Milchschokoladen-Riegel gefüllt mit Karamell und Knusperkeks	Milk chocolate bar filled with caramel and crispy biscuit	497	5.5	21.4	65.7
X434243	Grießklößchen, Suppeneinlage	Small semolina dumplings as soup garnish	152	6.93	5.7	17.59
F501152	Ananas gedünstet	Pineapple stewed	47	0.5	0.1	9.7
W110000	Braunschweiger Mettwurst Ia	Braunschweiger Mettwurst sausage high quality, spreadable	405	21.08	35.6	0.12
T121162	Thunfisch gebraten ohne Fett (Ofen)	Tuna fried without fat (oven)	165	27.3	6.23	0
T615152	Rotbarsch/Goldbarsch, gedünstet	Ocean perch/redfish, stewed	84	13.7	3.3	0
T118182	Schildmakrele/Stöcker, gebraten ohne Fett (Pfanne)	Atlantic horse mackerel fried without fat (pan)	132	22.34	4.78	0
U070162	Rind Tatar/Schabefleisch, gebraten ohne Fett (Ofen)	Beef mince, lean, fried without fat (oven)	147	29.33	3.33	0
N256000	Fruchtsaftschorle Apfel	Apple juice spritzer	26	0.06	0	6.14
G582142	Zucchini geschmort ohne Fett	Courgette braised without fat	23	1.4	0.31	3
W510082	Kasseler, Rohpökelware, geräuchert, gebraten ohne Fett (Pfanne)	Pork loin chop, raw cured, smoked, fried without fat (pan)	144	30.13	2.6	0
V584132	Schaf Bries, gekocht	Sheep sweetbread, boiled	91	15.4	3.28	0
N630800	Schwarztee (Getränk) mit Alkohol	Black tea (infusion) with alcohol	15	0	0	0
U522172	Schwein Stielkotelett, gegrillt	Pork chop (loin) grilled	223	27.27	12.67	0
X573012	Auberginen gedünstet (mit Fett und Salz)	Aubergines stewed (with fat and salt)	46	0.66	3.2	2.8
K717182	Rotkappe gebraten ohne Fett (Pfanne)	Orange birch bolete fried without fat (pan)	56	3.56	1.28	5.36
U891200	Schaf Hinterhaxe, mager, tiefgefroren	Sheep hindshank, lean, deep-frozen	112	20.4	3.35	0
Y381352	Schweinebauch gekocht (Wellfleisch)	Pork belly boiled	354	22.32	29.42	0
V536182	Hammel Leber, gebraten ohne Fett (Pfanne)	Mutton liver, fried without fat (pan)	146	22.89	4.49	3.41
H230400	Kastanienmehl	Sweet chestnut flour	359	5	3.24	70.35
U891132	Schaf Hinterhaxe, mager, gekocht	Sheep hindshank, lean, boiled	169	32.3	4.47	0
U57A172	Schwein Grillbauch, gegrillt	Pork belly for grilling, grilled	421	23.65	36.24	0
G420132	Stielmus/Rübstiel, gekocht	Turnip tops/greens, boiled	18	1.5	0.3	0.78
S231200	Speiseeis durchzogen mit Schokolade	Ice cream streaked with chocolate	231	2.85	12.59	25.5
G510162	Aubergine gebacken	Aubergine baked	22	0.67	0.21	3.56
N720600	Kräutertee (Getränk) mit Zucker	Herbal tea (infusion) with sugar	7	0	0	1.86
U867142	Lamm Bug/Schulter, geschmort ohne Fett	Lamb shoulder, braised without fat	169	29.39	5.75	0
U485162	Kalb Kugel/Nuss, gebraten ohne Fett (Ofen)	Veal thick flank, fried without fat (oven)	114	26.85	0.78	0
U471100	Kalb Haxe, roh	Veal shank, raw	118	19.3	4.51	0
C351032	Reis unpoliert, gekocht	Brown rice boiled	128	3.01	0.92	26.32
U371200	Kalb Bratenfleisch (Bug) tiefgefroren	Veal meat for roasting (shoulder) deep-frozen	94	21.2	1.01	0
T424200	Meerforelle tiefgefroren	Sea trout deep-frozen	108	18.4	3.61	0
U863132	Schaf Bug/Schulter, fett, gekocht	Sheep shoulder, fat, boiled	408	27.2	33.3	0
G331152	Kohlrabi gedünstet	Kohlrabi stewed	30	2.04	0.17	4.09
C352032	Reis poliert, gekocht	White rice boiled	117	3.3	0.35	24.8
G344152	Spitzkohl gedünstet	Pointed cabbage stewed	34	1.32	0.2	4.93
G350152	Romanesco gedünstet	Romanesco broccoli stewed	38	2.63	0.3	5.79
X651443	Kümmelkartoffeln gebacken	Potatoes with caraway seeds baked	138	2.51	3.8	22.63
X535312	Kohlrabi gedünstet (mit Fett und Salz)	Kohlrabi stewed (with fat and salt)	80	1.71	6.3	3.42
K410162	Maniok/Cassava, gebacken	Manioc/cassava, baked	187	1.28	0.29	43
U579162	Schwein Schwartenbraten (Krustenbraten) gebraten, ohne Fett (Ofen)	Pork meat for roasting (silverside) fried without fat (oven)	256	25.55	17.07	0
D623000	Marmorwaffeln (Rührmasse)	Marble waffles (cake batter)	505	9.89	31.64	44.2
K430162	Topinambur/Erdartischocke, gebacken	Jerusalem artichoke/topinambur, baked	70	3.13	0.53	5.13
U863142	Schaf Bug/Schulter, fett, geschmort ohne Fett	Sheep shoulder, fat, braised without fat	383	25.5	31.2	0
M2S8300	Ayran, Joghurtgetränk, gesalzen	Ayran, yogurt drink, salted	39	2.29	1.96	2.69
N720200	Kräutertee (Getränk) mit Milch 3,5 % Fett	Herbal tea (infusion) with milk 3.5 % fat	2	0.12	0.12	0.13
G420152	Stielmus/Rübstiel, gedünstet	Turnip tops/greens, stewed	19	1.6	0.3	0.86
F601600	Zitronensaft	Lemon juice	30	0.63	0.3	1.7
Y373012	Schweineleber mehliert, gebraten	Pork liver floured, fried	165	22.45	6.46	4.27
V250162	Wildschwein Fleisch, gebraten ohne Fett (Ofen)	Wild boar meat, fried without fat (oven)	191	25.03	10.05	0
K430182	Topinambur/Erdartischocke, gebraten ohne Fett (Pfanne)	Jerusalem artichoke/topinambur, fried without fat (pan)	62	2.77	0.47	4.54
Y730243	Omelett gebraten mit Käse	Omelette fried with cheese	213	13.2	17.53	0.66
G480142	Speisezwiebel geschmort ohne Fett	Onion braised without fat	42	1.43	0.19	7.52
V242162	Wildkaninchen Fleisch, gebraten ohne Fett (Ofen)	Wild rabbit meat, fried without fat (oven)	125	25.8	2.41	0
P288300	Ananasbowle	Pineapple punch	66	0.2	0	4.2
G321152	Chinakohl gedünstet	Chinese white cabbage stewed	20	1.96	0.22	1.5
X9A2080	Porridge gesüßt, mit Sojadrink	Porridge sweetened, with soya drink	103	5.32	2.38	13.3
W234032	Fleischwurst gekocht	Bologna boiled	270	11.29	24.73	0.23
T780200	Europäische Auster tiefgefroren	European oyster deep-frozen	67	9	2.94	1.09
H410600	Leinsamen geröstet ohne Fett	Linseed/flax seed, roasted without fat	477	22.27	37.24	1.7
V575142	Lamm Niere, geschmort ohne Fett	Lamb kidney, braised without fat	159	30.6	4.06	0
U522162	Schwein Stielkotelett, gebraten ohne Fett (Ofen)	Pork chop (loin) fried without fat (oven)	203	26.63	10.75	0
T633152	Meeräsche gedünstet	Grey mullet stewed	98	18.21	2.75	0
T070182	Seeteufel gebraten ohne Fett (Pfanne)	Anglerfish fried without fat (pan)	79	17.69	0.86	0
G345062	Sauerkraut abgetropft, gebacken	Sauerkraut drained, baked	26	1.32	0.36	1.17
B6A2400	Roggenvollkornknäckebrot mit Dinkel	Wholemeal rye crispbread with spelt	331	10.11	1.54	59.73
T213232	Alaska-Pollack/Alaska-Seelachs, tiefgefroren, pochiert	Alaska pollock deep-frozen, poached	76	17.32	0.79	0
Y842712	Pflaumenkompott/Zwetschgenkompott, zuckerreduziert	Plum compote sugar-reduced	52	0.22	0.13	12.05
U432162	Kalb Hals/Nacken/Kamm, gebraten ohne Fett (Ofen)	Veal scrag fried without fat (oven)	136	27.5	2.88	0
M206200	Milchmischgetränk 1,5 % Fett, mit Kakao/Schokolade, gesüßt	Milk drink 1.5 % fat, with cocoa/chocolate, sweetened	63	3.61	1.6	8.4
U452700	Kalb Brust, Rohpökelware, geräuchert	Veal breast, raw cured, smoked	190	17.21	13.28	0.49
V468142	Ente Innereien, geschmort ohne Fett	Duck giblets, braised without fat	210	26.6	11.51	0
U080182	Rind Leberhack, gebraten ohne Fett (Pfanne)	Beef liver mince, fried without fat (pan)	159	22.81	4.58	6.62
C219132	Hartweizen Vollkorngrieß, gekocht	Durum wheat wholemeal semolina, boiled	156	6.49	1.05	27.45
H130610	Haselnuss geröstet ohne Fett	Hazelnut roasted without fat	679	16.25	64.59	4.3
G484132	Perlzwiebel gekocht	Pearl onion boiled	33	1.16	0.15	6.01
G510152	Aubergine gedünstet	Aubergine stewed	21	0.62	0.2	3.28
X699412	Folienkartoffeln gebacken	Jacket potatoes baked	90	2.15	0.1	19.35
T305182	Goldbutt/Scholle, gebraten ohne Fett (Pfanne)	Plaice fried without fat (pan)	90	20.4	0.9	0
D079000	Pizzateig (mit Hefe) roh	Pizza dough with yeast, raw	246	6.47	5.13	42
U323172	Kalb Kotelett (Rücken) gegrillt	Veal chop (loin) grilled	131	25.72	3.16	0
X320053	Grundsauce hell/weiß	Basic sauce white	58	0.79	4.5	3.57
X554043	Paprika-Tomaten-Gemüse gedünstet	Sweet peppers and tomatoes stewed	44	1.06	1.62	5
T121132	Thunfisch pochiert	Tuna poached	134	21	5.52	0
Y840143	Rhabarberkompott	Rhubarb compote	75	0.47	0.11	15.89
H740132	Gartenbohne reif, gekocht	Haricot bean mature, boiled	131	9.08	0.6	17.81
T415600	Königslachs geräuchert	Chinook salmon smoked	195	21.48	12.09	0
U564162	Schwein Dicke Rippe gebraten ohne Fett (Ofen)	Pork breast tip cut fried without fat (oven)	228	25.24	14.13	0
C118032	Quinoa weiß, gekocht	Quinoa white, boiled	104	3.49	1.8	16.92
V132162	Kaninchen Fleisch, gebraten ohne Fett (Ofen)	Domestic rabbit meat, fried without fat (oven)	154	25.7	5.7	0
U721172	Schaf Kotelett, gegrillt	Sheep chop (loin) grilled	464	20.43	42.51	0
V526132	Hammel Hirn, gekocht	Mutton brain, boiled	126	12.18	8.56	0
R912000	Sushi Ingwer (Gari) Konserve	Sushi ginger (Gari) canned	65	1.2	0.47	12.6
M2D1100	Joghurt aus entrahmter Milch, max. 0,5 % Fett, mit Vanillezubereitung, Zucker und Süßungsmitteln	Yogurt from skimmed milk, max. 0.5 % fat, with vanilla preparation, sugar and artificial sweeteners	46	3.66	0.09	7.1
W141100	Deutsche Salami/Schinkensalami	German salami	386	21.81	33.08	0.18
T305232	Goldbutt/Scholle, tiefgefroren, pochiert	Plaice deep-frozen, poached	63	13.37	1.04	0
G480400	Speisezwiebel getrocknet	Onion dried	315	10.83	1.41	56.33
G485142	Schalotte geschmort ohne Fett	Shallot braised without fat	41	2.5	0.1	4
N410600	Kaffee (Getränk) mit Zucker	Coffee (infusion) with sugar	9	0.12	0	1.86
B561200	Dinkelbrötchen mit Nüssen	Spelt roll with nuts	312	10.7	6.54	50
T093400	Kabeljaurogen gesalzen	Cod roe salted	126	24.8	3	0
B6A2700	Roggenvollkornknäckebrot mit Kümmel	Wholemeal rye crispbread with caraway seeds	328	9.45	1.4	59.37
G321182	Chinakohl gebraten ohne Fett (Pfanne)	Chinese white cabbage fried without fat (pan)	34	3.4	0.38	2.6
T410082	Lachs gebraten ohne Fett (Pfanne)	Salmon fried without fat (pan)	208	23.63	12.6	0
T207600	Köhler/Seelachs, geräuchert	Saithe/pollack, smoked	98	22.8	0.81	0
G210600	Gemüsesaft aus Spinat	Spinach juice	10	1.4	0.24	0.44
U323162	Kalb Kotelett (Rücken) gebraten ohne Fett (Ofen)	Veal chop (loin) fried without fat (oven)	134	27.11	2.83	0
C354100	Reismischung mit Wildreis, roh	Rice mix with wild rice, raw	360	9.57	2.26	73.43
H861042	Tofu geschmort ohne Fett	Tofu braised without fat	116	16.42	5.23	0
U583200	Schwein Kochfleisch (Bauch) tiefgefroren	Pork meat for boiling (belly) deep-frozen	324	17.74	28.06	0
K120164	Kartoffel ungeschält, gebacken	Potatoe unpeeled, baked	100	2.5	0.2	20.72
V635200	Ente Leber, tiefgefroren	Duck liver, deep-frozen	121	18.7	4.64	1.2
E141132	Gänseei gekocht	Goose egg boiled	177	13.9	13.3	0.34
T200152	Grenadier gedünstet	Grenadier stewed	69	15.62	0.67	0
U331182	Kalb Steak (Rücken) gebraten ohne Fett (Pfanne)	Veal steak (loin) fried without fat (pan)	142	27.87	3.35	0
C333132	Hirse Flocken, gekocht	Millet wholegrain flakes, boiled	67	2.23	0.59	12.77
G710200	Bohne grün, tiefgefroren	Bean green, deep-frozen	28	1.9	0.27	3.7
Y843212	Johannisbeerkompott ungesüßt	Red currant compote unsweetened	30	1.13	0.16	3.38
N720300	Kräutertee (Getränk) mit Milch 3,5 % Fett und Zucker	Herbal tea (infusion) with milk 3.5 % fat and sugar	9	0.12	0.11	1.93
F130600	Birnensaft	Pear juice	64	0.27	0.23	15.8
V217162	Hirsch Rücken, gebraten ohne Fett (Ofen)	Venison saddle, fried without fat (oven)	140	26.81	3.66	0
G430182	Gemüsefenchel gebraten ohne Fett (Pfanne)	Fennel/Florence fennel, fried without fat (pan)	51	2.64	0.38	6.46
H430610	Sonnenblumenkern geröstet ohne Fett	Sunflower seeds roasted without fat	573	26.11	48.57	4.9
U686162	Schwein Unterschale (mit Rolle) gebraten ohne Fett (Ofen)	Pork silverside, fried without fat (oven)	256	25.55	17.07	0
F301400	Erdbeere getrocknet	Strawberry dried	323	7.06	3.44	50.93
G211182	Spinat gebraten ohne Fett (Pfanne)	Spinach fried without fat (pan)	28	3.08	0.45	1.39
T422272	Forelle tiefgefroren, gegrillt	Trout deep-frozen, grilled	161	25	6.52	0
H170610	Cashewkern geröstet ohne Fett	Cashew nut roasted without fat	629	21.01	48.06	26.5
R943000	Ganache/Canache, Überzug für Gebäck/Torten	Ganache for pastry/tortes	405	4.27	29.04	29.5
Y397812	Schweinebauch gebraten im Ofen (mit Fett und Salz)	Pork belly fried in oven (with fat and salt)	431	22.69	37.77	0.02
X0A3000	Knuspermüsli (Granola) gesüßt, gebacken	Crunchy muesli (granola) sweetened, baked	416	12.3	18	46.6
U432142	Kalb Hals/Nacken/Kamm, geschmort ohne Fett	Veal scrag braised without fat	132	26.57	2.84	0
T121172	Thunfisch gegrillt	Tuna grilled	169	27.4	6.62	0
D618000	Gewürzplätzchen glutenfrei	Spiced biscuits gluten-free	471	3.23	22.1	64
S570900	Bitterschokolade mit Kaffee	Dark chocolate filled with coffee	563	9.1	41.33	33.7
U522182	Schwein Stielkotelett, gebraten ohne Fett (Pfanne)	Pork chop (loin) fried without fat (pan)	206	26.99	10.9	0
G898100	Gemüse-Meerrettich (ohne Salz) Konserve	Horseradish (unsalted) canned	123	4.11	7.56	7.76
T207172	Köhler/Seelachs, gegrillt	Saithe/pollack, grilled	127	24.91	3.02	0
H180610	Paranuss geröstet ohne Fett	Brazil nut roasted without fat	716	16.96	69.49	2.8
U131172	Rind Steak (Rücken) gegrillt	Beef steak (loin) grilled	151	26.28	5.1	0
U221162	Rind Roastbeef (Rücken) gebraten ohne Fett (Ofen)	Beef roastbeef (loin) fried without fat (oven)	160	29.12	4.81	0
N002000	Nearwater/Aqua Plus Getränk, aromatisiert, gesüßt	Nearwater/Aqua Plus beverage, flavoured, sweetened	13	0	0	3.2
V475182	Gans Schenkel, mit Haut, gebraten ohne Fett (Pfanne)	Goose leg, with skin, fried without fat (pan)	206	24.49	11.96	0
U892200	Schaf Hinterhaxe, mittelfett, tiefgefroren	Sheep hindshank, medium fat, deep-frozen	180	18.8	11.6	0
V466182	Ente Brust, mit Haut, gebraten ohne Fett (Pfanne)	Duck breast, with skin, fried without fat (pan)	192	24.05	10.6	0
G670162	Wurzelpetersilie gebacken	Parsley root baked	89	3.39	0.55	16.2
V573142	Schwein Niere, geschmort ohne Fett	Pork kidney, braised without fat	113	19.94	3.72	0
Y885150	Erdbeerjoghurt mit Sahne	Strawberry yogurt with cream	96	2.56	4.8	9.65
C211132	Weizen Vollkornschrot, gekocht	Wheat coarse meal, boiled	50	1.99	0.28	8.93
D623400	Schinkenwaffeln (Rührmasse)	Ham waffles (cake batter)	334	12.42	18.94	27.3
G541072	Gemüsepaprika grün, gegrillt	Sweet pepper green, grilled	41	1.14	0.26	7.4
M8C3300	Speisequarkzubereitung mind. 20 % Fett i. Tr., mit Vanillezubereitung, gesüßt	Quark preparation min. 20 % fat in dry matter, with vanilla preparation, sweetened	114	7.28	3.66	12.32
H760600	Sojabohne reif, geröstet ohne Fett (Sojakerne)	Soya bean mature (soya kernel) roasted without fat	392	38.2	18.64	6.7
W184000	Bratwurst geräuchert	Bratwurst sausage smoked, raw, small, firm	264	19.74	20.53	0.12
U284132	Rind Hüfte, gekocht	Beef rump, boiled	174	36.2	3.2	0
V464172	Ente Fleisch, mit Haut, gegrillt	Duck meat, with skin, grilled	268	24.98	18.65	0
X431143	Ei-Einlauf, Suppeneinlage	Egg added to soups	134	10.32	6.28	8.72
U742182	Schaf Schnitzel (Keule, mittelfett) gebraten ohne Fett (Pfanne)	Sheep schnitzel (leg, medium fat) fried without fat (pan)	224	25.9	13.4	0
T213162	Alaska-Pollack/Alaska-Seelachs, gebraten ohne Fett (Ofen)	Alaska pollock fried without fat (oven)	77	16.9	1.05	0
R944000	Trüffelfüllcreme für Gebäck/Torten	Truffle cream filling for pastry/tortes	428	4.04	32.59	27.7
U020142	Schwein Hackfleisch, geschmort ohne Fett	Pork mince, braised without fat	393	27.71	31.36	0
U771142	Schaf Bratenfleisch (Bug, mager) geschmort ohne Fett	Sheep meat for roasting (shoulder, lean) braised without fat	193	29.2	8.45	0
H320600	Pinienkern geröstet ohne Fett	Pine nut roasted without fat	673	16.4	63.2	6.3
G211162	Spinat gebacken	Spinach baked	22	2.43	0.35	1.08
X9A2110	Porridge ungesüßt, mit Sojadrink	Porridge unsweetened, with soya drink	96	5.5	2.46	11.2
T612182	Schwertfisch gebraten ohne Fett (Pfanne)	Swordfish fried without fat (pan)	124	23.04	3.5	0
Y842912	Süßkirschkompott ungesüßt	Sweet cherry compote unsweetened	59	0.75	0.26	12.77
Y8A4050	Grießflammeri/Grießpudding, ohne Ei	Semolina pudding without egg	118	4.32	3.21	17.66
U287162	Rind Oberschale, gebraten ohne Fett (Ofen)	Beef topside/top round, fried without fat (oven)	159	28.2	5.1	0
U871172	Schaf Vorderhaxe, mager, gegrillt	Sheep foreshank, lean, grilled	161	29.7	4.72	0
U861132	Schaf Bug/Schulter, mager, gekocht	Sheep shoulder, lean, boiled	206	31.2	9.01	0
K703152	Morchel gedünstet	Morel stewed	41	3.5	0.45	0.8
C414100	Mehlmischung glutenfrei	Flour mix gluten-free	348	2.6	0.68	81.8
Y461132	Lammbraten ohne Sauce	Lamb roast without sauce	166	26.77	6.55	0.02
T501182	Karpfen gebraten ohne Fett (Pfanne)	Carp fried without fat (pan)	138	21.38	5.83	0
V574142	Schaf Niere, geschmort ohne Fett	Sheep kidney, braised without fat	162	29.8	4.72	0
V546132	Hammel Lunge, gekocht	Mutton lungs, boiled	92	18.4	2.04	0
T512200	Schleie tiefgefroren	Tench deep-frozen	77	17.7	0.74	0
E604300	Eierteigwaren mit Weizenkeimen, roh	Egg pasta with wheat germ, raw	367	15.46	2.69	67.47
V416172	Hähnchen Brustfilet, gegrillt	Chicken breast fillet, grilled	140	30.29	2.05	0
C242032	Gerste Schrot, gekocht	Barley coarse meal, boiled	51	1.75	0.32	9.5
T307600	Schwarzer Heilbutt geräuchert	Greenland halibut smoked	232	17.3	18.1	0
V484200	Pute Fleisch, mit Haut, tiefgefroren	Turkey meat, with skin, deep-frozen	157	20.2	8.5	0
T207262	Köhler/Seelachs, tiefgefroren, gebraten ohne Fett (Ofen)	Saithe/pollack, deep-frozen, fried without fat (oven)	119	26.35	1.51	0
G650132	Schwarzwurzel gekocht	Black salsify boiled	51	1.3	0.4	6.6
B257300	Weizenmischbrot mit Buttermilch	Wheat-rye bread (> 50 % and < 90 % wheat) with buttermilk	222	7.34	0.89	43
T601132	Barsch/Flussbarsch, pochiert	European perch poached	73	16.83	0.6	0
B780500	Pumpernickel	Pumpernickel	176	4.84	1.46	31.1
X654042	Pommes frites	Potato chips	239	3.37	10.66	31.08
U651142	Schwein Brustspitze, geschmort ohne Fett	Pork breast tip, braised without fat	251	26.5	16.1	0
T633182	Meeräsche gebraten ohne Fett (Pfanne)	Grey mullet fried without fat (pan)	126	24.23	3.25	0
T600182	Meerbarbe gebraten ohne Fett (Pfanne)	Goatfish fried without fat (pan)	116	23.87	2.25	0
V132200	Kaninchen Fleisch, tiefgefroren	Domestic rabbit meat, deep-frozen	133	20.8	5.5	0
U871142	Schaf Vorderhaxe, mager, geschmort ohne Fett	Sheep foreshank, lean, braised without fat	159	30.3	4.19	0
S241600	Speiseeis Vanille, überzogen mit Schokolade und Mandeln	Vanilla ice cream, covered with chocolate and almonds	326	4.9	20.1	30.07
Y6A3010	Rotbarschfilet pochiert (ohne Sauce)	Redfish fillet poached (without sauce)	90	14.5	3.51	0
U342200	Kalb Schnitzel (Keule) tiefgefroren	Veal schnitzel (round) deep-frozen	89	20.7	0.72	0
D0A6000	Kuchenboden/Tortenboden (Mürbeteig, einfacher)	Cake base/torte base (shortcrust pastry, simple)	480	7.83	24.68	55.04
M248000	Joghurt mind. 3,5 % Fett, mit Kaffeezubereitung, gesüßt	Yogurt min. 3.5 % fat, with coffee preparation, sweetened	101	3.8	3.1	13.7
C532800	Reiswaffeln gesalzen	Puffed rice waffles salted	372	8.1	2.89	76.48
F225152	Reineclaude gedünstet	Greengage stewed	72	0.99	0	15.8
P5A5000	Kaffeelikör/Schokoladenlikör, cremig, mit Milch/Sahne	Coffee/chocolate liqueur, with milk/cream	262	0.75	10.18	18
G486152	Frühlingszwiebel/Lauchzwiebel (ohne Laub) gedünstet	Spring onion, bulb only, stewed	32	0.9	0.15	5.87
C492000	Mehrkornschrot	Grain mix coarse meal	329	10.97	3.09	58
T061182	Hornfisch/Hornhecht, gebraten ohne Fett (Pfanne)	Garfish fried without fat (pan)	125	23.2	3.6	0
D710300	Biskuitplätzchen	Small sponge biscuits	414	12.44	5.4	77.47
D733200	Streuselplätzchen (Mürbeteig)	Crumble biscuits (shortcrust pastry)	490	7.05	24.71	58.5
F211400	Süßkirsche getrocknet	Sweet cherry dried	277	3.54	1.22	60.25
X4B2000	Haferflockensuppe gesüßt, mit Milch 3,5 % Fett	Oat flakes soup sweetened, with milk 3.5 % fat	103	4.75	4.32	10.9
N414000	Cappuccino (Getränk) mit Milch 3,5 % Fett	Cappuccino (infusion) with milk 3.5 % fat	50	2.9	2.79	3.22
U950100	Schweinefleisch im eigenen Saft, mit Schwarten Konserve	Pork in its own juice, with rind, canned	297	17.6	25	0.42
G322132	Grünkohl gekocht	Curly kale boiled	38	2.7	1.3	2
D790100	Kekse/Plätzchen, salzig (Vollkornmürbeteig)	Wholemeal biscuits, salted	497	9.42	27.44	48.4
T603172	Zander gegrillt	Pike-perch grilled	105	24.5	0.79	0
N410200	Kaffee (Getränk) mit Milch 3,5 % Fett	Coffee (infusion) with milk 3.5 % fat	3	0.23	0.12	0.13
G581142	Kürbis Pumpkin (C. pepo) geschmort ohne Fett	Pumpkin (C. pepo) braised without fat	39	1.2	0.14	6.39
V465200	Ente Schenkel, mit Haut, tiefgefroren	Duck leg, with skin, deep-frozen	212	17.17	15.96	0
B526400	Roggenbrötchen mit Mohn	Rye roll with poppy seeds	275	8.45	3.43	48
V488182	Pute Innereien, gebraten ohne Fett (Pfanne)	Turkey giblets, fried without fat (pan)	236	26.6	14.39	0
F403600	Schlehensaft	Sloe fruit juice	42	0.68	0.18	7.04
G480072	Speisezwiebel gegrillt	Onion grilled	54	1.83	0.24	9.69
T305132	Goldbutt/Scholle, pochiert	Plaice poached	66	15	0.7	0
K440182	Yamswurzel gebraten ohne Fett (Pfanne)	Yam fried without fat (pan)	140	2.27	0.15	29.2
G660600	Gemüsesaft aus Knollensellerie	Celeriac juice	18	1.32	0.26	2.22
U802000	Schaf Fleisch, fett- und sehnenarm, roh	Sheep meat, low in fat and tendons, raw	125	20	5	0
U753142	Schaf Gulasch (Bug, fett) geschmort ohne Fett	Sheep goulash (shoulder, fat) braised without fat	372	24.8	30.3	0
H844500	Soja-Joghurtalternative gesüßt, aromatisiert, angereichert mit Vitaminen und Calcium	Plant-based yogurt alternative, made from soya, sweetened, flavoured fortified with vitamins and calcium	62	3.96	2.54	5.4
Y599012	Hähnchenschenkel gekocht (mit Fett und Salz)	Chicken thigh boiled (with fat and salt)	292	22.86	22.32	0
Y311612	Schweinemedaillon natur, gebraten	Pork medaillon fried	129	28.6	1.6	0
T420182	Forelle gebraten ohne Fett (Pfanne)	Trout fried without fat (pan)	181	25.59	8.58	0
F211600	Süßkirschsaft	Sweet cherry juice	60	0.81	0.25	13.8
U261142	Rind Bug/Schulter, geschmort ohne Fett	Beef shoulder, braised without fat	163	27.13	6.06	0
U203000	Rind Fleisch, grob entsehnt, sichtbarer Fettanteil max. 5 % (R II) roh	Beef meat, tendons coarsly removed, visible fat content max. 5 % (R II) raw	156	20.76	8.11	0
U109142	Rind Ochsenschwanz, geschmort ohne Fett	Beef oxtail, braised without fat	241	29.5	13.7	0
G430152	Gemüsefenchel gedünstet	Fennel/Florence fennel, stewed	26	1.37	0.2	3.37
U522700	Schwein Stielkotelett, Kochpökelware, geräuchert	Pork chop (loin) cooked cured, smoked	131	17.07	6.82	0.44
T507152	Pangasius/Schlankwels, gedünstet	Striped catfish stewed	68	13.16	1.71	0
V512200	Kalb Herz, tiefgefroren	Veal heart, deep-frozen	109	15.9	5.06	0
G542172	Gemüsepaprika gelb, gegrillt	Sweet pepper yellow, grilled	30	0.84	0.21	4.75
T102162	Hering gebraten ohne Fett (Ofen)	Herring fried without fat (oven)	171	20.4	9.91	0
H861132	Seidentofu gargezogen	Silken tofu poached	41	4.2	2.5	0
G410132	Artischocke gekocht	Artichokes boiled	54	2.92	0.15	3.27
C660300	Haferdrink gesüßt, aromatisiert	Oat drink sweetened, flavoured	41	0.72	0.98	7.18
U693200	Schwein Hintereisbein/Hinterhaxe, tiefgefroren	Pork hindshank (hock) deep-frozen	222	20.12	15.7	0
T617182	Schafskopf (Meerbrasse) gebraten ohne Fett (Pfanne)	Sheepshead fried without fat (pan)	120	24	2.71	0
X465553	Grüne-Bohnen-Suppe mit Gemüsebrühe und Kartoffeln	Green bean soup with vegetable stock and potatoes	33	1.57	0.2	5.5
U452162	Kalb Brust, gebraten ohne Fett (Ofen)	Veal breast, fried without fat (oven)	234	23.87	15.35	0
U721182	Schaf Kotelett, gebraten ohne Fett (Pfanne)	Sheep chop (loin) fried without fat (pan)	393	19.39	35.07	0
F302400	Himbeere getrocknet	Raspberry dried	302	7	2.1	36.2
W441032	Parmaschinken gekocht	Parma ham boiled	323	32.34	20.94	0.16
D9A1000	Vollkornblätterteig eifrei, roh	Wholemeal puff pastry egg-free, raw	405	4.9	31.28	23.72
U816172	Hammel Filet/Lende, gegrillt	Mutton tenderloin, grilled	260	25.65	17.54	0
P285000	Weißwein-Schorle mit Mineralwasser	White wine spritzer with mineral water	33	0.05	0	0.16
W163100	Schinkenplockwurst/Schinkenplockwurst luftgetrocknet	Schinkenplockwurst sausage air dried	243	25.55	15.53	0.18
S560500	Zartbitter-/Halbbitterschokolade, mit Mokka/Kaffee	Bittersweet/semisweet chocolate, filled with mocha/coffee	523	7	31.4	48.3
G581042	Kürbis Hokkaido (C. maxima) geschmort ohne Fett	Hokkaido pumpkin braised without fat	33	1.52	0.22	5.82
H730032	Linse rot, reif, gekocht	Lentil red, mature, boiled	113	8.8	0.76	16.3
S622400	Pralinen gefüllt mit Kokoscreme	Pralines filled with coconut cream	575	5.36	38.94	49.5
G341162	Rotkohl gebacken	Red cabbage baked	33	1.84	0.21	4.39
V112142	Pferd Fleisch, geschmort ohne Fett	Horse meat, braised without fat	145	28.48	3.26	0.54
V232142	Hase Fleisch, geschmort ohne Fett	Hare meat, braised without fat	155	30.63	3.59	0
V413172	Hähnchen Fleisch, ohne Haut, gegrillt	Chicken meat, without skin, grilled	172	27.8	6.7	0
T311152	Flunder gedünstet	Flounder stewed	79	14.7	2.28	0
P1A3110	Radler sauer (Pilsner Bier mit Mineralwasser)	Pilsner beer mixed with mineral water	19	0.21	0	1.11
V634200	Hähnchen Leber, tiefgefroren	Chicken liver, deep-frozen	112	17.44	4.15	1.2
W156000	Landmettwurst	Landmettwurst sausage firm	265	25.27	18.21	0
K701400	Champignon getrocknet	Button mushroom dried	261	33.22	2.49	26.9
H842600	Sojadrink gesüßt, aromatisiert, angereichert mit Vitaminen und Calcium	Soya drink sweetened, flavoured, fortified with vitamins and calcium	58	3.01	2.21	5.69
X987512	Weizen gekocht (mit Fett und Salz)	Wheat boiled (with fat and salt)	202	6.62	4.42	30.57
G213152	Neuseeländer Spinat gedünstet	New Zealand spinach stewed	18	1.8	0.2	1.12
T424182	Meerforelle gebraten ohne Fett (Pfanne)	Sea trout fried without fat (pan)	126	21.8	4.06	0
D734800	Haselnusskugeln (Mürbeteig)	Hazelnut balls (shortcrust pastry)	553	9.6	37.75	41.8
G342152	Weißkohl gedünstet	White cabbage stewed	35	1.5	0.21	4.93
X0A1020	Cornflakes mit Sojadrink und Ahornsirup gesüßt	Cornflakes with soya drink, maple syrup sweetened	134	3.81	1.34	25.4
G342132	Weißkohl gekocht	White cabbage boiled	29	1.28	0.18	4.21
U163142	Rind Roulade (Oberschale) geschmort ohne Fett	Beef meat for olives (topside/top round) braised without fat	163	28.84	5.33	0
K420182	Batate/Süßkartoffel, gebraten ohne Fett (Pfanne)	Batata/sweet potato, fried without fat (pan)	135	1.85	0.68	28.6
D753500	Vanillehörnchen/Vanillekipferl (Mürbeteig)	Vanilla crescents (shortcrust pastry)	543	8.5	32.96	51.4
V272142	Rentier Fleisch, geschmort ohne Fett	Reindeer meat, braised without fat	144	31.6	2	0
Q6A6000	Joghurtbutter	Butter with yogurt	611	1.98	66.19	1.59
G322142	Grünkohl gedämpft	Curly kale steamed	44	3.44	0.55	2.75
U857132	Lamm Brust, gekocht	Lamb breast, boiled	372	23.82	30.77	0
U291132	Rind Hinterhesse, gekocht	Beef leg/hindshank, boiled	161	26.4	6.2	0
U872142	Schaf Vorderhaxe, mittelfett, geschmort ohne Fett	Sheep foreshank, medium fat, braised without fat	242	27.9	14.5	0
V485172	Pute Keule, ohne Haut, gegrillt	Turkey leg, without skin, grilled	176	31.54	5.55	0
Q6A4000	Butter gesalzen	Butter salted	732	1.16	80.56	0.56
V533200	Schwein Leber, tiefgefroren	Pork liver, deep-frozen	131	20.96	4.77	1
G760162	Erbse grün, gebacken	Pea green, baked	103	6.9	0.56	14.47
U121200	Rind Kotelett (Rücken) tiefgefroren	Beef chop (loin) deep-frozen	130	22.45	4.45	0
S229000	Parfait/Halbgefrorenes	Parfait	340	4	22.92	29.3
F304152	Heidelbeere gedünstet	Blueberry stewed	64	0.5	0.63	10.21
X537112	Rotkohl gedünstet (mit Fett und Salz)	Red cabbage stewed (with fat and salt)	45	0.98	2.75	2.85
V485200	Pute Keule, ohne Haut, tiefgefroren	Turkey leg, without skin, deep-frozen	114	20.5	3.61	0
U371162	Kalb Bratenfleisch (Bug) gebraten ohne Fett (Ofen)	Veal meat for roasting (shoulder) fried without fat (oven)	120	27.5	1.09	0
K713182	Pfifferling gebraten ohne Fett (Pfanne)	Chanterelle fried without fat (pan)	43	6.41	0.44	0.9
G324132	Pak Choi gekocht	Pak choi boiled	15	1.65	0.18	1
T612200	Schwertfisch tiefgefroren	Swordfish deep-frozen	106	19.4	3.11	0
F603700	Orangennektar	Orange nectar	38	0.38	0	8.55
X0A1000	Cornflakes mit Milch 1,5 % Fett und Honig gesüßt	Cornflakes with milk 1.5 % fat, honey sweetened	148	4.02	1.49	28.95
W441082	Parmaschinken gebraten ohne Fett (Pfanne)	Parma ham fried without fat (pan)	319	30.18	21.54	0.15
S790000	Kakaomasse	Cocoa mass	672	9.61	65.92	4.6
F406600	Holundersaft	Elderberry juice	57	2.02	1.36	6.91
E607100	Grießklößchen getrocknet	Semolina dumplings dried	431	21.67	17.22	45.97
T800100	Klippfisch 1/1 trocken (gesalzen, getrocknet)	Fish salted, dried	185	44.7	0.72	0
S320000	Hartkaramelle (Bonbon) gefüllt	Boiled sweets filled/hard candy filled	408	0	0	87.3
V511200	Rind Herz, tiefgefroren	Beef heart, deep-frozen	121	16.8	6	0
P1A1120	Weizen-Radler, alkoholfrei (Weizenbier, alkoholfrei, mit Zitronenlimonade)	Wheat beer, alcohol-free, mixed with carbonated lemonade	30	0.24	0	7
G341152	Rotkohl gedünstet	Red cabbage stewed	27	1.49	0.17	3.56
S475100	Ananas kandiert	Pineapple candied	208	0.3	0	51.1
U990400	Sauce Hollandaise, Konserve	Sauce Hollandaise, canned	100	2.7	7.24	6
U611172	Schwein Filet/Lende, gegrillt	Pork tenderloin, grilled	154	29.97	3.78	0
Y569122	Hähnchenschenkel/Hähnchenkeule, gebraten im Ofen	Chicken thigh fried in oven	307	24.8	23.05	0
T206172	Schellfisch gegrillt	Haddock grilled	92	21.5	0.71	0
B411000	Weizenvollkornbrötchen	Wholemeal wheat roll	288	10.5	3.26	49
H926100	Soja-Bratlinge gebraten ohne Fett (Pfanne)	Soya burgers fried without fat (pan)	287	20.1	20.13	6
C334032	Hirse gekocht	Millet boiled	139	4.67	1.17	26.76
U773162	Schaf Bratenfleisch (Bug, fett) gebraten ohne Fett (Ofen)	Sheep meat for roasting (shoulder, fat) fried without fat (oven)	351	23.3	28.6	0
P9A8000	Cocktail, Kir Royal	Cocktail, Kir royale	90	0	0	4.8
C238032	Dinkel Grieß, gekocht	Spelt semolina, boiled	37	1.36	0.2	7.14
K718152	Steinpilz gedünstet	Porcini mushroom stewed	65	7.61	0.56	4.6
Y890512	Kaiserschmarren (mit Milch 1,5 % Fett) gebraten	"Kaiserschmarren" fried (thick pancake with milk 1.5 % fat, cut into pieces)	244	8.1	12.6	23.3
K704182	Birkenpilz gebraten ohne Fett (Pfanne)	Brown birch bolete fried without fat (pan)	76	7.71	1.02	5.36
Y841412	Aprikosenkompott ungesüßt	Apricot compote unsweetened	38	0.7	0.12	7.32
Y362012	Schweinshaxe geschmort, ohne Sauce	Pork hock braised, without sauce	300	29.71	20.15	0.02
D730300	Spritzgebäck mit Mandeln (Rührmasse)	Spritz biscuits with almonds (cake batter)	528	7.07	31.18	53.08
S142300	Birnenkraut (ohne Zuckerzusatz)	Pear butter, unsweetened	191	1	0.9	42.9
V272162	Rentier Fleisch, gebraten ohne Fett (Ofen)	Reindeer meat, fried without fat (oven)	144	31.6	2	0
V402142	Baby-Pute Fleisch, mit Haut, geschmort ohne Fett	Young turkey meat, with skin, braised without fat	183	31.7	6.27	0
U892162	Schaf Hinterhaxe, mittelfett, gebraten ohne Fett (Ofen)	Sheep hindshank, medium fat, fried without fat (oven)	219	25.2	13.1	0
T753132	Garnele/Granat/Krabbe, gekocht	Common shrimp boiled	94	19.11	1.97	0
T208182	Merlan/Wittling, gebraten ohne Fett (Pfanne)	Whiting fried without fat (pan)	100	21.8	1.47	0
T207272	Köhler/Seelachs, tiefgefroren, gegrillt	Saithe/pollack, deep-frozen, grilled	107	23.51	1.43	0
K707182	Edel-Reizker gebraten ohne Fett (Pfanne)	Saffron milk cap (red pine mushroom) fried without fat (pan)	59	4.64	1.1	4.8
K702182	Trüffel gebraten ohne Fett (Pfanne)	Black truffle (Perigord black truffle) fried without fat (pan)	120	13.59	0.84	1
K110162	Kartoffel geschält, gebacken	Potatoe peeled, baked	117	2.73	0.14	25.21
F301600	Erdbeersaft	Strawberry juice	30	0.74	0.32	5.33
Y851512	Rhabarberkompott zuckerreduziert	Rhubarb compote sugar-reduced	49	0.51	0.12	9.13
T313200	Rotzunge tiefgefroren	Witch deep-frozen	71	15.5	1	0
C359042	Reis parboiled, poliert, geschmort ohne Fett	Rice parboiled, braised without fat	101	2.4	0.27	22.1
T204152	Dorsch/Kabeljau, gedünstet	Cod stewed	74	16.7	0.84	0
U853132	Schaf Brust, fett, gekocht	Sheep breast, fat, boiled	480	17.5	45.5	0
G482182	Frühlingszwiebel/Lauchzwiebel, gebraten ohne Fett (Pfanne)	Spring onion fried without fat (pan)	43	3	0.3	4.7
U632162	Schwein Kamm, gebraten ohne Fett (Ofen)	Pork neck, fried without fat (oven)	205	24.66	11.78	0
T121182	Thunfisch gebraten ohne Fett (Pfanne)	Tuna fried without fat (pan)	153	25	5.84	0
F602600	Limettensaft	Lime juice	24	0.45	0.2	1.52
V594132	Schaf Zunge, gekocht	Sheep tongue, boiled	229	18.6	17.2	0
C350222	Reis poliert, gedämpft	White rice steamed	108	2.45	0.18	23.8
H030432	Glasnudeln aus Mungbohnenstärke, gekocht	Glass noodles made from mung bean starch, boiled	92	0.07	0.01	22.24
U342182	Kalb Schnitzel (Keule) gebraten ohne Fett (Pfanne)	Veal schnitzel (round) fried without fat (pan)	126	29.22	0.97	0
U231200	Rind Hals/Kamm/Nacken, tiefgefroren	Beef neck/chuck, deep-frozen	149	19.25	8.05	0
Y576113	Ente gebraten im Ofen, mit Orangen und Sauce	Duck fried in oven, with oranges and sauce	307	21.5	23.3	2.01
T506252	Wels tiefgefroren, gedünstet	European catfish deep-frozen, stewed	117	13.5	7	0
V485142	Pute Keule, ohne Haut, geschmort ohne Fett	Turkey leg, without skin, braised without fat	136	26.94	3.09	0
E105182	Wachtelei gebraten ohne Fett (Pfanne)	Quail egg fried without fat (pan)	151	14.51	10.11	0.38
U611162	Schwein Filet/Lende, gebraten ohne Fett (Ofen)	Pork tenderloin, fried without fat (oven)	144	28.87	3.17	0
U733172	Schaf Filetsteak, gegrillt	Sheep fillet steak, grilled	170	33.15	4.18	0
V122162	Ziege Fleisch, gebraten ohne Fett (Ofen)	Goat meat, fried without fat (oven)	154	26.38	5.41	0
C320032	Buchweizen gekocht	Buckwheat boiled	115	4.43	1.01	20.99
G101182	Chicoree gebraten ohne Fett (Pfanne)	Witloof chicory fried without fat (pan)	38	4.51	0.34	2.4
V4B5182	Hähnchen Unterschenkel, mit Haut, gebraten ohne Fett (Pfanne)	Chicken drumstick, with skin, fried without fat (pan)	178	26.35	8.08	0
V464162	Ente Fleisch, mit Haut, gebraten ohne Fett (Ofen)	Duck meat, with skin, fried without fat (oven)	203	27.01	10.59	0
T420232	Forelle tiefgefroren, pochiert	Trout deep-frozen, poached	110	16.58	4.71	0
E112132	Hühnerei Eigelb, gekocht	Chicken egg yolk, boiled	345	15.6	31.3	0.21
T070152	Seeteufel gedünstet	Anglerfish stewed	60	13.3	0.72	0
V464182	Ente Fleisch, mit Haut, gebraten ohne Fett (Pfanne)	Duck meat, with skin, fried without fat (pan)	264	33.13	14.6	0
F312600	Traubensaft weiß	Grape white juice	64	0.63	0.16	13.99
C219232	Hartweizen ganzes Korn, gekocht	Durum wheat whole grain, boiled	184	7.69	1.17	32.52
Y740162	Eier gekocht	Eggs boiled	135	13.18	9	0.34
U121182	Rind Kotelett (Rücken) gebraten ohne Fett (Pfanne)	Beef chop (loin) fried without fat (pan)	166	29.12	5.53	0
G261152	Brennnessel gedünstet	Stinging nettle stewed	49	7.84	0.65	1.39
V524132	Schaf Hirn, gekocht	Sheep brain, boiled	119	11.6	8.08	0
T306200	Heilbutt/Weißer Heilbutt, tiefgefroren	Halibut/white halibut, deep-frozen	133	20.1	5.83	0
V464142	Ente Fleisch, mit Haut, geschmort ohne Fett	Duck meat, with skin, braised without fat	213	26.02	12.09	0
U751142	Schaf Gulasch (Bug, mager) geschmort ohne Fett	Sheep goulash (shoulder, lean) braised without fat	187	28.4	8.19	0
C147032	Gerste Grütze, gekocht	Barley groats, boiled	88	2.36	0.42	17.23
G570200	Zuckermais tiefgefroren	Sweetcorn deep-frozen	73	3.3	1.37	10.5
T305272	Goldbutt/Scholle, tiefgefroren, gegrillt	Plaice deep-frozen, grilled	111	23.99	1.72	0
G640152	Pastinake gedünstet	Parsnip stewed	58	2.63	0.42	9.5
Y622112	Kabeljau pochiert (ohne Sauce)	Cod poached (without sauce)	67	14.7	0.8	0.16
V478142	Gans Innereien, geschmort ohne Fett	Goose giblets, braised without fat	210	26.6	11.51	0
U261162	Rind Bug/Schulter, gebraten ohne Fett (Ofen)	Beef shoulder, fried without fat (oven)	161	26.93	5.89	0
T793162	Pilgermuschel/Jakobsmuschel, gratiniert ohne Fett (Ofen)	Scallop gratinated without fat (oven)	69	16.99	0.11	0
E632200	Dinkelvollkornteigwaren eifrei, roh	Wholemeal spelt pasta egg-free, raw	347	13.88	2.38	62.19
G490500	Knoblauch Pulver	Garlic powder	240	15.04	1.04	7
G430132	Gemüsefenchel gekocht	Fennel/Florence fennel, boiled	27	1.4	0.2	3.43
X5A9030	Röstzwiebeln	Fried onions	161	2.47	9.5	15.13
U866132	Hammel Bug/Schulter, gekocht	Mutton shoulder, boiled	399	24.7	33.33	0
T793200	Pilgermuschel/Jakobsmuschel, tiefgefroren	Scallop deep-frozen	63	15.6	0.1	0
V212200	Hirsch Fleisch, tiefgefroren	Venison meat, deep-frozen	112	20.6	3.34	0
T313152	Rotzunge gedünstet	Witch stewed	64	13.84	0.95	0
G312162	Broccoli gebacken	Broccoli baked	50	5.1	0.84	3.3
U693162	Schwein Hintereisbein/Hinterhaxe, gebraten ohne Fett (Ofen)	Pork hindshank (hock) fried without fat (oven)	271	27.31	17.94	0
F120152	Apfel geschält, gedünstet	Apple peeled, stewed	51	0.2	0.3	11.02
V416132	Hähnchen Brustfilet, gekocht	Chicken breast fillet, boiled	116	26.16	1.24	0
V596132	Hammel Zunge, gekocht	Mutton tongue, boiled	197	16.03	14.8	0
V416182	Hähnchen Brustfilet, gebraten ohne Fett (Pfanne)	Chicken breast fillet, fried without fat (pan)	137	30.79	1.59	0
E632300	Dinkelvollkorneierteigwaren roh	Wholemeal spelt egg pasta raw	353	14.11	2.69	61.95
U684162	Schwein Nuss, gebraten ohne Fett (Ofen)	Pork thick flank, fried without fat (oven)	135	27.95	2.63	0
H310600	Kürbiskern geröstet ohne Fett	Pumpkin seed roasted without fat	597	35.49	47.29	2.87
W514032	Kasseler, Rohpökelware, geräuchert, gekocht	Pork loin chop raw cured, smoked, boiled	146	31.1	2.44	0
F405600	Sanddornsaft	Sea buckthorn berry juice	33	0.94	2.33	1.9
T213272	Alaska-Pollack/Alaska-Seelachs, tiefgefroren, gegrillt	Alaska pollock deep-frozen, grilled	95	21.72	0.91	0
T060182	Hecht gebraten ohne Fett (Pfanne)	Pike fried without fat (pan)	99	21.8	1.27	0
T041142	Aal geschmort ohne Fett	Eel braised without fat	284	14.2	25.3	0
G541152	Gemüsepaprika grün, gedünstet	Sweet pepper green, stewed	42	1.17	0.26	7.48
G324152	Pak Choi gedünstet	Pak choi stewed (prepard without fat)	17	1.92	0.21	1
P1A1130	Weizen-Radler (Weizenbier mit Zitronenlimonade)	Wheat beer mixed with carbonated lemonade	40	0.31	0	5.86
T118152	Schildmakrele/Stöcker, gedünstet	Atlantic horse mackerel stewed	114	18.52	4.46	0
N720800	Kräutertee (Getränk) mit Alkohol	Herbal tea (infusion) with alcohol	15	0	0	0
G581132	Kürbis Pumpkin (C. pepo) gekocht	Pumpkin (C. pepo) boiled	38	1.15	0.14	6.08
S211000	Riegel aus Speiseeis, mit Karamell, überzogen mit Schokolade	Ice cream bar filled with ice cream and caramel, covered with chocolate	347	3.3	16.9	42.2
N4A3300	Cappuccino (Getränk) mit Milch 3,5 % Fett und Zucker	Cappuccino (infusion) with milk 3.5 % fat and sugar	58	2.9	2.73	5.34
U831142	Schaf Hals/Kamm/Nacken, geschmort ohne Fett	Sheep scrag, braised without fat	242	26.9	14.88	0
T204162	Dorsch/Kabeljau, gebraten ohne Fett (Ofen)	Cod fried without fat (oven)	92	20.9	0.91	0
T060132	Hecht pochiert	Pike poached	73	16	1.05	0
K724182	Shiitakepilz gebraten ohne Fett (Pfanne)	Shiitake mushroom fried without fat (pan)	48	4.1	0.3	3.9
K713152	Pfifferling gedünstet	Chanterelle stewed	37	5.51	0.38	0.78
T213282	Alaska-Pollack/Alaska-Seelachs, tiefgefroren, gebraten ohne Fett (Pfanne)	Alaska pollock deep-frozen, fried without fat (pan)	85	19.48	0.79	0
G614152	Weiße Rübe/Wasserrübe/Herbstrübe, gedünstet	Turnip stewed	39	0.97	0.22	6.46
H861032	Tofu gargezogen	Tofu poached	102	14.13	4.79	0
U672172	Schwein Vordereisbein/Vorderhaxe, gegrillt	Pork foreshank (hock) grilled	256	29.82	15.16	0
G343132	Wirsing gekocht	Savoy cabbage boiled	32	2.45	0.28	3.6
Y841812	Pfirsichkompott ungesüßt	Peach compote unsweetened	35	0.6	0.1	7.17
C235132	Dinkel Vollkornschrot, gekocht	Spelt coarse meal, boiled	51	2.31	0.36	8.86
T302182	Steinbutt gebraten ohne Fett (Pfanne)	Turbot fried without fat (pan)	97	19.83	1.95	0
G582182	Zucchini gebraten ohne Fett (Pfanne)	Courgette fried without fat (pan)	41	2.2	0.49	6
W515072	Kasseler, Rohpökelware, geräuchert, gegrillt	Pork loin chop raw cured, smoked, grilled	153	31.66	2.97	0
X701142	Frischteigwaren eifrei, selbstgemacht, roh	Fresh pasta egg-free, homemade, raw	231	7.85	0.79	46.38
F515600	Litschisaft	Lychee juice	72	0.77	0.24	16.6
U863162	Schaf Bug/Schulter, fett, gebraten ohne Fett (Ofen)	Sheep shoulder, fat, fried without fat (oven)	351	23.3	28.6	0
V486132	Pute Brust, ohne Haut, gekocht	Turkey breast, without skin, boiled	104	24.65	0.62	0
T208152	Merlan/Wittling, gedünstet	Whiting stewed	77	16.4	1.25	0
U532182	Schwein Kammsteak, gebraten ohne Fett (Pfanne)	Pork steak (neck) raw fried without fat (pan)	189	22.81	10.9	0
N411200	Espresso (Getränk) mit Zucker	Espresso (infusion) with sugar	43	0.4	0	10.07
K110142	Kartoffel geschält, geschmort ohne Fett	Potatoe peeled, braised without fat	80	1.8	0.08	17.16
K707152	Edel-Reizker gedünstet	Saffron milk cap (red pine mushroom) stewed	51	3.99	0.94	4.2
U892142	Schaf Hinterhaxe, mittelfett, geschmort ohne Fett	Sheep hindshank, medium fat, braised without fat	242	27.9	14.5	0
V487132	Pute Flügel, mit Haut, gekocht	Turkey wings, with skin, boiled	152	20.7	7.7	0
G101162	Chicoree gebacken	Witloof chicory baked	24	2.81	0.21	1.5
B131000	Hafervollkornbrot	Wholemeal oat bread	194	5.83	1.53	34
T601200	Barsch/Flussbarsch, tiefgefroren	European perch deep-frozen	79	18.4	0.6	0
F608600	Satsumasaft	Satsuma mandarin juice	39	0.7	0.24	7.68
G553132	Pfefferschote grün, gekocht	Chilli pepper green, boiled	42	2.1	0.2	7.11
S551000	Sahneschokolade mit Mokka/Kaffee	Cream chocolate with mocha/coffee	560	7.2	35.5	51.2
F304600	Heidelbeersaft	Blueberry juice	47	0.4	0.48	8.73
F545400	Kochbanane getrocknet	Plantain dried	306	2.79	0.17	69.7
U461162	Kalb Bug/Schulter, gebraten ohne Fett (Ofen)	Veal shoulder, fried without fat (oven)	120	27.5	1.09	0
V417200	Hähnchen Flügel, mit Haut, tiefgefroren	Chicken wings, with skin, deep-frozen	199	18.33	13.94	0
T412182	Buckellachs gebraten ohne Fett (Pfanne)	Pink salmon fried without fat (pan)	145	24.9	5	0
C519000	Popcorn gesüßt	Popcorn sweet	406	5.97	12.62	64.4
V591132	Rind Zunge, gekocht	Beef tongue, boiled	211	18.46	15.29	0
D6A8000	Biskuitboden glutenfrei	Sponge cake base gluten-free	258	7.37	4.98	45.77
F211152	Süßkirsche gedünstet	Sweet cherry stewed	81	1.03	0.36	17.62
U452142	Kalb Brust, geschmort ohne Fett	Veal breast, braised without fat	229	23.06	15.15	0
U577162	Schwein Kammbraten, gebraten, ohne Fett (Ofen)	Pork meat for roasting (neck) fried without fat (oven)	205	24.66	11.78	0
T124152	Gelbflossen-Thun gedünstet	Yellowfin tuna stewed	91	21.8	0.47	0
G520182	Gurke gebraten ohne Fett (Pfanne)	Cucumber fried without fat (pan)	28	1.8	0.34	3.33
G210132	Spinat gekocht	Spinach boiled	18	2.36	0.3	0.45
U522200	Schwein Stielkotelett, tiefgefroren	Pork chop (loin) deep-frozen	175	21.02	10.08	0
P1A1100	Colaweizen (Weizenbier mit Cola)	Wheat beer with cola	41	0.31	0	6.38
F321600	Johannisbeersaft rot	Red currant juice	30	1.29	0.16	3.86
V476172	Gans Fleisch, ohne Haut, gegrillt	Goose meat, without skin, grilled	183	29.4	7.22	0
E113162	Hühnerei Eiklar, gebacken	Chicken egg white, baked	49	11.7	0.04	0.49
T104182	Sardelle gebraten ohne Fett (Pfanne)	Anchovy fried without fat (pan)	234	23.87	15.4	0
D087000	Schokobiskuitboden	Chocolate sponge cake base	290	11.59	6.78	44.4
G261132	Brennnessel gekocht	Stinging nettle boiled	43	6.77	0.56	1.2
G583182	Chayote gebraten ohne Fett (Pfanne)	Chayote fried without fat (pan)	58	1.32	0.17	9.86
U611200	Schwein Filet/Lende, tiefgefroren	Pork tenderloin, deep-frozen	118	22.79	2.97	0
T417600	Wildlachs geräuchert	Pacific salmon smoked	120	21.48	3.78	0
V532182	Kalb Leber, gebraten ohne Fett (Pfanne)	Veal liver, fried without fat (pan)	110	18.62	1.51	5.39
G322200	Grünkohl tiefgefroren	Curly kale deep-frozen	59	4.62	0.74	3.69
U563162	Schwein Roulade (Oberschale) gebraten ohne Fett (Pfanne)	Pork meat for olives (topside) fried without fat (pan)	141	29.15	2.68	0
V513200	Schwein Herz, tiefgefroren	Pork heart, deep-frozen	117	16.9	5.53	0
U564132	Schwein Dicke Rippe gekocht	Pork breast tip cut boiled	256	28.54	15.81	0
G311142	Blumenkohl gedämpft	Cauliflower steamed	35	2.4	0.28	5.28
V222142	Reh Rücken, geschmort ohne Fett	Roe deer saddle, braised without fat	152	29.15	3.89	0
C356032	Reis Grieß, gekocht	Rice grits, boiled	55	1.14	0.1	12.2
G490152	Knoblauch gedünstet	Garlic stewed	96	5.93	0.41	3
G691152	Radieschen gedünstet	Small red radish stewed	18	1.03	0.14	2.27
U452200	Kalb Brust, tiefgefroren	Veal breast, deep-frozen	201	18.4	14.2	0
C133032	Hafer Flocken, gekocht	Oat flakes, boiled	66	2.5	1.26	10
G341132	Rotkohl gekocht	Red cabbage boiled	24	1.42	0.16	3.03
V122142	Ziege Fleisch, geschmort ohne Fett	Goat meat, braised without fat	178	30.5	6.26	0
E606000	Semmelknödel roh	White bread dumplings raw	182	8.11	4.99	25.4
G485152	Schalotte gedünstet	Shalot stewed	33	2	0.1	3.2
U57B162	Schwein Ladenbauch, gebraten ohne Fett (Ofen)	Pork belly for roasting, fried without fat (oven)	364	22.77	30.34	0
F545152	Kochbanane gedünstet	Plantain stewed	141	1.28	0.08	32.1
F507600	Kakisaft	Persimmon juice	56	0.6	0.24	12.71
T121272	Thunfisch tiefgefroren, gegrillt	Tuna deep-frozen, grilled	131	30.87	0.84	0
U171162	Rind Bratenfleisch (Bug) gebraten ohne Fett (Ofen)	Beef meat for roasting (shoulder) fried without fat (oven)	161	26.93	5.89	0
V474200	Gans Fleisch, mit Haut, tiefgefroren	Goose meat, with skin, deep-frozen	342	15.7	31	0
V417142	Hähnchen Flügel, mit Haut, geschmort ohne Fett	Chicken wings, with skin, braised without fat	185	21.9	10.86	0
V111200	Pferd Fleisch, tiefgefroren	Horse meat, deep-frozen	108	20.6	2.67	0.4
U892132	Schaf Hinterhaxe, mittelfett, gekocht	Sheep hindshank, medium fat, boiled	259	29.8	15.5	0
G311152	Blumenkohl gedünstet	Cauliflower stewed	38	2.58	0.3	5.66
H210400	Mandel süß, gemahlen	Sweet almond crushed	538	22.33	46.6	3.87
C326032	Buchweizen Grieß, gekocht	Buckwheat semolina, boiled	46	1.66	0.41	8.65
U070200	Rind Tatar/Schabefleisch, tiefgefroren	Beef mince, lean, deep-frozen	115	22	3	0
T201182	Brosme/Lumb, gebraten ohne Fett (Pfanne)	Cusk fried without fat (pan)	88	20.54	0.62	0
G342182	Weißkohl gebraten ohne Fett (Pfanne)	White cabbage fried without fat (pan)	60	2.61	0.36	8.56
V534182	Schaf Leber, gebraten ohne Fett (Pfanne)	Sheep liver, fried without fat (pan)	144	22	5.7	1.1
K701132	Champignon gekocht	Button mushroom boiled	39	4.99	0.37	4
F302152	Himbeere gedünstet	Raspberry stewed	45	1.1	0.32	5.4
U831162	Schaf Hals/Kamm/Nacken, gebraten ohne Fett (Ofen)	Sheep scrag, fried without fat (oven)	208	23.2	12.86	0
T501132	Karpfen pochiert	Carp poached	107	15.88	4.88	0
T064152	Hecht gedünstet	Pike stewed	74	16.2	1.06	0
T105182	Sardine gebraten ohne Fett (Pfanne)	Sardine fried without fat (pan)	175	23.04	9.17	0
U852142	Schaf Brust, mittelfett, geschmort ohne Fett	Sheep breast, medium fat, braised without fat	242	29.1	14	0
T306152	Heilbutt/Weißer Heilbutt, gedünstet	Halibut/white halibut, stewed	122	17.95	5.55	0
V476132	Gans Fleisch, ohne Haut, gekocht	Goose meat, without skin, boiled	158	29.3	4.58	0
Y840243	Heidelbeerkompott	Blueberry compote	65	0.4	0.45	12.2
U020182	Schwein Hackfleisch, gebraten ohne Fett (Pfanne)	Pork mince, fried without fat (pan)	339	25.35	26.44	0
P287000	Kalte Ente (Bowle aus Wein und Sekt)	Cold duck (punch made from wine and sparkling wine)	74	0.1	0	1.55
G220162	Bleichsellerie gebacken	Stalk celery baked	20	1.41	0.1	1.9
U131162	Rind Steak (Rücken) gebraten ohne Fett (Ofen)	Beef steak (loin) fried in the oven without fat	162	29.52	4.88	0
G720200	Wachsbohne tiefgefroren	Wax bean deep-frozen	30	2.3	0.2	3.7
G101152	Chicoree gedünstet	Witloof chicory stewed	22	2.54	0.19	1.4
T780162	Europäische Auster gratiniert ohne Fett (Ofen)	European oyster gratinated without fat (oven)	73	9.8	3.27	1.21
Y179012	Rinderzunge gekocht	Beef tongue boiled (in stock)	211	18.46	15.29	0
G322152	Grünkohl gedünstet	Curly kale stewed	46	3.62	0.58	2.89
M524562	Halloumi Grillkäse, gebacken	Halloumi cheese baked	332	22.59	26.38	0.1
F140132	Quitte gekocht	Quince boiled	44	0.41	0.52	6.7
U070182	Rind Tatar/Schabefleisch, gebraten ohne Fett (Pfanne)	Beef mince, lean, fried without fat (pan)	148	28.54	3.73	0
U693132	Schwein Hintereisbein/Hinterhaxe, gekocht	Pork hindshank (hock) boiled	259	26.24	17.07	0
U872172	Schaf Vorderhaxe, mittelfett, gegrillt	Sheep foreshank, medium fat, grilled	256	27.3	16.3	0
H770132	Mungbohne reif, gekocht	Mung bean mature, boiled	111	8.6	0.7	14.5
U817162	Lamm Nuss, gebraten ohne Fett (Ofen)	Lamb thick flank, fried without fat (oven)	147	25.68	4.97	0
T121282	Thunfisch tiefgefroren, gebraten ohne Fett (Pfanne)	Tuna deep-frozen, fried without fat (pan)	119	28.16	0.74	0
U883142	Schaf Keule, fett, geschmort ohne Fett	Sheep leg, fat, braised without fat	309	26.7	22.5	0
U803000	Schaf Fleisch, grob entsehnt, roh	Sheep meat, tendons coarsly removed, raw	181	18.4	11.9	0
C212032	Weizen Backschrot, Type 1700, gekocht	Wheat coarse meal, Type 1700, boiled	52	1.95	0.27	9.41
T204182	Dorsch/Kabeljau, gebraten ohne Fett (Pfanne)	Cod fried without fat (pan)	93	21.1	0.94	0
E107122	Hühnerei pochiert	Chicken egg poached	138	13.44	9.18	0.35
G321162	Chinakohl gebacken	Chinese white cabbage baked	21	2.12	0.23	1.62
T501600	Karpfen geräuchert	Carp smoked	128	19.43	5.59	0
G470132	Porree/Lauch, gekocht	Leek boiled	26	2.01	0.2	3
N630600	Schwarztee (Getränk) mit Zucker	Black tea (infusion) with sugar	7	0	0	1.86
F607600	Clementinensaft	Clementine juice	37	0.76	0.12	7.35
V212182	Hirsch Fleisch, gebraten ohne Fett (Pfanne)	Venison meat, fried without fat (pan)	153	29.21	3.99	0
T102182	Hering gebraten ohne Fett (Pfanne)	Herring fried without fat (pan)	159	18.8	9.32	0
T420172	Forelle gegrillt	Trout grilled	195	27.08	9.39	0
U030100	Kalb Hackfleisch, roh	Veal mince, raw	189	19.11	12.52	0
G350132	Romanesco gekocht	Romanesco broccoli boiled	30	2.06	0.24	4.52
U511172	Schwein Filetmedaillon, gegrillt	Pork fillet medaillon, grilled	128	28.7	1.5	0
F220600	Pflaumensaft	Plum juice	41	0.27	0.14	9.64
F311600	Traubensaft rot	Grape red juice	70	0.54	0.08	15.75
V478200	Gans Innereien, tiefgefroren	Goose giblets, deep-frozen	154	17.9	9.21	0
U221700	Rind Roastbeef (Rücken) Rohpökelware, geräuchert	Beef roastbeef (loin) raw cured, smoked	123	20.98	4.16	0.49
U541062	Schwein Schnitzel (Oberschale) gebraten ohne Fett (Ofen)	Pork schnitzel (topside) fried without fat (oven)	131	28.12	2.03	0
E632000	Dinkelteigwaren eifrei, roh	Spelt pasta egg-free, raw	358	13.4	1.4	69.53
G213182	Neuseeländer Spinat gebraten ohne Fett (Pfanne)	New Zealand spinach fried without fat (pan)	23	2.2	0.3	1.39
V413132	Hähnchen Fleisch, ohne Haut, gekocht	Chicken meat, without skin, boiled	128	23.3	3.9	0
Y841363	Sauerkirschkompott	Sour cherry compote	96	0.68	0.38	21.44
G312200	Broccoli tiefgefroren	Broccoli deep-frozen	31	2.2	0.66	2.4
W530052	Kasseler, Rohpökelware, geräuchert, gedünstet	Pork loin chop raw cured, smoked, stewed	155	32.78	2.62	0
K713142	Pfifferling geschmort ohne Fett	Chanterelle braised without fat	39	5.78	0.4	0.82
G560142	Tomate geschmort ohne Fett	Tomato braised without fat	27	1.18	0.14	4.06
Y8A4070	Joghurt 1,5 % Fett mit Erdbeeren	Yogurt 1.5 % fat with strawberries	54	3.67	1.21	6
U185132	Rind Kochfleisch (Hüfte) gekocht	Beef meat for boiling (rump) boiled	181	30.3	6.62	0
V413142	Hähnchen Fleisch, ohne Haut, geschmort ohne Fett	Chicken meat, without skin, braised without fat	190	33.8	6.1	0
X5A8040	Käsealternative Mozzarella-Art, vegan	Cheese alternative Mozzarella style, vegan	188	1.8	19.4	1.3
T797200	Venusmuschel tiefgefroren	Venus clam deep-frozen	73	14.7	0.96	1.4
G760232	Erbse grün, tiefgefroren, gekocht	Pea green, deep-frozen, boiled	76	4.8	0.69	9.9
T415200	Königslachs tiefgefroren	Chinook salmon deep-frozen	180	19.9	11.2	0
F203152	Pfirsich gedünstet	Peach stewed	45	0.8	0.12	9.11
V478182	Gans Innereien, gebraten ohne Fett (Pfanne)	Goose giblets, fried without fat (pan)	236	26.6	14.39	0
G343152	Wirsing gedünstet	Savoy cabbage stewed	37	2.84	0.33	4.1
V335162	Wildente Schenkel, mit Haut, gebraten ohne Fett (Ofen)	Wild duck leg, with skin, fried without fat (oven)	247	27.5	15.2	0
T104400	Sardelle gesalzen	Anchovy salted	211	20.13	14.5	0
T603400	Zander gesalzen	Pike-perch salted	97	22.39	0.78	0
K130592	Pommes frites tiefgefroren, frittiert, gesalzen	Potato chips/french fries, deep-frozen, deep-fried, salted	202	2.89	8.99	25.81
V221162	Reh Keule, gebraten ohne Fett (Ofen)	Roe deer leg, fried without fat (oven)	143	32.27	1.59	0
H230132	Edelkastanie/Marone, gekocht	Sweet chestnut boiled	197	2.78	1.84	38.32
T306132	Heilbutt/Weißer Heilbutt, pochiert	Halibut/white halibut, poached	136	20.1	6.22	0
K718182	Steinpilz gebraten ohne Fett (Pfanne)	Porcini mushroom fried without fat (pan)	76	8.85	0.66	5.36
G730132	Dicke Bohne unreif, gekocht	Broad bean immature, boiled	62	5.2	0.6	6
U831182	Schaf Hals/Kamm/Nacken, gebraten ohne Fett (Pfanne)	Sheep scrag, fried without fat (pan)	224	24.9	13.8	0
V494162	Taube Fleisch, mit Haut, gebraten ohne Fett (Ofen)	Pigeon meat, with skin, fried without fat (oven)	217	32.98	9.5	0
K740400	Austernpilz getrocknet	Oyster mushroom dried	251	26.18	1.74	10.05
F140600	Quittensaft	Quince juice	38	0.38	0.4	7.3
G660132	Knollensellerie gekocht	Celeriac boiled	26	1.37	0.29	2.44
M2A2200	Milchmischgetränk > 1 % Fett, probiotisch, aromatisiert, gesüßt, angereichert mit Vitaminen	Milk drink > 1 % fat, probiotic, flavoured, sweetened, fortified with vitamins	70	3.23	1.43	11
B561000	Dinkelbrötchen	Spelt roll	287	10.8	3.58	49
G761152	Zuckererbse gedünstet	Sugar pea stewed	40	3.9	0.2	4.7
G613132	Rote Rübe/Rote Bete, gekocht	Beetroot boiled	58	1.6	0.3	11
T501200	Karpfen tiefgefroren	Carp deep-frozen	119	18	5.18	0
T601162	Barsch/Flussbarsch, gebraten ohne Fett (Ofen)	European perch fried without fat (oven)	95	22.13	0.7	0
U333182	Kalb Filetsteak, gebraten ohne Fett (Pfanne)	Veal tenderloin steak, fried without fat (pan)	157	27.88	5.04	0
G345082	Sauerkraut abgetropft, gebraten ohne Fett (Pfanne)	Sauerkraut drained, fried without fat (pan)	42	2.12	0.58	1.87
G660182	Knollensellerie gebraten ohne Fett (Pfanne)	Celeriac fried without fat (pan)	55	2.87	0.61	5.13
G542162	Gemüsepaprika gelb, gebacken	Sweet pepper yellow, baked	33	0.94	0.23	5.2
V553132	Schwein Magen, gekocht	Pork stomach, boiled	187	21.9	11	0
U511162	Schwein Filetmedaillon, gebraten ohne Fett (Ofen)	Pork fillet medaillon, fried without fat (oven)	127	28.8	1.3	0
U857142	Lamm Brust, geschmort ohne Fett	Lamb breast, braised without fat	378	24.2	31.25	0
U405200	Kalb Nierenfett, tiefgefroren	Veal kidney fat, deep-frozen	671	8.2	70.9	0
G470200	Porree/Lauch, tiefgefroren	Leek deep-frozen	32	0.9	0.28	5
N630400	Schwarztee (Getränk) mit Sahne 30 % Fett	Black tea (infusion) with cream 30 % fat	10	0.08	1.06	0.11
V465172	Ente Schenkel, mit Haut, gegrillt	Duck leg, with skin, grilled	258	24.39	17.81	0
F545142	Kochbanane geschmort ohne Fett	Plantain braised without fat	162	1.46	0.09	36.8
V4A6172	Hähnchen Brust, ohne Haut, gegrillt	Chicken breast, without skin, grilled	138	28.41	2.74	0
G470162	Porree/Lauch, gebacken	Leek baked	43	2.52	0.29	6
V438200	Suppenhuhn Innereien, tiefgefroren	Boiling fowl giblets, deep-frozen	154	17.9	9.21	0
T094400	Lachsrogen gesalzen	Salmon roe salted	126	24.8	3	0
G530142	Okra geschmort ohne Fett	Okra braised without fat	35	2.29	0.22	3.36
U866162	Hammel Bug/Schulter, gebraten ohne Fett (Ofen)	Mutton shoulder, fried without fat (oven)	342	21.17	28.57	0
V511182	Rind Herz, gebraten ohne Fett (Pfanne)	Beef heart, fried without fat (pan)	176	24.81	8.49	0
G710142	Bohne grün, geschmort ohne Fett	Bean green, braised without fat	32	2.52	0.27	3.9
U892172	Schaf Hinterhaxe, mittelfett, gegrillt	Sheep hindshank, medium fat, grilled	256	27.3	16.3	0
U331162	Kalb Steak (Rücken) gebraten ohne Fett (Ofen)	Veal steak (loin) fried without fat (oven)	150	30.4	3.18	0
U543172	Schwein Schnitzel (Nuss) gegrillt	Pork schnitzel (thick flank) grilled	140	28.24	3.05	0
T501152	Karpfen gedünstet	Carp stewed	107	15.88	4.88	0
V481132	Pute Fleisch, ohne Haut, gekocht	Turkey meat, without skin, boiled	121	26.36	1.7	0
V222162	Reh Rücken, gebraten ohne Fett (Ofen)	Roe deer saddle, fried without fat (oven)	152	29.15	3.89	0
V232162	Hase Fleisch, gebraten ohne Fett (Ofen)	Hare meat, fried without fat (oven)	135	26.65	3.13	0
T420282	Forelle tiefgefroren, gebraten ohne Fett (Pfanne)	Trout deep-frozen, fried without fat (pan)	150	23.63	5.96	0
G510182	Aubergine gebraten ohne Fett (Pfanne)	Aubergine fried without fat (pan)	32	0.97	0.3	5.12
G581152	Kürbis Pumpkin (C. pepo) gedünstet	Pumpkin (C. pepo) stewed	39	1.2	0.14	6.32
H120400	Walnuss gemahlen	Walnut ground	718	16.07	70.6	3
H800300	Mandeldrink gesüßt, aromatisiert, angereichert mit Calcium	Almond drink sweetened, flavoured, fortified with calcium	36	0.84	2.09	3.28
P1A3100	Radler, alkoholfrei (Pilsner Bier, alkoholfrei, mit Zitronenlimonade)	Pilsner beer, alcohol-free, mixed with carbonated lemonade	28	0.21	0	6.47
U642200	Schwein Bauch (wie gewachsen) tiefgefroren	Pork belly (untrimmed) deep-frozen	324	17.74	28.06	0
V614142	Hähnchen Herz, geschmort ohne Fett	Chicken heart, braised without fat	152	15.85	9.87	0
T502132	Blei/Brachsen/Brasse, pochiert	Common bream poached	82	13.83	2.94	0
U642172	Schwein Bauch (wie gewachsen) gegrillt	Pork belly (untrimmed) grilled	421	23.65	36.24	0
U891142	Schaf Hinterhaxe, mager, geschmort ohne Fett	Sheep hindshank, lean, braised without fat	159	30.3	4.19	0
U651132	Schwein Brustspitze, gekocht	Pork breast tip, boiled	256	28.54	15.81	0
U624162	Schwein Kotelett (Rücken/caudal) gebraten ohne Fett (Ofen)	Pork loin (caudal part) fried without fat (oven)	142	29.84	2.51	0
S492000	Erdnuss-Krokant	Peanut brittle	546	18.8	32.3	37.4
G530152	Okra gedünstet	Okra stewed	35	2.28	0.22	3.32
V330200	Wildente Fleisch, mit Haut, tiefgefroren	Wild duck meat, with skin, deep-frozen	206	17.4	15.2	0
G211200	Spinat tiefgefroren	Spinach deep-frozen	20	2.31	0.32	0.98
U741172	Schaf Schnitzel (Keule, mager) gegrillt	Sheep schnitzel (leg, lean) grilled	174	31	5.58	0
C311032	Grünkern ganzes Korn, gekocht	Green spelt whole grain, boiled	173	5.84	1.34	31.23
V311162	Fasan Fleisch, mit Haut, gebraten ohne Fett (Ofen)	Pheasant meat, with skin, fried without fat (oven)	188	33.78	5.9	0
N273000	Ananassaftschorle	Pineapple juice spritzer	23	0.2	0.05	5.35
H610182	Bambussprossen gebraten ohne Fett (Pfanne)	Bamboo shoots fried without fat (pan)	19	2.94	0.35	1.13
U882162	Schaf Keule, mittelfett, gebraten ohne Fett (Ofen)	Sheep leg, medium fat, fried without fat (oven)	219	25.2	13.1	0
G581082	Kürbis Hokkaido (C. maxima) gebraten ohne Fett (Pfanne)	Hokkaido pumpkin fried without fat (pan)	56	2.59	0.37	9.81
X610042	Salzkartoffeln (Kartoffeln mit Salz gekocht)	Potatoes boiled with salt	75	1.84	0.09	16.08
V474172	Gans Fleisch, mit Haut, gegrillt	Goose meat, with skin, grilled	379	21.08	32.7	0
T311600	Flunder geräuchert	Flounder smoked	110	23.3	1.92	0
T121262	Thunfisch tiefgefroren, gebraten ohne Fett (Ofen)	Tuna deep-frozen, fried without fat (oven)	130	30.69	0.79	0
G342142	Weißkohl geschmort ohne Fett	White cabbage braised without fat	57	2.44	0.34	8.1
V484182	Pute Fleisch, mit Haut, gebraten ohne Fett (Pfanne)	Turkey meat, with skin, fried without fat (pan)	216	27.49	11.81	0
T780152	Europäische Auster gedämpft	European oyster steamed	69	8.04	3.5	1.3
H844400	Soja-Joghurtalternative gesüßt, aromatisiert	Plant-based yogurt alternative, made from soya, sweetened, flavoured	62	3.96	2.54	5.4
G543082	Gemüsepaprika rot, gebraten ohne Fett (Pfanne)	Sweet pepper red, fried without fat (pan)	61	1.74	0.34	10.49
T412200	Buckellachs tiefgefroren	Pink salmon deep-frozen	124	21	4.4	0
U726182	Hammel Kotelett, gebraten ohne Fett (Pfanne)	Mutton chop (loin) fried without fat (pan)	393	19.39	35.07	0
U333162	Kalb Filetsteak, gebraten ohne Fett (Ofen)	Veal tenderloin steak, fried without fat (oven)	162	29.93	4.71	0
T615182	Rotbarsch/Goldbarsch, gebraten ohne Fett (Pfanne)	Ocean perch/redfish, fried without fat (pan)	108	18.2	3.9	0
V486142	Pute Brust, ohne Haut, geschmort ohne Fett	Turkey breast, without skin, braised without fat	145	34.11	0.91	0
U741200	Schaf Schnitzel (Keule, mager) tiefgefroren	Sheep schnitzel (leg, lean) deep-frozen	128	22.6	4.2	0
T103600	Matjeshering mild gesalzen, geräuchert	Matjes herring mild salted, smoked	294	17.27	24.4	0
U163182	Rind Roulade (Oberschale) gebraten ohne Fett (Pfanne)	Beef meat for olives (topside/top round) fried without fat (pan)	176	29.89	6.22	0
K718162	Steinpilz gebacken	Porcini mushroom baked	64	7.5	0.56	4.54
C121032	Roggen ganzes Korn, gekocht	Rye whole grain, boiled	161	5.87	0.86	28.74
U726172	Hammel Kotelett, gegrillt	Mutton chop (loin) grilled	464	20.43	42.51	0
U284142	Rind Hüfte, geschmort ohne Fett	Beef rump, braised without fat	152	31.5	2.85	0
G345042	Sauerkraut abgetropft, geschmort ohne Fett	Sauerkraut drained, braised without fat	41	1.99	0.55	1.78
V4A5142	Hähnchen Oberschenkel, mit Haut, geschmort ohne Fett	Chicken thigh, with skin, braised without fat	205	21.64	13.12	0
H861082	Tofu gebraten ohne Fett (Pfanne)	Tofu fried without fat (pan)	157	21.58	7.42	0
U284162	Rind Hüfte, gebraten ohne Fett (Ofen)	Beef rump, fried without fat (oven)	145	30.3	2.69	0
V4A5172	Hähnchen Oberschenkel, mit Haut, gegrillt	Chicken thigh, with skin, grilled	309	27.42	22.14	0
C350042	Reis poliert, geschmort ohne Fett	White rice braised without fat	111	2.43	0.17	24.4
T305172	Goldbutt/Scholle, gegrillt	Plaice grilled	105	23.7	1.1	0
N414100	Kaffee (Getränk) entkoffeiniert, mit Milch 3,5 % Fett	Coffee (infusion) decaffeinated, with milk 3.5 % fat	3	0.23	0.12	0.13
V512142	Kalb Herz, geschmort ohne Fett	Veal heart, braised without fat	175	27.18	7.36	0
V463162	Ente Fleisch, ohne Haut, gebraten ohne Fett (Ofen)	Duck meat, without skin, fried without fat (oven)	144	28.8	3.2	0
U872162	Schaf Vorderhaxe, mittelfett, gebraten ohne Fett (Ofen)	Sheep foreshank, medium fat, fried without fat (oven)	219	25.2	13.1	0
G611132	Kohlrübe/Steckrübe, gekocht	Swede boiled	38	0.7	0.1	7
X551162	Auberginenscheiben frittiert	Aubergine slices deep-fried	76	0.64	6.1	3.59
U881162	Schaf Keule, mager, gebraten ohne Fett (Ofen)	Sheep leg, lean, fried without fat (oven)	163	30.2	4.73	0
Q4C5100	Mischfett mit überwiegend Pflanzenfett, gesalzen, angereichert mit Vitaminen	Mixed fat spread (mainly vegetable fat) salted, fortified with vitamins	496	0.39	54.33	1.24
T501162	Karpfen gebraten ohne Fett (Ofen)	Carp fried without fat (oven)	150	23.43	6.24	0
V242142	Wildkaninchen Fleisch, geschmort ohne Fett	Wild rabbit meat, braised without fat	143	29.6	2.77	0
V516182	Hammel Herz, gebraten ohne Fett (Pfanne)	Mutton heart, fried without fat (pan)	174	24.55	8.4	0
F545162	Kochbanane gebacken	Plantain baked	152	1.39	0.08	34.7
V532200	Kalb Leber, tiefgefroren	Veal liver, deep-frozen	86	14.9	1.15	4.1
T104172	Sardelle gegrillt	Anchovy grilled	246	24.62	16.4	0
U323182	Kalb Kotelett (Rücken) gebraten ohne Fett (Pfanne)	Veal chop (loin) fried without fat (pan)	142	27.87	3.35	0
U461200	Kalb Bug/Schulter, tiefgefroren	Veal shoulder, deep-frozen	94	21.2	1.01	0
F220152	Pflaume gedünstet	Plum stewed	57	0.35	0.2	12.6
C559032	Reisnudeln gekocht	Rice noodles boiled	91	1.89	0.15	20.4
H750132	Dicke Bohne reif, gekocht	Broad bean mature, boiled	118	9	1	12.9
G760182	Erbse grün, gebraten ohne Fett (Pfanne)	Pea green, fried without fat (pan)	101	6.8	0.55	14.14
V417182	Hähnchen Flügel, mit Haut, gebraten ohne Fett (Pfanne)	Chicken wings, with skin, fried without fat (pan)	219	25.66	12.94	0
G480132	Speisezwiebel gekocht	Onion boiled	27	0.7	0.3	4.13
G620200	Karotte/Möhre, tiefgefroren	Carrot deep-frozen	40	0.75	0.42	6.47
G760282	Erbse grün, tiefgefroren, gebraten ohne Fett (Pfanne)	Pea green, deep-frozen, fried without fat (pan)	89	5.6	0.81	11.5
T502200	Blei/Brachsen/Brasse, tiefgefroren	Common bream deep-frozen	96	16.6	3.31	0
U886162	Hammel Keule, gebraten ohne Fett (Ofen)	Mutton leg, fried without fat (oven)	279	24.09	20.28	0
U564142	Schwein Dicke Rippe geschmort ohne Fett	Pork breast tip cut braised without fat	251	26.5	16.1	0
U171142	Rind Bratenfleisch (Bug) geschmort ohne Fett	Beef meat for roasting (shoulder) braised without fat	163	27.13	6.06	0
U216182	Rind Filetsteak gebraten ohne Fett (Pfanne)	Beef tenderloin steak fried without fat (pan)	157	27.88	5.04	0
C359032	Reis parboiled, poliert, gekocht	Rice parboiled, boiled	110	2.68	0.32	23.8
G581182	Kürbis Pumpkin (C. pepo) gebraten ohne Fett (Pfanne)	Pumpkin (C. pepo) fried without fat (pan)	66	2.04	0.24	10.76
U255162	Rind Brustkern/Mittelbrust, gebraten ohne Fett (Ofen)	Beef brisket/centre cut, fried without fat (oven)	257	26.63	16.71	0
F501400	Ananas getrocknet	Pineapple dried	333	3.7	0.7	68.9
U576162	Schwein Bratenfleisch (Hüfte/Schinkenspeck) gebraten ohne Fett (Ofen)	Pork meat for roasting (rump) fried without fat (oven)	156	28.6	4.57	0
D490100	Quarkblätterteig gebacken	Puff pastry with quark, baked	509	10.29	36.48	33.3
E108122	Hühnerei Eiklar, pochiert	Chicken egg white, poached	42	10.1	0.03	0.42
V466162	Ente Brust, mit Haut, gebraten ohne Fett (Ofen)	Duck breast, with skin, fried without fat (oven)	206	27.43	10.75	0
G322182	Grünkohl gebraten ohne Fett (Pfanne)	Curly kale fried without fat (pan)	79	6.21	1	4.95
T209152	Seehecht gedünstet	Hake stewed	78	15.36	1.84	0
F514152	Kiwi gedünstet	Kiwi stewed	62	0.9	0.5	10.3
S157000	Traubendicksaft	Grape syrup	270	0.84	0	65.28
G344182	Spitzkohl gebraten ohne Fett (Pfanne)	Pointed cabbage fried without fat (pan)	58	2.28	0.34	8.56
V484172	Pute Fleisch, mit Haut, gegrillt	Turkey meat, with skin, grilled	215	27.67	11.64	0
N414200	Kaffee (Getränk) entkoffeiniert, mit Kondensmilch 7,5 % Fett	Coffee (infusion) decaffeinated, with evaporated milk 7.5 % fat	5	0.33	0.25	0.31
S220800	Speiseeis (Nuss, Vanille) gemischt	Ice cream mixed (nut, vanilla)	217	2.89	11.48	24.69
W212032	Geflügel-Wiener Würstchen gargezogen	Poultry Vienna sausage poached	214	13.21	17.25	0.97
T213262	Alaska-Pollack/Alaska-Seelachs, tiefgefroren, gebraten ohne Fett (Ofen)	Alaska pollock deep-frozen, fried without fat (oven)	106	24.34	0.96	0
V512182	Kalb Herz, gebraten ohne Fett (Pfanne)	Veal heart, fried without fat (pan)	158	23.48	7.16	0
U882142	Schaf Keule, mittelfett, geschmort ohne Fett	Sheep leg, medium fat, braised without fat	242	27.9	14.5	0
V494142	Taube Fleisch, mit Haut, geschmort ohne Fett	Pigeon meat, with skin, braised without fat	202	32.05	8.23	0
T417152	Wildlachs gedünstet	Pacific salmon stewed	163	17.36	10.42	0
V572142	Kalb Niere, geschmort ohne Fett	Veal kidney, braised without fat	219	31.73	10.19	0
U482200	Kalb Keule, tiefgefroren	Veal round, deep-frozen	89	20.7	0.72	0
G611152	Kohlrübe/Steckrübe, gedünstet	Swede stewed	22	1.23	0.16	2.26
C148032	Gerste Graupen, gekocht	Pearl barley, boiled	114	3.8	0.47	22.9
G620182	Karotte/Möhre, gebraten ohne Fett (Pfanne)	Carrot fried without fat (pan)	74	1.56	0.74	11.98
F303152	Brombeere gedünstet	Blackberry stewed	52	1.37	0.2	10.8
T603182	Zander gebraten ohne Fett (Pfanne)	Pike-perch fried without fat (pan)	102	23.75	0.74	0
U235142	Rind Hochrippe, geschmort ohne Fett	Beef forerib/prime rib, braised without fat	199	28.41	9.47	0
T603600	Zander geräuchert	Pike-perch smoked	93	21.59	0.71	0
F517400	Papaya getrocknet	Papaya dried	289	4.4	0.57	60.2
N4A0000	Kaffee (Getränk) mit Haferdrink, ungesüßt	Coffee (infusion) with oat drink, unsweetened	2	0.14	0.03	0.14
T412152	Buckellachs gedünstet	Pink salmon stewed	110	18.3	4.1	0
T780172	Europäische Auster gegrillt	European oyster grilled	99	13.16	4.39	1.63
G530132	Okra gekocht	Okra boiled	23	1.8	0.2	2
W510062	Kasseler, Rohpökelware, geräuchert, gebraten ohne Fett (Ofen)	Pork loin chop, raw cured, smoked, fried without fat (oven)	144	30.44	2.51	0
W424082	Schwein Kochschinken, Kochpökelware, gebraten ohne Fett (Pfanne)	Pork ham, cooked cured, fried without fat (pan)	142	25.41	3.66	0.86
G582162	Zucchini gebacken	Courgette baked	28	1.5	0.34	4
T102400	Hering gesalzen	Herring salted	218	19.8	15.4	0
G490400	Knoblauch getrocknet	Garlic dried	240	15.04	1.04	7
U411200	Kalb Filet/Lende, tiefgefroren	Veal fillet (tenderloin) deep-frozen	101	21.2	1.82	0
V542132	Kalb Lunge, gekocht	Veal lungs, boiled	87	17.5	1.93	0
X741112	Eierteigwaren (mit Salz gekocht)	Egg pasta (boiled with salt)	129	5.2	0.79	24.65
Y841643	Dörrpflaumenkompott	Prune compote	99	0.88	0	22
T507182	Pangasius/Schlankwels, gebraten ohne Fett (Pfanne)	Striped catfish fried without fat (pan)	89	17.71	2.05	0
N418000	Latte macchiato (Getränk) mit Milch 3,5 % Fett	Latte Macchiato (infusion) with milk 3.5 % fat	50	2.9	2.79	3.22
F081600	Rhabarbersaft	Rhubarb juice	12	0.51	0.11	1.09
K110132	Kartoffel geschält, gekocht	Potatoe peeled, boiled	76	2	0.1	15.83
V476182	Gans Fleisch, ohne Haut, gebraten ohne Fett (Pfanne)	Goose meat, without skin, fried without fat (pan)	186	35.1	5.09	0
U811162	Schaf Filet/Lende, gebraten ohne Fett (Ofen)	Sheep tenderloin, fried without fat (oven)	225	24	14.3	0
N630200	Schwarztee (Getränk) mit Milch 3,5 % Fett	Black tea (infusion) with milk 3.5 % fat	2	0.12	0.12	0.13
T600152	Meerbarbe gedünstet	Goatfish stewed	89	17.95	1.91	0
T792132	Miesmuschel gekocht	Common mussel boiled	61	9.85	2.44	0
K701172	Champignon gegrillt	Button mushroom grilled	44	5.57	0.42	4.5
G760132	Erbse grün, gekocht	Pea green, boiled	87	5.6	0.5	12.04
G554132	Pfefferschote rot, gekocht	Chilli pepper red, boiled	41	1.93	0.46	6.39
G543162	Gemüsepaprika rot, gebacken	Sweet pepper red, baked	42	1.21	0.23	7.29
U216172	Rind Filetsteak gegrillt	Beef tenderloin steak grilled	144	25.44	4.7	0
T033152	Dornhai gedünstet	Piked dogfish stewed	169	11.25	13.81	0
C241132	Einkorn ganzes Korn, gekocht	Einkorn wheat whole grain, boiled	179	7.43	1.45	31.44
W234062	Fleischwurst gebraten ohne Fett (Ofen)	Bologna fried without fat (oven)	348	14.13	32.01	0.3
M524582	Halloumi Grillkäse, gebraten ohne Fett (Pfanne)	Halloumi cheese fried without fat (pan)	307	21.69	24	0.1
F516600	Mangosaft	Mango juice	51	0.6	0.36	11
U632800	Schwein Kamm, Rohpökelware	Pork neck, raw cured	162	18.07	9.74	0.47
K709182	Hallimasch gebraten ohne Fett (Pfanne)	Dark honey mushroom fried without fat (pan)	62	5.2	1.11	4.8
C347032	Mais Grütze, gekocht	Maize grits, boiled	52	1.38	0.45	9.97
T213132	Alaska-Pollack/Alaska-Seelachs, pochiert	Alaska pollock poached	57	12.3	0.87	0
G560400	Tomate getrocknet	Tomato dried	276	12.19	1.41	41.66
U382132	Kalb Kochfleisch (Brust) gekocht	Veal meat for boiling (breast) boiled	231	23.89	14.99	0
T207182	Köhler/Seelachs, gebraten ohne Fett (Pfanne)	Saithe/pollack, fried without fat (pan)	116	22.94	2.69	0
C412032	Grünkern Vollkornschrot, gekocht	Green spelt coarse meal, boiled	50	1.72	0.4	8.92
G542152	Gemüsepaprika gelb, gedünstet	Sweet pepper yellow, stewed	30	0.87	0.22	4.81
U727162	Lamm Kotelett, gebraten ohne Fett (Ofen)	Lamb chop (loin) fried without fat (oven)	293	27.9	20.19	0
V463182	Ente Fleisch, ohne Haut, gebraten ohne Fett (Pfanne)	Duck meat, without skin, fried without fat (pan)	178	34.8	4.3	0
M2I5200	Milchmischgetränk 1,5 % Fett, mit Kaffee, ungesüßt	Milk drink 1.5 % fat, with coffee, unsweetened	36	2.88	1.26	3.17
U727172	Lamm Kotelett, gegrillt	Lamb chop (loin) grilled	292	25.37	21.12	0
W233032	Fleischkäse einfach, fein/Original Bayerischer Leberkäse fein, gekocht	Fleischkaese sausage boiled	211	12.06	17.65	0.5
T506400	Wels gesalzen	European catfish salted	147	17.12	8.7	0
G670132	Wurzelpetersilie gekocht	Parsley root boiled	72	2.73	0.45	13.1
B6A2000	Roggenknäckebrot	Rye crispbread	334	9.4	1.34	62
T633200	Meeräsche tiefgefroren	Grey mullet deep-frozen	108	20.4	2.89	0
G482132	Frühlingszwiebel/Lauchzwiebel, gekocht	Spring onion boiled	31	2.2	0.22	3.4
N410800	Kaffee (Getränk) mit Alkohol	Coffee (infusion) with alcohol	16	0.11	0	0
C232032	Hafer Schrot, gekocht	Oat coarse meal, boiled	62	2.11	1.27	9.6
G542042	Gemüsepaprika gelb, geschmort ohne Fett	Sweet pepper yellow, braised without fat	31	0.87	0.22	4.86
U642700	Schwein Bauch (wie gewachsen) Rohpökelware, geräuchert	Pork belly (untrimmed) raw cured, smoked	374	18	33.3	0.49
F564600	Mangostanesaft	Mangosteen juice	58	0.54	0.48	12.71
U351182	Kalb Gulasch (Bug) gebraten ohne Fett (Pfanne)	Veal goulash (shoulder) fried without fat (pan)	120	27.14	1.24	0
U861162	Schaf Bug/Schulter, mager, gebraten ohne Fett (Ofen)	Sheep shoulder, lean, fried without fat (oven)	176	26.7	7.73	0
G670142	Wurzelpetersilie geschmort ohne Fett	Parsley root braised without fat	91	3.44	0.56	16.6
T424152	Meerforelle gedünstet	Sea trout stewed	98	16.4	3.44	0
G650200	Schwarzwurzel tiefgefroren	Black salsify deep-frozen	62	1.46	0.45	8.8
K120200	Kartoffel ungeschält, tiefgefroren	Potatoe unpeeled, deep-frozen	90	2.16	0.1	19.44
V050200	Schnecken tiefgefroren	Snails edible/escargots, deep-frozen	68	14.4	1.2	0
C137032	Hafer Grütze, gekocht	Oat groats, boiled	66	3	1.1	10
G582132	Zucchini gekocht	Courgette boiled	22	1.3	0.3	3
T417182	Wildlachs gebraten ohne Fett (Pfanne)	Pacific salmon fried without fat (pan)	208	23.63	12.6	0
G561500	Tomate Pulver	Tomato powder	314	13.84	1.6	47.28
U821172	Schaf Rücken, gegrillt	Sheep loin (chop) grilled	164	29.6	5.01	0
U020162	Schwein Hackfleisch, gebraten ohne Fett (Ofen)	Pork mince, fried without fat (oven)	339	25.35	26.44	0
T041152	Aal gedünstet	Eel stewed	271	13.5	24.1	0
U853142	Schaf Brust, fett, geschmort ohne Fett	Sheep breast, fat, braised without fat	487	17.8	46.2	0
U664162	Schwein Dicker Bug (mit Fett und Schwarte) gebraten ohne Fett (Ofen)	Pork shoulder (with fat and rind) fried without fat (oven)	240	27.3	14.56	0
G760432	Erbse reif, gekocht	Pea green mature, boiled	117	8.74	0.56	14.9
U221200	Rind Roastbeef (Rücken) tiefgefroren	Beef roastbeef (loin) deep-frozen	130	22.45	4.45	0
K706182	Butterpilz gebraten ohne Fett (Pfanne)	Brown-yellow boletus (slippery jack) fried without fat (pan)	52	4.18	0.59	5.36
U721200	Schaf Kotelett, tiefgefroren	Sheep chop (loin) deep-frozen	348	14.9	32	0
U753182	Schaf Gulasch (Bug, fett) gebraten ohne Fett (Pfanne)	Sheep goulash (shoulder, fat) fried without fat (pan)	361	24	29.4	0
U578162	Schwein Lachsbraten, gebraten, ohne Fett (Ofen)	Pork meat for roasting (loin) fried without fat (oven)	142	29.84	2.51	0
G482162	Frühlingszwiebel/Lauchzwiebel, gebacken	Spring onion baked	31	2.2	0.22	3.4
F545132	Kochbanane gekocht	Plantain boiled	112	1.21	0.08	25.4
F223152	Zwetschge gedünstet	Blue plum stewed	57	0.35	0.2	12.6
G490182	Knoblauch gebraten ohne Fett (Pfanne)	Garlic fried without fat (pan)	155	9.6	0.67	5
G760252	Erbse grün, tiefgefroren, gedünstet	Pea green, deep-frozen, stewed	85	5.4	0.77	11
V4A6162	Hähnchen Brust, ohne Haut, gebraten ohne Fett (Ofen)	Chicken breast, without skin, fried without fat (oven)	148	31.16	2.59	0
U151142	Rind Gulasch (Bug) geschmort ohne Fett	Beef goulash (shoulder) braised without fat	173	28.77	6.42	0
Y847950	Johannisbeeren gezuckert	Red currants sugared	75	1.29	0.18	13.88
U131200	Rind Steak (Rücken) tiefgefroren	Beef steak (loin) deep-frozen	130	22.45	4.45	0
V513142	Schwein Herz, geschmort ohne Fett	Pork heart, braised without fat	195	29.11	8.7	0
H610132	Bambussprossen gekocht	Bamboo shoots boiled	18	2.68	0.32	1.03
V593132	Schwein Zunge, gekocht	Pork tongue, boiled	235	23.91	15.51	0
T615172	Rotbarsch/Goldbarsch, gegrillt	Ocean perch/redfish, grilled	112	18.7	4.16	0
U101400	Rind Fleisch (Keule) getrocknet	Beef meat (round) dried	258	36.6	12.4	0
U711182	Schaf Filetmedaillon, gebraten ohne Fett (Pfanne)	Sheep fillet medaillon, fried without fat (pan)	156	31.38	3.44	0
U773142	Schaf Bratenfleisch (Bug, fett) geschmort ohne Fett	Sheep meat for roasting (shoulder, fat) braised without fat	383	25.5	31.2	0
V212142	Hirsch Fleisch, geschmort ohne Fett	Venison meat, braised without fat	150	28.78	3.93	0
F331600	Maulbeersaft	Mulberry juice	44	1.23	0.31	7.3
U287132	Rind Oberschale, gekocht	Beef topside/top round, boiled	176	31.29	5.66	0
V543132	Schwein Lunge, gekocht	Pork lungs, boiled	107	13.5	5.93	0
V541132	Rind Lunge, gekocht	Beef lungs, boiled	96	18.1	2.58	0
U672162	Schwein Vordereisbein/Vorderhaxe, gebraten ohne Fett (Ofen)	Pork foreshank (hock) fried without fat (oven)	249	31.2	13.78	0
V576142	Hammel Niere, geschmort ohne Fett	Mutton kidney, braised without fat	169	31.35	4.85	0
U685142	Schwein Hüfte/Schinkenspeck, geschmort ohne Fett	Pork rump, braised without fat	167	30.03	5.21	0
U622200	Schwein Kotelett (Rücken/cranial) tiefgefroren	Pork loin (cranial part) deep-frozen	175	21.02	10.08	0
U080200	Rind Leberhack, tiefgefroren	Beef liver mince, deep-frozen	131	19.21	3.66	5.3
U184132	Rind Kochfleisch (Bug) gekocht	Beef meat for boiling (shoulder) boiled	170	28.41	6.21	0
T202152	Leng gedünstet	Ling stewed	73	16.96	0.59	0
V463042	Ente Fleisch, ohne Haut, geschmort ohne Fett	Duck meat, without skin, braised without fat	142	27.3	3.6	0
U883200	Schaf Keule, fett, tiefgefroren	Sheep leg, fat, deep-frozen	234	18	18	0
T410062	Lachs gebraten ohne Fett (Ofen)	Salmon fried without fat (oven)	198	22.78	11.88	0
T122182	Weißer Thun gebraten ohne Fett (Pfanne)	Albacore fried without fat (pan)	143	32.3	1.54	0
V4B5162	Hähnchen Unterschenkel, mit Haut, gebraten ohne Fett (Ofen)	Chicken drumstick, with skin, fried without fat (oven)	174	24.41	8.47	0
V250200	Wildschwein Fleisch, tiefgefroren	Wild boar meat, deep-frozen	162	19.5	9.3	0
V112162	Pferd Fleisch, gebraten ohne Fett (Ofen)	Horse meat, fried without fat (oven)	150	29.52	3.27	0.58
G485132	Schalotte gekocht	Shalot boiled	33	2	0.1	3.2
G451082	Spargel gebraten ohne Fett (Pfanne)	Asparagus fried without fat (pan)	53	3.7	0.29	7.51
T753200	Garnele/Granat/Krabbe, tiefgefroren	Common shrimp deep-frozen	87	18.6	1.44	0
V4B5142	Hähnchen Unterschenkel, mit Haut, geschmort ohne Fett	Chicken drumstick, with skin, braised without fat	142	21.07	6.36	0
U863200	Schaf Bug/Schulter, fett, tiefgefroren	Sheep shoulder, fat, deep-frozen	294	17.2	25	0
U532162	Schwein Kammsteak, gebraten ohne Fett (Ofen)	Pork steak (neck) fried without fat (oven)	205	24.66	11.78	0
T403600	Bachsaibling geräuchert	Brook trout smoked	150	22.9	6.5	0
C123032	Roggen Flocken, gekocht	Rye flakes, boiled	50	1.52	0.29	9.11
K713062	Pfifferling gebacken	Chanterelle baked	36	5.43	0.38	0.77
U231142	Rind Hals/Kamm/Nacken, geschmort ohne Fett	Beef neck/chuck, braised without fat	186	25.85	9.2	0
G324182	Pak Choi gebraten ohne Fett (Pfanne)	Pak choi fried without fat (pan)	31	3.4	0.38	1.9
X820162	Reis gekocht	Rice boiled	112	2.54	0.19	24.6
G581032	Kürbis Hokkaido (C. maxima) gekocht	Hokkaido pumpkin boiled	30	1.4	0.2	5.3
V466172	Ente Brust, mit Haut, gegrillt	Duck breast, with skin, grilled	250	23.34	17.43	0
U642132	Schwein Bauch (wie gewachsen) gekocht	Pork belly (untrimmed) boiled	357	22.49	29.64	0
K120184	Kartoffel ungeschält, gebraten ohne Fett (Pfanne)	Potatoe unpeeled, fried without fat (pan)	111	2.66	0.13	23.98
U871132	Schaf Vorderhaxe, mager, gekocht	Sheep foreshank, lean, boiled	169	32.3	4.47	0
V221142	Reh Keule, geschmort ohne Fett	Roe deer leg, braised without fat	143	32.27	1.59	0
U271142	Rind Vorderhesse, geschmort ohne Fett	Beef shin/foreshank, braised without fat	163	27.13	6.06	0
V582132	Kalb Bries, gekocht	Veal sweetbread, boiled	112	20.1	3.53	0
U821162	Schaf Rücken, gebraten ohne Fett (Ofen)	Sheep loin (chop) fried without fat (oven)	174	32.6	4.79	0
E609232	Eierteigwaren Tortellini (Fleischfüllung) getrocknet, gekocht	Egg pasta Tortellini (meat filling) dried, boiled	140	5.32	2.76	23.13
G581162	Kürbis Pumpkin (C. pepo) gebacken	Pumpkin (C. pepo) baked	42	1.29	0.15	6.84
G480500	Speisezwiebel Pulver	Onion powder	334	11.49	1.49	59.76
Y740842	Eier pochiert (verlorene Eier)	Eggs poached	136	13.31	9.09	0.34
K701142	Champignon geschmort ohne Fett	Button mushroom braised without fat	42	5.41	0.41	4.4
G541162	Gemüsepaprika grün, gebacken	Sweet pepper green, baked	45	1.27	0.28	8.11
T791132	Große Sandklaffmuschel gekocht	Softshell clam boiled	54	9.84	1.64	0
G650142	Schwarzwurzel geschmort ohne Fett	Black salsify braised without fat	73	1.66	0.51	10.5
U733162	Schaf Filetsteak, gebraten ohne Fett (Ofen)	Sheep fillet steak, fried without fat (oven)	146	29.26	3.21	0
T207282	Köhler/Seelachs, tiefgefroren, gebraten ohne Fett (Pfanne)	Saithe/pollack, deep-frozen, fried without fat (pan)	95	21.08	1.24	0
U486162	Kalb Unterschale/Schwanzstück, gebraten ohne Fett (Ofen)	Veal silverside, fried without fat (oven)	114	26.85	0.78	0
U685162	Schwein Hüfte/Schinkenspeck, gebraten ohne Fett (Ofen)	Pork rump, fried without fat (oven)	156	28.6	4.57	0
G344132	Spitzkohl gekocht	Pointed cabbage boiled	29	1.12	0.17	4.21
M200100	Milchmischgetränk < 1 % Fett, aromatisiert, gesüßt	Milk drink < 1 % fat, flavoured, sweetened	56	3.21	0.07	10.51
H450400	Mohn gemahlen	Poppy seed ground	521	23.82	42.2	2.99
V494200	Taube Fleisch, mit Haut, tiefgefroren	Pigeon meat, with skin, deep-frozen	169	20.9	9.5	0
K420192	Batate/Süßkartoffel, frittiert, gesalzen	Batata/sweet potato, deep-fried, salted	300	2.83	11.53	43.8
V232200	Hase Fleisch, tiefgefroren	Hare meat, deep-frozen	113	21.6	3.01	0
G311132	Blumenkohl gekocht	Cauliflower boiled	37	1.9	0.9	5.09
C143032	Gerste Flocken, gekocht	Barley flakes, boiled	56	1.9	0.35	10.6
G581052	Kürbis Hokkaido (C. maxima) gedünstet	Hokkaido pumpkin stewed	33	1.52	0.22	5.76
V515182	Lamm Herz, gebraten ohne Fett (Pfanne)	Lamb heart, fried without fat (pan)	178	25.7	8.4	0
V523132	Schwein Hirn, gekocht	Pork brain, boiled	116	11.22	7.94	0
V614200	Hähnchen Herz, tiefgefroren	Chicken heart, deep-frozen	165	13.09	12.5	0
U622162	Schwein Kotelett (Rücken/cranial) gebraten ohne Fett (Ofen)	Pork loin (cranial part) fried without fat (oven)	203	26.63	10.75	0
V474132	Gans Fleisch, mit Haut, gekocht	Goose meat, with skin, boiled	260	20.19	19.93	0
F321152	Johannisbeere rot, gedünstet	Red currant stewed	41	1.51	0.21	4.52
T305152	Goldbutt/Scholle, gedünstet	Plaice stewed	69	15.4	0.8	0
T512600	Schleie geräuchert	Tench smoked	84	19.11	0.8	0
T209200	Seehecht tiefgefroren	Hake deep-frozen	86	17.2	1.93	0
U742172	Schaf Schnitzel (Keule, mittelfett) gegrillt	Sheep schnitzel (leg, medium fat) grilled	242	25.8	15.4	0
V595132	Lamm Zunge, gekocht	Lamb tongue, boiled	238	17.6	18.6	0
T200182	Grenadier gebraten ohne Fett (Pfanne)	Grenadier fried without fat (pan)	90	20.78	0.79	0
G312132	Broccoli gekocht	Broccoli boiled	33	3.3	0.5	2.5
W233062	Fleischkäse einfach, fein/Original Bayerischer Leberkäse fein, gebraten ohne Fett (Ofen)	Fleischkaese sausage fried without fat (oven)	283	15.59	24.01	0.67
T207232	Köhler/Seelachs, tiefgefroren, pochiert	Saithe/pollack, deep-frozen, poached	86	18.75	1.24	0
V221132	Reh Keule, gekocht	Roe deer leg, boiled	129	29.04	1.43	0
U853162	Schaf Brust, fett, gebraten ohne Fett (Ofen)	Sheep breast, fat, fried without fat (oven)	433	15.8	41.1	0
V486200	Pute Brust, ohne Haut, tiefgefroren	Turkey breast, without skin, deep-frozen	105	24.1	0.99	0
U291142	Rind Hinterhesse, geschmort ohne Fett	Beef leg/hindshank, braised without fat	177	28.7	6.9	0
T730132	Hummer gekocht	Lobster boiled	80	14.72	2.35	0
G344162	Spitzkohl gebacken	Pointed cabbage baked	36	1.42	0.21	5.33
T604182	Katfisch/Steinbeißer, gebraten ohne Fett (Pfanne)	Catfish/wolffish, fried without fat (pan)	97	18.76	2.4	0
V335182	Wildente Schenkel, mit Haut, gebraten ohne Fett (Pfanne)	Wild duck leg, with skin, fried without fat (pan)	236	25.8	14.7	0
V514142	Schaf Herz, geschmort ohne Fett	Sheep heart, braised without fat	196	29.6	8.57	0
G430162	Gemüsefenchel gebacken	Fennel/Florence fennel, baked	32	1.65	0.23	4.04
V463132	Ente Fleisch, ohne Haut, gekocht	Duck meat, without skin, boiled	135	25.9	3.5	0
T207252	Köhler/Seelachs, tiefgefroren, gedünstet	Saithe/pollack, deep-frozen, stewed	76	16.64	1.1	0
F303400	Brombeere getrocknet	Blackberry dried	305	8.02	1.2	63.1
T307200	Schwarzer Heilbutt tiefgefroren	Greenland halibut deep-frozen	161	13.22	12	0
T041182	Aal gebraten ohne Fett (Pfanne)	Eel fried without fat (pan)	309	16.9	26.8	0
G460152	Portulak gedünstet	Purslane stewed	16	1.58	0.36	0.62
U754142	Schaf Gulasch (Hals/Kamm/Nacken) geschmort ohne Fett	Sheep goulash (scrag) braised without fat	234	26.1	14.42	0
G470182	Porree/Lauch, gebraten ohne Fett (Pfanne)	Leek fried without fat (pan)	57	3.4	0.4	8
V475200	Gans Schenkel, mit Haut, tiefgefroren	Goose leg, with skin, deep-frozen	231	17.17	18.07	0
K701182	Champignon gebraten ohne Fett (Pfanne)	Button mushroom fried without fat (pan)	47	6	0.45	4.8
W233082	Fleischkäse einfach, fein/Original Bayerischer Leberkäse fein, gebraten ohne Fett (Pfanne)	Fleischkaese sausage fried without fat (pan)	271	14.4	23.24	0.63
U642162	Schwein Bauch (wie gewachsen) gebraten ohne Fett (Ofen)	Pork belly (untrimmed) fried in the oven without fat	364	22.77	30.34	0
V454162	Perlhuhn Fleisch, mit Haut, gebraten ohne Fett (Ofen)	Guineafowl meat, with skin, fried without fat (oven)	167	29.9	5.23	0
T604200	Katfisch/Steinbeißer, tiefgefroren	Catfish/wolffish, deep-frozen	82	15.8	2.13	0
T307152	Schwarzer Heilbutt gedünstet	Greenland halibut stewed	147	11.53	11.2	0
K704152	Birkenpilz gedünstet	Brown birch bolete stewed	65	6.62	0.87	4.6
V438182	Suppenhuhn Innereien, gebraten ohne Fett (Pfanne)	Boiling fowl giblets, fried without fat (pan)	240	27	14.62	0
U856162	Hammel Brust, gebraten ohne Fett (Ofen)	Mutton breast, fried without fat (oven)	433	15.83	41.11	0
U687062	Schwein Oberschale (ohne Deckel) gebraten ohne Fett (Ofen)	Pork topside, fried without fat (oven)	143	29.54	2.71	0
U726162	Hammel Kotelett, gebraten ohne Fett (Ofen)	Mutton chop (loin) fried without fat (oven)	456	22.47	40.63	0
G640142	Pastinake geschmort ohne Fett	Parsnip braised without fat	71	3.21	0.51	11.7
U852162	Schaf Brust, mittelfett, gebraten ohne Fett (Ofen)	Sheep breast, medium fat, fried without fat (oven)	215	25.9	12.4	0
E113182	Hühnerei Eiklar, gebraten ohne Fett (Pfanne)	Chicken egg white, fried without fat (pan)	46	10.9	0.03	0.46
G343182	Wirsing gebraten ohne Fett (Pfanne)	Savoy cabbage fried without fat (pan)	69	5.24	0.6	7.8
E112182	Hühnerei Eigelb, gebraten ohne Fett (Pfanne)	Chicken egg yolk, fried without fat (pan)	386	17.2	35.17	0.24
G770432	Kichererbse reif, gekocht	Chick pea mature, boiled	151	8.4	3	17.4
G543152	Gemüsepaprika rot, gedünstet	Sweet pepper red, stewed	39	1.11	0.22	6.73
U255142	Rind Brustkern/Mittelbrust, geschmort ohne Fett	Beef brisket/centre cut, braised without fat	247	25.32	16.22	0
T202182	Leng gebraten ohne Fett (Pfanne)	Ling fried without fat (pan)	97	22.56	0.7	0
G670152	Wurzelpetersilie gedünstet	Parsley root stewed	74	2.82	0.46	13.5
V351182	Wachtel Fleisch, ohne Haut, gebraten ohne Fett (Pfanne)	Quail meat, without skin, fried without fat (pan)	155	29.7	4.03	0
T122152	Weißer Thun gedünstet	Albacore stewed	109	24.3	1.3	0
G490042	Knoblauch geschmort ohne Fett	Garlic braised without fat	122	7.49	0.52	4
T302152	Steinbutt gedünstet	Turbot stewed	74	14.91	1.65	0
T793172	Pilgermuschel/Jakobsmuschel, gegrillt	Scallop grilled	93	22.82	0.15	0
T106152	Sprotte gedünstet	Sprat stewed	174	14.9	12.7	0
V511142	Rind Herz, geschmort ohne Fett	Beef heart, braised without fat	197	29.24	8.89	0
U281162	Rind Keule, gebraten ohne Fett (Ofen)	Beef round, fried without fat (oven)	171	26.2	7.4	0
V531200	Rind Leber, tiefgefroren	Beef liver, deep-frozen	131	19.21	3.66	5.3
G710132	Bohne grün, gekocht	Bean green, boiled	34	2.1	0.3	4.06
T603132	Zander pochiert	Pike-perch poached	69	15.96	0.56	0
V4A5182	Hähnchen Oberschenkel, mit Haut, gebraten ohne Fett (Pfanne)	Chicken thigh, with skin, fried without fat (pan)	243	25.49	15.72	0
U872132	Schaf Vorderhaxe, mittelfett, gekocht	Sheep foreshank, medium fat, boiled	259	29.8	15.5	0
G620142	Karotte/Möhre, geschmort ohne Fett	Carrot braised without fat	48	1	0.48	7.8
V481172	Pute Fleisch, ohne Haut, gegrillt	Turkey meat, without skin, grilled	134	26.97	2.9	0
G640132	Pastinake gekocht	Parsnip boiled	72	1.2	0.7	13.7
U856132	Hammel Brust, gekocht	Mutton breast, boiled	480	17.54	45.54	0
T615162	Rotbarsch/Goldbarsch, gebraten ohne Fett (Ofen)	Ocean perch/redfish, fried without fat (oven)	108	18.4	3.87	0
U891172	Schaf Hinterhaxe, mager, gegrillt	Sheep hindshank, lean, grilled	161	29.7	4.72	0
G342162	Weißkohl gebacken	White cabbage baked	37	1.63	0.22	5.33
U672132	Schwein Vordereisbein/Vorderhaxe, gekocht	Pork foreshank (hock) boiled	238	29.99	13.11	0
G450200	Spargel tiefgefroren	Asparagus deep-frozen	32	2.18	0.17	4.42
C353132	Wildreis gekocht	Wild rice boiled	140	5.07	0.35	28.36
T204252	Dorsch/Kabeljau, tiefgefroren, gedünstet	Cod deep-frozen, stewed	68	15.53	0.6	0
H230162	Edelkastanie/Marone, gebacken	Sweet chestnut baked	229	3.18	2.06	44.78
U533172	Schwein Schmetterlingssteak, gegrillt	Pork steak (loin) grilled	216	34.1	8.9	0
U331200	Kalb Steak (Rücken) tiefgefroren	Veal steak (loin) deep-frozen	107	20.9	2.62	0
G561152	Tomate gedünstet	Tomato stewed	24	1.08	0.12	3.69
E111132	Hühnerei gekocht	Chicken egg boiled	144	14.1	9.6	0.34
U020132	Schwein Hackfleisch, gekocht	Pork mince, boiled	345	25.95	26.78	0
W530042	Kasseler, Rohpökelware, geräuchert, geschmort ohne Fett	Pork loin chop raw cured, smoked, braised without fat	133	28.29	2.26	0
T033182	Dornhai gebraten ohne Fett (Pfanne)	Piked dogfish fried without fat (pan)	195	14.08	15.35	0
U461142	Kalb Bug/Schulter, geschmort ohne Fett	Veal shoulder, braised without fat	116	26.57	1.08	0
H420610	Sesam geröstet ohne Fett	Sesame seeds roasted without fat	575	20.9	51.43	1.45
M524572	Halloumi Grillkäse, gegrillt	Halloumi cheese grilled	320	22.14	25.32	0.1
V416142	Hähnchen Brustfilet, geschmort ohne Fett	Chicken breast fillet, braised without fat	134	30.13	1.53	0
G221182	Bleichsellerie gebraten ohne Fett (Pfanne)	Stalk celery fried without fat (pan)	32	2.26	0.2	3
T204262	Dorsch/Kabeljau, tiefgefroren, gebraten ohne Fett (Ofen)	Cod deep-frozen, fried without fat (oven)	93	21.55	0.72	0
G414132	Gemüseartischocke/Kardone, gekocht	Cardoon boiled	22	0.9	0.1	3.27
U622172	Schwein Kotelett (Rücken/cranial) gegrillt	Pork loin (cranial part) grilled	226	27.64	12.84	0
T207162	Köhler/Seelachs, gebraten ohne Fett (Ofen)	Saithe/pollack, fried without fat (oven)	134	26.6	3.05	0
U622142	Schwein Kotelett (Rücken/cranial) geschmort ohne Fett	Pork loin (cranial part) braised without fat	219	27.53	12.07	0
U871162	Schaf Vorderhaxe, mager, gebraten ohne Fett (Ofen)	Sheep foreshank, lean, fried without fat (oven)	143	27.3	3.77	0
T020182	Tintenfisch gebraten ohne Fett (Pfanne)	Common cuttlefish fried without fat (pan)	87	19.12	1.22	0
F130400	Birne getrocknet	Pear dried	231	1.19	1.15	52.36
T410052	Lachs gedünstet	Salmon stewed	163	17.36	10.42	0
F301152	Erdbeere gedünstet	Strawberry stewed	40	0.86	0.42	6.23
G761200	Zuckererbse tiefgefroren	Sugar pea deep-frozen	40	4	0.2	4.6
C432032	Hirse Schrot, gekocht	Millet coarse meal, boiled	45	1.53	0.39	8.53
T120182	Pelamide gebraten ohne Fett (Pfanne)	Atlantic bonito fried without fat (pan)	162	26.6	6.21	0
G341182	Rotkohl gebraten ohne Fett (Pfanne)	Red cabbage fried without fat (pan)	53	2.95	0.34	7.04
V485162	Pute Keule, ohne Haut, gebraten ohne Fett (Ofen)	Turkey leg, without skin, fried without fat (oven)	189	34.69	5.55	0
V513182	Schwein Herz, gebraten ohne Fett (Pfanne)	Pork heart, fried without fat (pan)	160	24.7	6.81	0
U554142	Schwein Gulasch (Restbug) geschmort ohne Fett	Pork goulash (shoulder strips) braised without fat	161	29.42	4.79	0
K440162	Yamswurzel gebacken	Yam baked	158	2.56	0.17	33
G561162	Tomate gebacken	Tomato baked	25	1.12	0.13	3.82
V320162	Rebhuhn Fleisch, gebraten ohne Fett (Ofen)	Partridge meat, fried without fat (oven)	324	54.4	11.8	0
U533162	Schwein Schmetterlingssteak, gebraten ohne Fett (Ofen)	Pork steak (loin) fried without fat (oven)	176	28.8	6.7	0
F212600	Sauerkirschsaft	Sour cherry juice	62	0.81	0.4	12.85
E401032	Teigwaren eifrei, gekocht	Pasta egg-free, boiled	146	5.4	0.7	28.68
V422072	Geflügel Dönerfleisch, gegrillt	Poultry kebab meat, grilled	268	27.65	17.48	0
V417172	Hähnchen Flügel, mit Haut, gegrillt	Chicken wings, with skin, grilled	286	28.8	19.03	0
T502600	Blei/Brachsen/Brasse, geräuchert	Common bream smoked	104	17.92	3.57	0
H410400	Leinsamen geschrotet	Linseed/flax seed, ground	468	22.27	36.5	1.7
E111162	Hühnerei gebacken	Chicken egg baked	161	15.56	10.84	0.41
C221132	Roggen Vollkornschrot, gekocht	Rye coarse meal, boiled	47	1.31	0.2	8.52
U511182	Schwein Filetmedaillon, gebraten ohne Fett (Pfanne)	Pork fillet medaillon, fried without fat (pan)	144	28.87	3.17	0
G520042	Gurke geschmort ohne Fett	Cucumber braised without fat	18	1.16	0.22	2.17
T415182	Königslachs gebraten ohne Fett (Pfanne)	Chinook salmon fried without fat (pan)	208	23.63	12.6	0
T106182	Sprotte gebraten ohne Fett (Pfanne)	Sprat fried without fat (pan)	197	18.2	13.8	0
G620132	Karotte/Möhre, gekocht	Carrot boiled	34	0.5	0.5	5.42
E500032	Vollkornteigwaren eifrei, gekocht	Wholemeal pasta egg-free, boiled	130	5.4	1.11	22.6
T601182	Barsch/Flussbarsch, gebraten ohne Fett (Pfanne)	European perch fried without fat (pan)	94	21.85	0.7	0
G470152	Porree/Lauch, gedünstet	Leek stewed	37	2.28	0.27	5
U024172	Schwein Hackfleisch, gegrillt	Pork mince, grilled	363	24.52	29.41	0
U151200	Rind Gulasch (Bug) tiefgefroren	Beef goulash (shoulder) deep-frozen	128	20.2	5.3	0
W288162	Geflügelmortadella gebraten ohne Fett (Ofen)	Poultry mortadella fried without fat (oven)	231	12.97	19.09	0.01
T213252	Alaska-Pollack/Alaska-Seelachs, tiefgefroren, gedünstet	Alaska pollock deep-frozen, stewed	65	14.64	0.67	0
U411162	Kalb Filet/Lende, gebraten ohne Fett (Ofen)	Veal fillet (tenderloin) fried without fat (oven)	135	29.07	2.08	0
T045182	Dorschleber gebraten ohne Fett (Pfanne)	Cod liver fried without fat (pan)	651	5.2	70	0
K120134	Kartoffel ungeschält, gekocht	Potatoe unpeeled, boiled	71	1.8	0.6	13.64
T204282	Dorsch/Kabeljau, tiefgefroren, gebraten ohne Fett (Pfanne)	Cod deep-frozen, fried without fat (pan)	85	19.67	0.68	0
T309182	Seezunge gebraten ohne Fett (Pfanne)	Sole fried without fat (pan)	102	20.78	2.09	0
T120152	Pelamide gedünstet	Atlantic bonito stewed	127	20	5.26	0
U811172	Schaf Filet/Lende, gegrillt	Sheep tenderloin, grilled	260	25.6	17.5	0
G420182	Stielmus/Rübstiel, gebraten ohne Fett (Pfanne)	Turnip tops/greens, fried without fat (pan)	27	2.2	0.4	1.21
G570132	Zuckermais gekocht	Sweetcorn boiled	61	3.01	1.13	8.6
V416200	Hähnchen Brustfilet, tiefgefroren	Chicken breast fillet, deep-frozen	109	23.25	1.81	0
G486162	Frühlingszwiebel/Lauchzwiebel (ohne Laub) gebacken	Spring onion, bulb only, baked	38	1.1	0.18	7.05
H230172	Edelkastanie/Marone, gegrillt	Sweet chestnut grilled	228	3.12	2.06	44.78
V354162	Wachtel Fleisch, ohne Haut, gebraten ohne Fett (Ofen)	Quail meat, without skin, fried without fat (oven)	178	34.4	4.53	0
U711200	Schaf Filetmedaillon, tiefgefroren	Sheep fillet medaillon, deep-frozen	118	22.79	2.97	0
G482152	Frühlingszwiebel/Lauchzwiebel, gedünstet	Spring onion stewed	27	1.9	0.19	3
W234082	Fleischwurst gebraten ohne Fett (Pfanne)	Bologna fried without fat (pan)	318	12.9	29.22	0.27
U742162	Schaf Schnitzel (Keule, mittelfett) gebraten ohne Fett (Ofen)	Sheep schnitzel (leg, medium fat) fried without fat (oven)	215	24.8	12.9	0
U856142	Hammel Brust, geschmort ohne Fett	Mutton breast, braised without fat	487	17.81	46.25	0
V4A6142	Hähnchen Brust, ohne Haut, geschmort ohne Fett	Chicken breast, without skin, braised without fat	131	28.26	2.05	0
G710152	Bohne grün, gedünstet	Bean green, stewed	30	2.38	0.26	3.7
F201152	Aprikose gedünstet	Apricot stewed	47	0.9	0.15	9.34
T792200	Miesmuschel tiefgefroren	Common mussel deep-frozen	60	10.51	1.96	0
T305252	Goldbutt/Scholle, tiefgefroren, gedünstet	Plaice deep-frozen, stewed	69	14.64	1.14	0
T020200	Tintenfisch tiefgefroren	Common cuttlefish deep-frozen	73	16.1	0.98	0
G760152	Erbse grün, gedünstet	Pea green, stewed	97	6.5	0.53	13.52
U261200	Rind Bug/Schulter, tiefgefroren	Beef shoulder, deep-frozen	128	20.2	5.3	0
E111182	Hühnerei gebraten ohne Fett (Pfanne)	Chicken egg fried without fat (pan)	151	14.51	10.11	0.38
E432032	Eierteigwaren gekocht	Egg pasta boiled	130	5.2	0.91	24.72
V487142	Pute Flügel, mit Haut, geschmort ohne Fett	Turkey wings, with skin, braised without fat	176	23.2	9.2	0
G345032	Sauerkraut abgetropft, gekocht	Sauerkraut drained, boiled	18	1.07	0.29	0.94
F533600	Honigmelonensaft	Honeydew melon juice	35	0.43	0.1	8.08
V474162	Gans Fleisch, mit Haut, gebraten ohne Fett (Ofen)	Goose meat, with skin, fried without fat (oven)	257	22.73	18.51	0
T420262	Forelle tiefgefroren, gebraten ohne Fett (Ofen)	Trout deep-frozen, fried without fat (oven)	163	25.9	6.39	0
U811200	Schaf Filet/Lende, tiefgefroren	Sheep tenderloin, deep-frozen	194	18.7	13.2	0
G541032	Gemüsepaprika grün, gekocht	Sweet pepper green, boiled	38	1.09	0.24	6.95
V476162	Gans Fleisch, ohne Haut, gebraten ohne Fett (Ofen)	Goose meat, without skin, fried without fat (oven)	176	34	4.39	0
G510132	Aubergine gekocht	Aubergine boiled	23	0.7	0.5	3
G440132	Palmenherz gekocht	Palm heart, boiled	30	2.6	0.2	3.78
V132142	Kaninchen Fleisch, geschmort ohne Fett	Domestic rabbit meat, braised without fat	177	29.5	6.6	0
K110182	Kartoffel geschält, gebraten ohne Fett (Pfanne)	Potatoe peeled, fried without fat (pan)	115	2.69	0.14	24.86
V474182	Gans Fleisch, mit Haut, gebraten ohne Fett (Pfanne)	Goose meat, with skin, fried without fat (pan)	296	24.17	22.14	0
G720152	Wachsbohne gedünstet	Wax bean stewed	29	2.2	0.2	3.7
V435200	Suppenhuhn Schenkel, mit Haut, tiefgefroren	Boiling fowl leg, with skin, deep-frozen	257	18.5	20.3	0
U432132	Kalb Hals/Nacken/Kamm, gekocht	Veal scrag boiled	135	27.26	2.85	0
U331172	Kalb Steak (Rücken) gegrillt	Veal steak (loin) grilled	131	25.72	3.16	0
V050132	Schnecken gekocht	Snails edible/escargots, boiled	78	16.6	1.29	0
V465182	Ente Schenkel, mit Haut, gebraten ohne Fett (Pfanne)	Duck leg, with skin, fried without fat (pan)	199	25.23	10.88	0
V465142	Ente Schenkel, mit Haut, geschmort ohne Fett	Duck leg, with skin, braised without fat	200	24.68	11.22	0
T420132	Forelle pochiert	Trout poached	134	17.96	6.78	0
V222200	Reh Rücken, tiefgefroren	Roe deer saddle, deep-frozen	122	22.4	3.55	0
T204272	Dorsch/Kabeljau, tiefgefroren, gegrillt	Cod deep-frozen, grilled	95	21.93	0.78	0
V487162	Pute Flügel, mit Haut, gebraten ohne Fett (Ofen)	Turkey wings, with skin, fried without fat (oven)	278	30.9	17.1	0
T780182	Europäische Auster gebraten ohne Fett (Pfanne)	European oyster fried without fat (pan)	73	9.61	3.3	1.23
T107182	Makrele gebraten ohne Fett (Pfanne)	Mackerel fried without fat (pan)	164	21	8.9	0
U281132	Rind Keule, gekocht	Beef round, boiled	187	28.6	8.1	0
Y7A2010	Kochkäse (selbstgemacht)	Koch Kaese (German cooked cheese) homemade	246	14.02	19.68	2.6
U223000	Rind Roastbeef (Rücken) mariniert, roh	Beef roastbeef (loin) marinated	138	19.7	5.6	1.78
D4A1100	Kirschstrudel (Blätterteig)	Cherry strudel (puff pastry)	335	3.71	21.59	29.68
Y623912	Seelachsfilet Müllerinart (mehliert, gebraten)	Saithe fillet floured, fried	120	19.76	3.2	2.63
R911000	Helle Soße Instantpulver	White sauce instant powder	431	4.43	20.32	56.9
V481262	Pute Fleisch, ohne Haut, tiefgefroren, gebraten ohne Fett (Ofen)	Turkey meat, without skin, deep-frozen, fried without fat (oven)	146	30.07	2.9	0
N230000	Fruchtsaftgetränk Johannisbeere	Fruit juice beverage currant	30	0.15	0.02	7.13
Y893162	Crepes Suzette gebraten	Crepes Suzette fried	281	5.3	16.2	25.2
D480200	Käsekuchen/Quarkkuchen (Mürbeteig)	Cheesecake (shortcrust pastry)	261	8.4	12.1	28.9
X9A2040	Milch-Getreide-Brei, mit Haferflocken und Apfelsaft (geeignet für Beikost)	Milk-cereal puree, with oat flakes and apple juice (suitable as baby food)	98	4.64	3.95	10.4
T930700	Alaska-Seelachs im Backteig, tiefgefroren	Alaska pollock in frying batter, deep-frozen	205	9.2	10.32	18.25
S220000	Fruchteis	Fruit ice cream	128	0.29	0.15	30.3
X446343	Lauchsuppe gebunden	Leek soup thickened	46	0.98	3.2	3
Y697522	Fischkroketten mit Seelachs frittiert	Fish croquettes with saithe deep-fried	265	15.95	13.28	19.57
Y8A4060	Grießschnitten gesüßt gebraten	Semolina slices sweetened fried	148	3.38	10.02	10.89
X461243	Kohlrüben-Eintopf mit Kasseler und Kartoffeln	Turnip stew with cured, smoked pork neck and potatoes	76	6.8	2.7	5.34
W880400	Hausmacher Leberwurst Konserve	Homemade liver sausage canned	288	12.7	26.1	0.49
T020262	Tintenfisch tiefgefroren, gebraten ohne Fett (Ofen)	Common cuttlefish deep-frozen, fried without fat (oven)	106	23.17	1.48	0
D7A7800	Apfeltasche (Blätterteig)	Turnover (puff pastry) filled with apples	317	3.3	21.2	26.8
X922163	Frühlingsrollen gefüllt mit Gemüse, Schweinefleisch und Krabben, frittiert	Spring rolls filled with vegetables, pork and shrimps, deep-fried	342	11.4	20.04	27.7
X644712	Kartoffelgratin mit Lauch	Potato gratin with leek	136	4.6	8.8	9
Y864943	Welfencreme (Vanilleflammeri mit Weinschaum)	"Welfencreme" (vanilla pudding with wine sabayon)	137	4.1	3.9	19.85
D310400	Biskuitrolle/Biskuitroulade, mit Konfitüre	Sponge cake roll, filled with jam	262	6.6	3.5	49.8
S210800	Speiseeis Nuss, in Waffeltüte	Nut ice cream, in waffle cone	255	3.96	12.86	29.8
D740400	Kartoffelhörnchen (Mürbeteig)	Potato crescent roll (shortcrust pastry)	339	6	8.5	58.1
S220900	Speiseeis (Kaffee, Vanille) gemischt	Ice cream mixed (coffee, vanilla)	183	3.4	9.7	20.1
X3A9030	Saure-Sahne-Dressing mit Joghurt und Senf	Sour cream dressing wiht yogurt and mustard	92	3.16	6.8	3.8
X436243	Schinkenklößchen	Small ham dumplings	154	9.41	4.51	18.22
X987112	Pizzabaguette mit Kochschinken und Käse überbacken	Pizza baguette with boiled ham and cheese gratinated	222	15.7	10.03	16
F016600	Mehrfruchtsaft angereichert mit Vitaminen und Mineralstoffen	Multi-fruit juice fortified with vitamins and minerals	54	0.34	0.1	12.3
Y514233	Hirschragout mit Grundsauce dunkel/braun und Rotwein	Venison ragout with brown basic sauce and red wine	158	14.44	9	2.6
W182000	Berliner Knacker/Berliner Knackwurst	Berlin Knacker sausage raw, small, firm	271	21.26	20.69	0
W850300	Schinkenröllchen in Aspik	Ham roll in aspic	90	15.7	2.4	0.74
Y175022	Saure Rinderkutteln gekocht, mit Grundsauce dunkel/braun	Sour beef tripe boiled, with brown basic sauce	84	8.6	4.1	2.81
X562243	Karotten und Lauch gedünstet	Carrots and leek stewed	60	1.02	3.5	4.8
X3A8010	Marinade mit Gemüsebrühe für Kartoffelsalat	Marinade with vegetable stock for potato salad	97	0.47	9	2.35
H930100	Soja-Streichwurstalternative, vegan	Soya spreadable sausage alternative, vegan	226	5.9	20.3	4.2
V654282	Hähnchen Magen, tiefgefroren, gebraten ohne Fett (Pfanne)	Chicken stomach, deep-frozen, fried without fat (pan)	132	27.82	2.32	0
W185000	Debrecziner roh	Debrecziner sausage raw, small, firm	330	23.32	26.31	0
X456143	Gulaschsuppe mit Rindfleisch, Zwiebeln und Paprika	Goulash soup with beef, onions and sweet pepper	48	3.5	2.7	2
Y9A2020	Haselnusscremeeis	Hazelnut ice cream (with egg)	224	5.7	15.9	14.2
X1A1020	Bohnensalat bunt (gegart) mit Schafskäse und warmer Essigmarinade	Mixed bean salad (cooked) with sheep's milk cheese and warm vinegar marinade	87	3.56	4.8	5.8
T615282	Rotbarsch/Goldbarsch, tiefgefroren, gebraten ohne Fett (Pfanne)	Ocean perch/redfish, deep-frozen, fried without fat (pan)	108	18.2	3.9	0
V913400	Entenpastete gebacken	Duck pate baked	252	21.1	15	7.7
W218600	Geselchte	Geselchte sausage smoked	171	14.21	12.59	0.08
Y9A1040	Döner vegetarisch, Fladenbrot gefüllt mit Rohkost, Schafskäse und Sauce	Doner vegetarian, flatbread filled with salad, sheep's milk cheese and sauce	145	4.3	7.8	13
E911000	Teigwaren eifrei, Ravioli (Gemüsefüllung) in Tomatensoße, Konserve	Pasta egg-free, Ravioli (vegetable filling) in tomato sauce, canned	95	2.8	1.1	17
X3A7020	Salsa verde	Salsa verde	480	2.18	50.7	2
X644313	Kartoffelgratin mit Spinat	Potato gratin with spinach	136	5.91	7.76	10
X444343	Tomatensuppe gebunden	Tomato soup thickened	44	0.49	3.68	1.89
X5A5010	Kohlroulade gedünstet, vegan gefüllt mit Hirse, Tomaten und Tofu	Cabbage roulade stewed, vegan filled with millet, tomatoes and tofu	54	2.76	1.1	7.49
T753800	Garnele/Granat/Krabbe, Präserve	Common shrimp semi-preserved	93	18.94	1.96	0
X461143	Karotten-Eintopf mit Schweinebauch	Carrot stew with pork belly	110	4.56	6.5	7.39
F020600	Roter Mehrfruchtsaft	Red multi-fruit juice	50	0.7	0.3	9.9
X658012	Kartoffelomelett gebraten	Potato omelette fried	160	5.27	8.11	15.45
D4A5100	Schwedischer Mandel-Marzipan-Kuchen/Mazarinkuchen (Mürbeteig)	Swedish almond marzipan cake (shortcrust pastry)	494	8.6	32.5	40.2
B515500	Weizenbrötchen mit Zwiebeln	Wheat roll with onions	299	9.4	3.1	56
W875100	Frankfurter Rindswurst/Rote Wurst, Konserve	Frankfurt beef sausage/red sausage, canned	223	11.44	19.74	0
Q656000	Knoblauchbutter/Kräuterbutter	Garlic butter/herb butter	587	4.5	62	2
Y163313	Rinderschmorbraten mit Speck und Sauce	Braised beef roast with bacon and sauce	150	13.9	8.9	3.22
Y111012	Rinderfilet mariniert, gebraten im Ofen	Beef fillet marinated, fried in oven	150	23.09	5.8	0.08
W380300	Kartoffelwurst	Potato sausage	180	10.86	13.12	4.41
X651112	Bauernfrühstück mit Speck und Kochschinken, gebraten	Farmer's breakfast with bacon and boiled ham, fried	229	8.52	16.38	11.09
F032600	Smoothie purpur (Früchte)	Smoothie of purple fruits	57	0.7	0.3	11
N5A2000	Kaffeeersatz (Getränk) mit Sojadrink, ungesüßt	Coffee substitute (infusion) with soya drink, unsweetened	6	0.18	0.04	0.95
S830000	Müsli-Riegel	Muesli bar	428	8.4	15.4	58.5
U883262	Schaf Keule, fett, tiefgefroren, gebraten ohne Fett (Ofen)	Sheep leg, fat, deep-frozen, fried without fat (oven)	279	24.1	20.3	0
W255200	Geflügelbierwurst mit Schweinefleisch	Bierwurst made from poultry and pork	238	12.26	21	0
Y881943	Quarkpudding	Quark pudding	280	12.2	13.8	25.6
Y9A1050	Falafel (Kichererbsenbällchen) frittiert	Falafel (small chickpea balls) deep-fried	193	8.88	8	17
S820100	Energieriegel angereichert mit Vitaminen und Mineralstoffen	Energy bar fortified with vitamins and minerals	449	10.6	21.7	47
X270810	Fruchtsalat gesüßt	Fruit salad sweetened	62	0.76	0.3	12.6
Y812512	Karthäuser Klöße gebraten, mit Zucker und Zimt	"Karthäuser" dumplings (made from rolls) fried, with sugar and cinnamon	280	7.76	11.61	35.36
W384200	Graupenblutwurst	Blood sausage with pearl barley	206	7.21	12.86	14.7
X2A1040	Fenchelrohkost mit Joghurtmarinade	Fennel salad (raw) with yogurt marinade	54	1.63	2.39	4.9
G560600	Gemüsesaft aus Tomate, mit Salz	Tomato juice with salt	18	0.76	0.05	2.97
X9A1060	Hirse-Gemüse-Bratlinge gebraten	Millet-vegetable patties fried	98	4.2	3.6	11.39
X860252	Reiskroketten mit Parmesan	Rice croquettes with Parmesan cheese	290	5.96	15.3	31.6
C512700	Müslimischung mit Trockenfrüchten, glutenfrei, gesüßt	Muesli mix with dried fruit, gluten-free, sweetened	350	8.6	8	56.7
X532363	Broccoliauflauf	Broccoli casserole	114	7.02	7.8	3.2
M2A9200	Joghurt fettarm, mind. 1,5 % bis max. 1,8 % Fett, mit Fruchtzubereitung, Zucker und Süßungsmitteln	Yogurt low-fat, min. 1.5 % to max. 1.8 % fat, with fruit preparation, sugar and artificial sweeteners	59	3.74	1.31	7.2
T792232	Miesmuschel tiefgefroren, gekocht	Common mussel deep-frozen, boiled	61	9.85	2.44	0
Y996440	Zitronensorbet	Lemon sherbet/sorbet	123	0.7	0.1	28.13
D7A5100	Nuss-Schnecken (Hefeteig)	Danish swirl (yeast dough) with nuts	386	8.9	18.28	44.7
U511262	Schwein Filetmedaillon, tiefgefroren, gebraten ohne Fett (Ofen)	Pork fillet medaillon, deep-frozen, fried without fat (oven)	144	28.87	3.17	0
W281000	Milzwurst	Scalded sausage with milt	208	11.67	17.86	0.15
Y842343	Quittenkompott	Quince compote	87	1.3	1.6	13.6
D431700	Orangenkuchen (Rührmasse)	Orange cake (cake batter)	389	5.55	21.3	42.8
X678112	Lippischer Pickert gebraten (aus Hefeteig mit roh geriebenen Kartoffeln und saurer Sahne)	"Lippischer Pickert" fried (pancakes made from yeast dough with raw potatoes and sour cream)	292	5.95	15	32
Y837543	Pudding englische Art	Pudding English style	248	7	13	24
X1A7020	Wurstsalat mit Gewürzgurke und Essigmarinade	Sausage salad with gherkin and vinegar marinade	251	7.58	23.44	1.55
Y835463	Plumpudding	Plum pudding	282	4.9	10.6	39.3
X934412	Flammkuchen Elsässer Art	Tarte flambee Alsatian style	233	8.74	11.3	23
X551812	Auberginenscheiben im Backteig (mit Bier) frittiert	Aubergine slices in frying batter (with beer) deep-fried	239	5.4	14.28	20.48
W364400	Zungenpresskopf	Tongue brawn	212	19.63	14.68	0.17
G898400	Ajvar Konserve	Ajvar canned	68	0.9	4.4	5
Y184312	Ochsenschwanz geschmort (mit Fett und Salz)	Ox tail braised (with fat and salt)	193	16.9	12.5	2.6
W982200	Delikatesspastete mit Mürbeteig, gebacken	Gourmet pate with shortcrust pastry, baked	303	16.82	22.65	7.55
S220700	Speiseeis (Karamell, Nuss) gemischt	Ice cream mixed (caramel, nut)	212	3.8	10.79	24.45
D661100	Marzipan-Monde	Marzipan moons	461	11.7	26.7	40.5
D310700	Biskuitrolle/Biskuitroulade, mit Zitronensahnecreme	Sponge cake roll, filled with lemon-cream	220	5.6	8	30.77
Y635412	Flunder mehliert, gebraten	Flounder floured, fried	105	14.5	2.8	4.08
W340000	Thüringer Rotwurst	Thuringian blood sausage	182	20.58	10.9	0.37
B6A1600	Weizenvollkornknäckebrot mit Ölsamen, Hartkäse und Zwiebeln	Wholemeal wheat crispbread with oilseeds, hard cheese and onions	429	16.9	17.2	46
X951213	Grießauflauf mit Käse	Semolina casserole with cheese	198	7.9	11.66	15.08
Y843243	Apfelmus mit Zimt	Apple sauce with cinnamon	53	0.4	0.5	10.4
C512300	Müslimischung mit Trockenfrüchten, ungesüßt	Muesli mix with dried fruit, unsweetened	327	9	4.9	55.9
R922000	Joghurtsahne für Gebäck/Torten	Yogurt cream for pastry/tortes	232	3.3	16.8	16.24
D431800	Ananas-Marzipan-Kuchen (Rührmasse)	Pineapple marzipan cake (cake batter)	386	6.36	20.6	42
X5A1050	Linsenbratlinge vegan, gebraten	Lentil patties vegan, fried	158	8.25	3.5	19.6
S627000	Pralinen gefüllt mit Kaffee	Pralines filled with coffee	425	2.7	20	57.2
D7A5200	Puddingschnecken (Hefeteig)	Danish swirl (yeast dough) with pudding	247	6.1	7.6	37.7
Y821043	Grießauflauf mit Rosinen	Semolina casserole with raisins	128	4.1	6.4	13.2
Y4A1000	Lammfleischklößchen gegart	Small lamb meatballs cooked	121	14.3	4.48	5.43
Y697612	Seeteufel gebraten (mit Fett und Salz)	Anglerfish fried (with fat and salt)	82	16.9	1.5	0.08
X548243	Zwiebeln gedünstet, mit saurer Sahne	Onions stewed, with sour cream	72	1.18	4.9	5.2
Y870163	Bayerische Creme	Bavarian cream	238	5.4	18.3	12.95
M241500	Sahnejoghurt mind. 10 % Fett, mit Fruchtzubereitung, gesüßt	Yogurt min. 10 % fat, with fruit preparation, sweetened	150	3.49	8.19	14.81
D650400	Elisenlebkuchen	Elisen gingerbread (with at least 25 % almonds and hazelnuts)	435	12.89	23.2	40.8
X177063	Kichererbsensalat (gegart) mit warmer Essigmarinade	Chickpea salad (cooked) with warm vinegar marinade	107	5.15	3.2	11.7
Y151112	Rinderroulade geschmort, mit Sauce	Beef olive braised, with sauce	133	12	8.5	1.8
Y352013	Schweinerollbraten mit Sauce	Rolled pork roast with sauce	158	15.9	9.8	1.1
X4A6030	Tomatensuppe klar, mit Gemüsebrühe	Tomato soup clear, with vegetable stock	15	0.69	0.1	2.24
X7A1000	Eier-Frischteigwaren mit Basilikum (mit Salz gekocht)	Fresh egg pasta with basil (boiled with salt)	160	6.49	3.25	25.21
X166260	Selleriesalat (gegart) mit warmer Essigmarinade	Celeriac salad (cooked) with warm vinegar marinade	50	1.17	3.1	2.14
Y638212	Steinbutt mehliert, gebraten	Turbot floured, fried	105	17.35	2.5	2.88
X961462	Spinatnocken	Spinach dumplings	148	6.6	7.78	12.34
W319000	Trüffelleberwurst	Truffled liver sausage	268	13.73	23.25	0.6
K391200	Kartoffelrösti tiefgefroren	Potato rösti (fried grated potatoes) deep-frozen	207	2.45	8.56	29
X5A5020	Kohlroulade gedünstet, vegetarisch gefüllt mit Hirse, Tomaten und Schafskäse	Cabbage roulade stewed, vegetarian filled with millet, tomatoes and sheep's milk cheese	69	2.99	2.7	7.37
X8A1060	Reisauflauf mit Spargel und Käse	Rice casserole with asparagus and cheese	163	7.8	6.28	18.2
W206000	Mortadella fettreduziert	Mortadella reduced-fat	122	13.39	7.47	0.17
X744133	Eierteigwaren mit gedünsteten Tomaten und Petersilie	Egg pasta with stewed tomatoes and parsley	126	4.9	3.39	18.24
Y172012	Kalbshirn gebraten	Veal brain fried	132	11.44	9.39	0.42
Y827043	Fruchtmichel mit gemischten Früchten, gebacken	Souffle with mixed fruit	180	5.65	5.6	26
Y346013	Schweinepfeffer	"Schweinepfeffer" savoury pork goulash	134	12.42	7.8	3.28
R481232	Schokoladenpudding, Flammeri, zubereitet aus Pulver und Milch 3,5 % Fett, gesüßt	Chocolate pudding made from powder, milk 3.5 % fat and sugar	108	3.38	3.1	16.5
B719000	Rosinenbrot glutenfrei	Raisin bread gluten-free	278	3.4	5.9	51
Y444523	Hammelragout mit grünen Bohnen	Mutton ragout with green beans	232	7.1	19.2	7
D411100	Mandarinen-Omelettes (Wiener Boden hell) mit Sahne	Viennese sponge cake roll filled with whipped cream and mandarins	256	3.72	16.2	23.22
D734900	Nussstangen (Mürbeteig)	Nut sticks (shortcrust pastry)	543	8.6	36.3	43.7
B6A1100	Weizenvollkornknäckebrot mit Käse, Ölsamen und Tomaten	Wholemeal wheat crispbread with cheese, oilseeds and tomatoes	410	16.3	13.7	49
D4A6200	Mohnstollen (Hefemürbteig)	Poppy seed stollen (shortcrust pastry with yeast)	392	8.1	22.5	37
D4A7200	Mohnkranz (Quark-Öl-Teig)	Poppy seed ring cake (quark oil dough)	422	10.1	23.3	40.3
D312700	Möhren-Nusstorte/Rüblitorte (Biskuit)	Carrot nut cake (sponge cake)	342	8.4	21.37	27.2
X471153	Vanille-Milchkaltschale mit Ei, gebunden mit Stärke	Cold vanilla-milk soup with egg, thickened with starch	103	4.7	4.63	10.6
R9A1300	Mandarinensahnecreme für Gebäck/Torten	Mandarin cream for pastry/tortes	212	2	14.2	18.6
X092040	Haferflocken gesüßt, mit Milch 3,5 % Fett und Fruchtmischung	Oat flakes sweetened, with milk 3.5 % fat and mixed fruit	147	4.79	3.1	22.9
W343400	Hausmacher Blutwurst	Homemade blood sausage	341	13.99	31.47	0.36
X492563	Aprikosenkaltschale gebunden mit Stärke	Cold apricot soup thickened with starch	48	0.8	0.1	9.87
D655500	Pfefferkuchen	Spiced gingerbread	409	8.26	10.6	68.3
Y261023	Kalbsbraten mit Grundsauce dunkel/braun	Veal roast with brown basic sauce	101	15	3.2	2.8
Y8A8020	Hefeteig gesüßt, mit Wasser, roh	Yeast dough sweetened, with water, raw	298	7.11	9.34	45
H882100	Frischecreme/Streichcreme, Basis Mandeln, vegan	Plant-based soft cream cheese alternative, almond-based, vegan	220	4.48	21.6	0.78
X511812	Champignons im Backteig (mit Bier) frittiert	Button mushrooms in frying batter (with beer) deep-fried	219	6.8	13.03	17.7
X9A1030	Grünkernbratlinge gebraten	Green spelt patties fried	182	4.4	9.7	17.5
W873100	Bierschinken Konserve	Beer ham canned	118	16.39	5.77	0.08
Y872053	Fruchtcreme roh gerührt (mit Gelatine)	Fruit cream (with gelatine)	132	3.4	5.6	16.05
X5A1040	Linsenbratlinge gebraten	Lentil patties fried	200	10.6	4.9	25.5
V488282	Pute Innereien, tiefgefroren, gebraten ohne Fett (Pfanne)	Turkey giblets, deep-frozen, fried without fat (pan)	236	26.6	14.39	0
X503412	Quiche (Mürbeteig) mit Broccoli und Blumenkohl	Quiche (shortcrust pastry) with broccoli and cauliflower	170	5.6	10.4	12.5
W873600	Herzwurst Konserve	Heart sausage canned	162	14.65	11.34	0.25
H510900	Oliven grün, gefüllt mit Paprikapaste, gesäuert, abgetropft	Olives green, filled with sweet pepper paste, pickled, drained	118	1.15	11.85	0.53
Y637812	Heilbutt mehliert, gebraten	Halibut floured, fried	149	19.32	6.4	2.73
D314500	Schokoladentorte (Rührmasse) mit Canacheüberzug	Chocolate torte (cake batter) with chocolate icing	424	6.87	24.51	42.2
R9A1400	Zitronensahnecreme für Gebäck/Torten	Lemon cream (with starch) for pastry/tortes	170	1.8	9.5	18.75
M231200	Kefir fettarm, mind. 1,5 % bis max. 1,8 % Fett, mit Fruchtzubereitung, gesüßt	Kefir low-fat, min. 1.5 % to max. 1.8 % fat, with fruit preparation, sweetened	65	2.9	1.3	9.6
Y5A2000	Hähnchen-Frikadellen mit Champignons, gebraten	Chicken meatballs with button mushrooms, fried	196	18.6	11.2	4.9
X820252	Butterreis	Buttered rice	152	2.46	5.39	23.2
W981300	Fleischkäse im Bierteigmantel frittiert	Fleischkaese sausage in pastry crust, deep-fried	385	13.9	33.42	6.37
T935200	Schlemmerfilet Bordelaise (Alaska-Seelachs) tiefgefroren	Fish bake Bordelaise style (Alaska pollock) deep-frozen	129	9.1	7.8	5.5
U432242	Kalb Hals/Nacken/Kamm, tiefgefroren, geschmort ohne Fett	Veal scrag deep-frozen, braised without fat	132	26.57	2.84	0
Y845163	Bratapfel ungefüllt gebacken	Baked apple unfilled	142	0.52	6.2	19.3
C514400	Knuspermüslimischung mit Trockenfrüchten, gesüßt	Crunchy muesli mix with dried fruit, sweetened	410	7.9	14.1	59.2
N265000	ACE-Frucht-Vitamingetränk angereichert	Fruit juice beverage ACE fortified	42	0.22	0	10
W323000	Bauernleberwurst	Bauernleberwurst liver sausage	290	15.51	25.09	0.41
Y396512	Frikadellen aus Schweinefleisch gebraten	Pork meatballs fried	297	17.24	21.44	8.41
X321153	Tomatensauce von heller/weißer Grundsauce	Tomato sauce from white basic sauce	48	1	2.6	4.7
W154500	Salami Kroatische Art	Salami Croatian-type	269	25.12	18.65	0.18
B718000	Kastanienbrot glutenfrei	Chestnut bread gluten-free	217	1.6	3	45
X9A3040	Gemüsemuffins herzhaft	Vegetable muffins savoury	198	9.9	6.25	22.9
X523312	Mangoldtarte (Mürbeteig)	Chard tart (shortcrust pastry)	269	6.95	20.27	13.8
S660000	Schokoladenstreusel	Chocolate sprinkles	475	4.06	19.7	68
X720213	Auflauf aus Teigwaren eifrei, mit Kochschinken	Casserole of pasta egg-free, with boiled ham	196	9.9	8.4	19.5
Y691432	Fischfrikadellen mit Seelachs gebraten	Fishcakes with saithe fried	124	15.6	3.9	6.06
G860192	Röstzwiebeln (Fertigprodukt)	Fried onions (ready-made product)	575	5.9	44.48	34.37
D750300	Ausgezogene Nudeln/Knienudeln (Hefeteig) frittiert	Bavarian doughnuts (yeast dough) deep-fried	421	9.93	17.1	55
X081462	Toast mit Kochschinken, Käse und Tomaten, gebacken	Toast with boiled ham, cheese and tomatoes, baked	204	15.9	11.49	8.66
Y2A2000	Kalbshaxe gebraten im Ofen, ohne Sauce	Veal knuckle fried in oven, without sauce	165	24.73	7.36	0.01
P9A9000	Cocktail, Caipirinha	Cocktail, Caipirinha	92	0.01	0	6.11
D7A7810	Kirschtasche (Blätterteig)	Turnover (puff pastry) filled with cherries	334	3.71	21.58	29.67
W365100	Schweinekümmelmagen	Schweinekümmelmagen pork brawn with caraway seeds	156	23.65	6.77	0.16
X493563	Johannisbeerkaltschale gebunden mit Stärke	Cold red currant soup thickened with starch	54	1.16	0.16	9.32
X4B3000	Leberknödel, Suppeneinlage	Liver dumpling as soup garnish	207	13.77	11.13	12.47
Y8A3010	Apfel-Mangomus ungesüßt	Apple-mango sauce unsweetened	60	0.6	0.5	12
Y640112	Lachs gedünstet auf Gemüse	Salmon stewed on vegetables	136	11.64	8.6	1.9
W386000	Pfälzer Saumagen	Palatinate stuffed pig's stomach	145	11.48	7.99	6.54
X060130	Baguette-Brötchen mit Parmaschinken, Parmesan, Rucola und Salatcreme	Baguette roll with Parma ham, parmesan cheese, rucola and salad cream	299	15.6	12.76	29
W254200	Käseschinkenwurst	Ham bologna with cheese	159	14.86	11.02	0.08
W844200	Gansgalantine mit Kalb- und Schweinefleisch, gebacken	Goose galantine with veal and pork, baked	211	20.5	13.9	0.8
W243000	Kalbskäse mit Schweinefleisch	Kalbskaese sausage with pork	285	11.8	26.4	0.11
T753182	Garnele/Granat/Krabbe, gekocht, gebraten ohne Fett (Pfanne)	Common shrimp boiled, fried without fat (pan)	112	22.41	2.44	0
G992132	Gemüsemischung Erbsen-Karotten, gekocht	Mixed vegetables peas and carrots, boiled	62	3.3	0.43	9.09
Y375213	Saumagen gefüllt, gegart	Pork stomach stuffed, cooked	202	15.9	11.7	8
X4A5010	Kartoffel-Eintopf mit Kasseler	Potato stew with cured, smoked pork neck	69	4.63	3	5.32
D7A1000	Biskuitplätzchen mit Fruchtfüllung schokoliert	Sponge cake biscuits with fruit filling and chocolate icing	335	4.8	7.1	61.1
C538000	Müslimischung mit Trockenfrüchten, gesüßt	Muesli mix with dried fruit, sweetened	335	9.3	6	55.2
X822312	Grünkernrisotto mit Champignons	Green spelt risotto with button mushrooms	124	3.89	3.8	16.8
Y351032	Schweineroulade geschmort, ohne Sauce	Pork olive braised, without sauce	183	23.52	8.95	1.62
V990182	Geflügel Frikadelle, gebraten ohne Fett (Pfanne)	Poultry patty, fried without fat (pan)	132	18.9	3.9	5
Y687363	Schnecken gebacken Burgunder Art	Snails baked Burgundy style	291	17.8	23.8	0.6
R9A6200	Orangenflammeri mit Likör, für Gebäck/Torten	Orange flummery with liqueur, for pastry/tortes	111	0.3	0	25.1
W269200	Gänseleberkäse mit Schweinefleisch, getrüffelt	Leberkaese sausage with goose liver and pork, truffled	185	17.1	12.41	0.69
X206750	Rote-Bete-Salat (roh) mit Sellerie, Apfel und Joghurtmarinade	Beetroot salad (raw) with celeriac, apple and yogurt marinade	58	1.77	1.73	7.2
Y8A7000	Pfannkuchen/Eierkuchen, mit Milch 3,5 % Fett und Apfel, gebraten	Pancakes with milk 3.5 % fat and apple, fried	203	6	8.62	24.3
X254510	Paprikasalat mit Essigmarinade	Sweet pepper salad with vinegar marinade	110	0.86	9.03	4.92
S581200	Milchschokoladen-Riegel gefüllt mit Karamellcreme und gerösteten Haselnüssen	Milk chocolate bar filled with caramel cream and roasted hazelnuts	510	4.1	24.4	61.8
Y8A5010	Kaffeecreme (mit Gelatine)	Coffee cream (with gelatine)	331	5.6	26.2	17.7
T930100	Fischstäbchen (Alaska-Seelachs) paniert, tiefgefroren	Fish fingers (Alaska pollock) breaded, deep-frozen	181	12.1	8.21	14.36
D4A8800	Zitronenkuchen vegan (Rührmasse)	Lemon cake vegan (cake batter)	366	4.36	13.8	54.9
X651823	Tiroler Geröstel gebraten	Fried grated potatoes "Tyrolese"	216	10.73	14.56	9.73
X468453	Westfälischer Bohnen-Eintopf (mit weißen und grünen Bohnen, Kartoffeln, Speck, Kernobst)	Westphalian bean stew (with haricot and green beans, potatoes, bacon, pome fruit)	98	5.29	3	10.1
H014900	Sojawürstchen	Soya bean small sausage	200	12.5	16.4	0.6
C354132	Reismischung mit Wildreis, gekocht	Rice mix with wild rice, boiled	133	3.55	0.8	27.25
Y856550	Buttermilchgelee mit Erdbeeren	Buttermilk jelly with strawberries	68	3.1	0.5	11.83
W851000	Schweinefleischsülze	Jellied pork	113	23.5	2.1	0.06
U171942	Rind Bratenfleisch (Bug) mariniert, geschmort ohne Fett	Beef meat for roasting (shoulder) marinated, braised without fat	200	25.27	10.6	0.7
Y616133	Sardinen mit Spinatfüllung gebacken	Sardines with spinach filling baked	181	18	11.1	2
Y235122	Kalbskotelett gedünstet	Veal chop stewed	170	21.5	8.9	0.7
Y837312	Nektarinenkompott	Nectarine compote	70	0.63	0.1	15.7
V351262	Wachtel Fleisch, ohne Haut, tiefgefroren, gebraten ohne Fett (Ofen)	Quail meat, without skin, deep-frozen, fried without fat (oven)	178	34.4	4.53	0
Y834143	Nusspudding	Nut pudding	357	8.1	21.38	32
Y910030	Pommes frites mit Ketchup	Potato chips with ketchup	216	3.05	8.96	29.47
D735200	Orangentäschchen (Mürbeteig)	Small orange turnovers (shortcrust pastry)	504	7.8	25.5	59
M831100	Speisequarkzubereitung < 10 % Fett i. Tr., mit Fruchtzubereitung, gesüßt	Quark preparation < 10 % fat in dry matter, with fruit preparation, sweetened	99	6.98	0.15	16.87
D208700	Apfel-Quarktorte (ohne Boden)	Apple cheese torte (without cake base)	176	7.7	6.4	21
D302200	Baiser-Schokosahnetorte (Mürbeteig)	Meringue chocolate cream torte (shortcrust pastry)	393	4.7	23.79	38.8
T936100	Garnele paniert, tiefgefroren	Common shrimp breaded, deep-frozen	277	12.61	15.44	21.22
D401100	Kartoffelkuchen (Rührmasse)	Potato cake (cake batter)	364	5.02	18.21	44.1
D7B7000	Nuss-Spritzgebäck (Rührmasse) schokoliert	Nut spritz biscuits (cake batter) with chocolate icing	558	7.6	39.74	40.2
X205440	Tomaten-Paprikasalat mit Essigmarinade	Tomato-sweet pepper salad with vinegar marinade	98	0.76	8.63	3.17
X4A8110	Weiße-Bohnen-Eintopf	Haricot bean stew	70	3.3	1.5	9
X445643	Spinatsamtsuppe	Velvety spinach soup	92	1.05	9	1.47
N220000	Fruchtsaftgetränk Kirsche	Fruit juice beverage cherry	46	0.09	0	11.07
Y171113	Rinderherz gedünstet, mit Sauce	Beef heart, stewed, with sauce	187	17.3	12.5	1
D540300	Kirschstrudel (Strudelteig)	Cherry strudel (strudel dough)	242	3.34	9.63	34.3
T797182	Venusmuschel gekocht, gebraten ohne Fett (Pfanne)	Venus clam boiled, fried without fat (pan)	79	14.7	1.35	2
X358453	Grundsauce hell/weiß mit Sahne	Basic sauce white with cream	158	1.42	15.2	3.66
W255700	Stuttgarter Leberkäse	Stuttgart Leberkaese sausage	295	17.13	25.03	0.22
X981252	Tiroler Speckknödel	Tyrolean bacon dumplings	201	7.6	9	21.51
Y824043	Semmelauflauf	Wheat roll casserole	300	8.6	14.5	32.5
Y845242	Apfelküchlein (Apfelringe im Milchbackteig) gebraten	Apple doughnuts fried	194	3.5	9.7	22
W364500	Schinkenpresskopf	Ham brawn	193	21.68	11.75	0
G090600	Gemüsesaft aus Gemüsemischung	Mixed vegetables juice	20	0.84	0.2	3.2
F010600	Mehrfruchtsaft	Multi-fruit juice	48	0.4	0.1	10.73
W255600	Frühstücksfleisch	Luncheon meat	288	14.7	25.4	0.08
Y067643	Gänseleberpastete in der Kastenform gegart	Goose liver pate (cooked in a loaf tin)	194	19.7	12.24	1.21
X5A7020	Kürbisrösti gebacken	Pumpkin rösti baked	185	5.18	13.27	9.74
T824900	Lachs in Tomatensauce, Konserve	Salmon in tomato sauce, canned	146	12.3	8.1	5.6
X573712	Pastinaken gekocht, gebraten (mit Fett und Salz)	Parsnip boiled, fried (with fat and salt)	76	2.63	2.35	9.8
Y272112	Kalbshirn gebraten mit Ei	Veal brain fried with egg	138	11.83	9.81	0.4
D623100	Sandwaffeln (Rührmasse)	Waffles (sand cake batter)	517	9.25	32.9	44.9
W133000	Schlackwurst	Schlackwurst sausage	323	23.51	25.39	0
X3A7010	Pesto rosso	Pesto rosso	495	10.2	39.2	19.3
W982900	Pariser Pastete mit Mürbeteig, gebacken	Parisian pate with shortcrust pastry, baked	302	18.07	21.97	7.7
D9A2300	Käsekuchen (Vollkornhefeteig)	Wholemeal cheesecake (yeast dough)	232	9.7	10.1	24
D9A2200	Apfel-Streuselkuchen (Vollkornhefeteig)	Wholemeal apple crumble cake (yeast dough)	176	3.6	5.88	25
X912233	Pizza quattro formaggi (mit Käse)	Pizza quattro formaggi (with cheese)	354	14.72	20.55	26
U010142	Rind Hackfleisch, geschmort ohne Fett	Beef mince, braised without fat	297	28.06	20.49	0
G850100	Gemüsecremesuppe Instantpulver	Cream of vegetable soup instant powder	337	8.09	3.4	63.77
X5A2000	Champignons gedünstet in Essig, eingelegt in Rapsöl	Button mushrooms stewed in vinegar, pickled in rapeseed oil	159	3.92	13.66	4.2
R115000	Gewürzsalz/Kräutersalz	Seasoned salt/herb salt	37	3	0.5	3.3
T822100	Heringsfilet in Dillcreme, Konserve	Herring fillet in dill cream, canned	153	10.5	10.23	4.52
X2A1120	Rote-Bete-Salat (roh) mit Essigmarinade	Beetroot salad (raw) with vinegar marinade	124	1.58	9.99	5.6
X539053	Wirsing gekocht, mit Grundsauce hell/weiß	Savoy cabbage boiled, with white basic sauce	40	1.97	1.5	3.6
X295460	Nizza-Salat mit Thunfisch und Sardellen	Nicoise salad with tuna and anchovies	97	6.69	6.8	1.5
X379343	Rumsauce von Vanillesauce	Rum sauce from vanilla sauce	123	3.8	4.39	14.44
W278400	Schwedische Leberpastete mit Sardellen	Swedish liver pate with anchovies	266	12.74	23.2	1.3
W231700	Kalbfleischwurst mit Schweinefleisch	Veal bologna with pork	253	9.82	23.72	0.08
D9A5100	Vollkorn-Marmorkuchen (Rührmasse)	Wholemeal marble cake (cake batter)	404	8.05	22.6	39.9
Y162113	Rheinischer Sauerbraten vom Rind, mit Sauce	Rhenish "Sauerbraten" marinated beef roast, with sauce	158	16	6.6	6.1
X425553	Zwiebelsuppe klar, mit Fleischbrühe	Onion soup clear, with meat stock	27	0.68	1.1	3.1
D652400	Nürnberger Lebkuchen	Nuremberg gingerbread	409	10.55	15.5	54.8
Y860643	Grießflammeri/Grießpudding, mit Ei	Semolina pudding with egg	119	5.1	4.61	13.94
Y610232	Heringsfilet paniert, gebraten	Herring fillet breaded, fried	229	16.4	14.7	7.35
Y826043	Apfelauflauf	Apple casserole	199	3.7	8.9	24.8
X5B1150	Gemüse-Kartoffel-Getreide-Brei, mit Karotte und Haferflocken (ohne Salz, geeignet für Beikost)	Vegetable-potato-cereal purree, with carrot and oat flakes (without salt, suitable as baby food)	98	1.36	4.74	11.2
Y840353	Apfelkompott mit Weißwein	Apple compote with white wine	61	0.3	0.3	12.2
X5B1010	Gemüse-Kartoffel-Fleisch-Brei, mit Karotte und Hühnerfleisch (ohne Salz, geeignet für Beikost)	Vegetable-potato-poultry purree, with carrots and chicken (without salt, suitable as baby food)	110	3.14	6.99	7.58
X981662	Böhmische Knödel	Bohemian dumplings	229	8.19	9.03	27.65
Y8A3030	Backobstkompott gebunden mit Stärke	Dried fruit compote thickened with starch	194	1.42	0.2	42.9
D711100	Orangenbiskuitplätzchen	Orange sponge biscuits	323	5.24	2.22	69.9
Y851143	Fruchtsulze (mit Weißwein)	Fruit aspic (with white wine)	64	2.5	2.3	5.88
Y278023	Kalbsbries gekocht, mit Grundsauce hell/weiß	Veal sweetbread boiled, with white basic sauce	79	8.48	4	2.09
E470000	Eier-Frischteigwaren Ravioli (Gemüsefüllung) roh	Fresh egg pasta Ravioli (vegetable filling) raw	240	8.23	3.44	42.4
S210300	Speiseeis (Karamell, Vanille) gemischt, in Waffeltüte	Ice cream mixed (caramel, vanilla) in waffle cone	206	3.6	10.03	24.9
W237082	Fleischkäse fettreduziert, gebraten ohne Fett (Pfanne)	Fleischkaese sausage reduced-fat, fried without fat, (pan)	147	19.47	7.56	0.18
T860100	Sardellenpaste	Anchovy paste	305	17.11	26.3	0
W380400	Erbswurst	Sausage made with pea flour	216	9.8	14.1	10.8
M8A1200	Frischkäsezubereitung mind. 10 % Fett i. Tr., mit Fruchtzubereitung, gesüßt, angereichert mit Vitamin D und Calcium	Cream cheese preparation min. 10 % fat in dry matter, with fruit preparation, sweetened, fortified with vitamin D and Calcium	99	7.7	2.5	10.8
H923900	Soja-Bolognese Konserve	Soya Bolognese, canned	53	2.7	1.8	5
W215000	Knackwurst/Servela/Würstchen	Knackwurst/Servela sausage, small	260	12	23.5	0.08
Y879812	Ananasringe im Milchbackteig gebraten	Pineapple rings in frying batter (with milk) fried	192	3.7	9.8	21.2
D301000	Marzipan-Walnuss-Sahnetorte (Biskuit und Mürbeteig)	Marzipan walnut torte (sponge cake and shortcrust pastry)	384	8.1	29.7	20.1
Y855053	Rote Grütze	Red fruit jelly	84	1.1	0.3	16.8
X451343	Pariser Käsecremesuppe (mit Schmelzkäse)	Creamy cheese soup "Paris" (with processed cheese)	83	2.74	6.3	3.7
W872800	Frühstücksfleisch Konserve	Luncheon meat canned	198	14.01	15.68	0.08
R9A5000	Aprikosenglasur/Aprikotur, für Gebäck/Torten	Apricot icing for pastry/tortes	196	0.2	0.1	47.7
R963000	Brotaufstrich Ei-Kräuter	Egg-herb spread	254	9.5	21.86	4.5
C512800	Müslimischung mit Schokolade, glutenfrei, gesüßt	Muesli mix with chocolate, gluten-free, sweetenend	414	7.1	14.7	60.5
X132460	Broccolisalat (gegart) mit Essigmarinade	Broccoli salad (cooked) with vinegar marinade	125	2.5	11.19	2
X0A4020	Haferflocken ungesüßt mit Joghurt 3,5 % Fett und Fruchtmischung	Oat flakes unsweetened, with yogurt 3.5 % fat and mixed fruit	111	4.78	3.3	13.9
T832900	Miesmuschel in Tomatensauce Konserve	Common mussel in tomato sauce, canned	102	6.9	5.4	5.6
D4A1000	Apfelstrudel (Blätterteig)	Apple strudel (puff pastry)	317	3.3	21.2	26.7
G950900	Vegetarisches Gulasch, Konserve	Vegetarian goulash, canned	133	9.5	6.4	8
X365543	Aprikosensauce von getrockneten Früchten	Apricot sauce from dried fruit	73	0.6	0.1	15.68
Y846312	Pfirsichkompott mit Süßstoff	Peach compote with artificial sweetener	35	0.6	0.1	7.14
W320000	Braunschweiger grobe Leberwurst	Braunschweiger coarse liver sausage	367	16.5	33.2	0.59
X369343	Weinschaumsauce/Weinchaudeau	Creamy wine sauce/Wine chadeau	130	3.7	3	18.58
X503053	Zucchinibratlinge mit Käse gebraten	Courgette patties with cheese fried	221	7.8	14.57	13
X417113	Gemüse-Eintopf mit Wurst	Vegetable stew with sausage	101	3.45	6.6	6
G090152	Gemüsemischung Kaisergemüse, gedünstet	Mixed vegetables (carrots, cauliflower and broccoli florets) stewed	40	2.54	0.47	5.1
C512000	Müsli Basismischung (ohne Trockenfrüchte) ungesüßt	Muesli basic mix (without dried fruit) unsweetened	376	14.77	12.33	45.6
C522200	Getreideflakes gesüßt, mit Trockenfrüchten	Cereal flakes sweetened, with dried fruit	346	8.9	1.6	70.3
X4A4000	Broccolicremesuppe mit Joghurt und Mandelblättchen	Cream of broccoli soup with yogurt and almond flakes	31	1.9	1.6	1.5
T710182	Edelkrebs/Flusskrebs, gekocht, gebraten ohne Fett (Pfanne)	Crayfish boiled, fried without fat (pan)	72	16.29	0.72	0
M2L7300	Joghurt mind. 3,5 % Fett, mit Frucht-Getreidezubereitung, gesüßt	Yogurt min. 3.5 % fat, with fruit-cereal preparation, sweetened	100	3.7	3.3	12.8
W275100	Herzwurst	Heart sausage	162	14.65	11.34	0.25
F503700	Bananennektar	Banana nectar	52	0.3	0.1	12.38
F021600	Roter Mehrfruchtsaft angereichert mit Vitaminen (Roter Multivitaminsaft)	Red multi-fruit juice fortified with vitamins (red multivitamin juice)	50	0.7	0.3	9.9
X354040	Caesar-Dressing	Caesar dressing	481	5.5	50.11	1
D431100	Marmorkuchen (Rührmasse)	Marble cake (cake batter)	404	8.39	19.79	46.6
X9A1020	Getreidebratlinge gebraten	Cereal patties fried	218	7.1	11.7	19
X0A5000	Müsli Bircher-Benner Art, ungesüßt, mit Äpfeln, Rosinen, Sahne und Nüssen	Muesli Bircher-Benner style, unsweetened, with apples, raisins, cream and nuts	114	1.8	4.7	14.6
X1A1010	Broccolisalat (gegart) mit Joghurtmarinade	Broccoli salad (cooked) with yogurt marinade	51	3.01	2.68	2.4
U010200	Rind Hackfleisch, tiefgefroren	Beef mince, deep-frozen	224	19.1	16.39	0
U931600	Rinderroulade Konserve	Beef olive (ready-made meal) canned	176	18.69	10.99	0.54
X060160	Baguette-Brötchen mit Tomate-Mozzarella	Baguette roll with tomato-mozzarella	200	9.5	10.41	16
X523053	Mangold gedünstet, in Grundsauce hell/weiß	Chard stewed, in white basic sauce	27	1.55	1.3	1.54
D9A3200	Apfelkuchen gedeckt (Vollkornmürbeteig)	Wholemeal apple pie (shortcrust pastry)	239	3.6	12	27
W348000	Blutpresssack	Blood brawn	258	18.17	20.43	0.38
Y3A2000	Schweinesteak gebraten, mit Karotten und Erbsen gedünstet	Pork steak fried, with carrots and peas stewed	130	15.3	5.7	3.43
D540100	Wiener Apfelstrudel (Strudelteig)	Viennese apple strudel (strudel dough)	265	3.7	11.6	34.5
D288200	Apfeltorte gedeckt (Mürbeteig)	Covered apple torte (shortcrust pastry)	220	3.2	8.9	30.3
R9A3200	Nussfüllung für Gebäck/Torten	Nut filling for pastry/tortes	488	9.24	35.7	30.3
Y302213	Kasseler im Blätterteig gebacken	Pork loin chop cured, baked in puff pastry	223	18.8	12.25	8.95
X562463	Karotten-/Möhrenpüree	Carrots puree	32	0.78	0.7	4.5
W261000	Schweinskäse weiß	White Fleischkaese sausage made from pork	238	18.31	18.28	0.1
S242700	Speiseeis (Karamell, Vanille) gemischt	Ice cream mixed (caramel, vanilla)	189	3.2	9.47	22.4
E606232	Semmelknödel getrocknet, gekocht	White bread dumplings dried, boiled	150	6.87	4.14	20.64
T501262	Karpfen tiefgefroren, gebraten ohne Fett (Ofen)	Carp deep-frozen, fried without fat (oven)	150	23.43	6.24	0
W006000	Brätblock hell, zur Rouladenherstellung	Sausage meat light, for roulade sausage	167	12.83	12.84	0.08
T840000	Hering in Gelee (Kochfischware)	Herring boiled, in jelly	168	12.7	12.6	0
Y790160	Kräuterbutter	Herb butter	618	1.3	67.3	0.9
X351140	Zitronenmarinade für Salat	Lemon marinade for salad	405	0.18	44	0.75
W216100	Frankfurter Rindswurst/Rote Wurst	Frankfurt beef sausage/red sausage	223	11.44	19.74	0
X095540	Frischkornbrei gesüßt, mit Joghurt 3,5 % Fett und Fruchtmischung	Fresh-grain porridge sweetened, with yogurt 3.5 % fat and mixed fruit	99	3.33	1.8	15.6
X5A9010	Kohlrabi gekocht, vegetarisch gefüllt mit Frischkäse und Erbsen	Kohlrabi boiled, vegetarian filled with cream cheese and peas	73	2.3	4.5	4.9
X238060	Weißkrautsalat (roh) mit Speck-Essigmarinade	White cabbage salad (raw) with bacon-vinegar marinade	130	1.03	11.72	3.41
W275300	Zungenblutwurst fettreduziert	Pork tongue sausage reduced-fat	154	18.08	8.7	0.76
E901000	Teigwaren eifrei, Ravioli (Fleischfüllung) in Tomatensoße, Konserve	Pasta egg-free, Ravioli (meat filling) in tomato sauce, canned	101	3.3	2.2	15.9
G940100	Gemüseaufstrich, Brotaufstrich pflanzlich	Vegetable spread	199	0.8	16.8	10
Y231432	Kalbsschnitzel mit Kochschinken und Käse übergrillt	Veal schnitzel grilled with boiled ham and cheese	205	31.5	8.18	0.78
U461232	Kalb Bug/Schulter, tiefgefroren, gekocht	Veal shoulder, deep-frozen, boiled	119	27.26	1.08	0
B314172	Weizentoastbrot mit Roggen, getoastet	Wheat toast with rye, toasted	319	10.22	4.09	58
D470100	Käsekuchen/Quarkkuchen (Quark-Öl-Teig)	Cheesecake (quark oil dough)	253	9.2	11.9	26.3
Y9A2000	Aprikoseneis	Apricot ice cream	173	1.4	7.5	23.9
X651642	Speckkartoffeln gedünstet	Potatoes stewed with bacon	68	2.04	1.1	12.02
W882100	Hausmacher Sülze/Schweinskopfsülze, Konserve	Homemade jellied brawn canned	220	16.3	17.2	0.08
D751100	Hobelspäne/Räderkuchen (Rührmasse) frittiert	"Hobelspäne" pastry (cake batter) deep-fried	355	7.09	16.1	44.2
X3A7000	Mandelpesto	Almond pesto	416	11.33	38.56	4
Y631122	Schollenfilet mehliert, gebraten	Plaice fillet floured, fried	94	16.6	1.5	2.73
X357312	Cocktail-Dressing	Cocktail dressing	423	1.7	42.95	6.58
Y7A1000	Souffle mit Räucherforelle	Souffle with smoked trout	288	9.7	24.4	6.62
Y163213	Boeuf a la mode mit Sauce (marinierter Schmorbraten)	Boeuf a la mode with sauce	111	8.1	6.3	1.8
U211262	Rind Filet/Lende, tiefgefroren, gebraten ohne Fett (Ofen)	Beef fillet (tenderloin) deep-frozen, fried without fat (oven)	136	25.13	3.95	0
G210252	Spinat tiefgefroren, gedünstet	Spinach deep-frozen, stewed	24	2.75	0.38	1.16
X081743	Toast mit Ananas, Kochschinken und Käse ("Toast Hawaii") gebacken	Toast Hawaii (pineapple, boiled ham, cheese) baked	206	13.47	10.4	13.2
G470262	Porree/Lauch, tiefgefroren, gebacken	Leek deep-frozen, baked	38	1.1	0.33	6
Y036410	Frikadellen aus Putenfleisch gebraten	Meatballs of turkey fried	198	26.7	7.74	4.99
W384300	Weiße Graupenwurst	White sausage with pearl barley	140	7	6.53	12.8
Q902000	Schmalz/Schmelz, Basis Pflanzenfett, vegan	Plant-based lard substitute, vegetable fat based, vegan	817	1.01	87.13	6.35
X2A2020	Feldsalat mit Joghurtmarinade	Lamb's lettuce with yogurt marinade	54	2.36	3.48	2
X543063	Fenchelgemüse gedünstet	Fennel stewed	36	1.19	1.5	2.93
D1A1100	Apfelkuchen mit Puddingcreme (Hefeteig)	Apple cake with pudding (yeast dough)	177	4.6	5.2	26.8
Y860463	Karamellcreme einfach, gestürzt	Caramel pudding simple	164	4.2	3.97	27.78
S623700	Trüffel-Pralinen (alkoholhaltig)	Truffle pralines (alcoholic)	519	5.77	33.94	44.6
S622800	Pralinen gefüllt mit Gewürzcreme	Pralines filled with spice cream	576	5.78	38.64	50.2
M8A1300	Frischkäsezubereitung mind. 20 % Fett i. Tr., mit Fruchtzubereitung, gesüßt, angereichert mit Calcium	Cream cheese preparation min. 20 % fat in dry matter, with fruit preparation, sweetened, fortified with Calcium	108	4.87	3.82	13.01
X1A5000	Eiersalat mit Tomaten und Essigmarinade	Egg salad with tomatoes and vinegar marinade	139	7.02	11.28	1.56
S622500	Nuss-Pralinen (alkoholhaltig)	Nut pralines (alcoholic)	439	5.16	20.61	51.5
W256000	Leberkäse fettreduziert	Leberkaese sausage reduced-fat	180	18.07	11.83	0.21
D2A1000	Himbeertörtchen (Mürbeteig) mit Sahne und Mandelblättchen	Raspberry tartlet (shortcrust pastry) with whipped cream and almond flakes	282	4.4	16	27.6
X8A1080	Spargelrisotto	Asparagus risotto	109	2.57	2.7	18
W256200	Fleischkäse grob	Fleischkaese sausage coarsely minced	223	18.96	16.27	0.1
W181000	Rohpolnische Würstchen/Polnische Bratwurst	Polish Bratwurst sausage raw, small, firm	419	20.99	37.2	0.12
D9A5300	Vollkorn-Schoko-Mandelkuchen (Rührmasse)	Wholemeal chocolate almond cake (cake batter)	429	8.2	24.8	40.8
W318300	Straßburger Gänseleberwurst mit Schweinefleisch	Strasbourg goose liver sausage with pork	169	14.9	11.58	1.1
D313400	Schokosahnetorte (Schoko-Wasserbiskuit)	Chocolate cream torte (chocolate water sponge cake)	312	4.8	21.3	24.4
S210900	Speiseeis Schokolade, in Waffeltüte	Chocolate ice cream, in waffle cone	249	4.12	11.17	31.6
S623000	Nuss-Pralinen	Nut pralines	603	7.7	45.7	38
X1A8000	Fischmayonnaise mit Kabeljau	Fish-mayonnaise with cod	143	11.9	10.3	0.27
Y851363	Fruchtgrütze	Fruit jelly	110	0.9	0.2	23.5
X552043	Gurken gedünstet	Cucumbers stewed	67	1.39	5.3	2.6
W218000	Regensburger Knacker/Regensburger Würstchen	Regensburg sausage small	253	14.8	21.5	0.09
S820000	Energieriegel gefüllt mit Nusscreme	Energy bar with hazelnut cream	449	10.6	21.7	47
X981162	Serviettenknödel	White bread dumpling roll poached	170	8.23	5.05	22.26
X445813	Avocadocremesuppe	Cream of avocado soup	53	1.1	4.4	1.4
D705200	Aprikosen im Ausbackteig frittiert	Apricots in frying batter deep-fried	202	3.9	12.1	18
X640063	Kartoffelauflauf/Kartoffelring	Potato casserole	177	7.1	11.39	11.06
X454943	Gerstensuppe nach Bündner Art mit Speck, geräuchertem Rind- und Schweinefleisch	Barley soup "Bündner" style with bacon, smoked beef and pork	106	4.43	7.4	5
Y881812	Quarkkeulchen (mit Kartoffeln) gebraten	Small quark pancakes (with potatoes) fried	259	6.6	12.2	29.4
D9A5000	Vollkornhaselnusskuchen (Rührmasse)	Wholemeal hazelnut cake (cake batter)	434	8.53	27	37
X444563	Gurkencremesuppe	Cream of cucumber soup	46	0.88	3.3	2.8
D463700	Marzipanstollen (Hefeteig)	Marzipan stollen (yeast dough)	413	7.1	18.4	51
G992182	Gemüsemischung Erbsen-Karotten, gebraten ohne Fett (Pfanne)	Mixed vegetables peas and carrots, fried without fat (pan)	96	5.1	0.66	14.01
W171100	Knoblauchwurst roh	Garlic sausage raw	348	22.84	28.48	0
X921063	Blätterteigtaschen gefüllt mit Spinat, Schafskäse und Pinienkernen, gebacken	Puff pastry pockets filled with spinach, sheep's milk cheese and pine nuts, baked	338	7.9	26.9	14.7
W384100	Schwarze Graupenwürstchen	Small blood sausage with pearl barley	174	8.51	8.79	14.7
Y837643	Frankfurter Pudding	Frankfurt pudding	131	3	4.59	17.9
W327000	Leberwurst einfach	Liver sausage simple	236	17.59	18.08	0.62
T720282	Languste tiefgefroren, gebraten ohne Fett (Pfanne)	Spiny lobster/rock lobster/crawfish, deep-frozen, fried without fat (pan)	96	20.95	1.41	0
X1A3010	Salat aus Eierteigwaren dänische Art, mit Mayonnaise, gestreckt mit Joghurt	Salad of egg pasta Danish style, with mayonnaise, diluted with yogurt	160	6.4	9.14	11.9
X940212	Mehlpüfferchen gebraten	"Mehlpüfferchen" fried (small flour pancakes)	284	7.3	10.5	38.7
Y171323	Rinderherzragout	Beef heart ragout	119	12.2	6.1	3.5
D4A8000	Ananas-Kranz gefüllt (Rührmasse)	Filled pineapple ring cake (cake batter)	308	4.9	20	25.8
D753600	Mandel-Zitronen-Herzen (ohne Fett und Mehl)	Heart-shaped almond lemon biscuits (without fat and flour)	469	11.3	23.7	50.1
X446653	Tomatensuppe mit Fleischbrühe	Tomato soup with meat stock	63	0.81	5.5	2.16
T710232	Edelkrebs/Flusskrebs, tiefgefroren, gekocht	Crayfish deep-frozen, boiled	61	13.89	0.58	0
Y261123	Kalbsrahmbraten mit Sauce	Veal roast with cream sauce	128	13.5	6.7	3
X641000	Herzoginkartoffeln gebacken	Duchesse potatoes baked	128	4.7	5.11	15
X573412	Okra gedünstet (mit Fett und Salz)	Okra stewed (with fat and salt)	74	1.87	5	2.8
Y311132	Schweinefilet mariniert, gegrillt, mit Orange	Pork fillet marinated, grilled, with orange	156	29.1	4.2	0.4
D740100	Mandel-Marzipan-Donuts (Hefeteig) frittiert	Almond-marzipan doughnuts (yeast dough) deep-fried	432	10	18.8	54
D188400	Apfelkuchen gedeckt mit Mandelbelag (Mürbeteig)	Apple cake with bee sting cake topping (shortcrust pastry)	248	3.67	12.1	29.91
Y8A4110	Schokoladenpudding, Flammeri, zubereitet aus Pulver und Sojadrink	Chocolate pudding made from powder with soya drink	85	2.92	1.2	14.8
S536000	Vollmilchschokolade mit Haselnüssen	Whole milk chocolate with hazelnuts	577	8.12	40.43	43.4
F820000	Fruchtschnitte/Fruchtriegel	Fruit bar	339	4.9	9.4	53.8
U532262	Schwein Kammsteak, tiefgefroren, gebraten ohne Fett (Ofen)	Pork steak (neck) deep-frozen, fried without fat (oven)	205	24.66	11.78	0
X346250	Mayonnaise, gestreckt mit Quark	Mayonnaise, diluted with quark	393	6.9	39.38	2.04
X1A6010	Käsesalat mit Essigmarinade	Cheese salad with vinegar marinade	292	18.7	23.64	0.62
W231800	Kalbfleischkäse mit Schweinefleisch	Veal fleischkaese sausage with pork	365	12.95	34.78	0.11
G622600	Gemüsesaft aus Karotte/Möhre, mit Honig	Carrot juice, sweetened with honey	33	0.62	0.3	6.4
Y301322	Kasseler Kotelett paniert, gebraten	Pork loin chop cured, breaded, fried	226	23.96	10.36	8.78
Y692423	Fisch-Curry mit Seelachs und Erdnüssen	Fish curry with saithe and peanuts	121	12	6.9	2.3
W349000	Roter Presskopf	Red brawn	224	18.86	16.38	0.32
Y872340	Zitronencreme (mit Gelatine) mit Weißwein	Lemon cream (with gelatine) with white wine	197	3.2	13.6	12.52
D731200	Apple-Pie (Mürbeteig)	Apple pie (shortcrust pastry)	203	2.1	11.14	22.3
X9A3010	Blätterteigtaschen gefüllt mit Käse und Kochschinken, gebacken	Puff pastry pockets filled with cheese and boiled ham, baked	363	16	25.8	15.6
D7A4000	Käsewindbeutel (Brandmasse) gefüllt mit Frischkäsezubereitung	Salty cheese puff (choux pastry) filled with cream cheese	215	7.7	15.87	9.8
X551463	Auberginen gefüllt mit Lammfleisch, Reis und Tomaten, überbacken	Aubergines filled with lamb, rice and tomatoes, gratinated	108	7.39	6.5	4.1
W981200	Schinkentorte mit Mürbeteig, gebacken	Ham pie with shortcrust pastry, baked	224	19.87	12.24	7.8
Y311522	Schweinefilet gedünstet	Pork fillet stewed	186	23.43	9.5	1.76
Y650732	Karpfen mariniert, gegrillt	Carp marinated, grilled	147	18.73	5.6	4.75
F212700	Sauerkirschnektar	Sour cherry nectar	52	0.35	0.17	11.69
S541000	Vollmilchschokolade mit Haselnüssen und Cornflakes	Whole milk chocolate with hazelnuts and cornflakes	576	6.5	39	48.6
D302100	Makronentorte (Mürbeteig)	Macaroon torte (shortcrust pastry)	452	7.4	22	54.6
U952000	Schwein Schnitzel, paniert, gebraten ohne Fett (Pfanne)	Pork meat, breaded, fried without fat (pan)	178	26.66	3.66	9.24
Y395222	Schweinerippchen gekocht	Pork spare ribs boiled	372	28.52	28.34	0.81
X438163	Markklößchen	Small marrow dumplings	379	9.57	26.05	25.41
Y616233	Sardinen in Weißwein, gebacken	Sardines in white wine, baked	127	10.22	8	2.4
T209232	Seehecht tiefgefroren, pochiert	Hake deep-frozen, poached	92	18.17	2.17	0
Y862253	Schokoladen-Grießflammeri/Schokoladen-Grießpudding	Chocolate- semolina pudding	127	5	4.38	16.7
V250262	Wildschwein Fleisch, tiefgefroren, gebraten ohne Fett (Ofen)	Wild boar meat, deep-frozen, fried without fat (oven)	191	25.03	10.05	0
K850500	Pilzcremesuppe Instantpulver	Cream of mushroom soup instant powder	338	11.9	4.5	60
W381200	Westfälischer Panhas (Mehlblutwurst)	Blood sausage with buckwheat flour	271	13.2	15.86	18.02
Y623612	Seelachsfilet gedünstet (mit Fett und Salz)	Saithe fillet stewed (with fat and salt)	122	17.51	5.7	0.06
G450252	Spargel tiefgefroren, gedünstet	Asparagus deep-frozen, stewed	36	2.48	0.2	5.02
Y642332	Forellenfilet natur, gebraten	Trout fillet fried	183	23.57	9.4	0.16
W329000	Kräuterleberwurst	Liver sausage with herbs	210	18	14.97	0.73
X740963	Teigwaren eifrei, mit Auberginen gedünstet mit Tomaten und Ricotta	Pasta egg-free, with aubergines stewed with tomatoes and ricotta	94	3.1	2.83	13
W117000	Mettwurst einfach	Mettwurst sausage simple, spreadable	327	19.1	27.7	0.18
X634012	Kartoffelpüree mit Milch 3,5 % Fett	Potato puree with milk 3.5 % fat	88	2.35	2.98	12.43
R923000	Zitronensahne für Gebäck/Torten	Lemon cream for pastry/tortes	290	2.9	23.7	15.6
X171242	Grüne-Bohnen-Salat (gegart) mit Essigmarinade	Green bean salad (cooked) with vinegar marinade	99	1.76	8.51	2.8
Y462113	Lammrücken gebraten im Ofen, mit Rosmarin und Sauce	Lamb loin fried in oven, with rosemary and sauce	181	23.7	8.4	2
X366143	Mandelsauce	Almond sauce	153	5.5	8.01	14.25
T204582	Dorsch/Kabeljau, paniert, gebraten ohne Fett (Pfanne)	Cod breaded fried without fat (pan)	217	16.6	8.28	18.34
S451000	Nuss-Nougat Rohmasse	Nut nougat raw paste	522	7.62	30.4	53
X346150	Meerrettichmayonnaise	Horseradish mayonnaise	597	2.7	63.52	2.58
X4B3010	Maultaschen (mit Schweinebrät), Suppeneinlage	Pork mince-filled pasta squares as soup garnish	119	5.2	5.39	11.89
V913200	Pastete von Hasenfleisch, gebacken	Pate made from rabbit, baked	219	19.27	12.07	7.9
M831500	Speisequarkzubereitung mind. 40 % Fett i. Tr., mit Fruchtzubereitung, gesüßt	Quark preparation min. 40 % fat in dry matter, with fruit preparation, sweetened	140	6.29	6.37	13.77
Y611012	Matjesfilet nach Hausfrauenart	Matjes herring fillet homemade	160	7.82	12.7	2.8
X5A6040	Spargelschinkenröllchen mit Käse überbacken	Asparagus-ham rolls with cheese gratinated	136	14.53	7.86	0.91
Y871363	Mousse au chocolat (Schokoladenschaum) mit Rum	Mousse au chocolat (chocolate mousse) with rum	322	5.8	24.84	16.7
W202000	Geflügeljagdwurst mit Schweinefleisch	Geflügeljagdwurst sausage made from poultry and pork	113	14.54	6	0.14
X9A3090	Pirogge mit Sauerkrautfüllung, gebacken	Pirogue filled with sauerkraut, baked	225	6.2	8.81	27
R9A3400	Quarkfüllung für Gebäck/Torten	Quark filling for pastry/tortes	147	9.16	0.93	25
Y841843	Pfirsichkompott	Peach compote	58	0.6	0.09	12.96
E605200	Schupfnudeln schwäbisch, roh	Finger-shaped pasta Swabian style, raw	188	6.81	2.52	33.26
W880300	Trüffelleberwurst Konserve	Truffle liver sausage canned	268	13.73	23.25	0.6
G570262	Zuckermais tiefgefroren, gebacken	Sweetcorn deep-frozen, baked	86	3.9	1.61	12.3
U733262	Schaf Filetsteak, tiefgefroren, gebraten ohne Fett (Ofen)	Sheep fillet steak, deep-frozen, fried without fat (oven)	146	29.26	3.21	0
H810100	Erdnuss geröstet, im Teigmantel	Peanut roasted, crispy coated	509	15.3	30.5	40.7
Y9A1000	Chickenburger	Chicken burger	194	15.3	6.6	17.56
U051100	Rind/Schwein, Frikadelle, roh	Beef/pork, patty, raw	190	13.57	13.17	4
B551700	Weizenmischbrötchen mit Schinkenspeck	Wheat-rye roll (> 50 % and < 90 % wheat) with bacon	290	9	2.75	54
X252810	Paprika-Gurken-Tomatensalat mit Essigmarinade	Sweet pepper-cucumber-tomato salad with vinegar marinade	84	0.83	7.23	2.89
T930800	Fischfrikadelle (Alaska-Seelachs) paniert, tiefgefroren	Fishcake (Alaska pollock) breaded, deep-frozen	128	9.7	1.7	17.9
D7B1000	Buttergebäck (Mürbeteig) mit Cremefüllung	Butter biscuits (shortcrust pastry) with cream filling	440	6.3	22.88	51
B275500	Roggenmischbrot mit Zwiebeln	Rye-wheat bread (> 50 % and < 90 % rye) with onions	216	6.21	1.55	41
V486232	Pute Brust, ohne Haut, tiefgefroren, gekocht	Turkey breast, without skin, deep-frozen, boiled	104	24.65	0.62	0
Y184612	Rindfleisch geschmort (mit Fett und Salz)	Beef braised (with fat and salt)	146	16	7.7	2.5
X651543	Bratkartoffeln gesüßt	Fried potatoes sweetened	197	2.37	11.93	18.84
W342000	Hessische Landrotwurst	Hessian blood sausage	214	20.16	14.61	0.45
Y8D6000	Tiramisu fettreduziert, mit Likör	Tiramisu reduced-fat, with liqueur	219	7.9	6.6	30
X437363	Leberklößchen	Small liver dumplings	162	12.79	5.26	15.29
X8A1010	Reisflockenbrei ungesüßt, mit Wasser, Apfelsaft und Rapsöl	Rice flakes porridge unsweetened, with water, apple juice and rapeseed oil	127	2.07	3.42	21.7
X422253	Hühnerbrühe mit Eierteigwaren	Chicken stock with egg pasta	19	1	0.4	2.64
X461423	Lauch-Eintopf mit Pökelnacken und Kartoffeln	Leek stew with cured pork neck and potatoes	87	5.53	4.2	6
X3A6010	Kokos-Currysauce vegan	Curry sauce with coconut cream, vegan	191	2.3	18.3	2.4
X541263	Artischockenviertel gebraten mit Steinpilzen und Speck	Artichoke quarters fried with porcini mushrooms and bacon	122	6.34	7.4	2.97
X2A1070	Kohlrabisalat (roh) mit Apfel, Haselnuss und Joghurtmarinade	Kohlrabi salad (raw) with apple, hazelnut and yogurt marinade	93	2.71	5.99	5.7
X200350	Tomaten-Gurkensalat mit Joghurtmarinade	Tomato-cucumber salad with yogurt marinade	28	1.21	0.95	2.82
X453123	Eingestreute Reissuppe mit Fleischbrühe und Gemüse	Rice soup with meat stock and vegetables	24	1.11	0.4	3.4
X441653	Königinsuppe	"Königin" soup	61	3.5	3.9	2.81
Y633212	Seezungenfilet gebraten	Sole fillet fried	105	19.39	2.8	0.13
W309000	Thüringer Fleischrotwurst fettreduziert	Thuringian blood sausage reduced-fat	128	20.57	4.68	0.77
X562153	Karotten mit Erbsen und Bohnen gekocht, in Grundsauce hell/weiß	Carrots, peas and beans boiled, in white basic sauce	52	2	1.6	6.2
X382160	Frankfurter grüne Kräutersauce mit gekochtem Ei	Frankfurt green herb sauce with boiled egg	244	7.9	22.7	0.97
U672272	Schwein Vordereisbein/Vorderhaxe, tiefgefroren, gegrillt	Pork foreshank (hock) deep-frozen, grilled	256	29.82	15.16	0
Y1A1000	Gulasch (mit Rindfleisch)	Beef goulash	124	12.95	5.9	4.2
Y855643	Rhabarbergrütze	Rhubarb jelly	93	0.47	0.1	20.81
M821300	Dessert aus Joghurt mild, Frischkäse und Fruchtzubereitung, gesüßt	Dessert with yogurt mild, cream cheese and fruit preparation, sweetened	108	4.87	3.82	13
Y396213	Schweinebauch gefüllt, gebraten im Ofen	Pork belly filled, fried in oven	348	14.78	27	9.9
X326153	Currysauce von heller/weißer Grundsauce	Curry sauce from white basic sauce	58	0.79	4.5	3.57
W171700	Kümmelwurst (Rohwurst)	Sausage with caraway seeds, raw	336	23.23	27.04	0
W275000	Mortadella süddeutsch	Mortadella South German	172	12.86	13.3	0.15
M259000	Buttermilchdrink mit Fruchtzubereitung, gesüßt, angereichert mit Vitaminen	Buttermilk drink with fruit preparation, sweetened, fortified with vitamins	62	2.42	0.42	11.7
H960000	Hummus/Kichererbsenmus	Hummus/chickpea puree	324	5.9	28.5	8
Y441133	Hammelgulasch	Mutton goulash	254	6.6	23.3	4
X1A1070	Weißkrautsalat (gegart) mit rohem Mix aus Apfel-Karotte-Sellerie und Essigmarinade	White cabbage salad (cooked) with raw apple-carrot-celeriac mix and vinegar marinade	98	0.96	7.67	4.6
Y563212	Cordon bleu von der Pute gebraten	Turkey cordon bleu fried	229	21.9	11.85	8.32
X1A3020	Salat aus Eierteigwaren, würzig, mit Mayonnaise, gestreckt mit Joghurt	Salad of egg pasta, savoury, with mayonnaise, diluted with yogurt	141	2.6	9.17	11
F034600	Smoothie grün (Früchte/Gemüse)	Smoothie of green fruits and vegetables	46	1.3	0.3	8
X572153	Linsengemüse gekocht	Lentils boiled with mirepoix	67	4.71	0.4	9
D4A8700	Zitronenkuchen (Rührmasse)	Lemon cake (cake batter)	437	4.51	20.3	58.2
X9A3000	Blätterteigtaschen gefüllt mit Blattspinat und Schafskäse, gebacken	Puff pastry pockets filled with leaf spinach and sheep's milk cheese, baked	360	8.9	27.43	18
D463500	Mohnstollen/Mohnstriezel (Hefeteig)	Poppy seed stollen (yeast dough)	329	11.5	16.8	30
T720172	Languste gekocht, gegrillt	Spiny lobster/rock lobster/crawfish, boiled, grilled	111	23.3	2.03	0
T780272	Europäische Auster tiefgefroren, gegrillt	European oyster deep-frozen, grilled	99	13.16	4.39	1.63
D3A7000	Eierlikörtorte (Schoko-Mandelbiskuit)	Egg liqueur torte (chocolate-almond sponge cake)	349	7.97	22.62	23.7
Y180512	Rindfleisch gekocht	Beef boiled	167	26.17	6.9	0.04
X6A3010	Kartoffelsouffle mit Broccoli	Potato souffle with broccoli	135	7.29	8.21	7.3
D7A3100	Muffins vegan (Rührmasse)	Muffins vegan (cake batter)	387	4.64	15.8	55.3
S581000	Vollmilchschokoladen-Riegel gefüllt mit Nougatcreme und Waffel	Whole milk chocolate bar filled with nougat cream and waffle	532	6.37	32.8	51.5
U891262	Schaf Hinterhaxe, mager, tiefgefroren, gebraten ohne Fett (Ofen)	Sheep hindshank, lean, deep-frozen, fried without fat (oven)	143	27.3	3.77	0
X214110	Endivien-Tomatensalat mit Essigmarinade	Endive-tomato salad with vinegar marinade	116	0.9	11.35	1.51
Y560123	Paprikahuhn gedünstet, mit Sauce	Paprika chicken stewed, with sauce	184	14.9	13	1.4
Y691913	Seehechtfrikassee	Hake fricassee	129	13.6	7.3	1.5
X639012	Kartoffelpüree mit Milch 1,5 % Fett	Potato puree with milk 1.5 % fat	85	2.4	2.49	12.76
W211300	Käsewiener	Vienna sausage with cheese	247	12.9	21.69	0.06
Y814110	Apfel-Bananen-Birnensalat mit Honig gesüßt	Apple-banana-pear salad sweetened with honey	72	0.71	0.4	15.1
G992152	Gemüsemischung Erbsen-Karotten, gedünstet	Mixed vegetables peas and carrots, stewed	62	3.3	0.43	9.12
Y8A4150	Vanillepudding, Flammeri, zubereitet aus Pulver und Milch 1,5 % Fett	Vanilla pudding made from powder with milk 1.5 % fat	92	3.29	1.44	16.32
W882200	Kalbfleischsülze Konserve	Jellied veal canned	82	11.9	3.8	0.02
X327563	Grüne Eiersauce von heller/weißer Grundsauce	Green egg sauce from white basic sauce	77	3.61	5.6	2.8
W399400	Französische Schweinefleischterrine gebacken	French pork terrine baked	326	18.67	27.78	0.21
Y733143	Schaumomelett gesüßt, gebraten, mit Zitronensaft beträufelt	Omelette souffle sweetened, fried, drizzled with lemon juice	238	10.6	17.9	8.54
X423553	Hühnerbrühe mit Reis	Chicken stock with rice	16	0.8	0.3	2.6
X446643	Tomatensuppe aus frischen Tomaten und Gemüsebrühe	Tomato soup of fresh tomatoes and vegetable stock	29	0.79	1.2	3.1
Y730343	Omelett gebraten mit Kräutern	Omelette fried with herbs	195	12.11	15.97	0.67
Y3A1000	Kasseler Pirogge (Kasseler im Hefeteig gebacken)	Pirogue with cured pork loin chop, baked	241	15.6	8.24	25
X1A9030	Tintenfischsalat mit Essigmarinade	Cuttlefish salad with vinegar marinade	100	7	6.9	1.8
X459723	Fisch-Pichelsteiner mit Seelachs	Fish-vegetable stew "Pichelsteiner" with saithe	92	8.01	2.7	8
W396000	Hirschfleischpastete mit Alkohol, gebacken	Venison meat pate with alcohol, baked	231	21.13	15.68	0.9
X7A2000	Nudelpudding (Teigwaren eifrei) mit Kochschinken	Pudding of pasta egg-free, with boiled ham	149	9.8	5.2	15.2
B511200	Weizenbrötchen mit Schinkenspeck	Wheat roll with bacon	296	9.6	2.75	56
D461300	Bienenstich (Hefeteig)	Bee sting cake (yeast dough)	332	6.44	19.34	32
M276300	Joghurt mind. 3,5 % Fett, mit Frucht-Schokoladenzubereitung, gesüßt	Yogurt min. 3.5 % fat, with fruit-chocolate preparation, sweetened	104	3.46	3.5	13.93
Y663232	Zanderfilet Müllerinart (mehliert, gebraten)	Pike-perch fillet floured, fried	107	18.89	1.3	4.02
X092050	Haferflocken ungesüßt, mit Milch 3,5 % Fett und Fruchtmischung	Oat flakes unsweetened, with milk 3.5 % fat and mixed fruit	136	5.08	3.3	19.6
S538400	Vollmilchschokolade mit Rosinen und Haselnüssen (alkoholhaltig)	Whole milk chocolate with raisins and hazelnuts (alcoholic)	520	6.3	31.6	49.6
Y8A4030	Grießbrei (als Dessert) mit Schokoladensauce	Semolina pudding (as dessert) with chocolate sauce	110	4.24	4.13	13.6
X4A4010	Paprikacremesuppe	Cream of sweet pepper soup	61	0.88	4.4	3.9
X8A1020	Leberrisotto/Leberreis	Liver risotto	153	7.8	4.7	19.5
W333000	Hannoversche Weißwurst	Hanoverian white sausage	256	17.82	20.27	0.46
Y847140	Orangencreme abgeschlagen (mit Gelatine) mit Weißwein	Orange cream (with gelatine) with white wine	190	3.4	12.8	12.59
X5A1020	Kichererbsenbratlinge gebraten	Chickpea patties fried	190	9.4	5.1	22
U281232	Rind Keule, tiefgefroren, gekocht	Beef round, deep-frozen, boiled	187	28.6	8.1	0
X216510	Radieschensalat mit Essigmarinade	Salad of small red radishes with vinegar marinade	69	0.97	5.74	2.3
X070260	Clubsandwich mit Thunfisch, Gurke, Emmentaler und Mayonnaise	Club sandwich with tuna, cucumber, Emmental cheese and mayonnaise	242	11.9	13.72	16.6
X459363	Krebssuppe	Crayfish soup	32	5	0.9	0.4
X203850	Griechischer Salat	Greek salad	107	3.77	8.73	2.3
Y877012	Sahneflammeri/Sahnepudding, mit Früchten	Cream pudding with fruit	185	2.7	10.7	18.9
D1A4000	Apfelkuchen vegan (Rührmasse)	Apple cake vegan (cake batter)	198	2.2	7.51	29.1
X510043	Pilze gedünstet, mit saurer Sahne	Mushrooms stewed, with sour cream	110	4.08	8.6	3.5
Y504322	Rehschnitzel paniert, gebraten	Roe deer schnitzel breaded, fried	228	24.08	10.95	8.03
D653100	Liegnitzer	"Liegnitzer" filled gingerbread with chocolate icing	403	6.3	14.1	60.4
X744263	Eierteigwaren gebraten mit Steinpilzen und Tomaten	Egg pasta fried with porcini mushrooms and tomatoes	109	4.4	2.2	17
T932200	Seelachs im Backteig, tiefgefroren	Saithe/pollack, in frying batter, deep-frozen	227	13	11.1	18.11
X325143	Meerrettichsauce von Bechamelsauce mit Milch 3,5 % Fett	Horseradish sauce from Bechamel sauce with milk 3.5 % fat	115	4.45	7.08	7.86
X740763	Eierteigwaren gebraten mit Thunfisch	Egg pasta fried with tuna	117	6.6	2.25	17
D464200	Nusskranz (Hefeteig)	Nut ring cake (yeast dough)	351	8.5	13.5	47
D200300	Erdbeerkuchen (Rührmasse) mit Klarguss	Strawberry cake (cake batter) with gelatin glaze	133	2.62	4.78	18.46
Y693723	Kabeljaufilet im Backteig (mit Bier) frittiert	Cod fillet in frying batter (with beer) deep-fried	221	14.8	11.8	12.84
X9A3060	Pastete (Mürbeteig) mit Champignon-Käsefüllung, gebacken	Pate (shortcrust pastry) with button mushroom-cheese filling, baked	302	10.6	19.58	20
W155000	Aalrauchmettwurst	Aalrauchmettwurst sausage firm	358	22.6	29.57	0.21
X469033	Borschtsch (Rote-Bete-Suppe)	"Borschtsch" (beetroot soup)	57	4.35	2.6	3.4
G650252	Schwarzwurzel tiefgefroren, gedünstet	Black salsify deep-frozen, stewed	61	1.43	0.44	8.6
X454443	Grünkernmehlsuppe	Green spelt flour soup	51	1.1	3.9	2.69
Y865312	Johannisbeerkompott mit Süßstoff	Red currant compote with artificial sweetener	30	1.12	0.15	3.34
T780252	Europäische Auster tiefgefroren, gedämpft	European oyster deep-frozen, steamed	69	8.04	3.5	1.3
X562063	Karotten/Möhren, gekocht, in Butter geschwenkt	Carrots boiled, tossed in butter	65	0.86	3.29	6.3
X498163	Biersuppe gesüßt, gebunden mit Stärke	Beer soup sweetened, thickened with starch	78	2.4	2.6	10.06
D380200	Käsetorte (Mürbeteig)	Cheese torte (shortcrust pastry)	261	8.4	12.1	28.9
X162612	Karottensalat (gegart) mit warmer Essigmarinade	Carrot salad (cooked) with warm vinegar marinade	66	0.72	3.9	5.19
Y8D8012	Sahnepudding, Flammeri, zubereitet aus Pulver, Milch 3,5 % Fett und Sahne	Cream pudding made from powder with milk 3.5 % fat and cream	198	2.9	13.52	16.2
X446813	Rote-Bete-Suppe mit Apfel und Meerrettich	Beetroot soup with apple and horseradish	29	0.82	1.2	3.4
N390100	Cola-Misch-Getränk Orange	Cola Mix (cola beverage caffeinated with orange soft drink)	36	0.01	0	9
T730182	Hummer gekocht, gebraten ohne Fett (Pfanne)	Lobster boiled, fried without fat (pan)	95	17.27	2.9	0
R9A1100	Himbeersahnecreme für Gebäck/Torten	Raspberry cream for pastry/tortes	208	2.1	13.7	17.5
Y273632	Kalbsleberspießchen gegrillt	Veal liver skewer grilled	198	13.63	11.93	8.4
D660600	Schokoladen-Haselnussmakronen	Chocolate hazelnut macaroons	505	9.4	29.5	48.2
D312900	Trüffeltorte (Schoko-Wasserbiskuit)	Truffle torte (chocolate water sponge cake)	363	6.79	17.49	42.9
D330500	Schokoladen-Nusstorte (Rührmasse)	Chocolate nut torte (cake batter)	431	7.12	25.16	42.2
Y851312	Fruchtgrütze zuckerreduziert	Fruit jelly, sugar-reduced	88	1	0.3	17.5
W364000	Fränkischer Fleischpresssack	Franconian pork brawn	237	18.09	18.17	0.18
E603000	Eier-Frischteigwaren Ravioli (Fleischfüllung) roh	Fresh egg pasta Ravioli (meat filling) raw	235	9.8	5.5	35
X850353	Gemüserisotto	Risotto with vegetables	121	2.8	2.9	19.8
Y880160	Quarkcreme	Quark cream	127	8.5	5.27	10.89
S680000	Eiskonfekt	Ice confectionery	601	2.4	42.7	51.3
Y838312	Bananenkompott	Banana compote	101	1.05	0.3	22.21
X324263	Kräutersauce von heller/weißer Grundsauce	Herb sauce from white basic sauce	85	0.96	7.4	3.59
W308000	Feine Leberwurst fettreduziert	Liver sausage finely minced, reduced-fat	163	19.9	8.89	0.75
S211500	Speiseeis Vanille, in Waffeltüte	Vanilla ice cream, in waffle cone	221	3.21	10.94	26.8
K270000	Gnocchi roh	Gnocchi raw	152	3.88	0.61	31.9
X444453	Spargelcremesuppe	Cream of asparagus soup	58	0.87	4.7	2.87
S539300	Vollmilchschokolade gefüllt mit Nuss-Gewürzcreme	Whole milk chocolate with nut-spice cream	576	5.78	38.64	50.2
W982300	Jagdwurstpastete mit Mürbeteig, gebacken	Pate made from Jagdwurst sausage, with shortcrust pastry, baked	251	16.56	17.07	7.14
Y8A5020	Pannacotta	Pannacotta	330	3.4	30.9	9.54
R9A1000	Erdbeersahnecreme für Gebäck/Torten	Strawberry cream for pastry/tortes	206	2	13.7	17.8
Y842153	Fruchtkompott	Fruit compote	71	0.56	0.3	15.6
X558063	Zucchinischeiben paniert, gebraten	Courgette slices breaded, fried	154	6.4	8.56	12
D312600	Buchweizentorte (Wasserbiskuit) mit Heidelbeersahnecreme	Buckwheat flour torte (water sponge cake) with blueberry-cream	259	5.8	13.3	27.5
Y0A2010	Fleischküchlein fein (Schwein/Kalb, Hackfleisch) gebraten	Small meatballs (pork/veal mince) fried	212	14.33	13.91	7
T601252	Barsch/Flussbarsch, tiefgefroren, gedünstet	European perch deep-frozen, stewed	70	16.24	0.6	0
D464300	Mandelkranz (Hefeteig)	Almond ring cake (yeast dough)	337	9.2	11.6	47
D6A9000	Englischer Teekuchen glutenfrei	English tea cake gluten-free	359	4.4	18.1	42.3
X677042	Kartoffelklöße halb und halb	Potato dumplings (made from half raw and half boiled potatoes)	105	3.84	1.04	19.26
Y713152	Eier im Ausbackteig gebraten	Eggs in frying batter fried	208	11.56	13.54	9.6
Y689132	Riesengarnelen mariniert, gegrillt	King prawns marinated, grilled	181	24	9.2	0.12
X518053	Kaisergemüse gedünstet	Mixed vegetables stewed	64	2.02	3.9	4.2
Y175133	Gebratene Rinderkutteln mit Ei aus Bologna	Fried beef tripe with egg	329	18.3	28.2	0.4
Y782012	Käsesoufflee	Cheese souffle	338	14.9	28.3	5.6
Y829243	Schwarzbrotauflauf mit Schokolade	Brown bread casserole with chocolate	321	6.1	16.3	35.9
Y780863	Camembert paniert, frittiert	Camembert cheese breaded, deep-fried	294	18.41	22.07	5.09
W256100	Leberkäse	Leberkaese sausage	295	11.8	27.4	0.17
X3A9040	Schmand-Dip mit Schnittlauch	Schmand dip with chives	184	2.63	17.6	2.8
Y0A2020	Hackfleisch-Kohlpudding	Minced meat-cabbage pudding	247	18.15	17.8	2.74
D420000	Feines Früchtebrot (mit Roggenbrotteig zubereitet)	Fruitcake (prepared with rye bread dough)	286	3.9	5.3	51
Y855153	Apfelgrütze	Apple jelly	92	0.3	0.2	21.2
V880300	Hähnchencreme (Brotaufstrich)	Chicken cream spread	300	12.9	26.7	1.75
X327463	Mornaysauce von Bechamelsauce	Mornay sauce from Bechamel sauce	166	5.9	13.8	4.3
Y616433	Sardinen mit Fenchelsamen, gedünstet	Sardines with fennel seeds, baked	139	14.12	7.98	2.1
X013040	Pumpernickel mit Krabbencreme	Pumpernickel with shrimp cream spread	146	8.51	5.8	12.7
X643113	Eierkartoffeln mit Tomaten, überbacken	Potatoes with eggs and tomatoes, gratinated	96	3.2	5.6	7.5
Y7A3000	Basilikumbutter	Basil butter	551	2.7	59.1	1.7
Y861753	Schokoladenpudding, Flammeri, zubereitet aus Pulver und Milch 3,5 % Fett	Chocolate pudding made from powder with milk 3.5 % fat	115	3.56	3.3	17.4
P288600	Rotweinpunsch	Red wine punch	85	0.2	0	5.13
X571163	Grüne Bohnen gekocht, in Butter geschwenkt	Green beans boiled, tossed in butter	63	2.12	4.31	3.2
S538700	Vollmilchschokolade mit Trüffelfüllung (alkoholhaltig)	Whole milk chocolate with truffle filling (alcoholic)	519	5.77	33.94	44.6
B723000	Laugengebäck mit Hagelsalz	Pretzel salted	282	9.13	4.11	50
W335000	Blutbregenwurst	Bregenwurst blood sausage	140	17.26	7.78	0.28
W982100	Bierschinkenpastete mit Mürbeteig, gebacken	Beer ham pate with shortcrust pastry, baked	280	18.05	19.53	7.57
W252000	Göttinger Bierwurst/Göttinger Blasenwurst	Göttinger Bierwurst	236	10.17	21.68	0.08
D660800	Schokoladen-Makronen	Chocolate macaroons	468	11.9	23.6	49.2
Y695322	Seelachsschnitten gegrillt	Fish slices of saithe grilled	124	21.07	4.3	0.08
W211100	Bockwurst	Bockwurst	273	13.1	24.5	0
X348360	Apfelmeerrettich	Apple-horseradish cream	130	2.43	7.6	11.1
D741600	Donut (Hefeteig) frittiert	Doughnut (yeast dough) deep-fried	336	7.3	14.8	41.9
X5A1010	Gemüsewaffeln pikant	Vegetable wafers savoury	182	9.44	6.9	18.56
D754100	Rheinische Mutzen (Nudelteig) frittiert	"Rheinische Mutzen" pastry (pasta dough) deep-fried	323	8.58	9.1	50.3
Y670042	Aal in Rotwein mariniert, pochiert	Eel in red wine marinated, poached	219	9	19.5	0.52
Y872812	Zitronencreme (mit Gelatine)	Lemon cream (with gelatine)	158	5.6	9.8	10.61
R144100	Frucht-Chutney, Würzsoße	Fruit chutney	282	0.6	0.33	68
X255010	Tomatensalat mit Essigmarinade	Tomato salad with vinegar marinade	86	0.83	7.47	2.89
W222700	Rindsbratwurst	Beef-Bratwurst	213	10.88	18.78	0
X871213	Reisauflauf mit Kochschinken und Käse	Rice casserole with boiled ham and cheese	177	9.51	8.35	15.4
Y134012	Rinderrumpsteak gebraten, mit gebratenen Zwiebeln	Beef rump steak fried, with fried onions	155	22.62	6.03	2.14
X5A4010	Chicoree mit Speck geschmort	Chicory braised with bacon	59	3.38	3.6	2.6
W275200	Helle Zungenwurst	Light pork tongue sausage	286	17.3	24	0.22
D4A7100	Mandarinen-Schmand-Kuchen (Quark-Öl-Teig)	Mandarin heavy sour cream cake (quark oil dough)	198	3.97	9.38	23.6
D9A3300	Käsekuchen (Vollkornmürbeteig)	Wholemeal cheesecake (shortcrust pastry)	274	8.57	14.2	26.57
X5A4020	Spinatauflauf/Spinatpudding	Spinach casserole/spinach pudding	123	5.3	5.51	12.16
X444112	Kräutercremesuppe	Cream of herb soup	93	0.91	9.2	1.5
X412513	Fleischbrühe mit Flädle	Meat stock with strips of crepe	55	2.07	2.8	5.17
Y221013	Kalbskotelett gebraten, mit gebratenen Champignons	Veal chop fried, with fried button mushrooms	104	16.91	3.4	1.2
D621000	Waffeln, einfache (Rührmasse)	Waffles (cake batter)	459	8.19	24.83	49.8
Y781112	Mozzarella paniert, frittiert	Mozzarella cheese breaded, deep-fried	295	16.62	22.93	5.05
X951133	Grießbrei gesüßt, mit Butter und Ei	Semolina porridge sweetened, with butter and egg	114	4.6	5.08	12.16
V513282	Schwein Herz, tiefgefroren, gebraten ohne Fett (Pfanne)	Pork heart, deep-frozen, fried without fat (pan)	160	24.7	6.81	0
X4A1030	Gemüsebrühe mit Hühnerfleisch und Reis	Vegetable soup with chicken and rice	65	5.66	3.6	2.5
X348140	Sahnemeerrettich	Horseradish cream	155	4.49	10.6	8.5
D3A3000	Erdbeer-Sahnecremetorte (Wasserbiskuit)	Strawberry-cream torte (water sponge cake)	290	3.8	22	18.5
W317100	Leberpresssack einfach	Liver brawn simple	291	15.3	25.3	0.47
Y593112	Entenfleisch im Backteig (mit Bier) frittiert	Duck meat in frying batter (with beer) deep-fried	370	17.7	26.1	15.18
D750700	Marzipanstangen (Rührmasse)	Marzipan sticks (cake batter)	498	6.39	28.6	51.7
X4A6000	Fenchelsuppe mit Orangenfilets	Fennel soup with orange fillets	40	0.74	2.9	2.2
Y634433	Seezunge Müllerinart (mehliert, gebraten)	Sole floured, fried	108	18.18	2.6	2.58
W203000	Jagdwurst fettreduziert	Jagdwurst sausage reduced-fat	112	16.81	4.9	0.09
W319200	Champignonleberwurst	Button mushroom liver sausage	250	12.87	21.58	0.9
Y995040	Vanillesahneeis mit Schlagsahne, frischen Erdbeeren und Rum	Vanilla cream ice cream with whipped cream, fresh strawberries and rum	157	1.7	12.09	6.69
M831300	Speisequarkzubereitung mind. 20 % Fett i. Tr., mit Fruchtzubereitung, gesüßt	Quark preparation min. 20 % fat in dry matter, with fruit preparation, sweetened	122	7.03	3.51	14.97
D288100	Pfirsichtorte (Mürbeteig) mit Klarguss	Peach torte (shortcrust pastry) with gelatin glaze	189	2.7	9.15	23.15
X468713	Gaisburger Marsch	"Gaisburger Marsch" (stew with beef, vegetables, potatoes and fresh egg pasta spaetzle)	79	6.75	2.6	6.7
T815900	Krabben in Dillcreme, Präserve	Common shrimp in dill cream, semi-preserved	309	10.2	27.24	5.48
D0A3200	Nussboden (mit Eiklar zubereitet)	Nut cake base (prepared with egg white)	391	8.4	17.8	48.2
Y160122	Rinderfilet gebraten im Ofen, ohne Sauce	Beef fillet fried in oven, without sauce	191	24.49	10.35	0.01
X3A1000	Biersauce	Beer sauce	56	0.9	3.3	4.2
T940200	Kabeljau im Backteig, tiefgefroren	Cod in frying batter, deep-frozen	216	12.2	10.26	18.11
X462023	Gemüse-Eintopf/Gemüsepichelsteiner, mit Rind- und Schweinefleisch	Vegetable stew "Pichelsteiner" with beef and pork	94	5.17	5.1	6
X9A3070	Pie (Mürbeteig) gefüllt mit Gemüse und Schweinehackfleisch, gebacken	Pie (shortcrust pastry) filled with vegetables and pork mince, baked	377	9.1	26.9	23.49
G322242	Grünkohl tiefgefroren, gedämpft	Curly kale deep-frozen, steamed	51	4.03	0.65	3.21
Y2A1000	Kalbfleischpastete (Mürbeteig) mit Speck und Kochschinken, gebacken	Veal pate (shortcrust pastry) with bacon and boiled ham, baked	307	15	18.6	18.9
X364003	Kirschsauce gebunden	Cherry sauce thickened	106	0.58	0.3	23.94
W278200	Kalbsroulade mit Lachsschinken (mit Schweinefleisch)	Veal roulade sausage with dry-cured, smoked, rolled lean pork loin	147	15.87	9.01	0.42
M231500	Sahnekefir mind. 10 % Fett, mit Fruchtzubereitung, gesüßt	Kefir min. 10 % fat, with fruit preparation, sweetened	136	2.4	7.9	13.26
X566063	Selleriepüree	Celeriac puree	23	1.11	0.6	1.9
V475282	Gans Schenkel tiefgefroren, gebraten ohne Fett (Pfanne)	Goose leg (with skin) deep-frozen, fried without fat (pan)	206	24.49	11.96	0
X4A2000	Terlaner Weinsuppe	Wine soup "Terlan"	70	1.6	6.5	0.51
X252640	Gurkensalat mit Joghurtmarinade	Cucumber salad with yogurt marinade	35	1.47	1.83	2.33
Y839243	Buchweizengrütze (mit Milch 3,5 % Fett)	Buckwheat groats (with milk 3.5 % fat)	161	7.03	4.9	20.93
X655452	Kartoffel-Gemüse-Kuchen	Potato-vegetable cake	94	4.42	4.2	8.7
W134000	Zervelatwurst fettreduziert	Zervelatwurst sausage reduced-fat	252	25.54	16.49	0.21
U711272	Schaf Filetmedaillon, tiefgefroren, gegrillt	Sheep fillet medaillon, deep-frozen, grilled	161	31.25	3.95	0
X937510	Erdbeermilch mit Milch 1,5 % Fett	Strawberry milk with milk 1.5 % fat	54	2.37	1.1	7.96
X740162	Eierteigwaren mit Butterflöckchen	Egg pasta with flakes of butter	164	5	5.31	23.31
Y875140	Ambrosiacreme (Saure-Sahne-Creme mit Rum)	Cream made from sour cream with rum	131	4.2	4	17.7
Y650313	Karpfen pochiert im Wurzelsud	Carp poached in root vegetable stock	76	9.82	2.87	1.8
Y8A2000	Mandelkrokant	Almond brittle	549	14.87	42.63	22.97
X468263	Hamburger National (Steckrüben-Kartoffel-Eintopf mit Poularde)	Swede-potato stew with poulard "Hamburg National"	64	4	2.8	5
E632132	Dinkeleierteigwaren gekocht	Spelt egg pasta boiled	139	5.71	0.9	25.61
X556263	Tomaten gefüllt mit Kräuter-Brot-Parmesan-Mischung, gegrillt	Tomatoes filled with herb-bread-parmesan mix, grilled	165	3.95	12.42	8
W172100	Knoblauchwurst einfach	Garlic sausage simple	573	17.92	55.65	0
D770100	Mohnschnecken (Blätterteig)	Danish swirl (puff pastry) with poppy seeds	464	9.59	32.17	31.03
Y639212	Rotzunge mehliert, gebraten	Witch floured, fried	102	17.58	1.9	3.14
X850453	Schinkenrisotto	Risotto with ham	148	4.97	4	22.5
D7A6700	Langos (Hefeteig) frittiert, ungefüllt	Langos (yeast dough) deep-fried, unfilled	340	8.63	10	52
Y444123	Lammragout mit Karotten	Lamb ragout with carrots	165	11.09	11.2	4.31
S570100	Bitterschokolade gefüllt mit Marzipan (alkoholhaltig)	Dark chocolate filled with marzipan (alcoholic)	513	8.6	35.5	35
T020232	Tintenfisch tiefgefroren, gekocht	Common cuttlefish deep-frozen, boiled	71	15.09	1.22	0
N630700	Schwarztee (Getränk) mit Zitronensaft und Zucker	Black tea (infusion) with lemon juice and sugar	8	0.01	0	1.82
M857000	Grießpudding mit Sahne, gesüßt	Semolina pudding with cream, sweetened	129	2.84	6.77	14.03
P9B4000	Cocktail, Margarita	Cocktail, Margarita	70	0	0	2.4
E430082	Eierteigwaren gekocht, gebraten ohne Fett (Pfanne)	Egg pasta boiled, fried without fat (pan)	133	5.3	0.93	25.23
D433300	Schokoladenkuchen (Rührmasse)	Chocolate cake (cake batter)	402	7.4	19.53	47.7
T822500	Heringsfilet in Senfcreme, Konserve	Herring fillet in mustard cream, canned	160	10.5	11.47	3.17
Y882150	Bananenquark	Banana quark	114	7.68	3.2	12.56
G993100	Gemüsemischung mexikanische Art, roh	Mixed vegetables Mexican style, raw	59	3.3	0.5	7.8
T307252	Schwarzer Heilbutt tiefgefroren, gedünstet	Greenland halibut deep-frozen, stewed	147	11.53	11.2	0
D650200	Weiße Lebkuchen	White gingerbread	385	11.55	13.1	53
C341162	Mais gekocht, gebacken	Maize boiled, baked	99	2.57	1.07	18.63
X7A2010	Gratin aus Eierteigwaren und Spinat	Gratin of egg pasta and spinach	183	6.9	10.3	15
X456133	Gulaschsuppe ungarisch, mit Rindfleisch, Fleischbrühe, Tomaten und Kartoffeln	Goulash soup "Hungarian" with beef, meat stock, tomatoes and potatoes	59	2.8	3.8	3
Y814310	Apfel-Bananensalat mit Honig gesüßt	Apple-banana salad sweetened with honey	73	0.84	0.4	15
K724432	Shiitakepilz getrocknet, gekocht	Shiitake mushroom dried, boiled	140	11.7	0.9	11.18
W858000	Schweinezungensülze	Jellied pork tongue	157	17	9.6	0.53
Y231133	Kalbsschnitzel gebraten mit Parmaschinken (Saltimbocca) und Sauce	Veal schnitzel fried with Parma ham (Saltimbocca) and sauce	194	21.6	11.9	0.04
Y7A2012	Schafmilch-Camembert paniert, frittiert	Sheep's milk camembert cheese breaded, deep-fried	310	17.15	24.16	5.48
X700212	Eier-Frischteigwaren, rot, selbstgemacht, roh	Fresh egg pasta, red, homemade, raw	253	9.9	5.1	40.3
D750100	Amerikaner (Rührmasse)	"Amerikaner" moist shortbread biscuit (cake batter) with sugar icing	380	5.62	13.7	57.1
X041910	Brötchen mit Fleischkäse	Roll and fleischkaese sausage	282	13.76	16.61	18.44
X820453	Reis mit gedünsteten Champignons	Rice with stewed button mushrooms	113	2.68	1.4	21.9
Y693752	Rotbarschfilet im Backteig (mit Milch) frittiert	Redfish fillet in frying batter (with milk) deep-fried	213	14.2	12.1	11.2
U852262	Schaf Brust, mittelfett, tiefgefroren, gebraten ohne Fett (Ofen)	Sheep breast, medium fat, deep-frozen, fried without fat (oven)	215	25.9	12.4	0
G490252	Knoblauch tiefgefroren, gedünstet	Garlic deep-frozen, stewed	105	6.59	0.46	3
W162000	Plockwurst einfach	Plockwurst sausage simple	520	18.93	49.23	0.15
U642272	Schwein Bauch (wie gewachsen) tiefgefroren, gegrillt	Pork belly (untrimmed) deep-frozen, grilled	421	23.65	36.24	0
Y852112	Fruchtkompott gemischt, ungesüßt	Mixed fruit compote unsweetened	52	0.65	0.3	10.6
X644253	Kartoffel-Kohlrabi-Gratin mit Käse	Potato gratin with kohlrabi and cheese	103	3.03	4.43	12
D480300	Käsekuchen mit Streuseln (Mürbeteig)	Cheesecake with crumbles (shortcrust pastry)	304	7.95	14.3	35.1
N262000	Birnensaftschorle	Pear juice spritzer	32	0.14	0.12	7.8
W221372	Currybratwurst gegrillt	Curry-Bratwurst grilled	240	12.28	21.17	0.05
Y624112	Seehechtfilet pochiert (ohne Sauce)	Hake fillet poached (without sauce)	65	12.4	1.5	0.11
X230610	Lollo-Rosso-Salat mit Essigmarinade	Lollo Rosso salad with vinegar marinade	158	0.83	16.04	1.2
N259000	Erfrischungsgetränk isotonisch, gesüßt, angereichert mit Vitaminen und Mineralstoffen	Isotonic beverage, sweetened, fortified with vitamins and minerals	18	0.07	0	4.2
G322232	Grünkohl tiefgefroren, gekocht	Curly kale deep-frozen, boiled	50	3.92	0.63	3.13
X347350	Quarkremoulade	Quark remoulade sauce	199	9.93	16.59	2.07
Y180133	Sächsisches Zwiebelfleisch vom Rind	Saxon "Zwiebelfleisch" (beef stew with onions)	88	10.62	2.7	4.6
X3A4000	Gorgonzolasauce	Gorgonzola sauce	241	9.23	22.1	1
T045900	Dorschleber Konserve	Cod liver canned	694	4.7	75	0
Y444113	Lammragout orientalische Art	Lamb ragout oriental style	197	14.7	12.6	5.6
Y8A4160	Vanillepudding, Flammeri, zubereitet aus Pulver und Sojadrink	Vanilla pudding made from powder with soya drink	76	2.61	1.02	13.41
D7B5100	Kekse/Plätzchen, kakaohaltig (Rührmasse) schokoliert	Biscuits, containig cocoa (cake batter) with chocolate icing	529	6.8	30.83	53.8
X495363	Melonenkaltschale	Cold melon soup	38	0.7	0.2	7.5
C111082	Weizen ganzes Korn, gekocht, gebraten ohne Fett (Pfanne)	Wheat whole grain, boiled, fried without fat (pan)	226	8.77	1.19	40.51
W361000	Sülzwurst	Jellied brawn	169	17.9	10.7	0.25
Y813942	Buchweizenplinsen gebraten	Small buckwheat pancakes fried	319	7.8	16.8	33
Y693342	Seezunge gebraten in Butter	Sole fried in butter	104	19.4	2.7	0.13
F323700	Johannisbeernektar schwarz	Black currant nectar	55	0.43	0	12.82
X5B1000	Gemüse-Kartoffel-Fisch-Brei, mit Karotte und Lachs (ohne Salz, geeignet für Beikost)	Vegetable-potato-fish purree, with carrots and salmon (without salt, suitable as baby food)	100	3.32	5.88	7.58
W850200	Schinken-Käse-Sülze	Ham and cheese aspic	121	16	5.6	0.84
D313300	Erdbeersahnetorte (Wasserbiskuit)	Strawberry cream torte (water sponge cake)	234	3.6	14.1	22.3
W222632	Rostbratwurst gargezogen	Rostbratwurst sausage poached	159	14.82	11.06	0.07
Y0A1000	Fleischsulze mit gekochtem Schweinefleisch	Pork boiled, in aspic	83	9.5	4.7	0.61
U711262	Schaf Filetmedaillon, tiefgefroren, gebraten ohne Fett (Ofen)	Sheep fillet medaillon, deep-frozen, fried without fat (oven)	146	29.26	3.21	0
X4A5000	Kartoffel-Gemüsesuppe mit Gemüsebrühe	Potato-vegetable soup with vegetable stock	48	0.94	2	6
C514500	Knuspermüslimischung mit Trockenfrüchten, gesüßt, angereichert mit Vitaminen und Mineralstoffen	Crunchy muesli mix with dried fruit, sweetened, fortified with vitamins and minerals	410	7.9	14.1	59.2
X389000	Avocadocreme (Guacamole)	Avocado dip (Guacamole)	113	1.41	10.2	2
Y693522	Kabeljaufilet gedünstet (mit Fett und Salz)	Cod fillet stewed (with fat and salt)	102	15.8	4.2	0.06
X4A7010	Gemüsesuppe mit Kartoffeln	Vegetable soup with potatoes	27	1	1.2	2.7
X5B1120	Gemüse-Kartoffel-Brei, mit Karotte, Pastinake (ohne Salz, geeignet für Beikost)	Vegetable-potato purree, with carrot and parsnip (without salt, suitable as baby food)	92	1.32	5.03	9.3
Y780743	Käse im Blätterteig gebacken	Cheese in puff pastry baked	426	16.6	32.68	15.47
X365062	Punschsauce	Punch sauce	87	0.08	0	15.9
D6A7000	Mandelbrot (mit Eiklar, ohne Fett zubereitet)	Almond bread (prepared with egg white, without fat)	399	12.3	15.13	51.63
S201600	Speiseeis Karamell, in Waffeltüte	Caramel ice cream, in waffle cone	214	4.5	9.94	26.4
Y504422	Wildfrikadellen gebraten	Game meatballs fried	135	22.03	2.35	6
X448053	Champignonsuppe aus frischen Champignons	Button mushroom soup of fresh button mushrooms	40	2.26	2.3	2.7
X327613	Käsesauce von Bechamelsauce mit Kochschinken	Cheese sauce from Bechamel sauce with boiled ham	123	7.8	8.2	4.18
F033600	Smoothie gelb (Früchte)	Smoothie of yellow fruits	50	0.7	0.2	9.7
W368000	Anspacher Leberpresssack/Leberpresssack	Anspacher liver brawn	300	14.12	26.8	0.55
Y891142	Pfannkuchen/Eierkuchen, mit Milch 3,5 % Fett und Heidelbeeren, gebraten	Pancakes with milk 3.5 % fat and blueberries, fried	241	6	11.98	25.66
Y818162	Pfannkuchen/Eierkuchen mit Milch 3,5 % Fett, gebraten, gefüllt mit Konfitüre	Pancakes with milk 3.5 % fat, fried, filled with jam	263	7.4	10.8	33.1
D310900	Biskuitrolle/Biskuitroulade, mit Mandarinensahnecreme	Sponge cake roll, filled with mandarin-cream	244	5.7	10.7	30.6
Y880250	Früchtequark	Fruit quark	94	4.8	1	15.6
M2J2100	Joghurt aus entrahmter Milch, max. 0,5 % Fett, mit Fruchtzubereitung, Zucker und Süßungsmitteln	Yogurt from skimmed milk, max. 0.5 % fat, with fruit preparation, sugar and artificial sweeteners	44	3.68	0.11	6.3
X1A8010	Fischsalat mit Kabeljau und Essigmarinade	Fish salad with cod and vinegar marinade	104	9.8	6.46	1.11
C412182	Grünkern Vollkornschrot gekocht, gebraten ohne Fett (Pfanne)	Green spelt coarse meal, boiled, fried without fat (pan)	64	2.21	0.51	11.44
Y611410	Sahnehering	Pickled herring fillet, in cream sauce	156	10.44	11.3	2.1
X4A6010	Grüne Erbsensuppe St. Germain	Green pea soup "St. Germain"	52	2.7	1.5	5.6
Y536212	Kaninchenbraten ohne Sauce	Rabbit roast without sauce	171	25.1	7.8	0.08
X9A5000	Flammkuchen vegetarisch	Tarte flambee vegetarian	221	6.85	10.73	23
S570300	Bitterschokolade mit Haselnüssen	Dark chocolate with hazelnuts	586	10.53	45.98	27.7
X4A6020	Tomatensuppe aus Tomatenmark mit Gemüsebrühe	Tomato soup of tomato paste and vegetable stock	41	0.7	2.8	3
X344060	Mayonnaise-Dressing	Mayonnaise dressing	342	6.7	32.44	5.01
H170700	Cashewkern geröstet mit Fett, gesalzen	Cashew nut roasted with fat, salted	594	19.6	49.49	15.8
K701432	Champignon getrocknet, gekocht	Buttom mushroom dried, boiled	134	17.08	1.28	13.8
C526082	Polenta (Maisgrieß mit Wasser, Fett und Salz) gekocht, gebraten ohne Fett (Pfanne)	Polenta (Maize semolina prepared with water, fat and salt) boiled, fried without fat (pan)	126	1.9	6.3	14.38
X2A2050	Gurken- und Kopfsalat mit Joghurtmarinade	Cucumber-lettuce-salad with yogurt marinade	33	1.48	1.56	2.4
X171460	Grüne-Bohnen-Salat (gegart) mit warmer Essigmarinade	Green bean salad (cooked) with warm vinegar marinade	57	1.62	3.8	2.8
X651063	Bratkartoffeln aus rohen Kartoffeln, mit Zwiebeln	Fried potatoes (of raw potatoes) with onions	221	2.87	12.7	22.5
Y025322	Studentenschnitzel (Fleischkäse gebraten mit Spiegelei)	Students' schnitzel (fleischkaese fried, with fried egg)	287	14.12	25.26	0.55
S464000	Schokoladen-Dragees (Schokolinsen)	Chocolate sugar-coated	466	2.91	15.03	74.5
W981500	Schweinerückenpastete mit Mürbeteig, mit Alkohol, gebacken	Pork loin pate with shortcrust pastry, with alcohol, baked	187	20.35	7.61	8.75
X214240	Feldsalat mit Essigmarinade	Lamb's lettuce with vinegar marinade	168	1.2	17.3	0.64
H910200	Tofu-Bratlinge gebraten ohne Fett (Pfanne)	Tofu burgers fried without fat (pan)	166	9.34	6.17	16.8
X1A8020	Heringssalat mit Apfel und Essigmarinade	Herring salad with apple and vinegar marinade	173	8.67	13.7	2.4
U522282	Schwein Stielkotelett, tiefgefroren, gebraten ohne Fett (Pfanne)	Pork chop (loin) deep-frozen, fried without fat (pan)	206	26.99	10.9	0
D770300	Schweineohren/Schweinsohren (Blätterteig)	Pig ear pastry (puff pastry)	588	4.14	39.72	52.38
X425813	Chinesische Suppe scharf, mit Hähnchenbrustfilet	Chinese soup spicy, with chicken breast fillet	54	5.8	0.7	5.5
X092060	Müsli Bircher-Benner Art, gesüßt, mit Äpfeln, Rosinen, Sahne und Nüssen	Muesli Bircher-Benner style, sweetened, with apples, raisins, cream and nuts	129	1.7	4.3	19.3
W318100	Gänseleberwurst mit Trüffeln und Schweinefleisch	Goose liver sausage with truffles and pork	193	14.3	14.54	1.1
X1A1040	Grüner-Spargel-Salat (gegart) mit Essigmarinade	Green asparagus salad (cooked) with vinegar marinade	148	3.27	10.72	7.46
X425543	Französische Zwiebelsuppe, mit Weißbrotscheiben, überbacken	French onion soup with white bread slices, gratinated	64	2.7	3.3	5.48
Y8A5040	Sahneflammeri/Sahnepudding (als Dessert) mit Karamellsauce	Cream pudding (as dessert) with caramel sauce	207	3.8	12.45	19.79
D9A4100	Vollkornplunderteig gebacken	Wholemeal Danish pastry dough, baked	438	8.6	26.96	37
X490263	Kürbissuppe scharf, mit Sahne	Pumpkin soup spicy, with cream	70	1	5.9	3
Y333831	Schweineschnitzel natur, gebraten, mit Grundsauce dunkel/braun	Pork schnitzel fried, with brown basic sauce	125	20.19	3.9	2.18
Y7A3010	Zitronenbutter	Lemon butter	667	1.12	73.1	0.69
Y891062	Pfannkuchen/Eierkuchen, mit Milch 3,5 % Fett, gebraten in Butter	Pancakes with milk 3.5 % fat, fried in butter	266	8.2	11.77	31.11
W259000	Schweinskopfwurst	Pork brawn sausage	216	15.9	16.85	0.08
Y734142	Omelett gebraten mit Kartoffeln und Kochschinken	Omelette fried with potatoes and boiled ham	170	7.96	11.91	7.17
S243300	Speiseeis (Kaffee, Karamell, Schoko, Vanille) gemischt	Ice cream mixed (chocolate, vanilla, coffee, caramel)	196	3.6	9.7	22.9
X145242	Spargelsalat (gegart) mit Essigmarinade	Asparagus salad (cooked) with vinegar marinade	85	1.42	7.95	1.13
S241800	Speiseeis überzogen mit Schokolade, Karamell und Mandeln	Ice cream covered with chocolate, caramel and almonds	302	4.5	17.28	30.9
W221082	Rheinische Bratwurst gebraten ohne Fett (Pfanne)	Rhenish bratwurst fried without fat (pan)	242	12.59	21.19	0.09
Y846553	Milchreis mit Milch 3,5 % Fett und Banane roh	Rice pudding with milk 3.5 % fat and raw banana	124	4.03	2.5	20.8
X423753	Fleischbrühe mit Eierteigwaren	Meat stock with egg pasta	17	0.9	0.3	2.64
D300500	Linzer Torte (Mürbeteig)	Linzer torte (shortcrust pastry)	480	8.9	29.7	42.4
Y862612	Karamellflammeri/Karamellpudding	Caramel pudding	158	3.9	4.55	25.2
X531812	Blumenkohl im Backteig (mit Bier) frittiert	Cauliflower in frying batter (with beer) deep-fried	246	6.5	14.3	21.36
R9A3000	Marzipanfüllung für Gebäck/Torten	Marzipan filling for pastry/tortes	444	6.09	28.7	38.94
D471600	Gerollte Marzipan-Nuss-Schnitten (Quark-Öl-Teig)	Swiss roll, filled with marzipan and nuts (quark oil dough)	410	7.7	22.1	42.8
P8A3000	Eierpunsch	Egg nog	170	3.19	7.77	10.6
Y336022	Schaschlik (mit Schweinefleisch) gegrillt	Shashlik with pork grilled	157	16.22	8.27	3.82
Y914062	Wiener Würstchen mit Brötchen und Senf	Vienna sausage with roll and mustard	274	11.43	16.68	18.45
X449023	Kartoffelsuppe mit Gemüsebrühe	Potato soup with vegetable stock	57	1.01	1.8	9
X459263	Hummersuppe mit Schlagsahne, Weißwein und Bleichsellerie	Lobster soup with whipped cream, white wine and celery	64	4	4.5	1
X573812	Knollensellerie gedünstet (mit Fett und Salz)	Celeriac stewed (with fat and salt)	44	1.07	2.8	1.91
X421143	Fleischbrühe mit Eierstich	Meat stock with diced egg custard	18	1.5	1.2	0.32
C522300	Getreideflakes gesüßt, mit Trockenfrüchten, angereichert mit Vitaminen und Mineralstoffen	Cereal flakes sweetened, with dried fruit, fortified with vitamins and minerals	346	8.9	1.6	70.3
W273600	Schweineroulade	Pork roulade sausage	194	15.21	14.71	0.17
X532812	Broccoli im Backteig (mit Bier) frittiert	Broccoli in frying batter (with beer) deep-fried	234	6.8	14.19	17.7
Y173623	Rinderlebergeschnetzeltes, mit Grundsauce dunkel/braun	Beef liver ragout, with brown basic sauce	139	11.77	7.5	6.01
X423053	Rinderkraftbrühe mit Grießklößchen	Beef consomme with small semolina dumplings	32	1.67	1.3	3.41
W845000	Wildbretgalantine gebacken	Game galantine baked	156	24.6	6.38	0.06
X445743	Sellerie-Lauchcremesuppe	Cream of celeriac-leek soup	38	1.1	2.18	3
D3A1000	Biskuitrolle/Biskuitroulade, mit Himbeersahnecreme	Sponge cake roll, filled with raspberry-cream	238	5.6	10.4	29.3
V416282	Hähnchen Brustfilet, tiefgefroren, gebraten ohne Fett (Pfanne)	Chicken breast fillet, deep-frozen, fried without fat (pan)	137	30.79	1.59	0
X364043	Johannisbeersauce einfach, aus Fruchtsaft	Red currant sauce (of fruit juice)	79	0.99	0.1	16.96
Y8A8010	Hefeteig gesüßt, mit Milch 3,5 % Fett, roh	Yeast dough sweetened, with milk 3.5 % fat, raw	317	7.91	10.14	47
Y880853	Quarkauflauf	Quark casserole	232	10.5	11.1	21.5
D4A8200	Kürbis-Kuchen (Rührmasse)	Pumpkin cake (cake batter)	339	5.2	16.1	41.7
X820852	Reis mit gedünstetem Gemüse und Kochschinken	Rice with stewed vegetables and boiled ham	108	3.83	2.24	17.5
S221200	Speiseeis (Karamell, Schokolade) gemischt	Ice cream mixed (caramel, chocolate)	208	3.9	9.63	25.7
Y634732	Seezungenfilet gegrillt	Sole fillet grilled	124	20.34	4.7	0.03
X331463	Teufelssauce von dunkler/brauner Grundsauce	Devil's sauce from brown basic sauce	66	0.97	4.2	4.79
X365743	Erdbeersauce roh	Strawberry sauce (of raw fruit)	106	0.67	2.3	19.49
X437143	Leberspätzle/Leberreis	Liver spaetzle	240	15.18	5.43	31.26
Y843312	Nektarinenkompott ungesüßt	Nectarine compote unsweetened	32	0.7	0.1	6
X448343	Steinpilzsuppe	Porcini mushroom soup	35	2.48	1.5	2.26
T603252	Zander tiefgefroren, gedünstet	Pike-perch deep-frozen, stewed	76	17.65	0.62	0
Y497412	Lammkeule geschmort mit Zwiebeln und Senf, mit Grundsauce dunkel/braun	Leg of lamb braised with onions and mustard, with brown basic sauce	189	22.05	9.8	3
Y741952	Eierstich mit Kräutern	Egg custard with herbs, diced	100	7.71	6.78	2.09
W378100	Gänseleber in Aspik	Goose liver in aspic	135	20.2	5.3	1.53
T710172	Edelkrebs/Flusskrebs, gekocht, gegrillt	Crayfish boiled, grilled	83	18.9	0.81	0
X545053	Spargel gekocht, mit Grundsauce hell/weiß	Asparagus boiled, with white basic sauce	37	1.56	1.5	3.82
Y6A1010	Thunfischaufstrich mit Mayonnaise	Tuna dip with mayonnaise	131	18.2	6	0.63
D440800	Königskuchen (Rührmasse) mit Alkohol	Candied fruit cake (cake batter) with alcohol	373	6.9	16.2	47.9
D733600	Nussecken (Mürbeteig)	Nut triangles (shortcrust pastry)	545	7.4	36.6	44.6
W273100	Rinderbierschinken	Beef beer ham	125	15.71	6.91	0.08
D7A7600	Schoko-Plunder	Danish pastry with chocolate	500	8.65	29.16	49
W278000	Kalbsroulade mit Schweinefleisch	Veal roulade sausage with pork	157	14.57	10.78	0.32
T730172	Hummer gekocht, gegrillt	Lobster boiled, grilled	118	21.53	3.5	0
M255000	Buttermilchdessert mit Sahne und Fruchtzubereitung, gesüßt	Buttermilk dessert with cream and fruit preparation, sweetened	110	3.45	3.94	14.7
Y856243	Weingelee	Wine jelly	87	1.6	0	16.58
X936410	Bananenmilch mit Milch 3,5 % Fett	Banana milk with milk 3.5 % fat	71	2.54	2.3	9.39
X1A3000	Glasnudelsalat mit Putenbrust, Gemüse und Essigmarinade	Glass noodle salad with turkey breast, vegetables and vinegar marinade	97	4.2	3.1	12.3
X810713	Apfelreis mit Milch 3,5 % Fett	Apple rice with milk 3.5 % fat	116	3.28	3.4	17.4
D466100	Apfelkuchen gedeckt (Hefeteig)	Apple pie (yeast dough)	187	3.5	5.6	29
S134000	Gelee extra	Jelly extra quality	230	0.6	0.1	55
Y036610	Frikadellen aus Rindfleisch gebraten	Beef meatballs fried	299	21.24	21.05	5.98
X651912	Bratkartoffeln mit Ei	Fried potatoes with egg	198	4.51	13.4	13.84
Y8A6000	Quark-Grieß-Auflauf	Quark-semolina casserole	143	5.5	7.3	13.4
X212240	Endiviensalat mit Essigmarinde	Endive salad with vinegar marinade	154	0.83	15.93	0.64
X1A4000	Geflügelsalat (Huhn) mit Essigmarinade	Poultry salad (chicken) with vinegar marinade	123	13	5.95	3.3
K241200	Kartoffelkloß halb und halb, tiefgefroren	Potato dumpling half and half, deep-frozen	116	4.09	1.09	21.53
Y7A2000	Schafskäse-Dip	Dip made from sheep's milk cheese	236	8.64	18.58	6.4
Y780043	Brötchen mit Tilsiter und saurer Sahne überbacken	Rolls gratinated with Tilsit cheese and sour cream	348	17.58	19.5	24.5
U010132	Rind Hackfleisch, gekocht	Beef mince, boiled	299	28.65	20.49	0
Y814010	Apfel-Bananenmus (roh) mit Rosinen	Apple-banana sauce (raw) with raisins	70	0.9	0.4	14.1
D433400	Gewürzkuchen (Rührmasse)	Spice cake (cake batter)	420	7.81	21.29	48.2
Y892142	Kartoffelbällchen (Hefeteig mit gekochten Kartoffeln) frittiert	Small potato-yeast dumplings fried	353	6.81	18.8	38
Y686433	Tintenfischtuben gefüllt, gegrillt	Cuttlefish tubes filled, grilled	173	20.13	7.8	5
Y722353	Rührei gebraten mit Paprika	Scrambled eggs fried with sweet peppers	176	10.76	13.52	2.3
Y372012	Schweinehirn gebraten mit Ei	Pork brain fried with egg	149	12.15	10.85	0.4
W302000	Geflügelleberwurst	Poultry liver sausage	106	21.8	2	0.12
W863000	Kalbszunge in Weißweinaspik	Veal tongue white-wine aspic	114	12.7	6.2	0.44
X422163	Rinderkraftbrühe mit Flädle/Frittaten/Suppenpfannkuchen	Beef consomme with strips of crepe	54	2.07	2.7	5.14
K750152	Mischpilze gedünstet	Mixed mushrooms stewed	47	4.9	0.4	3.05
D310800	Biskuitrolle/Biskuitroulade, mit Erdbeersahnecreme	Sponge cake roll, filled with strawberry-cream	240	5.6	10.5	29.9
G311282	Blumenkohl tiefgefroren, gebraten ohne Fett (Pfanne)	Cauliflower deep-frozen, fried without fat (pan)	66	2.6	0.62	11.23
D721100	Eberswalder Spritzkuchen (Brandmasse) frittiert	"Eberswalder" french crullers (choux pastry) deep-fried	374	5.88	16.3	50.3
M2R7300	Joghurt mind. 3,5 % Fett, mit Knuspermüslizubereitung, gesüßt	Yogurt min. 3.5 % fat, with crunchy-muesli mix, sweetened	110	4.3	4.83	11.1
D461200	Käsekuchen/Quarkkuchen (Hefeteig)	Cheesecake (yeast dough)	243	9.7	9.7	28
X455913	Gulaschsuppe mit Rindfleisch, Fleischbrühe und Rotwein	Goulash soup with beef, meat stock and red wine	70	4.3	4.7	2
Y868040	Buttermilchsulze (mit Arrak)	Buttermilk aspic (with arrack)	94	3.8	1.6	13.33
Y033112	Deutsches Beefsteak gebraten	German beefsteak fried	282	21.2	19.52	4.93
X9A6070	Vegetarische Füllung für Gemüse	Vegetarian filling for vegetables	249	8.3	16.85	15.23
X458143	Geflügelcremesuppe (Huhn)	Cream of chicken soup	109	8.2	7.8	1.53
X493343	Heidelbeersuppe gebunden mit Stärke	Blueberry soup thickened with starch	79	0.4	0.4	15.84
M2A3200	Joghurt fettarm, mind. 1,5 % bis max. 1,8 % Fett, mit Fruchtzubereitung, gesüßt, laktosefrei	Yogurt low-fat, min. 1.5 % to max. 1.8 % fat, with fruit preparation, sweetened, lactose-free	81	3.61	1.27	12.9
X744233	Eierteigwaren mit gebratenem Hähnchenbrustfilet und Grundsauce hell/weiß	Egg pasta with fried chicken breast fillet and white basic sauce	129	12.1	2.8	13.44
D6A2000	Baumkuchenspitzen	Spit cake tips	488	7.1	29.7	45.7
R9A1200	Käsesahnecreme für Gebäck/Torten	Cheese cream (egg-free) for pastry/tortes	208	7.1	14.3	12.13
W410482	Schwein Schinkenspeck, Rohpökelware, geräuchert, gebraten ohne Fett (Pfanne)	Pork bacon (ham) raw cured, smoked, fried without fat (pan)	131	23.51	3.9	0.57
G480232	Speisezwiebel tiefgefroren, gekocht	Onion deep-frozen, boiled	37	1.28	0.17	6.68
X5A8050	Tofu vegan paniert, gebraten	Tofu vegan breaded, fried	233	15.74	11.93	14.24
G450242	Spargel tiefgefroren, gedämpft	Asparagus deep-frozen, steamed	34	2.35	0.19	4.78
T934200	Alaska-Seelachs paniert, tiefgefroren	Alaska pollock breaded, deep-frozen	147	10.3	4.99	14.59
X1A7040	Fleischsalat (Rind) mit Essigmarinade	Meat salad (beef) with vinegar marinade	189	23.43	10.1	0.72
Y8A4100	Schokoladenpudding, Flammeri, zubereitet aus Pulver und Milch 1,5 % Fett	Chocolate pudding made from powder with milk 1.5 % fat	100	3.58	1.6	17.6
Y852312	Quittenkompott mit Süßstoff	Quince compote with artificial sweetener	34	0.27	0.32	5.3
X928112	Zwiebelkuchen ohne Speck	Onion cake without bacon	169	4.9	8.6	17
X1A2040	Kartoffelsalat mit Salatgurke und Mayonnaise, gestreckt mit Joghurt	Potato salad with cucumber and mayonnaise, diluted with yogurt	123	1.9	7.52	11.04
X4A3010	Kürbissuppe mit Kokosmilch	Pumpkin soup with coconut milk	59	1.01	4.1	4
W881400	Gewürfelte Zungenwurst Konserve	Sausage with diced tongue canned	261	15.9	21.69	0.41
S623200	Nuss-Trüffel-Pralinen (alkoholhaltig)	Nut truffle pralines (alcoholic)	519	5.77	33.94	44.6
Y321012	Schweinekotelett paniert, gebraten	Pork chop breaded, fried	296	24.11	19.22	6.29
T424282	Meerforelle tiefgefroren, gebraten ohne Fett (Pfanne)	Sea trout deep-frozen, fried without fat (pan)	126	21.8	4.06	0
V988100	Leberknödel Konserve	Liver dumplings canned	212	16.18	9.75	14.34
V474272	Gans Fleisch, mit Haut, tiefgefroren, gegrillt	Goose meat, with skin, deep-frozen, grilled	379	21.08	32.7	0
X2A1010	Chinakohlsalat mit Joghurtmarinade	Chinese white cabbage with yogurt marinade	33	2	1.45	1.96
S693000	Nüsse mit Vollmilchschokoladenüberzug	Whole milk chocolate covered nuts	564	8	37.7	46.5
W237032	Fleischkäse fettreduziert, gekocht	Fleischkaese sausage reduced-fat, boiled	118	16.3	5.74	0.14
X9A4030	Pfannkuchen-Auflauf mit Spinatgemüse	Pankcake casserole with spinach	234	9.3	14.76	14.9
X636043	Kartoffelpüree, zubereitet aus Instantpulver, Wasser, Milch 3,5 % Fett und Fett	Potato puree, made from instant powder, water, milk 3.5 % fat and fat	85	2.26	3.33	11.09
X530163	Bayerisches Kraut gedünstet, mit Speck	Bavarian white cabbage stewed, with bacon	40	1.67	1.12	4.48
X558312	Zucchinipuffer gebraten	Courgette pancakes fried	95	4.2	3.96	10
Y632132	Hamburger Speckscholle, gebraten	Plaice fried with bacon	156	18.9	7.8	2.12
F014600	Mehrfruchtsaft angereichert mit Vitaminen (Multivitaminsaft)	Multi-fruit juice fortified with vitamins (multivitamin juice)	48	0.4	0.1	10.61
W870500	Kalbfleischwurst mit Schweinefleisch Konserve	Veal bologna with pork, canned	253	9.82	23.72	0.08
P9A5110	Cocktail, Sex on the Beach	Cocktail, Sex on the beach	73	0.3	0.09	6.6
D1A2000	Aprikosenkuchen (Mürbeteig) mit Rahmguss	Apricot cake (shortcrust pastry) with cream topping	238	3.9	11.99	28.21
Y584123	Putenragout mit Paprika und saurer Sahne	Turkey ragout with sweet pepper and sour cream	152	17.26	7.8	2.9
T797262	Venusmuschel tiefgefroren, gratiniert ohne Fett (Ofen)	Venus clam deep-frozen, gratinated without fat (oven)	80	16	1.07	1.6
G093200	Suppengrün/Suppenkraut, tiefgefroren	Mirepoix deep-frozen	32	2.15	0.34	3.3
W145000	Rindersalami	Beef salami	395	21.63	34.14	0.18
Y311233	Schweinemedaillon gebraten, mit Apfel und Sauce	Pork medaillon fried, with apple and sauce	105	16.8	2.5	3.6
D9A5200	Vollkornsandkuchen (Rührmasse)	Wholemeal sand cake	412	7.82	23.1	41.1
W371000	Kalbfleischsülze	Jellied veal	82	11.9	3.8	0.02
X7A3030	Eier-Frischteigwaren Ravioli, vegetarisch gefüllt mit Spargel und Ricotta	Fresh egg pasta Ravioli, vegetarian filled with asparagus and ricotta	113	6	4.17	12.24
X8A1070	Reis-Schinkenfüllung für Gemüse	Rice-ham filling for vegetables	251	14.55	13.45	17.2
Y650812	Karpfen im Backteig (mit Bier) frittiert	Carp in frying batter (with beer) deep-fried	244	16.1	13.62	13.5
X0A3020	Knuspermüsli (Granola) gesüßt, mit Milch 3,5 % Fett und Fruchtmischung	Crunchy muesli (granola) sweetened, with milk 3.5 % fat and mixed fruit	154	4.8	6.2	17.9
U067100	Kalbskäsebrät mit Schweinefleisch, roh	Leberkase sausage meat from veal with pork, raw	271	11.7	24.9	0.09
X3A9000	Buttermilch-Dressing für Salat	Buttermilk dressing for salad	38	2.59	0.5	3.74
Y625112	Schellfischfilet pochiert (ohne Sauce)	Haddock fillet poached (without sauce)	71	15.9	0.6	0.14
Y813142	Savarin (getränkt mit Weißwein)	"Savarin" (yeast ring cake, drizzled with white wine)	291	7.8	10.89	36
D4A6300	Thüringer Mohnkuchen (Hefeteig)	Thuringian poppy seed cake (yeast dough)	294	9	12.73	34
X061610	Baguette mit Kochschinken, Frischkäsecreme, Tomaten und Champignons, überbacken	Baguette gratinated with boiled ham, cream cheese, tomatoes and button mushrooms	166	11.4	5.26	17
D771900	Brötchen (Blätterteig)	Puff pastry roll	425	4.18	32.19	28.65
F4A1900	Preiselbeere gezuckert (mit Pektin) Konserve	Lingonberry sugared (with pectine) canned	176	0.3	0.2	42.2
X547053	Lauch/Porree, gedünstet, mit Bechamelsauce	Leek stewed, with Bechamel sauce	62	2.39	3.3	5
Y0A2000	Blätterteigtaschen gefüllt mit Rinderhackfleisch und Käse, gebacken	Puff pastry pockets filled with beef mince and cheese, baked	423	14.25	33.68	14.78
X0A4030	Haferflocken ungesüßt, mit Sojadrink und Fruchtmischung	Oat flakes unsweetened, with soya drink and mixed fruit	124	4.95	2.4	18.2
K282200	Kartoffelkroketten tiefgefroren	Potato croquettes deep-frozen	180	4.04	9.27	19.05
X671042	Thüringer Klöße (Mischung aus rohen und gekochten Kartoffeln)	Thuringian dumplings (made from raw and boiled potatoes)	77	1.82	0.45	15.66
M260100	Molkenmischgetränk mit Fruchtsaft, Zucker und Süßungsmitteln, angereichert mit Vitaminen	Whey with fruit juice, sugar and artificial sweeteners fortified with vitamins	33	0.6	0.1	7
X820553	Reis mit gedünsteten Tomaten	Rice with stewed tomatoes	98	2.15	1.15	19.2
U013100	Rind Frikadelle, roh	Beef patty, raw	175	13.96	11.3	4
E632232	Dinkelvollkornteigwaren eifrei, gekocht	Wholemeal spelt pasta egg-free, boiled	127	5.26	0.9	22.38
X359712	French Dressing	French dressing	501	2.8	52.9	1.3
W981600	Champignonpastete mit Mürbeteig, gebacken	Button mushroom pate with shortcrust pastry, baked	247	15.01	17.25	7.62
Y245013	Kalbsfrikassee	Veal fricassee	94	14.9	3	1.83
W132000	Zervelatwurst	Zervelatwurst sausage	395	20.3	34.8	0.21
U461242	Kalb Bug/Schulter, tiefgefroren, geschmort ohne Fett	Veal shoulder, deep-frozen, braised without fat	116	26.57	1.08	0
X421363	Rinderkraftbrühe mit Eierstich	Beef consomme with diced egg custard	18	1.5	1.2	0.31
X610253	Brühkartoffeln mit Gemüsebrühe und Gemüse	Boiled potatoes with vegetable stock and vegetables	73	1.51	1.7	12.3
Y302232	Kasseler im Brotteig gebacken	Pork loin chop cured, baked in bread dough	165	13.31	1.84	22
X642063	Bäckerin-Kartoffeln vegetarisch	"Bäckerin-Kartoffeln" (potato gratin) vegetarian	105	1.66	4.8	13
Y111032	Rinderfiletmedaillons gebraten, mit Röstgemüse	Beef fillet medaillons fried, with fried vegetables	126	17.42	4.82	2.1
Y131223	Roastbeef gebraten im Ofen, mit Sauce	Roast beef fried in oven, with sauce	166	24.98	7	0.76
X200840	Sommersalat mit Karotten, Kohlrabi, Gurke und Joghurtmarinade	Summer salad with carrots, kohlrabi, cucumber and yogurt marinade	46	1.63	2.03	4
N261700	Pfirsich-Maracuja Fruchtnektar	Peach-maracuja fruit nectar	43	0.3	0	10.2
F957900	Rhabarberkompott mit einer Zuckerart und Süßungsmitteln, Konserve	Rhubarb compote with sugar and artificial sweeteners, canned	48	0.52	0.12	9.3
D660300	Kokosmakronen	Coconut macaroons	504	5.9	29.9	49.4
X443063	Blumenkohlcremesuppe/Dubarry-Suppe	Cream of cauliflower soup (Puree Dubarry)	53	2	3.1	4.05
W352000	Zungenblutwurst	Tongue blood sausage	257	17.44	20.76	0.16
X657052	Kartoffelbratlinge mit Zwiebeln gebraten	Potato patties with onions fried	218	3.69	13.67	18.95
D740600	Wiener Hörnchen (Hefeteig)	Viennese crescent roll (yeast dough)	318	7.6	10.5	47
U980400	Gulaschsuppe Konserve	Goulash soup canned	99	7.9	5.6	4
X324253	Kräutersauce von Bechamelsauce	Herb sauce from Bechamel sauce	88	2.5	6.2	5.42
S493000	Haselnuss-Krokant	Hazelnut brittle	456	3.25	12.92	80.9
T753272	Garnele/Granat/Krabbe, tiefgefroren, gegrillt	Common shrimp deep-frozen, grilled	128	27.21	2.15	0
Y9A2010	Himbeereis	Raspberry ice cream	172	1.4	7.5	22.5
X436143	Brätklößchen	Small sausage meatballs	189	11.39	13.32	5.61
X357340	Joghurt-Dressing	Yogurt dressing	128	3.25	10.7	3.51
D650500	Feine Oblaten-Lebkuchen	Gingerbread on baking wafers	386	11.24	11.9	56.2
X416813	Gemüsebrühe mit Gemüse	Vegetable stock with vegetables	23	0.8	1.5	1.4
X2A2010	Feldsalat mit Champignons und Essigmarinade	Lamb's lettuce with button mushrooms and vinegar marinade	103	1.76	9.69	1.3
U583232	Schwein Kochfleisch (Bauch) tiefgefroren, gekocht	Pork meat for boiling (belly) deep-frozen, boiled	357	22.49	29.64	0
F4B1900	Preiselbeere mit einer Zuckerart und Süßungsmitteln (mit Pektin) Konserve	Lingonberry with sugar and artificial sweeteners (with pectine) canned	84	0.3	0.2	19.2
X820653	Reis mit Tomatenmark	Rice with tomato paste	112	2.4	1.3	22.3
X7A3020	Eier-Frischteigwaren Ravioli, gefüllt mit Rinderhackfleisch	Fresh egg pasta Ravioli, filled with beef mince	144	7.6	4.8	17
Y870643	Mokkacreme abgeschlagen (mit Gelatine)	Mocha cream (with gelatine)	191	5.5	12.6	13.8
T753282	Garnele/Granat/Krabbe, tiefgefroren, gebraten ohne Fett (Pfanne)	Common shrimp deep-frozen, fried without fat (pan)	109	22.95	1.87	0
X535053	Kohlrabi gedünstet, mit Grundsauce hell/weiß	Kohlrabi stewed, with white basic sauce	72	1.37	5.6	3.46
W841000	Kalbfleischgalantine gebacken	Veal meat galantine baked	119	20.45	4.13	0.03
R941000	Kirschfüllung für Gebäck/Torten	Cherry filling for pastry/tortes	81	0.73	0.24	18.32
X422363	Rinderkraftbrühe mit Eierteigwaren	Beef consomme with egg pasta	17	0.9	0.3	2.64
Y843143	Apfelmus	Apple sauce	59	0.34	0.4	12.5
D660200	Marzipanmakronen	Marzipan macaroons	457	11.2	26.1	41.56
V413242	Hähnchen Fleisch, ohne Haut, tiefgefroren, geschmort ohne Fett	Chicken meat, without skin, deep-frozen, braised without fat	190	33.8	6.1	0
X341060	Mayonnaise mit Zitronensaft	Mayonnaise with lemon juice	720	2.1	78.6	0.56
D7A6000	Berliner/Pfannkuchen/Krapfen (Hefeteig) frittiert, ungefüllt	"Berliner" doughnut (yeast dough) deep-fried, unfilled	355	7.8	17.3	40.7
U811262	Schaf Filet/Lende, tiefgefroren, gebraten ohne Fett (Ofen)	Sheep tenderloin, deep-frozen, fried without fat (oven)	225	24	14.3	0
Y780543	Käsescheiben paniert, gebraten	Cheese slices breaded, fried	414	25.8	31.65	5.81
S201000	Frucht-Sorbet	Fruit sherbet/sorbet	121	0.7	0.1	27.81
X673612	Kartoffelklöße von rohen Kartoffeln	Potato dumplings from raw potatoes	87	2.1	1.75	15.05
X3A7030	Sardellenpesto mit Kräutern	Anchovy pesto with herbs	240	7.53	22.8	0.3
X551142	Auberginenscheiben gebraten	Aubergine slices fried	159	1.05	14.2	4.6
G311232	Blumenkohl tiefgefroren, gekocht	Cauliflower deep-frozen, boiled	29	1.2	0.28	5.05
S538600	Milchschokolade mit Karamell-Füllung (alkoholhaltig)	Whole milk chocolate with caramel filling (alcoholic)	524	4.78	31.33	52.2
X444613	Broccolicremesuppe	Cream of broccoli soup	52	2.4	3.1	3.1
Y174122	Rinderlungenhaschee mit Sauce	Beef lung ragout with sauce	95	9.39	4.8	3.22
Y812962	Arme Ritter gebraten, mit Zucker und Zimt	French toast fried, with sugar and cinnamon	284	7.1	12.59	34.43
Y996240	Erdbeercremeeis	Strawberry ice cream (with egg)	142	3.5	6.43	16.96
U811272	Schaf Filet/Lende, tiefgefroren, gegrillt	Sheep tenderloin, deep-frozen, grilled	260	25.6	17.5	0
Y856312	Rote Grütze zuckerreduziert	Red fruit jelly, sugar-reduced	74	1.1	0.3	14.3
N251000	Fruchtsaftgetränk mit Zucker und Süßungsmitteln	Fruit juice beverage with sugar and artificial sweeteners	10	0.15	0	2.2
Y141123	Rindergulasch ungarisch	Beef goulash "Hungarian"	160	14.9	8.8	4.5
Y886240	Joghurtcreme	Yogurt cream (with gelatine)	113	4.6	3.3	15.59
S582100	Waffelschnitte gefüllt mit Kakaocreme und gerösteten Haselnussstückchen	Wafer square filled with cocoa cream and roasted hazelnut bits	524	7.6	30.6	52.6
X536463	Rosenkohl mit Käse überbacken	Brussels sprouts with cheese gratinated	88	5.1	5.2	3.24
S581700	Karamell-Toffee gefüllt mit Nougatcreme, Schokolade und Haselnuss	Caramel-toffee filled with nougat cream, chocolate and hazelnut	532	5.7	27.7	58.3
X453253	Brühreis mit Rindfleisch	Boiled rice with beef	150	10.27	2.7	20.7
W397300	Gänseleberpastete mit Schweinefleisch, gebacken	Goose liver pate with pork, baked	244	19.8	17.66	1.46
W274500	Presssäckel	Brawn Presssäckel	281	14.7	24.7	0.07
V419072	Hähnchen Flügel, mit Haut, mariniert, gegrillt	Chicken wings, with skin, marinated, grilled	303	26.02	20.83	2.56
V465282	Ente Schenkel, mit Haut, tiefgefroren, gebraten ohne Fett (Pfanne)	Duck leg, with skin, deep-frozen, fried without fat (pan)	199	25.23	10.88	0
D732100	Vanille-Mürbchen (Mürbeteig)	Vanilla shortcrust pastry biscuit	537	4.94	28.73	63.5
X2A1050	Karottensalat (roh) mit Joghurtmarinade	Carrot salad (raw) with yogurt marinade	60	1.46	2.76	5.72
U080232	Rind Leberhack, tiefgefroren, gekocht	Beef liver mince, deep-frozen, boiled	174	26.2	4.44	7.23
S691000	Knäckebrotstückchen in Vollmilchschokolade	Crispbread pieces in whole milk chocolate	475	6.87	22.52	57.4
Y914032	Wiener Würstchen mit Senf	Vienna sausage with mustard	271	12.12	24.34	0.16
W277000	Paprikaspeckwurst	Paprika bacon sausage	184	12.23	14.97	0.08
Y332832	Cordon bleu vom Schwein gebraten	Pork cordon bleu fried	215	21.9	11.88	4.74
X070060	Clubsandwich mit Mozzarella, Tomaten und Kochschinken	Club sandwich with mozzarella, tomatoes and boiled ham	190	10.9	10.45	12
D705400	Bananen im Ausbackteig frittiert	Bananas in frying batter deep-fried	236	4.8	13.2	23.2
V132262	Kaninchen Fleisch, tiefgefroren, gebraten ohne Fett (Ofen)	Domestic rabbit meat, deep-frozen, fried without fat (oven)	154	25.7	5.7	0
S244800	Speiseeis (Kaffee, Schoko) gemischt	Ice cream mixed (chocolate, coffee)	201	4	9.8	23.4
V487242	Pute Flügel, mit Haut, tiefgefroren, geschmort ohne Fett	Turkey wings, with skin, deep-frozen, braised without fat	176	23.2	9.2	0
X0A4010	Haferflocken gesüßt, mit Sojadrink und Fruchtmischung	Oat flakes sweetened, with soya drink and mixed fruit	131	4.65	2.3	20.6
R9A6000	Apfel-Weincreme eihaltig, für Gebäck/Torten	Apple-wine cream (with egg) for pastry/tortes	183	2.4	6.4	26.44
D7A6600	Quarkbällchen (Hefeteig) frittiert	Quark balls (yeast dough) deep-fried	408	10.8	17.5	49.7
V465262	Ente Schenkel, mit Haut, tiefgefroren, gebraten ohne Fett (Ofen)	Duck leg, with skin, deep-frozen, fried without fat (oven)	194	26.02	9.98	0
X469113	Serbische Bohnensuppe mit Speck	Serbian bean soup with bacon	97	4.84	4.2	8
X444253	Lauchcremesuppe	Cream of leek soup	64	1.4	4.5	4
E605300	Schupfnudeln eifrei, roh	Finger-shaped pasta egg-free, raw	175	4.93	0.56	36.18
D440300	Kuchen aus Sandmasse/Sandkuchen	Sand cake	447	5.43	25.11	49.3
Y859343	Orangencreme abgeschlagen (mit Stärke)	Orange cream (with starch)	104	2.8	2.16	18.09
Y277033	Kalbsnierengeschnetzeltes mit Grundsauce dunkel/braun	Veal kidney ragout with brown basic sauce	165	14.03	10.9	2.42
S211100	Speiseeis (Nuss, Vanille) gemischt, in Waffeltüte	Ice cream mixed (nut, vanilla) in waffle cone	229	3.29	11.72	26.8
D660700	Haselnussmakronen	Hazelnut macaroons	499	9.8	29	47.9
Y824463	Kirschplotzer (mit Weißwein) gebacken	Cherry souffle (with white wine)	260	4.6	15.79	23.6
R930000	Vanillebuttercreme eihaltig, gestreckt, für Gebäck/Torten	Vanilla butter cream with egg, light, for pastry/tortes	288	2.7	20.77	22.5
X671052	Thüringer grüne Kartoffelklöße (mit Grieß)	Thuringian green dumplings (made from raw and boiled potatoes with semolina)	113	2.77	3.81	16.3
X641812	Butterkartoffeln	Butter potatoes	106	1.96	3.71	15.13
X3A6030	Meerrettichsauce vegan, mit Sojadrink	Horseradish sauce vegan, with soya drink	79	3.56	4.9	4.2
X5A6010	Artischocken gekocht	Artichokes boiled (with lemon juice and salt)	53	2.83	0.2	3.21
U231232	Rind Hals/Kamm/Nacken, tiefgefroren, gekocht	Beef neck/chuck, deep-frozen, boiled	199	27.94	9.74	0
X810013	Milchreis gesüßt, mit Milch 3,5 % Fett, Rosinen und Pistazien	Rice pudding sweetened, with milk 3.5 % fat, raisins and pistachios	155	4.9	4.3	23.5
X320712	Kohlrübensuppe püriert	Swede puree soup	37	0.75	2.9	1.4
T753252	Garnele/Granat/Krabbe, tiefgefroren, gedünstet	Common shrimp deep-frozen, stewed	94	19.11	1.97	0
D730900	Fettgebäck (Mürbeteig) frittiert	Pastries (shortcrust pastry) deep-fried	405	7.03	20	48
Y863112	Apfelmus mit Süßstoff	Apple sauce with artificial sweetener	50	0.37	0.43	10.1
K392200	Kartoffel-Speck-Rösti tiefgefroren	Potato rösti with bacon, deep-frozen	220	4.71	11.05	24.5
Y910060	Pommes frites mit Mayonnaise	Potato chips with mayonnaise	316	3.1	21.6	26.14
X636012	Kartoffelpüree, zubereitet aus Instantpulver und Milch 1,5 % Fett	Potato puree, made from instant powder and milk 1.5 % fat	89	4.55	1.62	13.67
X558412	Zucchini mit Hirsefüllung und Käse überbacken	Courgette with millet-filling and cheese gratinated	100	3.7	5.16	9
X462413	Bayerischer Gemüsetopf mit Weißkraut	Bavarian vegetable stew with white cabbage	58	1.28	2	7.55
S581500	Milchschokoladen-Riegel gefüllt mit Knusperwaffel	Milk chocolate bar filled with crispy waffle	457	6.39	25.51	48.9
W005000	Rinderbrät-Grundmasse (Halbfabrikat)	Sausage meat for beef cold cuts	188	18.91	12.52	0.04
X9A1040	Grünkernbratlinge mit Karotten und Nüssen, vegan, gebraten	Green spelt patties with carrots and nuts, vegan, fried	123	3.27	3.93	16.8
W373000	Gemüsesülze/Gemüse-Mix in Aspik	Vegetable aspic/vegetable mix in aspic	30	1.8	0.4	3.82
K311200	Kartoffeltaschen mit Frischkäsefüllung, tiefgefroren	Potato pockets with cream cheese filling, deep-frozen	215	3.1	11.46	24
D312800	Mokkasahnetorte (Wasserbiskuit) mit Alkohol	Mocha cream torte (water sponge cake) with alcohol	284	4.5	19	22.8
X511463	Champignons gefüllt, überbacken	Button mushrooms filled, gratinated	220	13.14	16.8	3.3
U121272	Rind Kotelett (Rücken) tiefgefroren, gegrillt	Beef chop (loin) deep-frozen, grilled	151	26.28	5.1	0
V913300	Wildschweinpastete imitiert, mit Mürbeteig, gebacken	Mock wild boar pie, with shortcrust pastry, baked	209	19.44	11.2	7.3
Y725412	Rührei gebraten mit Kräutern	Scrambled eggs fried with herbs	202	12.85	16.54	0.39
S243200	Speiseeis (Nuss, Schoko, Vanille) gemischt, mit Eierlikör	Ice cream mixed (chocolate, vanilla, nut) with egg liqueur	231	3.24	10.65	26.4
X916063	Specktorte lothringisch	Quiche lorraine	344	11.81	25.16	16.7
W383100	Grützblutwurst	Blood sausage with oat groats	187	13.1	12.87	4.3
N5A0000	Kaffeeersatz (Getränk) mit Haferdrink, ungesüßt	Coffee substitute (infusion) with oat drink, unsweetened	6	0.1	0.04	1.07
T831900	Makrele in Tomatensauce Konserve	Mackerel in tomato sauce, canned	200	10	15	5.6
V421072	Hähnchen Brustfilet, mariniert, gegrillt	Chicken breast fillet, marinated, grilled	163	27.34	4.91	2.13
W980100	Fleischwurst im Blätterteig gebacken	Bologna in puff pastry baked	403	10.6	34.16	12.45
Y870653	Kaffeecreme einfach (mit Stärke)	Coffee cream simple (with starch)	146	5.2	6.7	16.1
X4A8080	Weiße-Bohnensuppe	Haricot bean soup	58	2.99	1.2	7.1
W342100	Leberrotwurst	Liver blood sausage	176	20.51	10.28	0.43
W985000	Fleischsalat mit Salatmayonnaise und Gurke	Bologna salad with salad mayonnaise and gherkin	290	4.2	27.35	6.18
X446143	Karottencremesuppe	Cream of carrot soup	33	0.53	1.9	2.92
Y623012	Seelachsfilet gedünstet mit Weißwein	Saithe fillet stewed with white wine	128	17.53	5.7	0.13
Y374113	Schweinelunge sauer, gekocht, mit Grundsauce hell/weiß	Pork lung sour, boiled, with white basic sauce	82	5.61	5.5	2.3
U984100	Markklößchen Konserve	Marrow dumplings canned	383	10.03	28.22	21.21
S623100	Pralinen mit Frucht-Nuss-Füllung (alkoholhaltig)	Pralines with fruit-nut filling (alcoholic)	520	6.3	31.6	49.6
R9A6100	Mokkaflammeri mit Likör, für Gebäck/Torten	Mocha flummery with liqueur, for pastry/tortes	144	2.7	2.4	25
X635053	Kartoffelbrei mit Milch 3,5 % Fett	Potato mash with milk 3.5 % fat	78	1.9	2.7	11.04
M2J1100	Joghurt aus entrahmter Milch, max. 0,5 % Fett, mit Fruchtzubereitung, Zucker und Süßungsmitteln, angereichert mit Vitaminen	Yogurt from skimmed milk, max. 0.5 % fat, with fruit preparation, sugar and artificial sweeteners, fortified with vitamins	44	3.68	0.11	6.3
C359082	Reis parboiled, poliert, gekocht, gebraten ohne Fett (Pfanne)	Rice parboiled, boiled, fried without fat (pan)	117	2.85	0.34	25.3
Y311332	Schweinelende im Wirsingmantel, gebraten im Ofen	Pork tenderloin wrapped in savoy cabbage, fried in oven	93	13.33	3.2	2
U861232	Schaf Bug/Schulter, mager, tiefgefroren, gekocht	Sheep shoulder, lean, deep-frozen, boiled	206	31.2	9.01	0
D540200	Apfelstrudel (Strudelteig)	Apple strudel (strudel dough)	220	3.3	8.6	30.4
W350000	Filet-Blutwurst	Fillet blood sausage	226	19.57	16.35	0.16
Y627112	Sushi mit Lachs	Sushi with salmon	126	7.3	3.19	16.4
Y740342	Eier gekocht, gesalzen	Eggs boiled, salted	134	13.11	8.96	0.34
X354060	Roquefort-Dressing	Roquefort dressing	253	5.58	24.2	2.2
X521413	Spinatgratin mit Käse überbacken	Spinach casserole with cheese gratinated	114	6.6	8.4	2.1
S530800	Milchschokolade mit Trüffelfüllung (alkoholhaltig)	Milk chocolate with truffle filling (alcoholic)	569	5.03	40.1	44.5
D283000	Pfirsichtörtchen (Mürbeteig) mit Klarguss und Sahne	Peach tartlet (shortcrust pastry) with gelatin glaze and whipped cream	227	2.9	12.26	25.47
Y8A4120	Vanilleflammeri/Vanillepudding (als Dessert) mit Karamellsauce	Vanilla pudding (as dessert) with caramel sauce	141	4.2	4.88	19.98
V481282	Pute Fleisch, ohne Haut, tiefgefroren, gebraten ohne Fett (Pfanne)	Turkey meat, without skin, deep-frozen, fried without fat (pan)	140	27.9	3.1	0
N260000	Erfrischungsgetränk isotonisch, mit Zucker und Süßungsmitteln, angereichert mit Vitaminen und Mineralstoffen	Isotonic beverage with sugar and artificial sweeteners, fortified with vitamins and minerals	18	0.04	0	4.3
X574312	Bohnen weiß, gekocht (mit Fett und Salz)	Haricot beans boiled (with fat and salt)	149	8.53	2.7	17.25
Y8A3000	Apfel-Bananen-Birnenmus ungesüßt	Apple-banana-pear sauce unsweetened	65	0.72	0.4	13.4
Y840312	Birnenkompott ungesüßt	Pear compote unsweetened	34	0.18	0.2	7.45
Y546033	Wildschweinkeule geschmort, mit Wildsauce von dunkler/brauner Grundsauce	Leg of wild boar braised, with game sauce from brown basic sauce	166	15.21	10.5	2.55
T933100	Karpfen im Backteig, roh	Carp in frying batter, raw	155	13.7	5.55	11.44
Y8A4040	Grießbrei (als Dessert) mit Vanillesauce	Semolina pudding (as dessert) with vanilla sauce	107	4.2	3.81	13.72
T822400	Heringsfilet in Meerrettichcreme, Konserve	Herring fillet in horseradish cream, canned	168	9.9	12.62	3.58
X5A8030	Linsen gekocht, mit gedünstetem Suppengemüse	Lentils boiled, with stewed vegetables	121	7.2	2.9	13.6
Y722243	Rührei gebraten mit Tomaten	Scrambled eggs fried with tomatoes	170	10.65	13.35	1.4
X2A2060	Kopfsalat mit Tomate, Gurke und Joghurtmarinade	Lettuce with tomato, cucumber and yogurt marinade	47	1.83	2.76	2.6
V438242	Suppenhuhn Innereien, tiefgefroren, geschmort ohne Fett	Boiling fowl giblets, deep-frozen, braised without fat	244	30.9	13.4	0
X496363	Orangenkaltschale	Cold orange soup	80	1.2	1.1	14.5
U980200	Ochsenschwanzsuppe gebunden, Konserve	Oxtail soup thickened, canned	88	9.6	4.4	2.27
M2R9300	Joghurt mind. 3,5 % Fett, mit Nusszubereitung, gesüßt	Yogurt min. 3.5 % fat, with nuts, sweetened	110	3.99	3.67	14.4
D734700	Husarenkrapfen (Mürbeteig)	"Husaren" biscuits (shortcrust pastry) filled with jam	489	8.4	27.2	51
S243800	Speiseeis (Karamell, Nuss, Vanille) gemischt	Ice cream mixed (nut, vanilla, caramel)	206	3.3	10.58	23.85
T797282	Venusmuschel tiefgefroren, gebraten ohne Fett (Pfanne)	Venus clam deep-frozen, fried without fat (pan)	79	15.7	1.08	1.6
Y862363	Haselnussflammeri/Haselnusspudding	Hazelnut pudding	174	5.3	8.66	18.3
W271000	Bierschinken	Beer ham	161	16.62	10.45	0.08
T817900	Sardine in Tomatensauce, Konserve	Sardine in tomato sauce, canned	151	11.4	10.7	1.9
Y143132	Rindfleischspieße gegrillt	Beef skewer grilled	212	25.34	11.8	0.3
X0A2000	Frischkornbrei ungesüßt, mit Fruchtmischung	Fresh-grain porridge unsweetened, with mixed fruit	145	4.82	5	17.8
Y842412	Aprikosenkompott mit Süßstoff	Apricot compote with artificial sweetener	38	0.7	0.12	7.28
X570653	Erbsen-Mais-Gemüse gedünstet	Green peas and sweetcorn stewed	90	3.7	3.56	8.8
X6A2000	Süßkartoffelpüree (ohne Salz, geeignet für Beikost)	Sweet potato puree (without salt, suitable as baby food)	122	1.08	4.79	17.6
N001000	Nearwater/Aqua Plus Getränk, aromatisiert, ungesüßt	Nearwater/Aqua Plus beverage, flavoured, unsweetened	0	0.01	0	0
T410252	Lachs tiefgefroren, gedünstet	Salmon deep-frozen, stewed	163	17.36	10.42	0
E530032	Vollkorneierteigwaren gekocht	Wholemeal egg pasta boiled	125	5.17	0.99	21.56
W531000	Kasseler, Rohpökelware, geräuchert, paniert	Pork loin chop raw cured, smoked, breaded	124	18.29	2.69	6.28
X570763	Zuckererbsen gekocht, in Butter geschwenkt	Sugar peas boiled, tossed in butter	77	3.5	4.7	4.1
V351242	Wachtel Fleisch, ohne Haut, tiefgefroren, geschmort ohne Fett	Quail meat, without skin, deep-frozen, braised without fat	184	36.5	4.28	0
N500200	Kaffeeersatz (Getränk) mit Milch 3,5 % Fett	Coffee substitute (infusion) with milk 3.5 % fat	7	0.19	0.12	1.07
X980112	Semmelknödel	White bread dumplings	179	7.49	6.64	21.66
X2A1100	Rote-Bete-Karottensalat (roh) mit Essigmarinade	Beetroot-carrot salad (raw) with vinegar marinade	95	1.26	6.71	5.83
X1A7000	Wurst-Käsesalat mit Essigmarinade	Sausage-cheese salad with vinegar marinade	255	10.4	22.54	1.63
X369243	Rotweinsauce süß	Red wine sauce sweet	76	0.01	0	12.9
U881242	Schaf Keule, mager, tiefgefroren, geschmort ohne Fett	Sheep leg, lean, deep-frozen, braised without fat	181	33.5	5.25	0
P9A7100	Cocktail, Cuba Libre	Cocktail, Cuba libre	52	0.01	0	5.43
W873500	Helle Zungenwurst Konserve	Light pork tongue sausage canned	166	13.71	12.2	0.22
Y652112	Schleie pochiert im Wurzelsud	Tench poached in root vegetable stock	54	9.67	0.53	1.8
X445713	Selleriecremesuppe	Cream of celeriac soup	59	0.96	4.7	2.62
Y371033	Schweineherzragout	Pork heart ragout	134	13.8	7	3.6
R963100	Brotaufstrich Tomate-Mozzarella	Tomato-mozzarella spread	242	4.8	19.4	10.2
W254000	Jagdwurst/Schinkenwurst grob	Jagdwurst sausage/ham bologna coarsely minced	204	15.3	15.8	0.08
D3A6000	Frischkäse-Torte (ohne Backen)	Cheesecake (without baking)	246	5.5	17.9	15.1
X448153	Champignoncremesuppe aus frischen Champignons und Fleischbrühe	Cream of button mushroom soup with meat stock	78	1.68	7	2
K260200	Kartoffelpuffer tiefgefroren	Potato pancakes deep-frozen	149	4	1.65	28.49
X328143	Schinkensauce von heller/weißer Grundsauce	Ham sauce from white basic sauce	70	4.11	4.4	3.13
X891133	Nasi Goreng (Reis gebraten mit Gemüse und Schweinefleisch)	Nasi Goreng (rice fried with vegetables and pork)	110	10.2	1	14
X930862	Pfannkuchen/Eierkuchen, gebraten, gefüllt mit gedünstetem Rahmspinat	Pancakes fried, filled with stewed cream-spinach	205	9.38	12.07	13.6
E607132	Grießklößchen getrocknet, gekocht	Semolina dumplings dried, boiled	117	6.02	4.78	12.12
T412252	Buckellachs tiefgefroren, gedünstet	Pink salmon deep-frozen, stewed	110	18.3	4.1	0
X416313	Gemüsebrühe mit Ei-Einlauf	Vegetable stock with egg	23	1.71	1	1.67
W131000	Zervelatwurst Ia	Zervelatwurst sausage high quality	341	23.12	27.54	0.21
W854000	Sülzkotelett	Jellied pork chop	104	22.1	1.7	0.05
D7B8000	Spritzgebäck (Rührmasse)	Spritz biscuits (cake batter)	493	6.7	28.8	50.5
V484282	Pute Fleisch, mit Haut, tiefgefroren, gebraten ohne Fett (Pfanne)	Turkey meat, with skin, deep-frozen, fried without fat (pan)	216	27.49	11.81	0
U342282	Kalb Schnitzel (Keule) tiefgefroren, gebraten ohne Fett (Pfanne)	Veal schnitzel (round) deep-frozen, fried without fat (pan)	126	29.22	0.97	0
G620262	Karotte/Möhre, tiefgefroren, gebacken	Carrot deep-frozen, baked	47	0.88	0.49	7.61
G720232	Wachsbohne tiefgefroren, gekocht	Wax bean deep-frozen, boiled	29	2.2	0.2	3.6
X548343	Zwiebeln gedünstet, mit Speck	Onions stewed, with bacon	56	2.63	2.5	4.93
Y660912	Rotbarschfilet gedünstet (mit Fett und Salz)	Redfish fillet stewed (with fat and salt)	113	13	6.5	0.3
V222262	Reh Rücken, tiefgefroren, gebraten ohne Fett (Ofen)	Roe deer saddle, deep-frozen, fried without fat (oven)	152	29.15	3.89	0
Y361123	Schweinerücken geschmort, mit Grundsauce dunkel/braun	Pork loin braised, with brown basic sauce	196	17.09	13.1	2.25
W161000	Plockwurst	Plockwurst sausage	319	20.5	26.3	0
E605000	Kartoffel-Schupfnudeln roh	Potato noodles (Schupfnudeln) raw	151	5	1.27	28.72
X237460	Rotkohlsalat (roh) mit warmer Essigmarinade	Red cabbage salad (raw) with warm vinegar marinade	66	1.14	3.7	5.5
X424553	Fleischbrühe mit Brötchenscheiben	Meat stock with roll slices	52	1.88	1.1	8.2
X320363	Bechamelsauce mit Sahne	Bechamel sauce with cream	178	2.57	16.4	4.91
X638012	Kartoffelpüree, zubereitet aus Instantpulver und Wasser	Potato puree, made from instant powder and water	42	0.95	0.06	9.1
W288200	Gänsepresskopf mit Schweinefleisch	Ghoose brawn with pork	125	16.2	6.63	0.03
Y760142	Quarkklöße (mit Zucker und Zimt)	Quark dumplings (with sugar and cinnamon)	182	9.6	6.4	20.7
W410472	Schwein Schinkenspeck, Rohpökelware, geräuchert, gegrillt	Pork bacon (ham) raw cured, smoked, grilled	201	35.18	6.33	0.82
Y693842	Rotbarschfilet gegrillt	Redfish fillet grilled	132	18	6.6	0.03
Y842443	Kürbiskompott	Pumpkin compote	82	0.54	0.1	19.39
X880442	Curryreis mit Mandeln	Curried rice with almonds	147	2.68	5.64	20.9
W882300	Sächsischer Presskopf Konserve	Saxon brawn canned	239	18.4	18.3	0.1
W255300	Käsekrainer/Käsewürstchen	Small scalded sausage filled with cheese	192	15.9	14.17	0.06
X451463	Allgäuer Käsesuppe mit Croutons	Cheese soup "Allgäuer" with croutons	90	3.1	6.7	4
X538153	Weißkraut gekocht, mit Grundsauce hell/weiß	White cabbage boiled, with white basic sauce	40	1.1	1.8	3.97
T617282	Schafskopf (Meerbrasse) tiefgefroren, gebraten ohne Fett (Pfanne)	Sheepshead deep-frozen, fried without fat (pan)	120	24	2.71	0
W222100	Bratwurst mittelgrob	Bratwurst medium-coarsely minced	292	15.2	25.6	0.08
F2A2700	Sauerkirschnektar mit Süßungsmitteln	Sour cherry nectar with artificial sweeteners	22	0.28	0.14	4.5
U050100	Rind/Schwein, Hackfleisch gemischt, roh	Beef/pork, mince mixed, raw	236	18.8	17.83	0
X336363	Paprikasauce von dunkler/brauner Grundsauce	Sweet pepper sauce from brown basic sauce	75	1.1	4.9	6
X465363	Tomaten-Eintopf mit Speck, dicken Bohnen und Suppengemüse	Tomato stew with bacon, broad beans and vegetables	74	4	3.5	5.4
Y238033	Kalbsrücken gebraten im Ofen, mit Sauce	Veal loin fried in oven, with sauce	122	17.07	5	2.1
U693262	Schwein Hintereisbein/Hinterhaxe, tiefgefroren, gebraten ohne Fett (Ofen)	Pork hindshank (hock) deep-frozen, fried without fat (oven)	271	27.31	17.94	0
D430600	Rosinenkuchen (Rührmasse)	Raisin cake (cake batter)	375	6.7	15.9	49.6
X216460	Radicchiosalat mit Essigmarinade	Radiccio salad with vinegar marinade	134	1	13.23	1.9
X610143	Rahmkartoffeln/Niedernauer Kartoffeln, gebraten	Cream potatoes "Niedernauer" fried	158	4.37	9.1	13.8
K750182	Mischpilze gebraten ohne Fett (Pfanne)	Mixed mushrooms fried without fat (pan)	55	5.7	0.5	3.55
Y560723	Pilaw mit gedünstetem Hähnchenbrustfilet und Sauce	Pilaf with stewed chicken breast fillet and sauce	152	8.1	5.2	17.4
M252000	Buttermilchdrink mit Fruchtzubereitung, gesüßt	Buttermilk drink with fruit preparation, sweetened	62	2.42	0.42	11.7
X416513	Gemüsebrühe mit Teigwaren eifrei	Vegetable stock with pasta egg-free	21	0.9	0.2	3.91
Y725212	Rührei gebraten mit Kochschinken	Scrambled eggs fried with boiled ham	203	14.9	15.64	0.45
T313252	Rotzunge tiefgefroren, gedünstet	Witch deep-frozen, stewed	64	13.84	0.95	0
X5B1130	Gemüse-Kartoffel-Brei, mit Spinat (ohne Salz, geeignet für Beikost)	Vegetable-potato purree, with spinach (without salt, suitable as baby food)	77	1.47	4.98	5.9
W383700	Bremer Pinkel (Grützwurst)	Bremer Pinkel pork sausage with oat groats	123	5.1	7.77	7.4
W278600	Kalbsbrust gefüllt, gebraten ohne Fett (Ofen)	Veal brisket filled, fried (in oven)	199	19.55	12.89	0.9
U022232	Schwein Hackfleisch, tiefgefroren, gekocht	Pork mince, deep-frozen, boiled	345	25.95	26.78	0
X5B1030	Gemüse-Kartoffel-Fleisch-Brei, mit Karotte und Schweinefleisch (ohne Salz, geeignet für Beikost)	Vegetable-potato-meat purree, with carrots and pork (without salt, suitable as baby food)	92	3.63	4.82	7.58
Y504023	Wildragout mit Grundsauce dunkel/braun	Game ragout with brown basic sauce	147	15.14	8.2	3
R931000	Schokoladenbuttercreme eihaltig, gestreckt, für Gebäck/Torten	Chocolate butter cream with egg, light, for pastry/tortes	312	3.1	21.89	25.2
W141200	Salami Ia, fettreduziert	Salami high quality, reduced-fat	252	25.53	16.49	0.23
X571253	Dicke Bohnen mit Speck gedünstet, in Grundsauce hell/weiß	Broad beans with bacon stewed, in white basic sauce	118	3.4	8.8	4.6
D490500	Französische Apfeltarte (Blätterteig)	French apple tart (puff pastry)	343	4.2	23.6	27.1
T122252	Weißer Thun tiefgefroren, gedünstet	Albacore deep-frozen, stewed	109	24.3	1.3	0
X810223	Milchreis gesüßt, mit Milch 3,5 % Fett und Fruchtmischung	Rice pudding sweetened, with milk 3.5 % fat and fruit mix	126	3.89	2.5	21.5
W008000	Brätblock dunkel, zur Rouladenherstellung	Sausage meat dark, for roulade sausage	152	13.35	10.91	0.08
D7A1200	Biskuitplätzchen schokoliert	Sponge cake biscuits with chocolate icing	453	10.65	13.89	69.6
U121282	Rind Kotelett (Rücken) tiefgefroren, gebraten ohne Fett (Pfanne)	Beef chop (loin) deep-frozen, fried without fat (pan)	166	29.12	5.53	0
U711282	Schaf Filetmedaillon, tiefgefroren, gebraten ohne Fett (Pfanne)	Sheep fillet medaillon, deep-frozen, fried without fat (pan)	156	31.38	3.44	0
X262612	Karottensalat (roh) mit Essigmarinade	Carrot salad (raw) with vinegar marinade	125	0.69	10.6	4.97
X439163	Wildklößchen	Small game meatballs	187	16.68	12.51	1.72
X535163	Kohlrabi gefüllt mit Hähnchenbrustfilet, Reis und Gemüse, überbacken	Kohlrabi filled with chicken breast fillet, rice and vegetables, gratinated	96	6.6	4.2	7
Y855043	Rote Grütze aus Fruchtsaft	Red fruit jelly of fruit juice	70	1.02	0.1	14.49
X216210	Kopfsalat mit Radieschen und Essigmarinade	Lettuce with small red radishes and vinegar marinade	126	1.02	12.34	1.6
X5A7000	Antipasti von gegrillter Paprika	Antipasti of grilled sweet pepper	104	1.04	7.9	5.7
G480252	Speisezwiebel tiefgefroren, gedünstet	Onion deep-frozen, stewed	37	1.26	0.16	6.55
X553712	Paprikaschoten gebacken, mit Bulgur-Gemüsefüllung	Sweet peppers baked, with bulgur-vegetable-filling	90	2.7	2	14
X446153	Karottensuppe	Carrot soup	33	0.67	1.9	3.03
W380200	Reiswurst	Rice sausage	203	9.54	12.9	12
Y813552	Hefeplinsen gebraten	Small yeast pancakes fried	328	7.47	16.16	37
X465713	Grüne-Bohnen-Eintopf mit Gemüsebrühe und Kartoffeln	Green bean stew with vegetable stock and potatoes	46	1.5	0.6	8
D770800	Kaffeegebäck (Quarkblätterteig)	Coffee pastry (puff pastry with quark)	432	7.6	24.3	44.3
U861242	Schaf Bug/Schulter, mager, tiefgefroren, geschmort ohne Fett	Sheep shoulder, lean, deep-frozen, braised without fat	193	29.2	8.45	0
X422643	Fleischbrühe mit Teigwaren eifrei	Meat stock with pasta egg-free	21	1	0.3	3.44
Y894243	Schaumeierkuchen (Omelette souffle) gebraten	Omelette souffle fried	253	9.3	14.9	19.99
W007000	Brätblock mittel, zur Rouladenherstellung	Sausage meat medium, for roulade sausage	162	13.01	12.2	0.08
X357613	Saure-Sahne-Dressing für Salat	Sour cream dressing for salad	113	2.81	8.4	5.7
Y516112	Hirschbraten ohne Sauce	Venison roast without sauce	161	26.48	6.05	0.05
V420072	Hähnchen Unterschenkel, mit Haut, mariniert, gegrillt	Chicken drumstick, with skin, marinated, grilled	220	23.7	12.81	2.31
X493153	Holundersuppe mit Apfel und Grießklößen, gebunden	Elderberry soup with apple and small semolina dumplings, thickened	75	1.87	1.38	11.8
T502282	Blei/Brachsen/Brasse, tiefgefroren, gebraten ohne Fett (Pfanne)	Common bream deep-frozen, fried without fat (pan)	112	19.71	3.72	0
S581800	Milchschokoladen-Riegel gefüllt mit Karamell-Waffel und Cerealien	Milk chocolate bar with caramel-waffle and puffed cereals	464	5.1	20.4	59.7
V511282	Rind Herz, tiefgefroren, gebraten ohne Fett (Pfanne)	Beef heart, deep-frozen, fried without fat (pan)	176	24.81	8.49	0
Y991060	Vanillecremeeis mit Schlagsahne	Vanilla ice cream (with egg) with whipped cream	238	3.4	19.9	11.32
Y568223	Eingemachtes Huhn mit Grundsauce hell/weiß und saurer Sahne	Chicken boiled, with white basic sauce and sour cream	209	13.4	16.3	2
X567243	Rote-Bete-Gemüse gedünstet, mit saurer Sahne	Beetroot stewed, with sour cream	66	1.55	4.2	4.7
X462133	Gemüse-Eintopf mit Hammelfleisch	Vegetable stew with mutton	106	4.53	6.7	6
G994200	Gemüsemischung asiatische Art, tiefgefroren	Mixed vegetables Asian style, deep-frozen	29	2	0.3	3.4
Y9A2040	Tartufo, Vanilleeis im Schokoladenmantel (mit Alkohol)	Tartufo, vanilla ice cream in chocolate coating (with alcohol)	375	5	24.1	30
Y857540	Erdbeerschnee	Strawberry froth	105	2.4	0.2	22.09
X270112	Fruchtsalat ungesüßt	Fruit salad unsweetened	56	0.77	0.4	10.9
X983062	Grießklöße	Semolina dumplings	159	6.57	7.95	14.74
X1A1030	Grüne-Bohnen-Salat (gegart) mit Steinpilzen, Parmaschinken und warmer Essigmarinade	Green bean salad (cooked) with porcini mushrooms, Parma ham and war vinegar marinade	75	4.1	4.2	3.7
V224142	Reh Rücken, mariniert, geschmort ohne Fett	Roe deer saddle, marinated, braised without fat	143	26.94	3.61	0.42
X742233	Eierteigwaren mit vier Käsesorten	Egg pasta with four cheeses	196	8.2	9.5	18.97
X5B1100	Gemüse-Kartoffel-Brei, mit Fenchel (ohne Salz, geeignet für Beikost)	Vegetable-potato purree, with fennel (without salt, suitable as baby food)	81	1.15	4.93	7.11
X443812	Karotten im Backteig (mit Bier) frittiert	Carrots in frying batter (with beer) deep-fried	231	5	13.31	20.79
X663213	Kartoffelpudding	Potato pudding	157	6.7	9.39	10.77
Y870253	Vanillecreme einfach	Vanilla cream simple	146	5.2	6.74	16.04
X5A1000	Gemüsebratlinge vegan, gebraten	Vegetable patties vegan, fried	152	2.2	9.9	12
X492143	Kirschkaltschale/Kirschsuppe, gebunden mit Stärke	Cold cherry soup thickened with starch	66	0.67	0.22	15.1
X556142	Tomatengemüse gedünstet, mit Rosmarin und Salbei	Tomatoes stewed, with rosemary and sage	47	1.17	2.26	4.37
T412282	Buckellachs tiefgefroren, gebraten ohne Fett (Pfanne)	Pink salmon deep-frozen, fried without fat (pan)	145	24.9	5	0
X060030	Baguette-Brötchen mit Salami, Tomaten und Salatcreme	Baguette roll with salami, tomatoes and salad cream	198	7	5.8	28
H900900	Bohnen weiß, in Tomatensoße, Konserve	Haricot beans in tomato sauce, canned	94	5.08	1.33	12.88
N500500	Kaffeeersatz (Getränk) mit Kondensmilch 7,5 % Fett und Zucker	Coffee substitute (infusion) with evaporated milk 7.5 % fat and sugar	17	0.28	0.25	3.03
X423153	Fleischbrühe mit Gemüse und Reis	Meat stock with vegetables and rice	24	1	0.3	4
U891232	Schaf Hinterhaxe, mager, tiefgefroren, gekocht	Sheep hindshank, lean, deep-frozen, boiled	169	32.3	4.47	0
Y813162	Savarin (getränkt mit Fruchtsaft)	"Savarin" (yeast ring cake, drizzled with fruit juice)	283	7.9	10.89	37
X813113	Kaiserreis (Milchreis gesüßt, mit Sahne und Sauerkirschen)	"Kaiserreis" (rice pudding sweetenend, with cream and sour cherries)	138	2.96	7.27	14.8
W981700	Haselnusspastete mit Mürbeteig, gebacken	Hazelnut pate with shortcrust pastry, baked	312	16.79	23.39	7.9
W850400	Burgunder Schinken in Aspik	Burgundy ham in aspic	124	25.8	2.3	0.01
S561500	Zartbitter-/Halbbitterschokolade, gefüllt mit Marzipan	Bittersweet/semisweet chocolate, filled with marzipan	474	7.31	28.6	43.38
X491163	Apfelkaltschale/Apfelsuppe	Cold apple soup	51	0.23	0.3	11
G710282	Bohne grün, tiefgefroren, gebraten ohne Fett (Pfanne)	Bean green, deep-frozen, fried without fat (pan)	33	2.2	0.31	4.2
N500400	Kaffeeersatz (Getränk) mit Kondensmilch 7,5 % Fett	Coffee substitute (infusion) with evaporated milk 7.5 % fat	10	0.28	0.25	1.25
B521200	Roggenbrötchen mit Schinkenspeck	Rye roll with bacon	270	8.49	2.9	48
W984100	Kalbfleischpastete mit Schweinefleisch und Mürbeteig, gebacken	Veal pate with pork and shortcrust pastry, baked	217	18.23	12.58	7.32
X321163	Tomatensauce aus Tomatenmark	Tomato sauce of tomato paste	107	0.5	10.4	2.3
U541272	Schwein Schnitzel (Oberschale) tiefgefroren, gegrillt	Pork schnitzel (topside) deep-frozen, grilled	137	28.8	2.39	0
X7A1020	Spaghetti Aglio e olio (Teigwaren eifrei, mit Knoblauch und Öl)	Pasta aglio e olio (pasta egg-free, with garlic and vegetable oil)	189	5.1	6.6	26.41
W332000	Gekochte Zwiebelwurst	Cooked sausage with onions	314	17.55	27	0.17
D9A2100	Vollkornhefeteig süß gebacken	Wholemeal yeast dough, sweetened, baked	317	9.77	9.6	44
G994162	Gemüsemischung asiatische Art, gebacken	Mixed vegetables Asian style, baked	35	2.4	0.4	4.2
S466000	Haselnusskerne gebrannt, dragiert	Hazelnut roasted, sugar-coated	533	7.64	30.36	51.6
G322282	Grünkohl tiefgefroren, gebraten ohne Fett (Pfanne)	Curly kale deep-frozen, fried without fat (pan)	88	6.9	1.11	5.5
X238310	Weißkrautsalat (roh) mit Essigmarinade	White cabbage salad (raw) with vinegar marinade	98	1.14	7.98	3.75
N253000	Fruchtsaftgetränk mit Süßungsmitteln, angereichert mit Vitaminen	Fruit juice beverage with artificial sweeteners, fortified with vitamins	2	0.04	0	0.4
X6A1020	Süßkartoffeln und Broccoli gedünstet, mit gekochtem Rindfleisch und Grundsauce hell/weiß	Sweet potatoes and broccoli stewed, with boiled beef and white basic sauce	115	8.77	4.7	8.4
T410282	Lachs tiefgefroren, gebraten ohne Fett (Pfanne)	Salmon deep-frozen, fried without fat (pan)	208	23.63	12.6	0
U011172	Rind Hackfleisch, gegrillt	Beef mince, grilled	303	26.2	22.01	0
X536063	Rosenkohl gedünstet, mit zerlassener Butter	Brussels sprouts stewed, with melted butter	89	3.27	6.8	1.84
X720912	Teigwaren eifrei, gebraten mit Ei	Pasta egg-free, fried with egg	159	7.8	5.1	19.85
X356250	Quark-Meerrettich-Dressing	Quark-horseradish dressing	64	8.21	1.1	4.06
X201600	Gemischter Salat mit Joghurtmarinade	Mixed salad with yogurt marinade	47	2	2.6	2.8
W881500	Thüringer Rotwurst Konserve	Thuringian blood sausage canned	191	20.58	11.9	0.37
Y845453	Apfel im Schlafrock (Mürbeteig) gebacken	Apple baked in shortcrust pastry	248	4.5	11.1	30.7
U065200	Schwein Brät, tiefgefroren	Pork sausage meat, deep-frozen	268	12.49	24.13	0.09
N250000	Fruchtsaftgetränk Zitrusfrüchte	Fruit juice beverage citrus fruit	41	0.12	0	9.97
V475262	Gans Schenkel tiefgefroren, gebraten ohne Fett (Ofen)	Goose leg (with skin) deep-frozen, fried without fat (oven)	203	25.62	11.12	0
X548443	Zwiebeln überbacken	Onions gratinated	123	4.35	8.6	5.98
W193000	Kabanossi/Peperoni	Kabanossi/Peperoni, sausage, raw, small, firm	329	21.27	27.13	0
X462743	Schusterpfanne auf Köthener-Art (mit Kartoffeln, Schweinenacken und Birnen) gebacken	Stew "Köthen" style with potatoes, pork neck and pears, baked in oven	99	6.22	4.3	8.48
Y710362	Spiegelei gebraten mit Schinkenspeck	Fried egg with bacon	201	16.19	14.91	0.46
Y562133	Hähnchenbrustfilet gebraten, mit Schmorgurken	Chicken breast fillet fried, with braised cucumbers	141	14.61	8.21	1.69
T417282	Wildlachs tiefgefroren, gebraten ohne Fett (Pfanne)	Pacific salmon deep-frozen, fried without fat (pan)	208	23.63	12.6	0
N500300	Kaffeeersatz (Getränk) mit Milch 3,5 % Fett und Zucker	Coffee substitute (infusion) with milk 3.5 % fat and sugar	14	0.19	0.12	2.84
V250282	Wildschwein Fleisch, tiefgefroren, gebraten ohne Fett (Pfanne)	Wild boar meat, deep-frozen, fried without fat (pan)	214	28.07	11.27	0
D4A3000	Käsekuchen ohne Boden	Cheesecake (without cake base)	183	10	7.3	18.6
T900382	Meeresfrüchtemischung gebraten ohne Fett (Pfanne)	Shellfish (frutti di mare) fried without fat (pan)	82	16.53	1.71	0
T306252	Heilbutt/Weißer Heilbutt, tiefgefroren, gedünstet	Halibut/white halibut, deep-frozen, stewed	119	17.53	5.42	0
T411222	Lachs tiefgefroren, pochiert	Salmon deep-frozen, poached	187	19.9	11.95	0
Y421012	Hammelkotelett natur, gebraten	Mutton chop fried	462	18.94	42.8	0.06
T730272	Hummer tiefgefroren, gegrillt	Lobster deep-frozen, grilled	119	23.26	2.84	0
D430500	Nusskuchen (Rührmasse)	Nut cake (cake batter)	520	9.02	39	31.8
U882262	Schaf Keule, mittelfett, tiefgefroren, gebraten ohne Fett (Ofen)	Sheep leg, medium fat, deep-frozen, fried without fat (oven)	219	25.2	13.1	0
X213510	Eisbergsalat mit Essigmarinade	Iceberg lettuce with vinegar marinade	71	0.7	6.4	1.66
X426153	Ochsenschwanzsuppe klar	Oxtail soup clear	103	8.9	6.6	1.3
W395000	Leberpastete	Liver pate	316	14.2	28.6	0.5
U852242	Schaf Brust, mittelfett, tiefgefroren, geschmort ohne Fett	Sheep breast, medium fat, deep-frozen, braised without fat	242	29.1	14	0
X167512	Rote-Bete-Salat (gegart) mit Essigmarinade	Beetroot salad (cooked) with vinegar marinade	128	1.47	10.65	5.16
Y644112	Renke pochiert (ohne Sauce)	Whitefish poached (without sauce)	86	14.92	2.5	0.14
X215240	Kopfsalat mit Essigmarinade	Lettuce with vinegar marinade	170	0.94	17.45	1.2
X434543	Semmelklößchen	Small white bread dumplings	317	9.02	22.33	19.06
W395100	Leberpastete mit Champignons	Liver pate with button mushrooms	318	14.2	28.6	0.8
X4A9010	Weißkohl-Eintopf	White cabbage stew	68	1.4	3.7	5.9
V311262	Fasan Fleisch, mit Haut, tiefgefroren, gebraten ohne Fett (Ofen)	Pheasant meat, with skin, deep-frozen, fried without fat (oven)	188	33.78	5.9	0
Y662032	Schwertfisch pochiert (ohne Sauce)	Swordfish poached (without sauce)	90	15.87	2.7	0.16
B551800	Weizenmischbrötchen mit Zwiebeln	Wheat-rye roll (> 50 % and < 90 % wheat) with onions	296	8.8	3.1	55
E811032	Frischteigwaren eifrei, gekocht	Fresh pasta egg-free, boiled	82	3.6	1.55	12.87
U231242	Rind Hals/Kamm/Nacken, tiefgefroren, geschmort ohne Fett	Beef neck/chuck, deep-frozen, braised without fat	186	25.85	9.2	0
M2L2200	Trinkjoghurt fettarm, mind. 1,5 % bis max. 1,8 % Fett, mit Fruchtzubereitung, gesüßt	Yogurt drink low-fat, min. 1.5 % to max. 1.8 % fat, with fruit preparation, sweetened	80	3.61	1.27	12.8
T931200	Seelachs paniert, tiefgefroren	Saithe/pollack, breaded, deep-frozen	175	15	6.04	14.59
W237062	Fleischkäse fettreduziert, gebraten ohne Fett (Ofen)	Fleischkaese sausage reduced-fat, fried without fat, (oven)	156	21.07	7.81	0.19
X359540	Rotweinmarinade, Salatsauce	Red wine marinade for salad	99	0.41	5.48	8.2
X536143	Rosenkohl gedünstet, mit Kochschinken	Brussels sprouts stewed, with boiled ham	58	6.23	2.04	1.77
G650242	Schwarzwurzel tiefgefroren, geschmort ohne Fett	Black salsify deep-frozen, braised without fat	74	1.75	0.54	10.5
X464643	Grüne Erbsensuppe mit Grießklößchen	Green pea soup with small semolina dumplings	78	4.6	1.4	9.95
U065132	Schwein Brät, gekocht	Pork sausage meat, boiled	236	13.21	20.25	0.09
U025182	Schwein Frikadelle, gebraten ohne Fett (Pfanne)	Pork patty, fried without fat (pan)	253	16.86	18.25	5
Y8D5010	Tiramisu (ohne Ei) mit Likör	Tiramisu (without egg) with liqueur	313	5.4	18.2	30
X9A3020	Blätterteigtaschen mit Lachs-Schmandfüllung, gebacken	Puff pastry pockets with salmon-schmand filling, baked	352	11.02	26.7	15.9
Y883140	Quark-Mokka-Creme	Quark-mocha cream	289	6.3	20.5	18.7
G470282	Porree/Lauch, tiefgefroren, gebraten ohne Fett (Pfanne)	Leek deep-frozen, fried without fat (pan)	54	1.4	0.44	9
X365563	Aprikosensauce von frischen Früchten	Apricot sauce from fresh fruit	54	0.5	0.1	11.76
S539700	Vollmilchschokolade mit Rosinen und Haselnüssen	Whole milk chocolate with raisins and hazelnuts	521	6.5	31.7	50.2
Y725153	Rührei gebraten, mit Räucherlachs	Scrambled eggs fried, with smoked salmon	193	15.35	14.4	0.32
X497143	Weinsuppe gesüßt, gebunden mit Stärke	Wine soup sweetened, thickened with starch	35	0.07	0	5.97
Y261422	Kalbsbrust gedünstet, mit Grundsauce dunkel/braun	Veal brisket stewed, with brown basic sauce	198	13.95	14.4	2.78
W224000	Münchner Weißwurst	Bavarian white sausage	292	11.7	27.23	0.08
X2A1130	Rotkohlsalat (roh) mit Essigmarinade	Red cabbage salad (raw) with vinegar marinade	93	1.25	7.62	3.47
X0A3010	Knuspermüsli (Granola) gesüßt, mit Joghurt 3,5 % Fett und Fruchtmischung	Crunchy muesli (granola) sweetened, with yogurt 3.5 % fat and mixed fruit	123	4.6	5.2	12.8
Y841443	Aprikosenkompott	Apricot compote	61	0.7	0.11	13.14
N0A1000	Nearwater/Aqua Plus Getränk, mit Fruchtsaft, aromatisiert, gesüßt	Nearwater/Aqua Plus beverage, with fruit juice, flavoured, sweetened	18	0.01	0.01	4.4
X358240	Sahne-Dressing für Salat	Cream dressing for salad	127	2.01	10.9	3.4
B723600	Laugengebäck mit Käse und Schinkenspeck	Lye pastry (pretzels) with cheese and bacon	276	9.3	3.41	50
P9A7110	Cocktail, Mojito	Cocktail, Mojito	52	0.03	0	3.5
Y841953	Erdbeerkompott	Strawberry compote	61	0.71	0.34	12.29
U622262	Schwein Kotelett (Rücken/cranial) tiefgefroren, gebraten ohne Fett (Ofen)	Pork loin (cranial part) deep-frozen, fried without fat (oven)	203	26.63	10.75	0
W205000	Knackwürstchen fettreduziert	Small scalded sausage reduced-fat	116	15.44	5.9	0.13
X3A3020	Zucchini-Auberginensauce von heller/weißer Grundsauce	Courgette-aubergine sauce from white basic sauce	84	0.8	7.5	3
D9A1100	Vollkornblätterteig eifrei, gebacken	Wholemeal puff pastry egg-free, baked	533	6.45	41.16	31.21
X6A5000	Kartoffelteig (aus gekochten Kartoffeln) roh	Potato dough (from boiled potatoes) raw	112	3.83	0.87	21.09
E612032	Teigwaren eifrei, glutenfrei, gekocht	Pasta egg-free, gluten-free, boiled	143	3.66	0.96	28.4
N272000	Karottensaftschorle	Carrot juice spritzer	11	0.32	0.16	1.86
Y870363	Schokoladencreme abgeschlagen (mit Gelatine) mit Rum	Chocolate cream (with gelatine) with rum	247	5.5	16.4	17.7
V481232	Pute Fleisch, ohne Haut, tiefgefroren, gekocht	Turkey meat, without skin, deep-frozen, boiled	121	26.36	1.7	0
Y893062	Honigpfannkuchen gebraten	Honey pancakes fried	321	6.81	12.87	43
T604252	Katfisch/Steinbeißer, tiefgefroren, gedünstet	Catfish/wolffish, deep-frozen, stewed	75	14.11	2.03	0
T307282	Schwarzer Heilbutt tiefgefroren, gebraten ohne Fett (Pfanne)	Greenland halibut deep-frozen, fried without fat (pan)	173	14.77	12.7	0
V417262	Hähnchen Flügel, mit Haut, tiefgefroren, gebraten ohne Fett (Ofen)	Chicken wings, with skin, deep-frozen, fried without fat (oven)	226	24.77	14.13	0
W273500	Schinkenroulade	Ham roulade sausage	173	15.75	12.21	0.08
W415072	Schwein Frühstücksspeck, Rohpökelware, geräuchert, gegrillt	Pork breakfast bacon, raw cured, smoked, grilled	337	19.12	28.69	0.56
X986143	Polenta (Maisbrei zubereitet mit Wasser, Rapsöl und Salz) gebacken	Polenta (maize porridge prepared with water, rapeseed oil and salt) baked	128	1.91	6.78	13.88
U331282	Kalb Steak (Rücken) tiefgefroren, gebraten ohne Fett (Pfanne)	Veal steak (loin) deep-frozen, fried without fat (pan)	142	27.87	3.35	0
Y0A2060	Hackfleischteig roh (für Frikadellen, Buletten, Fleischklopse/-küchle/-pflanzerl)	Minced meat dough (for meatballs) raw	216	15.58	15.36	3.59
N312000	Limonade mit höherem Fruchtsaftgehalt	Carbonated soft drink with higher fruit juice content	37	0.12	0	8.9
V489082	Pute Brust, ohne Haut, mariniert, gebraten ohne Fett (Pfanne)	Turkey breast, without skin, marinated, fried without fat (pan)	178	30.46	5.14	2.35
U291242	Rind Hinterhesse, tiefgefroren, geschmort ohne Fett	Beef leg/hindshank, deep-frozen, braised without fat	177	28.7	6.9	0
V050282	Schnecken tiefgefroren, gebraten ohne Fett (Pfanne)	Snails edible/escargots, deep-frozen, fried without fat (pan)	73	15.5	1.23	0
B254072	Weizenmischtoastbrot getoastet	Mixed wheat toast toasted	297	9.3	3.37	54
C556000	Weizenglutenfertigmischung, Trockenprodukt	Wheat gluten mix, dried product	404	72.7	5.6	14.3
B255500	Weizenmischbrot mit Zwiebeln	Wheat-rye bread (> 50 % and < 90 % wheat) with onions	214	6.69	1.61	40
F921900	Apfelkompott/Apfelmus, gezuckert, Konserve	Apple sauce/apple compote, sugared, canned	86	0.22	0.1	20.32
T792182	Miesmuschel gekocht, gebraten ohne Fett (Pfanne)	Common mussel boiled, fried without fat (pan)	67	10.52	2.75	0
X444913	Spargelsuppe	Asparagus soup	43	1.2	2.7	3.31
Y273012	Kalbsleber gebraten, mit gebratenen Zwiebeln	Veal liver fried, with fried onions	118	13.83	2.59	9.25
W881300	Hausmacher Blutwurst Konserve	Homemade blood sausage canned	322	15.37	28.81	0.36
X201840	Gurkensalat mit Essigmarinade	Cucumber salad with vinegar marinade	98	0.87	9.43	1.61
T020272	Tintenfisch tiefgefroren, gegrillt	Common cuttlefish deep-frozen, grilled	107	23.55	1.46	0
S210700	Speiseeis (Schokolade, Vanille) gemischt, in Waffeltüte	Ice cream mixed (chocolate, vanilla) in waffle cone	226	3.39	10.75	27.8
X992163	Couscous (mit Fett und Salz)	Couscous (with fat and salt)	179	5.09	3.65	30.02
X539043	Wirsing gedünstet, mit Sahne	Savoy cabbage stewed, with cream	80	2.28	5.7	3.6
T793272	Pilgermuschel/Jakobsmuschel, tiefgefroren, gegrillt	Scallop deep-frozen, grilled	93	22.82	0.15	0
X8A1090	Sushi vegan, gefüllt mit Gemüse	Sushi vegan, filled with vegetables	97	2.3	1.88	16.8
X4A1010	Bouillon (Fleischbrühe) mit Ei	Meat bouillon with egg	29	1.5	2.5	0.02
W142000	Salami Ia	Salami high quality	410	21.17	36	0.18
V464232	Ente Fleisch, mit Haut, tiefgefroren, gekocht	Duck meat, with skin, deep-frozen, boiled	204	24.68	11.73	0
D660100	Makronen/Mandelmakronen	Macaroons	433	12.3	20.9	46.59
S201300	Speiseeis (Nuss, Schokolade) gemischt, in Waffeltüte	Ice cream mixed (chocolate, nut) in waffle cone	245	3.81	11.86	29.5
U863262	Schaf Bug/Schulter, fett, tiefgefroren, gebraten ohne Fett (Ofen)	Sheep shoulder, fat, deep-frozen, fried without fat (oven)	351	23.3	28.6	0
T501232	Karpfen tiefgefroren, pochiert	Carp deep-frozen, poached	107	15.88	4.88	0
Y872160	Erdbeercreme (mit Gelatine)	Strawberry cream (with gelatine)	154	2.2	11.45	9.61
V487262	Pute Flügel, mit Haut, tiefgefroren, gebraten ohne Fett (Ofen)	Turkey wings, with skin, deep-frozen, fried without fat (oven)	278	30.9	17.1	0
X530343	Sauerkraut mit Apfel gedünstet	Sauerkraut with apple stewed	33	0.72	0.99	3
X870443	Reisauflauf gesüßt	Rice casserole sweetened	168	5.34	5.27	24.3
W223172	Geflügelbratwurst gegrillt	Poultry bratwurst grilled	215	12.85	18.11	0.1
U872262	Schaf Vorderhaxe, mittelfett, tiefgefroren, gebraten ohne Fett (Ofen)	Sheep foreshank, medium fat, deep-frozen fried without fat (oven)	219	25.2	13.1	0
U511282	Schwein Filetmedaillon, tiefgefroren, gebraten ohne Fett (Pfanne)	Pork fillet medaillon, deep-frozen, fried without fat (pan)	144	28.87	3.17	0
D6A5000	Honigkuchen schokoliert	Gingerbread cake with chocolate icing	392	6.7	10.6	65.4
Y184212	Rindfleisch gedünstet (mit Fett und Salz)	Beef stewed (with fat and salt)	155	17.6	8.6	1.2
Y860840	Vanillebuttercreme	Vanilla butter cream	578	2	46.91	36.92
X518133	Leipziger Allerlei gedünstet	Mixed vegetables "Leipziger Allerlei" stewed	75	2.5	3.7	6.36
X455243	Brotsuppe (Schwarzbrot) aufgebrüht mit Gemüsebrühe	Bread soup (brown bread) with vegetable stock	43	0.9	2	5.06
V990162	Geflügel Frikadelle, gebraten ohne Fett (Ofen)	Poultry patty, fried without fat (oven)	113	16.7	3.2	4
Y849912	Pflaumenkompott/Zwetschgenkompott, mit Süßstoff	Plum compote with artificial sweetener	39	0.24	0.14	8.68
Y882410	Quark (Magerstufe) mit Konfitüre	Quark (< 10 % fat in dry matter) with jam	90	10.3	0.2	11
X5B1140	Gemüse-Kartoffel-Brei, mit Zucchini (ohne Salz, geeignet für Beikost)	Vegetable-potato purree, with courgette (without salt, suitable as baby food)	75	1.1	4.97	6
W171300	Touristenwurst (Rohwurst)	Touristenwurst sausage raw	455	19.93	41.61	0.18
X562053	Karotten/Möhren, gekocht, mit Grundsauce hell/weiß	Carrots boiled, with white basis sauce	45	0.83	1.6	5.63
G620282	Karotte/Möhre, tiefgefroren, gebraten ohne Fett (Pfanne)	Carrot deep-frozen, fried without fat (pan)	74	1.39	0.78	11.98
X810613	Reisbrei gesüßt, mit Milch 3,5 % Fett	Rice porridge sweetened, with milk 3.5 % fat	129	5	5.66	14.4
G090182	Gemüsemischung Kaisergemüse, gebraten ohne Fett (Pfanne)	Mixed vegetables (carrots, cauliflower and broccoli florets) fried without fat (pan)	55	3.45	0.64	6.9
V512242	Kalb Herz, tiefgefroren, geschmort ohne Fett	Veal heart, deep-frozen, braised without fat	175	27.18	7.36	0
X4A9020	Wirsing-Eintopf mit Gemüsebrühe, Kartoffeln und Karotten	Savoy cabbage stew with vegetable stock, potatoes and carrots	40	1.66	0.7	6
G880402	Bohne grün, milchsauer fermentiert, abgetropft	Bean green, lactic acid fermented, drained	23	1.91	0.2	2.6
Y715142	Eier mit Käse überbacken	Eggs with cheese gratinated	155	8.17	11.6	4.35
X5B1160	Gemüse-Süßkartoffel-Brei, mit Karotte, Pastinake (ohne Salz, geeignet für Beikost)	Vegetable-sweet potato purree, with carrot and parsnip (without salt, suitable as baby food)	101	1.25	5.15	11.2
X573212	Bleichsellerie gekocht (mit Fett und Salz)	Celery boiled (with fat and salt)	78	1.23	6.8	1.6
V634282	Hähnchen Leber, tiefgefroren, gebraten ohne Fett (Pfanne)	Chicken liver, deep-frozen, fried without fat (pan)	159	24.36	6.1	1.76
S570700	Bitterschokolade gefüllt mit Fruchtcreme	Dark chocolate filled with fruit cream	522	6.49	34.15	43.1
W866000	Ochsenschwanz in Gelee	Oxtail in jelly	192	23.8	10.8	0
T020282	Tintenfisch tiefgefroren, gebraten ohne Fett (Pfanne)	Common cuttlefish deep-frozen, fried without fat (pan)	87	19.12	1.22	0
X561053	Kohlrüben/Steckrüben, gedünstet, in Grundsauce hell/weiß	Swede stewed, in white basic sauce	52	1.07	3.7	2.55
R9A2100	Nusssahne für Gebäck/Torten	Nut cream for pastry/tortes	348	5.2	31.6	10
Y662233	Schwertfisch gedünstet (mit Fett und Salz)	Swordfish stewed (with fat and salt)	119	16	5.9	0.28
X378243	Malteser Sauce	Maltese sauce	368	3.3	38.1	2.67
S220400	Speiseeis (Kaffee, Schokolade, Vanille) gemischt	Ice cream mixed (chocolate, coffee, vanilla)	199	3.5	9.9	23.1
U693272	Schwein Hintereisbein/Hinterhaxe, tiefgefroren, gegrillt	Pork hindshank (hock) deep-frozen, grilled	282	26.1	19.73	0
S420000	Marzipan	Marzipan	407	4	12.4	68.6
U852232	Schaf Brust, mittelfett, tiefgefroren, gekocht	Sheep breast, medium fat, deep-frozen, boiled	239	28.6	13.8	0
X1A9020	Meeresfrüchte-Cocktail mit Essigmarinade	Shellfish cocktail with vinegar marinade	140	15.29	8.64	0.05
F516700	Mangonektar	Mango nectar	51	0.2	0.13	12.2
X431340	Schneeklößchen gesüßt, Suppeneinlage	Meringue dumplings as sweet soup garnish	175	7.2	0	36.45
X820753	Reis mit gebratenen Zwiebeln	Rice with fried onions	101	2.34	0.59	21
X411713	Fleischbrühe mit Grießklößchen	Meat stock with small semolina dumplings	32	1.67	1.3	3.41
X526162	Chicoree gedünstet (mit Fett und Salz)	Chicory stewed (with fat and salt)	55	1.63	4.6	1
T617252	Schafskopf (Meerbrasse) tiefgefroren, gedünstet	Sheepshead deep-frozen, stewed	93	18	2.3	0
Y021312	Bratwurst gebraten	Bratwurst fried	252	12.59	22.31	0.09
U010162	Rind Hackfleisch, gebraten ohne Fett (Ofen)	Beef mince, fried without fat (oven)	281	26.97	19.28	0
U861262	Schaf Bug/Schulter, mager, tiefgefroren, gebraten ohne Fett (Ofen)	Sheep shoulder, lean, deep-frozen, fried without fat (oven)	176	26.7	7.73	0
U271232	Rind Vorderhesse, tiefgefroren, gekocht	Beef shin/foreshank, deep-frozen, boiled	149	24.9	5.45	0
W214000	Delikatesswürstchen	Gourmet sausage small	163	12.52	12.53	0.08
X820353	Reis mit gedünsteter Paprika	Rice with stewed sweet peppers	110	2.29	1.3	21.6
U541282	Schwein Schnitzel (Oberschale) tiefgefroren, gebraten ohne Fett (Pfanne)	Pork schnitzel (topside) deep-frozen, fried without fat (pan)	144	31.02	2.23	0
W415082	Schwein Frühstücksspeck, Rohpökelware, geräuchert, gebraten ohne Fett (Pfanne)	Pork breakfast bacon, raw cured, smoked, fried without fat (pan)	310	18.73	25.91	0.57
V474232	Gans Fleisch, mit Haut, tiefgefroren, gekocht	Goose meat, with skin, deep-frozen, boiled	260	20.19	19.93	0
X372012	Pesto verde	Pesto verde	542	6.7	56.5	0.7
X548812	Zwiebelringe im Backteig (mit Bier) frittiert	Onion rings in frying batter (with beer) deep-fried	226	5.1	13.12	20.18
W151000	Mettwurst	Mettwurst sausage firm	349	22.85	28.51	0.18
X810333	Milchreis gesüßt, mit Milch 3,5 % Fett und Beerenmischung	Rice pudding sweetened, with milk 3.5 % fat and berry mix	113	3.8	2.4	18.1
S143000	Maronenkrem	Sweet chestnut cream (spread)	247	1.11	0.74	57.33
W238032	Geflügelfleischkäse mit Schweinefleisch, gekocht	Poultry fleischkaese sausage with pork, boiled	150	15.06	9.9	0.1
X5B1020	Gemüse-Kartoffel-Fleisch-Brei, mit Karotte und Rindfleisch (ohne Salz, geeignet für Beikost)	Vegetable-potato-meat purree, with carrots and beef (without salt, suitable as baby food)	92	3.53	4.82	7.58
U133182	Rind Steak (Rücken) mariniert, gebraten ohne Fett (Pfanne)	Beef steak (loin) marinated, fried without fat (pan)	172	26.48	7.11	0.19
X323253	Zwiebelsauce von heller/weißer Grundsauce	Onion sauce made from white basic sauce	63	0.92	4.5	4.17
Y8A4140	Vanilleflammeri/Vanillepudding, mit Ei	Vanilla pudding with egg	127	4.8	4.54	16.64
X0A2010	Frischkornbrei ungesüßt, mit Joghurt 3,5 % Fett und Fruchtmischung	Fresh-grain porridge unsweetened, with yogurt 3.5 % fat and mixed fruit	87	3.54	2.2	11.8
Y790340	Senfbutter	Mustard butter	590	3.9	63.18	0.9
W982600	Getrüffelte Zungenpastete mit Champignons und Mürbeteig, gebacken	Truffled tongue pate with button mushrooms and shortcrust pastry, baked	236	14.59	16.03	7.84
Y840853	Birnen im Sud gekocht	Pears boiled	67	0.33	0.3	15.28
G090142	Gemüsemischung Kaisergemüse, geschmort ohne Fett	Mixed vegetables (carrots, cauliflower and broccoli florets) braised without fat	40	2.51	0.47	5.1
X437343	Leberklößchen mit Semmelbröseln	Small liver dumplings with bread crumbs	244	13.47	15	13.19
C353182	Wildreis gekocht, gebraten ohne Fett (Pfanne)	Wild rice boiled, fried without fat (pan)	149	5.4	0.37	30.17
V464242	Ente Fleisch, mit Haut, tiefgefroren, geschmort ohne Fett	Duck meat, with skin, deep-frozen, braised without fat	213	26.02	12.09	0
C352082	Reis poliert, gekocht, gebraten ohne Fett (Pfanne)	White rice boiled, fried without fat (pan)	124	3.51	0.37	26.4
W171200	Krakauer roh	Krakow sausage raw	332	23.27	26.56	0
Y810242	Apfelklöße	Apple dumplings	196	5.72	5.8	29
U025172	Schwein Frikadelle, gegrillt	Pork patty, grilled	288	18.98	21.23	5
D790300	Kekse/Plätzchen (Vollkornmürbeteig) schokoliert	Wholemeal biscuits with chocolate icing	528	6.95	30.85	52.5
X565043	Schwarzwurzeln gekocht	Black salsify boiled (with lemon juice and salt)	56	1.26	0.4	7.7
X365443	Hagebuttensauce aus Konfitüre	Rose hip sauce of jam	183	0.3	0.1	44.5
S243400	Speiseeis (Karamell, Schoko, Vanille) gemischt	Ice cream mixed (chocolate, vanilla, caramel)	204	3.4	9.81	24.69
X521053	Spinat gedünstet, in Grundsauce hell/weiß	Spinach stewed, in white basic sauce	32	2.04	1.5	1.78
X494143	Hagebuttensuppe mit Apfel, gebunden mit Stärke	Rose hip soup with apple, thickened with starch	48	0.66	0.2	9.6
D705300	Apfelküchlein/Apfelringe im Ausbackteig, frittiert	Apple slices in frying batter, deep-fried	197	3.5	11.9	17.9
V435232	Suppenhuhn Schenkel, mit Haut, tiefgefroren, gekocht	Boiling fowl leg, with skin, deep-frozen, boiled	226	22.5	15.09	0
U432232	Kalb Hals/Nacken/Kamm, tiefgefroren, gekocht	Veal scrag deep-frozen, boiled	135	27.26	2.85	0
X571153	Grüne Bohnen gekocht, in Grundsauce hell/weiß	Green beans boiled, in white basic sauce	34	1.85	1.1	3.6
X0A3030	Knuspermüsli (Granola) gesüßt, mit Sojadrink und Fruchtmischung	Crunchy muesli (granola) sweetened, with soya drink and mixed fruit	142	4.7	5.4	16.5
Y993540	Vanillesahneeis mit heißer Schokoladensauce	Vanilla cream ice cream with hot chocolate sauce	182	4	12.03	14.1
U892232	Schaf Hinterhaxe, mittelfett, tiefgefroren, gekocht	Sheep hindshank, medium fat, deep-frozen, boiled	259	29.8	15.5	0
Y845312	Pfirsichkompott zuckerreduziert	Peach compote sugar-reduced	47	0.6	0.1	10.16
G311262	Blumenkohl tiefgefroren, gebacken	Cauliflower deep-frozen, baked	46	1.8	0.44	7.92
X9A2030	Getreide-Obst-Brei, mit Apfelmus ungesüßt und Haferflocken (geeignet für Beikost)	Cereal-fruit puree, with unsweetened apple sauce and oat flakes (suitable as baby food)	71	1.44	2.28	10
V614282	Hähnchen Herz, tiefgefroren, gebraten ohne Fett (Pfanne)	Chicken heart, deep-frozen, fried without fat (pan)	270	27.89	17.66	0
W520032	Corned Beef gekocht	Corned beef boiled	138	22.45	5.17	0.29
V417242	Hähnchen Flügel, mit Haut, tiefgefroren, geschmort ohne Fett	Chicken wings, with skin, deep-frozen, braised without fat	185	21.9	10.86	0
E612132	Eierteigwaren glutenfrei, gekocht	Egg pasta gluten-free, boiled	140	3.17	1.42	28
G720252	Wachsbohne tiefgefroren, gedünstet	Wax bean deep-frozen, stewed	31	2.4	0.2	4
U382232	Kalb Kochfleisch (Brust) tiefgefroren, gekocht	Veal meat for boiling (breast) deep-frozen, boiled	231	23.89	14.99	0
G710042	Bohne grün, tiefgefroren, geschmort ohne Fett	Bean green, deep-frozen, braised without fat	32	2.1	0.3	4.2
Y861653	Vanillepudding, Flammeri, zubereitet aus Pulver und Milch 3,5 % Fett	Vanilla pudding made from powder with milk 3.5 % fat	107	3.27	3.2	16.14
V484262	Pute Fleisch, mit Haut, tiefgefroren, gebraten ohne Fett (Ofen)	Turkey meat, with skin, deep-frozen, fried without fat (oven)	221	29.63	11.33	0
Y8A4130	Vanilleflammeri/Vanillepudding (als Dessert) mit Schokoladensauce	Vanilla pudding (as dessert) with chocolate sauce	137	4.4	5.35	17.6
T415282	Königslachs tiefgefroren, gebraten ohne Fett (Pfanne)	Chinook salmon deep-frozen, fried without fat (pan)	208	23.63	12.6	0
Y841543	Mirabellenkompott	Mirabelle plum compote	86	0.45	0.1	20.39
X2A1110	Rote-Bete-Salat (roh) mit Joghurtmarinade	Beetroot salad (raw) with yogurt marinade	60	1.98	1.73	7.7
C351082	Reis unpoliert, gekocht, gebraten ohne Fett (Pfanne)	Brown rice boiled, fried without fat (pan)	137	3.2	0.98	28.01
X330563	Sahnesauce von dunkler/brauner Grundsauce	Cream sauce from brown basic sauce	97	1.24	7.7	5.34
B314272	Mehrkorntoastbrot mit Ölsamen, getoastet	Multigrain toast toasted	343	11.68	6.83	56
X445863	Kürbiscremesuppe	Cream of pumpkin soup	69	0.95	5.2	4
X567053	Rote-Bete-Gemüse süß/sauer, gedünstet	Beetroot sweet-and-sour stewed	60	1.28	3.3	5.26
S156000	Birnendicksaft	Pear syrup	272	1.17	1	67.8
U881262	Schaf Keule, mager, tiefgefroren, gebraten ohne Fett (Ofen)	Sheep leg, lean, deep-frozen, fried without fat (oven)	163	30.2	4.73	0
D314600	Pfirsichtorte (Biskuit) mit Klarguss (ohne Sahne/Creme)	Peach torte (sponge cake) with gelatin glaze (without cream)	87	2.3	1.08	16.56
U471200	Kalb Haxe, tiefgefroren	Veal shank, deep-frozen	118	19.3	4.51	0
W872500	Jagdwurst/Schinkenwurst grob, Konserve	Jagdwurst sausage/ham bologna coarsely minced, canned	152	14.46	10.46	0.08
V487232	Pute Flügel, mit Haut, tiefgefroren, gekocht	Turkey wings, with skin, deep-frozen, boiled	152	20.7	7.7	0
T122282	Weißer Thun tiefgefroren, gebraten ohne Fett (Pfanne)	Albacore deep-frozen, fried without fat (pan)	143	32.3	1.54	0
X4A8030	Kichererbsen-Eintopf	Chickpea stew	62	2.6	2.5	6
X453023	Brühreis mit Hühnerfleisch	Boiled rice with chicken	171	9.16	5.6	20.7
X640053	Kartoffelgratin	Potato gratin	128	3.42	5.77	15
G311242	Blumenkohl tiefgefroren, gedämpft	Cauliflower deep-frozen, steamed	33	1.3	0.31	5.62
X455013	Brotsuppe (Weißbrot) mit Gemüsebrühe, Tomaten, Champignons und Käse	Bread soup (white bread) with vegetable stock, tomatoes, button mushruooms and cheese	74	2.8	4.2	5.9
Y867112	Erdbeer-Carpaccio (mit Weißwein)	Strawberry carpaccio (with white wine)	54	0.74	0.31	9.38
Y063023	Leberpastete/Leberpudding	Liver pate/liver pudding	196	15.91	12	6
X461913	Linsen-Eintopf mit Suppengemüse und Kartoffeln	Lentil stew with vegetables and potatoes	122	6.84	2	16.2
S622000	Pralinen gefüllt mit Marzipan	Pralines filled with marzipan	474	7.31	28.6	43.38
X531413	Blumenkohl gratiniert	Cauliflower gratinated	90	5.6	4.9	5.4
Y231233	Kalbskotelett gebraten, mit Sahnesauce	Veal chop fried, with cream sauce	140	19.75	6.6	0.31
U421262	Kalb Rücken, tiefgefroren, gebraten ohne Fett (Ofen)	Veal loin, deep-frozen, fried without fat (oven)	134	27.11	2.83	0
G346152	Weinsauerkraut gedünstet	Wine sauerkraut stewed	22	1.09	0.3	0.99
X4A3000	Gemüsesamtsuppe	Velvety vegetable soup	44	0.94	2.5	4
Y179222	Ochsenzunge paniert, gebraten	Ox tongue breaded, fried	274	16.38	19.74	7.29
X572812	Fenchel gekocht (mit Fett und Salz)	Fennel boiled (with fat and salt)	74	1.29	5.5	3.13
V413232	Hähnchen Fleisch, ohne Haut, tiefgefroren, gekocht	Chicken meat, without skin, deep-frozen, boiled	128	23.3	3.9	0
Y731163	Omelett gebraten, gefüllt mit gedünsteten Champignons	Omelette fried, filled with stewed button mushrooms	163	9.09	13.15	2.1
U724072	Schaf Kotelett, mariniert, gegrillt	Sheep chop (loin) marinated, grilled	421	19.22	37.96	0.47
X2A1000	Chinakohlsalat mit Essigmarinade	Chinese white cabbage with vinegar marinade	107	1.39	10.17	1.34
G992162	Gemüsemischung Erbsen-Karotten, gebacken	Mixed vegetables peas and carrots, baked	76	4	0.52	11.04
S465000	Mandeln gebrannt, dragiert	Almond roasted, sugar-coated	472	10.3	21.9	51.4
Y637332	Heilbuttfilet gegrillt	Halibut fillet grilled	240	23.74	15.8	0.19
U642262	Schwein Bauch (wie gewachsen) tiefgefroren, gebraten ohne Fett (Ofen)	Pork belly (untrimmed) deep-frozen, fried without fat (oven)	364	22.77	30.34	0
V438282	Suppenhuhn Innereien, tiefgefroren, gebraten ohne Fett (Pfanne)	Boiling fowl giblets, deep-frozen, fried without fat (pan)	240	27	14.62	0
G450152	Spargel gedünstet	Asparagus stewed	33	2.27	0.18	4.6
U642372	Schwein Bauch (wie gewachsen) mariniert, gegrillt	Pork belly (untrimmed) marinated, grilled	434	21.95	38.32	0.14
X143242	Fenchelsalat (gegart) mit Essigmarinade	Fennel salad (cooked) with vinegar marinade	109	1.11	9.61	2.95
Y996510	Erdbeereis	Strawberry ice cream	170	1.4	7.6	22.82
X558112	Zucchini-Sahnesauce	Courgette-cream sauce	150	2	13.6	4
T209282	Seehecht tiefgefroren, gebraten ohne Fett (Pfanne)	Hake deep-frozen, fried without fat (pan)	101	20.43	2.17	0
M241200	Joghurt fettarm, mind. 1,5 % bis max. 1,8 % Fett, mit Fruchtzubereitung, gesüßt	Yogurt low-fat, min. 1.5 % to max. 1.8 % fat, with fruit preparation, sweetened	88	3.37	1.37	14.72
G570272	Zuckermais tiefgefroren, gegrillt	Sweetcorn deep-frozen, grilled	78	3.5	1.47	11.3
U371262	Kalb Bratenfleisch (Bug) tiefgefroren, gebraten ohne Fett (Ofen)	Veal meat for roasting (shoulder) deep-frozen, fried without fat (oven)	120	27.5	1.09	0
N500800	Kaffeeersatz (Getränk) mit Alkohol	Coffee substitute (infusion) with alcohol	20	0.07	0	0.9
Y910130	Backkartoffeln mit Kräuterquark	Baked potatoes with herb quark	116	5.19	3.4	15.4
D079062	Pizzateig (mit Hefe) gebacken	Pizza dough with yeast, baked	300	7.89	6.26	51
S210400	Speiseeis (Nuss, Schokolade, Vanille) gemischt, in Waffeltüte	Ice cream mixed (chocolate, nut, vanilla) in waffle cone	230	3.39	11.35	27.6
V050232	Schnecken tiefgefroren, gekocht	Snails edible/escargots, deep-frozen, boiled	78	16.6	1.29	0
X656362	Berner Rösti gebraten	Bernese rösti fried grated potatoes	207	2.47	12.76	19.4
Y8A3020	Apfelkompott	Apple compote	46	0.29	0.3	9.4
T603282	Zander tiefgefroren, gebraten ohne Fett (Pfanne)	Pike-perch deep-frozen, fried without fat (pan)	102	23.75	0.74	0
T780262	Europäische Auster tiefgefroren, gratiniert ohne Fett (Ofen)	European oyster deep-frozen, gratinated without fat (oven)	73	9.8	3.27	1.21
Y569533	Hähnchenschenkel mariniert, gebraten, mit Curryjoghurtsauce	Chicken thigh marinated, fried, with curry-yogurt sauce	262	16.97	19.88	3.3
Y855253	Stachelbeergrütze mit Schlagsahne	Gooseberry jelly with whipped cream	126	0.77	2.92	23.34
E608032	Böhmische Knödel gekocht	Bohemian dumplings boiled	199	7.21	7.27	25.33
T506282	Wels tiefgefroren, gebraten ohne Fett (Pfanne)	European catfish deep-frozen, fried without fat (pan)	139	17.1	7.8	0
X613143	Bechamelkartoffeln	Bechamel potatoes	79	2.16	2.5	11.37
G322252	Grünkohl tiefgefroren, gedünstet	Curly kale deep-frozen, stewed	54	4.2	0.68	3.35
Y856163	Ananasgelee	Pineapple jelly	60	1.6	0.1	12.93
T020252	Tintenfisch tiefgefroren, gedünstet	Common cuttlefish deep-frozen, stewed	68	14.38	1.17	0
F3A3700	Johannisbeernektar schwarz, mit Süßungsmitteln	Black currant nectar with artificial sweeteners	14	0.31	0.04	2.5
X0A4000	Haferflocken gesüßt, mit Joghurt 3,5 % Fett und Fruchtmischung	Oat flakes sweetened, with yogurt 3.5 % fat and mixed fruit	120	4.6	3.2	16.5
X810123	Milchreis gesüßt, mit Milch 3,5 % Fett, Zucker und Zimt	Rice pudding sweetened, with milk 3.5 % fat, sugar and cinnamon	142	4.83	3.18	23.2
Y373032	Schweineleber gebraten, mit Grundsauce dunkel/braun	Pork liver fried, with brown basic sauce	123	12.22	6	4.88
C492032	Mehrkornschrot gekocht	Grain mix coarse meal, boiled	50	1.71	0.47	8.8
X570153	Grüne Erbsen gekocht, in Grundsauce hell/weiß	Green peas boiled, in white basic sauce	80	4.8	1.2	10.38
X952133	Haferflockenbrei gesüßt, mit Butter und Ei	Porridge sweetened, with butter and egg	137	6	6.83	12.3
X532263	Broccoli gedünstet, mit Bechamelsauce	Broccoli stewed, with Bechamel sauce	69	3.08	4	4.3
G093132	Suppengrün/Suppenkraut, gekocht	Mirepoix boiled	31	2.02	0.31	3.3
D621300	Waffelkekse schokoliert	Waffle biscuits with chocolate icing	362	5.67	18.77	41.6
T406252	Felchen/Maräne/Renke/Schnäpel, tiefgefroren, gedünstet	Whitefishes deep-frozen, stewed	102	18.2	3.02	0
X321263	Tomatensauce aus frischen Tomaten	Tomato sauce of fresh tomatoes	111	1	9.46	4.39
Y576133	Ente gebraten im Ofen, mit Grundsauce dunkel/braun	Duck fried in oven, with brown basic sauce	167	19.58	9.1	1.59
V217242	Hirsch Rücken, tiefgefroren, geschmort ohne Fett	Venison saddle, deep-frozen, braised without fat	140	26.81	3.66	0
U741272	Schaf Schnitzel (Keule, mager) tiefgefroren, gegrillt	Sheep schnitzel (leg, lean) deep-frozen, grilled	174	31	5.58	0
E632332	Dinkelvollkorneierteigwaren gekocht	Wholemeal spelt egg pasta boiled	125	5.17	0.99	21.56
V468242	Ente Innereien, tiefgefroren, geschmort ohne Fett	Duck giblets, deep-frozen, braised without fat	210	26.6	11.51	0
U693232	Schwein Hintereisbein/Hinterhaxe, tiefgefroren, gekocht	Pork hindshank (hock) deep-frozen, boiled	259	26.24	17.07	0
S580700	Schokolade weiß, mit Haselnüssen	Chocolate white, with hazelnuts	586	8.8	41.54	43.1
G490262	Knoblauch tiefgefroren, gebacken	Garlic deep-frozen, baked	127	7.91	0.55	4
T792282	Miesmuschel tiefgefroren, gebraten ohne Fett (Pfanne)	Common mussel deep-frozen, fried without fat (pan)	65	11.22	2.2	0
T615252	Rotbarsch/Goldbarsch, tiefgefroren, gedünstet	Ocean perch/redfish deep-frozen, stewed	84	13.7	3.3	0
Y853512	Rhabarberkompott mit Süßstoff	Rhubarb compote with artificial sweetener	18	0.54	0.13	1.23
Y995240	Pfirsich Melba	Peach Melba	170	2.2	10.4	16.5
T797162	Venusmuschel gekocht, gratiniert ohne Fett (Ofen)	Venus clam boiled, gratinated without fat (oven)	80	15	1.33	2
Y586113	Gans gebraten im Ofen, mit Grundsauce dunkel/braun	Goose fried in oven, with brown basic sauce	419	19.13	37.6	1.05
Y614533	Thunfischsteak mariniert, gegrillt	Tuna steak marinated, grilled	184	25.3	9.16	0.02
G490282	Knoblauch tiefgefroren, gebraten ohne Fett (Pfanne)	Garlic deep-frozen, fried without fat (pan)	174	10.67	0.74	6
S221800	Frucht-Joghurteis	Yogurt-fruit ice cream	107	3.3	2.1	17.94
T502252	Blei/Brachsen/Brasse, tiefgefroren, gedünstet	Common bream deep-frozen, stewed	87	14.65	3.12	0
T612282	Schwertfisch tiefgefroren, gebraten ohne Fett (Pfanne)	Swordfish deep-frozen, fried without fat (pan)	124	23.04	3.5	0
G480262	Speisezwiebel tiefgefroren, gebacken	Onion deep-frozen, baked	44	1.51	0.2	7.85
Y991240	Vanilleparfait (Halbgefrorenes)	Vanilla parfait (semi-frozen)	328	3.6	22.04	28.7
U221262	Rind Roastbeef (Rücken) tiefgefroren, gebraten ohne Fett (Ofen)	Beef roastbeef (loin) deep-frozen, fried without fat (oven)	160	29.12	4.81	0
V485242	Pute Keule, ohne Haut, tiefgefroren, geschmort ohne Fett	Turkey leg, without skin, deep-frozen, braised without fat	136	26.94	3.09	0
S467000	Erdnusskerne gebrannt, dragiert	Peanut roasted, sugar-coated	506	13.6	23.4	54.3
S241900	Speiseeis Vanille, überzogen mit Schokolade und Karamell	Vanilla ice cream, covered with chocolate and caramel	265	3.7	14.11	29.96
T615262	Rotbarsch/Goldbarsch, tiefgefroren, gebraten ohne Fett (Ofen)	Ocean perch/redfish, deep-frozen, fried without fat (oven)	108	18.4	3.87	0
G710262	Bohne grün, tiefgefroren, gebacken	Bean green, deep-frozen, baked	34	2.2	0.31	4.4
N252000	Fruchtsaftgetränk angereichert mit Vitaminen	Fruit juice beverage fortified with vitamins	37	0.12	0	9
U883242	Schaf Keule, fett, tiefgefroren, geschmort ohne Fett	Sheep leg, fat, deep-frozen, baked	309	26.7	22.5	0
V419062	Hähnchen Flügel, mit Haut, mariniert, gebraten ohne Fett (Ofen)	Chicken wings, with skin, marinated, fried without fat (oven)	238	22.38	15.47	2.23
T720182	Languste gekocht, gebraten ohne Fett (Pfanne)	Spiny lobster/rock lobster/crawfish, boiled, fried without fat (pan)	90	18.68	1.68	0
U131282	Rind Steak (Rücken) tiefgefroren, gebraten ohne Fett (Pfanne)	Beef steak (loin) deep-frozen, fried without fat (pan)	166	29.12	5.53	0
X330653	Robertsauce von dunkler/brauner Grundsauce	Sauce "Robert" from brown basic sauce	72	1.03	4.8	5.37
Y841312	Sauerkirschkompott mit Süßstoff	Sour cherry compote with artificial sweetener	57	0.75	0.41	11.38
X890632	Käsepilaw (Reis mit Zwiebeln und Käse)	Cheese pilaf (rice with onions and cheese)	187	5.93	6.7	25.1
X328763	Hummersamtsauce von heller/weißer Grundsauce	Velvety lobster sauce from white basic sauce	87	4.6	6.4	2.61
X462623	Gemüsesuppe mit Graupen	Vegetable soup with pearl barley	37	1.3	1.2	4.8
V532282	Kalb Leber, tiefgefroren, gebraten ohne Fett (Pfanne)	Veal liver, deep-frozen, fried without fat (pan)	110	18.62	1.51	5.39
W222682	Rostbratwurst gebraten ohne Fett (Pfanne)	Rostbratwurst sausage fried without fat (pan)	216	19.72	15.22	0.1
V465242	Ente Schenkel, mit Haut, tiefgefroren, geschmort ohne Fett	Duck leg, with skin, deep-frozen, braised without fat	200	24.68	11.22	0
X201400	Gemischter Salat mit Essigmarinade	Mixed salad with vinegar marinade	115	1.2	10.9	2
G992200	Gemüsemischung Erbsen-Karotten, tiefgefroren	Mixed vegetables peas and carrots, deep-frozen	62	3.4	0.44	8.92
E632032	Dinkelteigwaren eifrei, gekocht	Spelt pasta egg-free, boiled	149	5.83	0.61	28.72
U522272	Schwein Stielkotelett, tiefgefroren, gegrillt	Pork chop (loin) deep-frozen, grilled	223	27.27	12.67	0
U063100	Rind/Schwein, Hacksteak, roh	Beef/pork, minced steak, raw	205	15.25	15.54	0.96
U432262	Kalb Hals/Nacken/Kamm, tiefgefroren, gebraten ohne Fett (Ofen)	Veal scrag deep-frozen, fried without fat (oven)	136	27.5	2.88	0
S201500	Speiseeis Kaffee, in Waffeltüte	Coffee ice cream, in waffle cone	204	4.7	10.2	23.1
U342262	Kalb Schnitzel (Keule) tiefgefroren, gebraten ohne Fett (Ofen)	Veal schnitzel (round) deep-frozen, fried without fat (oven)	121	28.39	0.82	0
V635282	Ente Leber, tiefgefroren, gebraten ohne Fett (Pfanne)	Duck liver, deep-frozen, fried without fat (pan)	173	26.1	6.82	1.76
C526062	Polenta (Maisgrieß mit Wasser, Fett und Salz) gekocht, gebacken	Polenta (Maize semolina prepared with water, fat and salt) boiled, baked	128	1.92	6.7	13.9
X411613	Fleischbrühe mit Ei-Einlauf	Meat stock with egg	21	1.78	1	1.2
G761252	Zuckererbse tiefgefroren, gedünstet	Sugar pea deep-frozen, stewed	43	4.3	0.2	5
Y848312	Rhabarbercreme einfach	Rhubarb cream simple	91	1.7	1.23	16.81
T710800	Edelkrebs/Flusskrebs, Präserve	Crayfish semi-preserved	60	13.76	0.57	0
U511082	Schwein Filetmedaillon, paniert, gebraten ohne Fett (Pfanne)	Pork fillet medaillon, breaded, fried without fat (pan)	171	26.8	2.9	9.12
U151282	Rind Gulasch (Bug) tiefgefroren, gebraten ohne Fett (Pfanne)	Beef goulash (shoulder) deep-frozen, fried without fat (pan)	179	28.52	7.17	0
X417013	Gemüse-Rindfleisch-Eintopf	Vegetable-beef stew	85	7.23	3.2	6
W415062	Schwein Frühstücksspeck, Rohpökelware, geräuchert, gebraten ohne Fett (Ofen)	Pork breakfast bacon, raw cured, smoked, fried without fat (oven)	306	19.15	25.28	0.58
Y870440	Haselnusscreme, eingerührte Art (mit Stärke)	Hazelnut cream (with starch)	193	6.5	10.76	17.2
U632272	Schwein Kamm, tiefgefroren, gegrillt	Pork neck, deep-frozen, grilled	217	24.27	13.34	0
S242800	Speiseeis Vanille, mit Eierlikör	Vanilla ice cream with egg liqueur	206	2.58	9.78	23.2
W271200	Gefüllter Schinken	Filled ham	103	17.66	3.54	0.08
Y8A4010	Grießbrei (als Dessert) mit Karamellsauce	Semolina pudding (as dessert) with caramel sauce	113	4	3.66	15.94
Y870263	Vanillecreme abgeschlagen (mit Gelatine)	Vanilla cream (with gelatine)	213	5.5	15.1	13.68
G090162	Gemüsemischung Kaisergemüse, gebacken	Mixed vegetables (carrots, cauliflower and broccoli florets) baked	43	2.72	0.5	5.5
Y240222	Frikadellen aus Kalbfleisch gebraten	Veal meatballs fried	249	19.53	17.75	2.5
X697212	Broccolipüree mit Milch 1,5 % Fett	Broccoli puree with milk 1.5 % fat	45	3.79	1.5	3.2
Y720462	Rührei gebraten mit Pfifferlingen und Kochschinken	Scrambled eggs fried with chanterelles and boiled ham	168	11.23	13	1.11
V913600	Hähnchenpastete gebacken	Chicken pate baked	211	19.2	11.4	7.7
G480242	Speisezwiebel tiefgefroren, geschmort ohne Fett	Onion deep-frozen, braised without fat	47	1.59	0.21	8.35
K702432	Trüffel getrocknet, gekocht	Black truffle (Perigord black truffle) dried, boiled	128	14.15	0.87	1
T730282	Hummer tiefgefroren, gebraten ohne Fett (Pfanne)	Lobster deep-frozen, fried without fat (pan)	99	19.36	2.44	0
X822212	Risi-Pisi (gekochter Reis mit gedünsteten grünen Erbsen)	Risi-Pisi (boiled rice with stewed green peas)	109	3.6	1.23	19.4
G920252	Gemüsemischung Leipziger Allerlei, tiefgefroren, gedünstet	Mixed vegetables "Leipziger Allerlei", deep-frozen, stewed	62	3.5	0.43	8.91
F928900	Apfelkompott/Apfelmus, mit Süßungsmitteln, Konserve	Apple sauce/apple compote, with artificial sweeteners, canned	32	0.3	0.12	6.7
C111062	Weizen ganzes Korn, gekocht, gebacken	Wheat whole grain, boiled, baked	226	8.77	1.19	40.51
G994152	Gemüsemischung asiatische Art, gedünstet	Mixed vegetables Asian style, stewed	31	2.1	0.3	3.9
V330262	Wildente Fleisch, mit Haut, tiefgefroren, gebraten ohne Fett (Ofen)	Wild duck meat, with skin, deep-frozen, fried without fat (oven)	243	27	15	0
D072062	Blätterteig eifrei, gebacken	Puff pastry egg-free, baked	560	5.5	42.36	37.7
X326143	Currysauce indisch	Indian curry sauce	67	1.02	4.6	4.85
V414242	Hähnchen ganz, entbeint, mit Haut, tiefgefroren, geschmort ohne Fett	Chicken whole, boneless, with skin, deep-frozen, braised without fat	205	25.61	11.39	0
X339153	Rotweinsauce von dunkler/brauner Grundsauce	Red wine sauce from brown basic sauce	71	1.02	4.6	5.28
T424252	Meerforelle tiefgefroren, gedünstet	Sea trout deep-frozen, stewed	98	16.4	3.44	0
N5A1000	Kaffeeersatz (Getränk) mit Mandeldrink, ungesüßt	Coffee substitute (infusion) with almond drink, unsweetened	6	0.1	0.07	0.94
Y993340	Mokkasahneeis	Mocha cream ice cream	291	3.7	24.9	12.96
Y311323	Schweinelende gebraten im Ofen, mit Grundsauce dunkel/braun	Pork tenderloin fried in oven, with brown basic sauce	125	20.41	4	1.7
V132242	Kaninchen Fleisch, tiefgefroren, geschmort ohne Fett	Domestic rabbit meat, deep-frozen, braised without fat	177	29.5	6.6	0
X740612	Eierteigwaren mit Roquefortsauce	Egg pasta with Roquefort sauce	234	7.7	14.96	16.67
K701242	Champignon tiefgefroren, gedünstet	Button mushroom deep-frozen, stewed	50	6.45	0.48	5.1
T720232	Languste tiefgefroren, gekocht	Spiny lobster/rock lobster/crawfish, deep-frozen, boiled	76	15.93	1.36	0
X744163	Eierteigwaren mit Muschelsauce	Egg pasta with mussel sauce	114	5.7	2.88	15.7
D9B1400	Müslikekse/Müsliplätzchen (Vollkornmürbeteig) schokoliert	Wholemeal muesli biscuits (shortcrust pastry) with chocolate icing	438	8	18	57.5
V320262	Rebhuhn Fleisch, tiefgefroren, gebraten ohne Fett (Ofen)	Partridge meat, deep-frozen, fried without fat (oven)	324	54.4	11.8	0
G093432	Suppengrün/Suppenkraut, getrocknet, gekocht	Mirepoix dried, boiled	67	2.74	0.58	10
T501252	Karpfen tiefgefroren, gedünstet	Carp deep-frozen, stewed	107	15.88	4.88	0
V464262	Ente Fleisch, mit Haut, tiefgefroren, gebraten ohne Fett (Ofen)	Duck meat, with skin, deep-frozen, fried without fat (oven)	203	27.01	10.59	0
U151242	Rind Gulasch (Bug) tiefgefroren, geschmort ohne Fett	Beef goulash (shoulder) deep-frozen, braised without fat	173	28.77	6.42	0
R9A3100	Mohnfüllung für Gebäck/Torten	Poppy seed filling for pastry/tortes	315	10.26	13.7	34.24
U532282	Schwein Kammsteak, tiefgefroren, gebraten ohne Fett (Pfanne)	Pork steak (neck) deep-frozen, fried without fat (pan)	189	22.81	10.9	0
V111242	Pferd Fleisch, tiefgefroren, geschmort ohne Fett	Horse meat, deep-frozen, braised without fat	145	28.48	3.26	0.54
U030182	Kalb Hackfleisch, gebraten ohne Fett (Pfanne)	Veal mince, fried without fat (pan)	257	26.59	16.69	0
V484272	Pute Fleisch, mit Haut, tiefgefroren, gegrillt	Turkey meat, with skin, deep-frozen, grilled	215	27.67	11.64	0
V416262	Hähnchen Brustfilet, tiefgefroren, gebraten ohne Fett (Ofen)	Chicken breast fillet, deep-frozen, fried without fat (oven)	144	31.85	1.86	0
M8B2100	Speisequarkzubereitung < 10 % Fett i. Tr., mit Fruchtzubereitung, Zucker und Süßungsmitteln	Quark preparation < 10 % fat in dry matter, with fruit preparation, sugar and artificial sweeteners	65	9.02	0.15	6.21
V414272	Hähnchen ganz, entbeint, mit Haut, tiefgefroren, gegrillt	Chicken whole, boneless, with skin, deep-frozen, grilled	239	25.61	15.18	0
X4A9000	Grünkohl-Eintopf mit Kartoffeln	Curly kale-stew with potatoes	66	2.43	2.2	7.5
U891272	Schaf Hinterhaxe, mager, tiefgefroren, gegrillt	Sheep hindshank, lean, deep-frozen, grilled	161	29.7	4.72	0
Y848912	Heidelbeerkompott ungesüßt	Blueberry compote unsweetened	48	0.4	0.5	7.5
X336661	Pfeffersauce von dunkler/brauner Grundsauce	Pepper sauce from brown basic sauce	74	1.2	5	5.8
V217262	Hirsch Rücken, tiefgefroren, gebraten ohne Fett (Ofen)	Venison saddle, deep-frozen, fried without fat (oven)	140	26.81	3.66	0
E606032	Semmelknödel gekocht	White bread dumplings boiled	156	7.04	4.05	22.03
E438032	Eier-Frischteigwaren gekocht	Fresh egg pasta boiled	172	7.26	2.29	29.64
G090200	Gemüsemischung Kaisergemüse, tiefgefroren	Mixed vegetables (carrots, cauliflower and broccoli florets) deep-frozen	36	2.31	0.43	4.4
T601272	Barsch/Flussbarsch, tiefgefroren, gegrillt	European perch deep-frozen, grilled	96	22.54	0.7	0
G480282	Speisezwiebel tiefgefroren, gebraten ohne Fett (Pfanne)	Onion deep-frozen, fried without fat (pan)	59	2.04	0.27	10.6
V481272	Pute Fleisch, ohne Haut, tiefgefroren, gegrillt	Turkey meat, without skin, deep-frozen, grilled	134	26.97	2.9	0
X5A9050	Selleriegemüse gekocht	Celeriac boiled (with lemon juice and salt)	26	1.33	0.3	2.41
T633252	Meeräsche tiefgefroren, gedünstet	Grey mullet deep-frozen, stewed	98	18.21	2.75	0
R481132	Vanillepudding, Flammeri, zubereitet aus Pulver und Milch 3,5 % Fett, gesüßt	Vanilla pudding made from powder, milk 3.5 % fat and sugar	101	3.11	3.04	15.32
G470252	Porree/Lauch, tiefgefroren, gedünstet	Leek deep-frozen, stewed	37	1	0.3	6
G620232	Karotte/Möhre, tiefgefroren, gekocht	Carrot deep-frozen, boiled	38	0.73	0.41	6.26
X614313	Kartoffelschichtspeise mit Sauerkraut und Kochschinken, überbacken	Potato layer dish with sauerkraut and boiled ham, gratinated	89	5.2	3.6	7.29
Y888312	Süßkirschkompott zuckerreduziert	Sweet cherry compote sugar-reduced	74	0.72	0.25	16.58
X4B3020	Schinkennockerln, Suppeneinlage	Ham dumplings as soup garnish	277	11.34	15.19	22.63
V464272	Ente Fleisch, mit Haut, tiefgefroren, gegrillt	Duck meat, with skin, deep-frozen, grilled	268	24.98	18.65	0
X5A6030	Lauch gedünstet, mit Butter und Käse	Leek stewed, with butter and cheese	108	3.26	7.79	5
Y882510	Quark (Halbfettstufe) mit Konfitüre	Quark (min. 20 % fat in dry matter) with jam	127	10.6	4.4	10.4
G311252	Blumenkohl tiefgefroren, gedünstet	Cauliflower deep-frozen, stewed	36	1.4	0.34	6.11
X323243	Zwiebelsauce von dunkler/brauner Grundsauce	Onion sauce from brown basic sauce	67	1.15	4.2	5.69
D720400	Brandmasse/Brandteig, gebacken	Choux pastry baked	274	10.38	14.29	24.94
W410432	Schwein Schinkenspeck, Rohpökelware, geräuchert, gekocht	Pork bacon (ham) raw cured, smoked, boiled	137	25.2	3.79	0.59
D630800	Waffelkekse mit Nuss-Nougatcremefüllung, schokoliert	Waffle biscuits with chocolate nut filling and chocolate icing	499	6.47	29.22	50.2
V511242	Rind Herz, tiefgefroren, geschmort ohne Fett	Beef heart, deep-frozen, braised without fat	197	29.24	8.89	0
V486242	Pute Brust, ohne Haut, tiefgefroren, geschmort ohne Fett	Turkey breast, without skin, deep-frozen, braised without fat	145	34.11	0.91	0
U171262	Rind Bratenfleisch (Bug) tiefgefroren, gebraten ohne Fett (Ofen)	Beef meat for roasting (shoulder) deep-frozen, fried without fat (oven)	161	26.93	5.89	0
V485272	Pute Keule, ohne Haut, tiefgefroren, gegrillt	Turkey leg, without skin, deep-frozen, grilled	176	31.54	5.55	0
K703432	Morchel getrocknet, gekocht	Morel dried, boiled	121	10.13	1.3	2.4
U522262	Schwein Stielkotelett, tiefgefroren, gebraten ohne Fett (Ofen)	Pork chop (loin) deep-frozen, fried without fat (oven)	203	26.63	10.75	0
X744063	Teigwaren eifrei, mit Kalbsgulasch	Pasta egg-free, with veal goulash	115	11.4	2.9	10.4
R9A3300	Puddingfüllung für Gebäck/Torten	Pudding filling for pastry/tortes	129	3.2	3.53	20.98
W221072	Rheinische Bratwurst gegrillt	Rhenish bratwurst grilled	240	12.28	21.11	0.09
V111262	Pferd Fleisch, tiefgefroren, gebraten ohne Fett (Ofen)	Horse meat, deep-frozen, fried without fat (oven)	150	29.52	3.27	0.58
E606022	Semmelknödel gedämpft	White bread dumplings steamed	156	6.96	3.91	22.51
T900352	Meeresfrüchtemischung gedünstet	Shellfish (frutti di mare) stewed	58	11.42	1.42	0
U872242	Schaf Vorderhaxe, mittelfett, tiefgefroren, geschmort ohne Fett	Sheep foreshank, medium fat, deep-frozen braised without fat	242	27.9	14.5	0
U882242	Schaf Keule, mittelfett, tiefgefroren, geschmort ohne Fett	Sheep leg, medium fat, deep-frozen, baked	242	27.9	14.5	0
X637012	Kartoffelpüree, zubereitet aus Instantpulver und Milch 3,5 % Fett	Potato puree, made from instant powder and milk 3.5 % fat	108	4.61	3.59	13.84
D7B6000	Mürbchen (Mürbeteig) schokoliert	Shortcrust pastry biscuit with chocolate icing	501	6.54	26.61	57.1
V417282	Hähnchen Flügel, mit Haut, tiefgefroren, gebraten ohne Fett (Pfanne)	Chicken wings, with skin, deep-frozen, fried without fat (pan)	219	25.66	12.94	0
U331262	Kalb Steak (Rücken) tiefgefroren, gebraten ohne Fett (Ofen)	Veal steak (loin) deep-frozen, fried without fat (oven)	150	30.4	3.18	0
T604282	Katfisch/Steinbeißer, tiefgefroren, gebraten ohne Fett (Pfanne)	Catfish/wolffish, deep-frozen, fried without fat (pan)	97	18.76	2.4	0
D710100	Schokoladen-Biskuitplätzchen	Chocolate sponge biscuits	420	12.9	9.43	68.4
T402252	Stint tiefgefroren, gedünstet	European smelt deep-frozen, stewed	77	15.54	1.62	0
Y836312	Mangokompott	Mango compote	90	0.7	0.34	20
X147242	Lauchsalat (gegart) mit Essigmarinade	Leek salad (cooked) with vinegar marinade	110	1.84	8.96	4
Y144323	Rinderragout mit Paprika	Beef ragout with sweet pepper	164	16.59	9.3	3.15
V474262	Gans Fleisch, mit Haut, tiefgefroren, gebraten ohne Fett (Ofen)	Goose meat, with skin, deep-frozen, fried without fat (oven)	257	22.73	18.51	0
U622242	Schwein Kotelett (Rücken/cranial) tiefgefroren, geschmort ohne Fett	Pork loin (cranial part) deep-frozen, braised without fat	219	27.53	12.07	0
V468282	Ente Innereien, tiefgefroren, gebraten ohne Fett (Pfanne)	Duck giblets, deep-frozen, fried without fat (pan)	240	27	14.62	0
W115282	Westfälische grobe Mettwurst, gebraten ohne Fett (Pfanne)	Westphalian coarse Mettwurst sausage, fried without fat (pan)	390	20.4	34.14	0.18
U632262	Schwein Kamm, tiefgefroren, gebraten ohne Fett (Ofen)	Pork neck, deep-frozen, fried without fat (oven)	205	24.66	11.78	0
U025162	Schwein Frikadelle, gebraten ohne Fett (Ofen)	Pork patty, fried without fat (oven)	270	19.07	19.08	5
S560400	Zartbitter-/Halbbitterschokolade, mit Haselnüssen	Bittersweet/semisweet chocolate, with hazelnuts	570	9.03	40.34	38.3
X3A7060	Mayonnaise, gestreckt mit saurer Sahne	Mayonnaise, diluted with sour cream	419	2.6	44.3	2.2
G470232	Porree/Lauch, tiefgefroren, gekocht	Leek deep-frozen, boiled	31	0.8	0.26	5
T753232	Garnele/Granat/Krabbe, tiefgefroren, gekocht	Common shrimp deep-frozen, boiled	94	19.11	1.97	0
V485262	Pute Keule, ohne Haut, tiefgefroren, gebraten ohne Fett (Ofen)	Turkey leg, without skin, deep-frozen, fried without fat (oven)	189	34.69	5.55	0
E401062	Teigwaren eifrei, gekocht, gebacken	Pasta egg-free, boiled, baked	165	6.1	0.8	32.59
E604332	Eierteigwaren mit Weizenkeimen, gekocht	Egg pasta with wheat germ, boiled	139	6.09	1.06	25.24
Y725512	Rührei gebraten mit Zwiebeln	Scrambled eggs fried with onions	192	12.07	15.41	1.06
U733272	Schaf Filetsteak, tiefgefroren, gegrillt	Sheep fillet steak, deep-frozen, grilled	170	33.15	4.18	0
X531053	Blumenkohl gekocht, mit Grundsauce hell/weiß	Cauliflower boiled, with white basic sauce	48	1.48	2.7	4.31
Y8A5000	Creme brulee	Creme brulee	351	5.3	24.7	26.82
Y855543	Kirschgrütze	Cherry jelly	114	0.66	0.35	25.95
U721282	Schaf Kotelett, tiefgefroren, gebraten ohne Fett (Pfanne)	Sheep chop (loin) deep-frozen, fried without fat (pan)	393	19.39	35.07	0
T124282	Gelbflossen-Thun tiefgefroren, gebraten ohne Fett (Pfanne)	Yellowfin tuna deep-frozen, fried without fat (pan)	121	29	0.55	0
T209252	Seehecht tiefgefroren, gedünstet	Hake deep-frozen, stewed	78	15.36	1.84	0
G620242	Karotte/Möhre, tiefgefroren, geschmort ohne Fett	Carrot deep-frozen, braised without fat	44	0.82	0.46	7.11
Y301122	Eisbein gepökelt, gekocht	Pork foreshank (hock) "Eisbein" cured, boiled	196	23.03	11.29	0.58
V494242	Taube Fleisch, mit Haut, tiefgefroren, geschmort ohne Fett	Pigeon meat, with skin, deep-frozen, braised without fat	202	32.05	8.23	0
U471142	Kalb Haxe, geschmort ohne Fett	Veal shank, braised without fat	140	24.19	4.81	0
V478242	Gans Innereien, tiefgefroren, geschmort ohne Fett	Goose giblets, deep-frozen, braised without fat	210	26.6	11.51	0
V432232	Suppenhuhn Fleisch, mit Haut, tiefgefroren, gekocht	Boiling fowl meat, with skin, deep-frozen, boiled	246	24.48	16.42	0
V417272	Hähnchen Flügel, mit Haut, tiefgefroren, gegrillt	Chicken wings, with skin, deep-frozen, grilled	286	28.8	19.03	0
G920232	Gemüsemischung Leipziger Allerlei, tiefgefroren, gekocht	Mixed vegetables "Leipziger Allerlei", deep-frozen, boiled	61	3.4	0.42	8.69
B8A8072	Toastbrot glutenfrei, getoastet	Toast gluten-free, toasted	271	2	4.91	54
U030142	Kalb Hackfleisch, geschmort ohne Fett	Veal mince, braised without fat	208	23.03	12.84	0
V250242	Wildschwein Fleisch, tiefgefroren, geschmort ohne Fett	Wild boar meat, deep-frozen, braised without fat	204	26.85	10.78	0
K718432	Steinpilz getrocknet, gekocht	Porcini mushroom dried, boiled	140	16.19	1.2	9.8
V469072	Ente Fleisch, mit Haut, mariniert, gegrillt	Duck meat with skin marinated, grilled	278	23.35	20.42	0.18
K713432	Pfifferling getrocknet, gekocht	Chanterelle dried, boiled	126	18.65	1.29	2.63
U080282	Rind Leberhack, tiefgefroren, gebraten ohne Fett (Pfanne)	Beef liver mince, deep-frozen, fried without fat (pan)	159	22.81	4.58	6.62
T780282	Europäische Auster tiefgefroren, gebraten ohne Fett (Pfanne)	European oyster deep-frozen, fried without fat (pan)	73	9.61	3.3	1.23
D701400	Zedernbrot	"Zedernbrot" lemon almond biscuits	396	8.9	15.8	52.4
G346132	Weinsauerkraut gekocht	Wine sauerkraut boiled	18	1.05	0.29	0.94
E500082	Vollkornteigwaren eifrei, gekocht, gebraten ohne Fett (Pfanne)	Wholemeal pasta egg-free, boiled, fried without fat (pan)	132	5.5	1.13	23
G570232	Zuckermais tiefgefroren, gekocht	Sweetcorn deep-frozen, boiled	67	3	1.25	9.6
M2N3400	Sahnejoghurt mind. 10 % Fett, mit Fruchtzubereitung und Süßungsmitteln	Yogurt min. 10 % fat, with fruit preparation and artificial sweeteners	110	2.8	8.27	5.4
D9A2500	Vollkornhefezopf	Wholemeal braided yeast bread	273	8.4	8.26	38
V513242	Schwein Herz, tiefgefroren, geschmort ohne Fett	Pork heart, deep-frozen, braised without fat	195	29.11	8.7	0
U030132	Kalb Hackfleisch, gekocht	Veal mince, boiled	219	24.57	13.41	0
E401082	Teigwaren eifrei, gekocht, gebraten ohne Fett (Pfanne)	Pasta egg-free, boiled, fried without fat (pan)	149	5.5	0.72	29.27
D651500	Printen schokoliert	Chocolate printen	424	5.5	13.4	68.5
U020242	Schwein Hackfleisch, tiefgefroren, geschmort ohne Fett	Pork mince, deep-frozen, braised without fat	393	27.71	31.36	0
X329153	Weißweinsauce von heller/weißer Grundsauce	White wine sauce from white basic sauce	50	0.64	3.5	2.85
Y683312	Muscheln gedämpft, im Weißweinsud	Mussels steamed, in white wine stock	91	3.95	6.65	0.22
G312262	Broccoli tiefgefroren, gebacken	Broccoli deep-frozen, baked	45	3.1	0.93	3.5
U741262	Schaf Schnitzel (Keule, mager) tiefgefroren, gebraten ohne Fett (Ofen)	Sheep schnitzel (leg, lean) deep-frozen, fried without fat (oven)	161	29.8	4.67	0
X470043	Vanille-Milchsuppe mit Ei, gebunden mit Stärke	Vanilla-milk soup with egg, thickened with starch	103	5	4.85	9.73
V232242	Hase Fleisch, tiefgefroren, geschmort ohne Fett	Hare meat, deep-frozen, braised without fat	155	30.63	3.59	0
G090132	Gemüsemischung Kaisergemüse, gekocht	Mixed vegetables (carrots, cauliflower and broccoli florets) boiled	31	1.96	0.36	3.9
X332263	Champignonsauce von dunkler/brauner Grundsauce	Button mushroom sauce from brown basic sauce	72	1.7	4.8	5.36
G761232	Zuckererbse tiefgefroren, gekocht	Sugar pea deep-frozen, boiled	40	4	0.2	4.6
T797232	Venusmuschel tiefgefroren, gekocht	Venus clam deep-frozen, boiled	73	13.8	1.2	1.8
X330363	Rosinensauce von dunkler/brauner Grundsauce	Raisin sauce from brown basic sauce	88	1.2	4.7	9.6
U271242	Rind Vorderhesse, tiefgefroren, geschmort ohne Fett	Beef shin/foreshank, deep-frozen, braised without fat	163	27.13	6.06	0
T501282	Karpfen tiefgefroren, gebraten ohne Fett (Pfanne)	Carp deep-frozen, fried without fat (pan)	138	21.38	5.83	0
U741282	Schaf Schnitzel (Keule, mager) tiefgefroren, gebraten ohne Fett (Pfanne)	Sheep schnitzel (leg, lean) deep-frozen, fried without fat (pan)	168	31.1	4.87	0
G450232	Spargel tiefgefroren, gekocht	Asparagus deep-frozen, boiled	34	2.39	0.19	4.85
U461262	Kalb Bug/Schulter, tiefgefroren, gebraten ohne Fett (Ofen)	Veal shoulder, deep-frozen, fried without fat (oven)	120	27.5	1.09	0
G730232	Dicke Bohne unreif, tiefgefroren, gekocht	Broad bean immature, deep-frozen, boiled	68	5.8	0.7	6.4
S202200	Speiseeis (Schokolade, Vanille) gemischt, mit Eierlikör	Ice cream mixed (chocolate, vanilla) with egg liqueur	223	3.12	9.92	26.1
X5B1110	Gemüse-Kartoffel-Brei, mit Karotte, Kürbis (ohne Salz, geeignet für Beikost)	Vegetable-potato purree, with carrot and pumpkin (without salt, suitable as baby food)	86	0.94	4.96	8.39
X326653	Kümmelsauce von heller/weißer Grundsauce	Caraway seed sauce from white basic sauce	57	0.79	4.2	3.62
F602300	Limettensaft Konzentrat	Lime concentrate	148	2.76	1.2	9.31
U070232	Rind Tatar/Schabefleisch, tiefgefroren, gekocht	Beef mince, lean, deep-frozen, boiled	166	33	3.75	0
X331143	Tomatensauce aus frischen Tomaten und saurer Sahne	Tomato sauce of fresh tomatoes and sour cream	112	1.13	9.6	4.4
P9A7000	Cocktail, Pina Colada	Cocktail, Pina colada	89	0.58	3.92	2.8
T793262	Pilgermuschel/Jakobsmuschel, tiefgefroren, gratiniert ohne Fett (Ofen)	Scallop deep-frozen, gratinated without fat (oven)	69	16.99	0.11	0
G210262	Spinat tiefgefroren, gebacken	Spinach deep-frozen, baked	24	2.72	0.37	1.16
D7A7200	Franzbrötchen (Plunderteig)	"Franzbrötchen" Danish pastry, filled with cinnamon-sugar	567	5.48	34.85	57
G470242	Porree/Lauch, tiefgefroren, geschmort ohne Fett	Leek deep-frozen, braised without fat	38	1.1	0.34	6
K706432	Butterpilz getrocknet, gekocht	Brown-yellow boletus (slippery jack) dried, boiled	131	10.54	1.49	13.52
T406282	Felchen/Maräne/Renke/Schnäpel, tiefgefroren, gebraten ohne Fett (Pfanne)	Whitefishes deep-frozen, fried without fat (pan)	132	24.49	3.61	0
U471162	Kalb Haxe, gebraten ohne Fett (Ofen)	Veal shank, fried without fat (oven)	144	25.04	4.88	0
K701282	Champignon tiefgefroren, gebraten ohne Fett (Pfanne)	Button mushroom deep-frozen, fried without fat (pan)	58	7.51	0.56	5.9
U733282	Schaf Filetsteak, tiefgefroren, gebraten ohne Fett (Pfanne)	Sheep fillet steak, deep-frozen, fried without fat (pan)	156	31.38	3.44	0
V486282	Pute Brust, ohne Haut, tiefgefroren, gebraten ohne Fett (Pfanne)	Turkey breast, without skin, deep-frozen, fried without fat (pan)	148	33.74	1.41	0
F203700	Pfirsichnektar	Peach nectar	48	0.3	0.04	11.6
V484242	Pute Fleisch, mit Haut, tiefgefroren, geschmort ohne Fett	Turkey meat, with skin, deep-frozen, braised without fat	172	26.55	7.29	0
X131460	Blumenkohlsalat (gegart) mit Essigmarinade	Cauliflower salad (cooked) with vinegar marinade	132	1.42	12.08	3.84
Y646132	Felchenfilet in Mandelkruste gebacken	Whitefish fillet baked in almond crust	225	27.12	12.07	0.63
U642232	Schwein Bauch (wie gewachsen) tiefgefroren, gekocht	Pork belly (untrimmed) deep-frozen, boiled	357	22.49	29.64	0
U023262	Schwein Hackfleisch, tiefgefroren, gebraten ohne Fett (Pfanne)	Pork mince, deep-frozen, fried without fat (pan)	339	25.35	26.44	0
U863232	Schaf Bug/Schulter, fett, tiefgefroren, gekocht	Sheep shoulder, fat, deep-frozen, boiled	408	27.2	33.3	0
U131262	Rind Steak (Rücken) tiefgefroren, gebraten ohne Fett (Ofen)	Beef steak (loin) deep-frozen, fried without fat (oven)	162	29.52	4.88	0
V488242	Pute Innereien, tiefgefroren, geschmort ohne Fett	Turkey giblets, deep-frozen, braised without fat	210	26.6	11.51	0
V438232	Suppenhuhn Innereien, tiefgefroren, gekocht	Boiling fowl giblets, deep-frozen, boiled	204	25.2	11.51	0
U471172	Kalb Haxe, gegrillt	Veal shank, grilled	140	23.16	5.3	0
U884042	Schaf Keule, mager, mariniert, geschmort ohne Fett	Sheep leg, lean, marinated, braised without fat	165	30.7	4.43	0.48
T313282	Rotzunge tiefgefroren, gebraten ohne Fett (Pfanne)	Witch deep-frozen, fried without fat (pan)	84	18.41	1.12	0
Y860553	Schokoladenflammeri/Schokoladenpudding, mit Vanillesauce	Chocolate pudding with vanilla sauce	123	3.9	4.26	17.1
F092152	Beerenmischung mit Sauerkirschen, ungesüßt, gedünstet	Berry mix with sour cherries, unsweetened, stewed	53	1.2	0.3	8.4
U510082	Schwein Filetmedaillon, mariniert, gebraten ohne Fett (Pfanne)	Pork fillet medallion, marinated, fried without fat (pan)	164	26.6	6.2	0.14
T103802	Matjeshering in Öl, Präserve, abgetropft	Matjes herring in oil, semi-preserved, drained	427	14.94	40.23	0
X531263	Blumenkohl gedünstet, mit Bechamelsauce	Cauliflower stewed, with Bechamel sauce	68	2.53	3.8	5.52
U331272	Kalb Steak (Rücken) tiefgefroren, gegrillt	Veal steak (loin) deep-frozen, grilled	131	25.72	3.16	0
V464282	Ente Fleisch, mit Haut, tiefgefroren, gebraten ohne Fett (Pfanne)	Duck meat, with skin, deep-frozen, fried without fat (pan)	264	33.13	14.6	0
K750162	Mischpilze gebacken	Mixed mushrooms baked	47	4.9	0.4	3
U040100	Schwein/Rind, Hackfleisch gemischt, roh	Pork/beef, mince mixed, raw	250	18.43	19.55	0
V465272	Ente Schenkel, mit Haut, tiefgefroren, gegrillt	Duck leg, with skin, deep-frozen, grilled	258	24.39	17.81	0
U512172	Schwein Filetmedaillon, mariniert, gegrillt	Pork fillet medaillon, marinated, grilled	172	26.5	7.2	0.14
T601232	Barsch/Flussbarsch, tiefgefroren, pochiert	European perch deep-frozen, poached	70	16.05	0.6	0
T302282	Steinbutt tiefgefroren, gebraten ohne Fett (Pfanne)	Turbot deep-frozen, fried without fat (pan)	97	19.83	1.95	0
T102702	Bückling (Hering) in Öl, Konserve, abgetropft	Herring in oil, canned, drained	238	19.13	17.89	0
U622272	Schwein Kotelett (Rücken/cranial) tiefgefroren, gegrillt	Pork loin (cranial part) deep-frozen, grilled	226	27.64	12.84	0
V486272	Pute Brust, ohne Haut, tiefgefroren, gegrillt	Turkey breast, without skin, deep-frozen, grilled	139	31.71	1.3	0
W620000	Eisbein, Kochpökelware, gekocht	Pork foreshank (hock) "Eisbein" cooked cured, boiled	186	26.32	8.68	0.58
Y771350	Kartoffeln gekocht, mit Kräuterquark und Butter	Potatoes boiled, with herb quark and butter	101	5.29	4.1	9.9
U872232	Schaf Vorderhaxe, mittelfett, tiefgefroren, gekocht	Sheep foreshank, medium fat, deep-frozen boiled	259	29.8	15.5	0
E500062	Vollkornteigwaren eifrei, gekocht, gebacken	Wholemeal pasta egg-free, boiled, baked	147	6.1	1.26	25.6
D771500	Hörnchen (Blätterteig)	Crescent roll (puff pastry)	425	4.18	32.19	28.65
K750432	Mischpilze getrocknet, gekocht	Mixed mushrooms dried, boiled	134	13.8	1.1	8.48
T730232	Hummer tiefgefroren, gekocht	Lobster deep-frozen, boiled	80	14.72	2.35	0
W410462	Schwein Schinkenspeck, Rohpökelware, geräuchert, gebraten ohne Fett (Ofen)	Pork bacon (ham) raw cured, smoked, fried without fat (oven)	133	24.04	3.81	0.58
V454262	Perlhuhn Fleisch, mit Haut, tiefgefroren, gebraten ohne Fett (Ofen)	Guineafowl meat, with skin, deep-frozen, fried without fat (oven)	167	29.9	5.23	0
G490242	Knoblauch tiefgefroren, geschmort ohne Fett	Garlic deep-frozen, braised without fat	134	8.32	0.58	4
G490232	Knoblauch tiefgefroren, gekocht	Garlic deep-frozen, boiled	111	6.88	0.48	3
U452242	Kalb Brust, tiefgefroren, geschmort ohne Fett	Veal breast, deep-frozen, braised without fat	229	23.06	15.15	0
T753172	Garnele/Granat/Krabbe, gekocht, gegrillt	Common shrimp boiled, grilled	138	27.95	2.94	0
U010182	Rind Hackfleisch, gebraten ohne Fett (Pfanne)	Beef mince, fried without fat (pan)	303	26.58	21.85	0
G620252	Karotte/Möhre, tiefgefroren, gedünstet	Carrot deep-frozen, stewed	46	0.86	0.48	7.44
V413282	Hähnchen Fleisch, ohne Haut, tiefgefroren, gebraten ohne Fett (Pfanne)	Chicken meat, without skin, deep-frozen, fried without fat (pan)	156	27.5	5.1	0
V232262	Hase Fleisch, tiefgefroren, gebraten ohne Fett (Ofen)	Hare meat, deep-frozen, fried without fat (oven)	135	26.65	3.13	0
D7A7100	Plunderteig gebacken	Danish pastry baked	486	8.85	28.46	47
V416272	Hähnchen Brustfilet, tiefgefroren, gegrillt	Chicken breast fillet, deep-frozen, grilled	140	30.29	2.05	0
U421242	Kalb Rücken, tiefgefroren, geschmort ohne Fett	Veal loin, deep-frozen, braised without fat	130	26.2	2.79	0
V486262	Pute Brust, ohne Haut, tiefgefroren, gebraten ohne Fett (Ofen)	Turkey breast, without skin, deep-frozen, fried without fat (oven)	164	37.87	1.41	0
U724082	Schaf Kotelett, mariniert, gebraten ohne Fett (Pfanne)	Sheep chop (loin) marinated, fried without fat (pan)	356	18.24	31.2	0.46
U030162	Kalb Hackfleisch, gebraten ohne Fett (Ofen)	Veal mince, fried without fat (oven)	240	26.98	14.72	0
U511272	Schwein Filetmedaillon, tiefgefroren, gegrillt	Pork fillet medaillon, deep-frozen, grilled	148	28.79	3.63	0
W226000	Wollwurst/Geschwollene	Wollwurst sausage (without casing)	196	11	16.86	0.08
T402282	Stint tiefgefroren, gebraten ohne Fett (Pfanne)	European smelt deep-frozen, fried without fat (pan)	100	20.66	1.91	0
Y993140	Vanillesahneeis mit Orangenlikör	Vanilla cream ice cream with orange liqueur	293	3	20.5	16.5
V222242	Reh Rücken, tiefgefroren, geschmort ohne Fett	Roe deer saddle, deep-frozen, braised without fat	152	29.15	3.89	0
U342272	Kalb Schnitzel (Keule) tiefgefroren, gegrillt	Veal schnitzel (round) deep-frozen, grilled	116	26.85	0.92	0
U482262	Kalb Keule, tiefgefroren, gebraten ohne Fett (Ofen)	Veal round, deep-frozen, fried without fat (oven)	114	26.85	0.78	0
T106702	Sprotte in Öl, Konserve, abgetropft	Sprat in oil, canned, drained	244	17.28	19.4	0
V604182	Hähnchen Innereien, gebraten ohne Fett (Pfanne)	Chicken giblets, fried without fat (pan)	163	25.05	6.94	0
Y842812	Erdbeerkompott ungesüßt	Strawberry compote unsweetened	41	0.85	0.37	6.94
G332252	Rosenkohl tiefgefroren, gedünstet	Brussels sprouts deep-frozen, stewed	47	5.15	0.39	2.62
K750200	Mischpilze tiefgefroren	Mixed mushrooms deep-frozen	43	4.4	0.4	2.71
V531282	Rind Leber, tiefgefroren, gebraten ohne Fett (Pfanne)	Beef liver, deep-frozen, fried without fat (pan)	159	22.81	4.58	6.62
Y846753	Milchreis mit Milch 3,5 % Fett und Stachelbeerkompott	Rice pudding with milk 3.5 % fat and gooseberry compote	126	3.69	2.34	22.1
V478282	Gans Innereien, tiefgefroren, gebraten ohne Fett (Pfanne)	Goose giblets, deep-frozen, fried without fat (pan)	236	26.6	14.39	0
G332232	Rosenkohl tiefgefroren, gekocht	Brussels sprouts deep-frozen, boiled	40	4.45	0.34	2.26
Y8A5060	Sahneflammeri/Sahnepudding (als Dessert) mit Schokoladensauce	Cream pudding (as dessert) with chocolate sauce	202	4	12.92	17.4
V533282	Schwein Leber, tiefgefroren, gebraten ohne Fett (Pfanne)	Pork liver, deep-frozen, fried without fat (pan)	147	23.15	5.55	1.16
E430062	Eierteigwaren gekocht, gebacken	Egg pasta boiled, baked	148	5.9	1.03	28.09
F601300	Zitronensaft Konzentrat	Lemon concentrate	150	3.12	1.5	8.43
V474282	Gans Fleisch, mit Haut, tiefgefroren, gebraten ohne Fett (Pfanne)	Goose meat, with skin, deep-frozen, fried without fat (pan)	296	24.17	22.14	0
U721272	Schaf Kotelett, tiefgefroren, gegrillt	Sheep chop (loin) deep-frozen, grilled	464	20.43	42.51	0
G332262	Rosenkohl tiefgefroren, gebacken	Brussels sprouts deep-frozen, baked	53	5.82	0.45	2.96
U131272	Rind Steak (Rücken) tiefgefroren, gegrillt	Beef steak (loin) deep-frozen, grilled	151	26.28	5.1	0
Y8A1000	Zabaione (mit Alkohol)	Zabaione (with alcohol)	360	5.3	10.8	48
V494262	Taube Fleisch, mit Haut, tiefgefroren, gebraten ohne Fett (Ofen)	Pigeon meat, with skin, deep-frozen, fried without fat (oven)	217	32.98	9.5	0
X2A1090	Rettichsalat mit Essigmarinade	Radish salad with vinegar marinade	96	0.88	8.75	2.44
V250272	Wildschwein Fleisch, tiefgefroren, gegrillt	Wild boar meat, deep-frozen, grilled	209	25.64	11.85	0
G312282	Broccoli tiefgefroren, gebraten ohne Fett (Pfanne)	Broccoli deep-frozen, fried without fat (pan)	63	4.4	1.33	4.8
W221382	Currybratwurst gebraten ohne Fett (Pfanne)	Curry-Bratwurst fried without fat (pan)	257	13.38	22.57	0.05
K120264	Kartoffel ungeschält, tiefgefroren, gebacken	Potatoe unpeeled, deep-frozen, baked	114	2.73	0.13	24.6
G994182	Gemüsemischung asiatische Art, gebraten ohne Fett (Pfanne)	Mixed vegetables Asian style, fried without fat (pan)	44	3	0.4	5.4
B111272	Weizenvollkorntoastbrot getoastet	Wholemeal wheat toast toasted	292	10.4	4.32	48
V512282	Kalb Herz, tiefgefroren, gebraten ohne Fett (Pfanne)	Veal heart, deep-frozen, fried without fat (pan)	158	23.48	7.16	0
U611262	Schwein Filet/Lende, tiefgefroren, gebraten ohne Fett (Ofen)	Pork tenderloin, deep-frozen, fried without fat (oven)	144	28.87	3.17	0
T124252	Gelbflossen-Thun tiefgefroren, gedünstet	Yellowfin tuna deep-frozen, stewed	91	21.8	0.47	0
U452232	Kalb Brust, tiefgefroren, gekocht	Veal breast, deep-frozen, boiled	232	23.66	15.21	0
W244000	Fleischkäse weiß	White fleischkaese sausage	299	14.55	26.68	0.1
U171242	Rind Bratenfleisch (Bug) tiefgefroren, geschmort ohne Fett	Beef meat for roasting (shoulder) deep-frozen, braised without fat	163	27.13	6.06	0
V604142	Hähnchen Innereien, geschmort ohne Fett	Chicken giblets, braised without fat	172	28.69	6.36	0
G650232	Schwarzwurzel tiefgefroren, gekocht	Black salsify deep-frozen, boiled	58	1.39	0.43	8.3
D422600	Kuchen aus Rührmasse/Rührkuchen	Pound cake (cake batter)	393	7.4	18.42	48.4
V485282	Pute Keule, ohne Haut, tiefgefroren, gebraten ohne Fett (Pfanne)	Turkey leg, without skin, deep-frozen, fried without fat (pan)	166	29.54	5.31	0
U281242	Rind Keule, tiefgefroren, geschmort ohne Fett	Beef round, deep-frozen, braised without fat	188	28.6	8.2	0
S581300	Milchschokoladen-Riegel gefüllt mit Vollkornkeks	Milk chocolate bar filled with wholemeal biscuit	528	6.96	30.63	53.7
U892262	Schaf Hinterhaxe, mittelfett, tiefgefroren, gebraten ohne Fett (Ofen)	Sheep hindshank, medium fat, deep-frozen, fried without fat (oven)	219	25.2	13.1	0
T612252	Schwertfisch tiefgefroren, gedünstet	Swordfish deep-frozen, stewed	96	17.32	2.96	0
W207032	Geflügelbockwurst mit Schweinefleisch, gargezogen	Poultry bockwurst with pork, poached	126	12.22	8.6	0
U133172	Rind Steak (Rücken) mariniert, gegrillt	Beef steak (loin) marinated, grilled	166	24.14	7.49	0.16
V414262	Hähnchen ganz, entbeint, mit Haut, tiefgefroren, gebraten ohne Fett (Ofen)	Chicken whole, boneless, with skin, deep-frozen, fried without fat (oven)	208	24.17	12.37	0
U541262	Schwein Schnitzel (Oberschale) tiefgefroren, gebraten ohne Fett (Ofen)	Pork schnitzel (topside) deep-frozen, fried without fat (oven)	131	28.12	2.03	0
V351282	Wachtel Fleisch, ohne Haut, tiefgefroren, gebraten ohne Fett (Pfanne)	Quail meat, without skin, deep-frozen, fried without fat (pan)	155	29.7	4.03	0
V416242	Hähnchen Brustfilet, tiefgefroren, geschmort ohne Fett	Chicken breast fillet, deep-frozen, braised without fat	134	30.13	1.53	0
U891242	Schaf Hinterhaxe, mager, tiefgefroren, geschmort ohne Fett	Sheep hindshank, lean, deep-frozen, braised without fat	159	30.3	4.19	0
W411332	Schwein Bauchspeck, Rohpökelware, geräuchert, gekocht	Pork streaky bacon, raw cured, smoked, boiled	305	19.81	24.86	0.58
G710252	Bohne grün, tiefgefroren, gedünstet	Bean green, deep-frozen, stewed	30	2	0.28	4
V413272	Hähnchen Fleisch, ohne Haut, tiefgefroren, gegrillt	Chicken meat, without skin, deep-frozen, grilled	172	27.8	6.7	0
U672262	Schwein Vordereisbein/Vorderhaxe, tiefgefroren, gebraten ohne Fett (Ofen)	Pork foreshank (hock) deep-frozen, fried without fat (oven)	249	31.2	13.78	0
U452262	Kalb Brust, tiefgefroren, gebraten ohne Fett (Ofen)	Veal breast, deep-frozen, fried without fat (oven)	234	23.87	15.35	0
T306282	Heilbutt/Weißer Heilbutt, tiefgefroren, gebraten ohne Fett (Pfanne)	Halibut/white halibut, deep-frozen, fried without fat (pan)	155	23.87	6.56	0
U030172	Kalb Hackfleisch, gegrillt	Veal mince, grilled	256	26.21	16.81	0
Y720662	Rührei gebraten mit Champignons	Scrambled eggs fried with button mushrooms	148	11.9	10.57	1.3
G450282	Spargel tiefgefroren, gebraten ohne Fett (Pfanne)	Asparagus deep-frozen, fried without fat (pan)	59	4.11	0.33	8.33
G994132	Gemüsemischung asiatische Art, gekocht	Mixed vegetables Asian style, boiled	28	1.9	0.3	3.3
G312232	Broccoli tiefgefroren, gekocht	Broccoli deep-frozen, boiled	33	2.3	0.69	2.5
U611272	Schwein Filet/Lende, tiefgefroren, gegrillt	Pork tenderloin, deep-frozen, grilled	154	29.97	3.78	0
T417252	Wildlachs tiefgefroren, gedünstet	Pacific salmon deep-frozen, stewed	163	17.36	10.42	0
E607032	Grießklößchen gekocht	Semolina dumplings boiled	122	6.26	4.98	12.63
T793282	Pilgermuschel/Jakobsmuschel, tiefgefroren, gebraten ohne Fett (Pfanne)	Scallop deep-frozen, fried without fat (pan)	68	16.65	0.11	0
T710282	Edelkrebs/Flusskrebs, tiefgefroren, gebraten ohne Fett (Pfanne)	Crayfish deep-frozen, fried without fat (pan)	79	18.27	0.6	0
D441400	Wiener Sandtorte	Viennese sand torte	407	4.94	22.85	44.9
W415032	Schwein Frühstücksspeck, Rohpökelware, geräuchert, gekocht	Pork breakfast bacon, raw cured, smoked, boiled	287	18.6	23.34	0.55
U281262	Rind Keule, tiefgefroren, gebraten ohne Fett (Ofen)	Beef round, deep-frozen, fried without fat (oven)	171	26.2	7.4	0
T410262	Lachs tiefgefroren, gebraten ohne Fett (Ofen)	Salmon deep-frozen, fried without fat (oven)	198	22.78	11.88	0
U892242	Schaf Hinterhaxe, mittelfett, tiefgefroren, geschmort ohne Fett	Sheep hindshank, medium fat, deep-frozen, braised without fat	242	27.9	14.5	0
U532272	Schwein Kammsteak, tiefgefroren, gegrillt	Pork steak (neck) deep-frozen, grilled	226	25.26	13.89	0
K701262	Champignon tiefgefroren, gebacken	Button mushroom deep-frozen, baked	50	6.36	0.47	5.1
Y463013	Lammschmorbraten mit Sauce	Braised lamb roast with sauce	139	19.03	6.2	1.69
G450262	Spargel tiefgefroren, gebacken	Asparagus deep-frozen, baked	37	2.56	0.2	5.2
G710232	Bohne grün, tiefgefroren, gekocht	Bean green, deep-frozen, boiled	28	1.9	0.26	3.6
G994142	Gemüsemischung asiatische Art, geschmort ohne Fett	Mixed vegetables Asian style, braised without fat	32	2.2	0.3	4.1
U291232	Rind Hinterhesse, tiefgefroren, gekocht	Beef leg/hindshank, deep-frozen, boiled	161	26.4	6.2	0
X651012	Kartoffeln (als Pellkartoffeln) gebraten	Potatoes boiled, peeled, fried	200	2.88	11.92	18.69
W222672	Rostbratwurst gegrillt	Rostbratwurst sausage grilled	201	18.09	14.26	0.09
V487282	Pute Flügel, mit Haut, tiefgefroren, gebraten ohne Fett (Pfanne)	Turkey wings, with skin, deep-frozen, fried without fat (pan)	264	27.5	17.1	0
U672232	Schwein Vordereisbein/Vorderhaxe, tiefgefroren, gekocht	Pork foreshank (hock) deep-frozen, boiled	238	29.99	13.11	0
U411262	Kalb Filet/Lende, tiefgefroren, gebraten ohne Fett (Ofen)	Veal fillet (tenderloin) deep-frozen, fried without fat (oven)	135	29.07	2.08	0
X462153	Gemüse-Eintopf mit Rindfleisch	Vegetable stew with beef	75	5.39	2.9	6
G210282	Spinat tiefgefroren, gebraten ohne Fett (Pfanne)	Spinach deep-frozen, fried without fat (pan)	30	3.45	0.47	1.46
U872272	Schaf Vorderhaxe, mittelfett, tiefgefroren, gegrillt	Sheep foreshank, medium fat, deep-frozen grilled	256	27.3	16.3	0
U863242	Schaf Bug/Schulter, fett, tiefgefroren, geschmort ohne Fett	Sheep shoulder, fat, deep-frozen, braised without fat	383	25.5	31.2	0
V250232	Wildschwein Fleisch, tiefgefroren, gekocht	Wild boar meat, deep-frozen, boiled	224	29.41	11.81	0
X325053	Meerrettichsauce von heller/weißer Grundsauce	Horseradish sauce from white basic sauce	76	1.5	5.6	4.56
G210232	Spinat tiefgefroren, gekocht	Spinach deep-frozen, boiled	20	2.29	0.31	0.97
V487272	Pute Flügel, mit Haut, tiefgefroren, gegrillt	Turkey wings, with skin, deep-frozen, grilled	294	31.1	18.9	0
K740432	Austernpilz getrocknet, gekocht	Oyster mushroom dried, boiled	131	13.46	0.9	5.17
D9A3100	Vollkornmürbeteig süß gebacken	Wholemeal shortcrust pastry, sweetened, baked	510	7.46	29.56	50.4
T633282	Meeräsche tiefgefroren, gebraten ohne Fett (Pfanne)	Grey mullet deep-frozen, fried without fat (pan)	126	24.23	3.25	0
T410272	Lachs tiefgefroren, gegrillt	Salmon deep-frozen, grilled	206	22.94	12.65	0
V475242	Gans Schenkel tiefgefroren, geschmort ohne Fett	Goose leg (with skin) deep-frozen, braised without fat	195	22.57	11.62	0
G570282	Zuckermais tiefgefroren, gebraten ohne Fett (Pfanne)	Sweetcorn deep-frozen, fried without fat (pan)	84	3.8	1.57	12
T601282	Barsch/Flussbarsch, tiefgefroren, gebraten ohne Fett (Pfanne)	European perch deep-frozen, fried without fat (pan)	94	21.85	0.7	0
T302252	Steinbutt tiefgefroren, gedünstet	Turbot deep-frozen, stewed	74	14.91	1.65	0
G312252	Broccoli tiefgefroren, gedünstet	Broccoli deep-frozen, stewed	34	2.4	0.72	2.6
T720272	Languste tiefgefroren, gegrillt	Spiny lobster/rock lobster/crawfish, deep-frozen, grilled	115	25.16	1.64	0
V614242	Hähnchen Herz, tiefgefroren, geschmort ohne Fett	Chicken heart, deep-frozen, braised without fat	152	15.85	9.87	0
W223182	Geflügelbratwurst gebraten ohne Fett (Pfanne)	Poultry bratwurst fried without fat (pan)	220	13.35	18.43	0.1
N500600	Kaffeeersatz (Getränk) mit Zucker	Coffee substitute (infusion) with sugar	13	0.07	0	2.81
U020272	Schwein Hackfleisch, tiefgefroren, gegrillt	Pork mince, deep-frozen, grilled	363	24.52	29.41	0
V444262	Poularde Fleisch, mit Haut, tiefgefroren, gebraten ohne Fett (Ofen)	Poulard meat, with skin, deep-frozen, fried without fat (oven)	190	24.1	10.4	0
T415252	Königslachs tiefgefroren, gedünstet	Chinook salmon deep-frozen, stewed	163	17.36	10.42	0
T791232	Große Sandklaffmuschel tiefgefroren, gekocht	Softshell clam deep-frozen, boiled	54	9.84	1.64	0
U892272	Schaf Hinterhaxe, mittelfett, tiefgefroren, gegrillt	Sheep hindshank, medium fat, deep-frozen, grilled	256	27.3	16.3	0
X860142	Reisrand	"Reisrand" (boiled rice turned out of a mould)	185	5.3	9.16	20
X469413	Bigosch (Eintopf mit Schweinefleisch, Kartoffeln, Sauerkraut und Weißkraut)	"Bigosch" (stew with pork, potatoes, sauerkraut and white cabbage)	139	6.8	9.8	5
D1A2100	Kirsch-Streuselkuchen (Mürbeteig)	Cherry crumble cake (shortcrust pastry)	257	3.39	12.42	31.9
X411813	Fleischbrühe mit Leberklößchen	Meat stock with small liver dumplings	29	2.43	1	2.5
Y911260	Cheeseburger, doppelter	Double cheeseburger	230	13.2	12.7	14.7
X512163	Pfifferlinge gedünstet, in Grundsauce hell/weiß mit Sahne	Chanterelles stewed, in white basic sauce with cream	72	4.28	4.7	1.64
X511043	Champignons gedünstet, in Grundsauce hell/weiß mit Sahne	Button mushrooms stewed, in white basic sauce with cream	76	4.03	4.8	4
Y614323	Thunfisch gebraten, in Weißweinsauce von heller/weißer Grundsauce	Tuna fried, in white wine sauce from white basic sauce	113	11.3	6.4	1.67
S231000	Speiseeis mit Fruchtzubereitung, überzogen mit Schokolade	Ice cream with fruit preparation, covered with chocolate	248	2.5	11.43	32.3
X574012	Bambussprossen gedünstet (mit Fett und Salz)	Bamboo shoots stewed (with fat and salt)	53	1.33	5.06	0.5
X3A3000	Jägersauce mit Wildpilzmischung/Pilzragout für Jägerschnitzel	Mixed mushroom sauce/mushroom ragout for pork schnitzel	120	4.5	8.9	3
D313100	Mokkacreme-Marzipan-Torte (Wasserbiskuit)	Mocha-cream marzipan torte (water sponge cake)	282	5.1	15.4	29
X475453	Vanille-Milchkaltschale mit Ei und Fruchteinlage, gebunden mit Stärke	Cold vanilla-milk soup with egg and fruit garnish, thickened with starch	98	3.3	3.2	13.5
E530062	Vollkorneierteigwaren gekocht, gebacken	Wholemeal egg pasta boiled, baked	142	5.88	1.12	24.5
X559063	Kürbis gebacken, in Grundsauce hell/weiß mit Sahne	Pumpkin baked, in white basic sauce	96	1.31	6.9	5.73
U051182	Rind/Schwein, Frikadelle, gebraten ohne Fett (Pfanne)	Beef/pork, patty, fried without fat (pan)	210	15.33	14.1	5
S211400	Speiseeis (Frucht, Kaffee) gemischt, in Waffeltüte	Ice cream mixed (coffee, fruit) in waffle cone	172	2.8	6	26.1
Y845143	Bratapfel gefüllt gebacken	Baked apple filled	160	0.9	6.8	22.1
Y6A1020	Thunfischsteak gebraten mit Schinken	Tuna steak fried with ham	146	18.7	6.6	2.5
G880602	Mixed Pickles gesäuert, abgetropft	Mixed pickles, drained	43	1.17	0.37	7.5
X449713	Kartoffel-Gemüsecremesuppe	Cream of potato-vegetable soup	50	0.99	2.2	6
Y911360	Doppeldecker Burger	Double-decker burger	240	10.5	14.7	15.3
D660500	Kokosmakronen schokoliert	Chocolate coconut macaroons	508	6	30.2	49.5
X745023	Eier-Frischteigwaren mit Kochschinkenwürfeln und Grundsauce hell/weiß	Fresh egg pasta with dices of boiled ham and white basic sauce	146	11.43	4.6	13.9
M2K7200	Joghurt fettarm, mind. 1,5 % bis max. 1,8 % Fett, mit Frucht-Getreidezubereitung, gesüßt	Yogurt low-fat, min. 1.5 % to max. 1.8 % fat, with fruit-cereal preparation, sweetened	85	3.7	1.4	13.6
X1A7010	Wurstsalat bayerische Art mit warmer Essigmarinade	Sausage salad Bavarian style with warm vinegar marinade	203	9.57	17.7	0.73
Y173032	Rinderleber gebraten Berliner Art	Beef liver fried Berlin style	127	10.35	5.3	8.9
D313600	Orangencremetorte (Wiener Boden dunkel) mit Schokosahne	Orange cream torte (Viennese sponge cake dark) with chocolate-cream	251	3	14.3	26
F227902	Pflaume mit Süßungsmitteln, Konserve, abgetropft	Plum with artificial sweeteners, canned, drained	22	0.24	0.14	4.52
X5A6020	Artischocken gekocht, mit Butter	Artichokes boiled, with butter	94	2.74	5	3.07
Y351013	Schweineroulade mit Sauerkrautfüllung geschmort, mit Sauce	Pork olive filled with sauerkraut braised, with sauce	136	14.73	6.6	2.99
Y024113	Blutwürste erwärmt	Blood sausages heated	307	13.28	28	0.33
Y818342	Hefeplinsen mit Apfel, gebraten	Small yeast pancakes with apple, fried	280	6.13	13.16	33
X454663	Haferflockensuppe geröstet, mit Gemüsebrühe	Oat flakes soup roasted, with vegetable stock	36	1.14	1.8	3.3
D441300	Frankfurter Kranz (Sandmasse)	Frankfurt crown cake (sand cake batter)	357	3.7	20.8	38.2
Y652232	Schleie paniert, frittiert	Tench breaded, deep-fried	208	17.45	8.7	14.04
Y332132	Schweineschnitzel paniert, gebraten	Pork schnitzel breaded, fried	220	22.65	10.6	7.59
Y997043	Eiskaffee	Iced coffee	116	1.9	8.6	7.5
W009000	Mosaikumrandung	Mosaic-edge for roulade sausage	163	12.79	12.4	0.08
Y180033	Rindfleisch gekocht, mit Suppengemüse	Beef boiled, with vegetables	139	17.53	6.7	1.6
X676062	Wickelklöße	"Wickelklöße" wrapped potato dumplings from boiled potatoes	150	5.79	2.53	24.9
Y682132	Hummer Thermidor (gratiniert mit Käse und Sauce)	Lobster "Thermidor" (gratinated with cheese and sauce)	123	11	6.8	2.2
X536563	Rosenkohl gedünstet, mit Speck und Zwiebeln	Brussels sprouts stewed, with bacon and onions	128	3.44	11.2	1.8
X346360	Russische Sauce/Tomatenmayonnaise	Russian sauce/tomato mayonnaise	320	5.8	30.4	4.91
X061310	Laugenbrötchen mit Butter	Pretzel roll with butter	415	6.86	26.42	36
W252500	Krakauer Schinkenwurst	Krakow ham bologna	116	17.98	4.94	0
Y821143	Grießauflauf mit Apfel	Semolina casserole with apple	121	3.3	5.7	13.4
X556643	Tomaten mit Käse-Kräuterfüllung, gebacken	Tomatoes with cheese-herb-filling, baked	141	4.9	8.53	10.16
X092510	Müsli ungesüßt, mit Joghurt 3,5 % Fett und Fruchtmischung	Muesli unsweetened, with yogurt 3.5 % fat and mixed fruit	117	5.03	4.3	12.7
Y612413	Hering gegart, mit Meerrettichsauce von heller/weißer Grundsauce	Herring cooked, with horseradish sauce	137	12.7	8.6	1.96
X5A1030	Kichererbsensnack gebacken	Chickpea snack baked	231	8.9	10.5	17
X5A5000	Kohlroulade mit Reis-Schinkenfüllung, gedünstet	Cabbage roulade with rice-ham-filling, stewed	113	4.8	6.6	7.5
X456043	Wildsuppe mit Rehfleisch, Speck und Rotwein	Soup with roe deer meat, bacon and red wine	75	7.92	3.8	1.94
X812122	Reispfannkuchen gebraten, mit Kompott	Rice pancakes fried, with compote	188	5.1	8.3	22.7
X323053	Gemüsesauce von heller/weißer Grundsauce	Vegetable sauce from white basic sauce	44	1.18	2.2	3.9
W274600	Weißer Presskopf	White brawn	141	21.42	6.14	0.1
Y6A3000	Rotbarschauflauf mit Kartoffeln und Spinat	Redfish casserole with potatoes and spinach	159	8.8	10.73	6.3
Y856353	Johannisbeergelee mit Schlagsahne	Red currant jelly with whipped cream	82	2.3	3	9.87
Y634233	Seezungenfilet gedünstet, in Weißweinsauce von heller/weißer Grundsauce	Sole fillet stewed, in white wine sauce from white basic sauce	89	13.14	3.3	1.07
D7A6400	Berliner/Pfannkuchen/Krapfen (Hefeteig) frittiert, gefüllt mit Pflaumenmus	"Berliner" doughnut (yeast dough) deep-fried, filled with plum jam	321	6.3	13.7	41.8
K701902	Champignon Konserve, abgetropft	Button mushroom canned, drained	43	5.52	0.82	3.23
W363000	Schwartenmagen	Schwartenmagen brawn	139	17.9	7.4	0.16
D771800	Croissant (Hefeblätterteig/Plunderteig) gefüllt mit Marzipan	Danish pastry croissant, filled with marzipan	444	7.8	25.6	44
X916163	Zwiebelkuchen schwäbisch, mit Speck	Onion cake "Swabian", with bacon	180	5.7	9.4	17
X452263	Suppe aus Eierteigwaren mit Hühnerfleisch	Soup of egg pasta with chicken	56	4.6	2.8	2.89
X9A3030	Frühlingsrollen vegetarisch gefüllt mit Gemüse, frittiert	Spring rolls vegetarian filled with vegetables, deep-fried	280	6.2	14.6	28.8
X231540	Blumenkohlsalat (roh) mit Saure-Sahne-Dressing	Cauliflower salad (raw) with sour cream dressing	46	2.48	1.4	5.4
Y710243	Spiegelei gebacken, auf gedünstetem Spinat mit Tomaten	Baked egg on stewed spinach with tomatoes	133	6.51	10.79	1.55
N276000	Pfirsich-Maracujanektarschorle	Peach-maracuja nectar spritzer	22	0.2	0	5.13
Y694923	Kabeljaufilet gedünstet, mit Zitronenbutter und Sauce	Cod fillet stewed, with lemon butter and sauce	218	14	17.6	0.46
Y9A1070	Türkische Pizza (Lahmacun) ungefüllt	Lahmacun unfilled	218	9.7	9.4	22
X498113	Biersuppe Berliner Art	Beer soup Berlin style	53	1.3	1.5	7
T113902	Rollmops Konserve, abgetropft	Herring fillet rolled, pickled, canned, drained	99	8	4.43	5.62
F210902	Süßkirsche ungesüßt, Konserve, abgetropft	Sweet cherry unsweetened, canned, drained	54	0.91	0.24	11.47
Y6A2030	Lachs-Spinat-Auflauf	Salmon-spinach casserole	175	14.2	12.4	1.2
X215910	Kopfsalat mit Zitronenmarinade	Lettuce with lemon marinade	149	1.03	14.8	1.8
X2A3010	Fruchtsalat exotisch, gesüßt	Fruit salad exotic, sweetened	69	0.8	0.3	14.2
X930642	Pfannkuchen/Eierkuchen, gebraten, gefüllt mit gedünsteten Pilzen und saurer Sahne	Pancakes fried, filled with stewed mushrooms and sour cream	192	6.29	10.4	17.4
Y036322	Königsberger Klopse	"Königsberger Klopse" meatballs	192	16.49	12.2	3.64
Y362023	Schweinshaxe geschmort, mit Sauce	Pork hock braised, with sauce	230	21.59	15.2	1.5
W251000	Bayrische Bierwurst/Bierwurst Ia	Bavarian Bierwurst	275	13.34	24.61	0
Y9A1010	Fischburger mit Seelachs	Fish burger with saithe	200	12.3	8.2	18.33
Y536133	Kaninchenbraten mit Grundsauce dunkel/braun mit Sahne	Rabbit roast with brown basic sauce with cream	174	21.2	9.5	0.88
Y623723	Seelachsroulade mit Speckfüllung gebacken, mit Sauce	Saithe roulade with bacon filling baked, with sauce	171	16.2	10.8	1.6
S242400	Speiseeis (Frucht, Schoko, Vanille) gemischt	Ice cream mixed (chocolate, vanilla, fruit)	184	2.1	6.93	27.3
E605232	Schupfnudeln schwäbisch, gekocht	Finger-shaped pasta Swabian style, boiled	165	6.02	2.08	29.42
D720500	Sahne-Windbeutel (Brandmasse) mit Kirschen	Cream puff (choux pastry) filled with cherries	207	3.68	12.9	18.5
Y742350	Eier pochiert, mit Meerrettichmayonnaise	Eggs poached, with horseradish-mayonnaise	273	10.2	25.24	1
Y855743	Rote Grütze mit Vanillesauce	Red fruit jelly with vanilla sauce	95	2.1	1.8	16.2
S533000	Blätterkrokant überzogen mit Vollmilchschokolade	Flaky brittle covered with whole milk chocolate	422	3.49	16.8	63.4
G994252	Gemüsemischung asiatische Art, tiefgefroren, gedünstet	Mixed vegetables Asian style, deep-frozen, stewed	30	2.1	0.3	3.7
Y036122	Frikadellen gebraten	Meatballs fried	269	18.65	19.48	4.45
W257000	Cabanossi gebrüht	Cabanossi sausage scalded	193	15.26	14.61	0.04
Y144123	Rinderragout mit Pilzen	Beef ragout with mushrooms	161	16.7	9.1	2.37
D312500	Zuger Kirschtorte (Biskuit und Nussboden) mit Alkohol	"Zuger Kirschtorte" cherry torte (sponge cake and nut sponge cake) with alcohol	307	5.8	17.1	27.5
Y999140	Fürst-Pückler-Eis	Neapolitan ice cream	276	5	20	18.3
X1A2010	Kartoffelsalat mit Marinade (Gemüsebrühe)	Potato salad with marinade (vegetable stock)	83	1.52	3	11.42
W219500	Kochsalami	Salami scalded	141	16.98	8.1	0
X1A6000	Schichtsalat mit Gemüse, Früchten, Käse, Eiern, Schinken und Mayonnaise mit Zitronensaft	Layered salad with vegetables, fruits, cheese, eggs, boiled ham and mayonnaise (with lemon juice)	216	7.4	18	5
X326513	Kapernsauce von heller/weißer Grundsauce	Caper sauce from white basic sauce	82	1.4	6.9	3.39
D7B8100	Spritzgebäck (Rührmasse) schokoliert	Spritz biscuits (cake batter) with chocolate icing	507	6.6	30.4	49.8
X551563	Auberginen-Tomaten-Paprikagemüse geschmort	Aubergines braised with tomatoes and sweet peppers	143	1.59	10.7	7.9
X2A1140	Sauerkrautsalat (roh) mit Apfel, Paprika, Speck und Saure-Sahne-Dressing	Sauerkraut salad (raw) with apple, sweet pepper, fried bacon and sour cream dressing	52	1.67	1.7	4.9
C514600	Knuspermüslimischung mit Schokolade, gesüßt	Crunchy muesli mix with chocolate, sweetened	421	8.9	15.1	56.8
X1A8040	Heringssalat mit Roter Bete, Apfel, Gewürzgurke und Mayonnaise, gestreckt mit saurer Sahne	Herring salad with beetroot, apple, gherkin and mayonnaise, diluted with sour cream	157	6.1	12.1	4.7
X347160	Remouladensauce, gestreckt mit saurer Sahne	Remoulade sauce, diluted with sour cream	288	4.5	28.7	2.5
X987312	Pizzabaguette mit Tomaten und Käse überbacken	Pizza baguette with tomatoes and cheese gratinated	260	13.9	12.8	21
Y670113	Aal grün (Aal pochiert, in Kräutersauce)	Eel poached, in herb sauce	208	9.3	18	1.97
Y730443	Omelett gebraten, gefüllt mit blanchiertem Gemüse und Kochschinken	Omelette fried, filled with blanched vegetables and boiled ham	136	10.1	8.49	3.82
Y561422	Wiener Backhendl (Hähnchen im Backteig gebraten)	Chicken in frying batter fried	311	18.26	24.2	4.55
X518743	Gemüse mit Käsesauce überbacken	Vegetables with cheese sauce gratinated	100	3.7	7.5	3.8
X702512	Vollkorn-Eier-Frischteigwaren mit Tomatensauce von heller/weißer Grundsauce	Fresh wholemeal egg pasta with tomato sauce from white basic sauce	91	3.9	2.3	12.4
X268610	Rettichsalat mit Saure-Sahne-Dressing	Radish salad with sour cream dressing	39	1.4	1.8	3.4
X191202	Gemüsesalat (gegart) mit Joghurtmarinade	Vegetable salad (cooked) with yogurt marinade	47	2.18	2.02	4
X740933	Eierteigwaren mit Tomatensauce (aus frischen Tomaten)	Egg pasta with tomato sauce (of fresh tomatoes)	129	4.5	4.46	16.99
Y291133	Kalbshaxe gebraten im Ofen, mit Grundsauce dunkel/braun	Veal knuckle fried in oven, with brown basic sauce	137	18.84	6.1	1.3
Y173012	Rinderleber gebraten, mit Rotweinsauce	Beef liver fried, with red wine sauce	122	11.46	5	7.34
Y999242	Baiser-Eistorte	Meringue ice-cream cake	277	3.9	6.9	49.6
X214460	Feldsalat mit Zitronenmarinade	Lamb's lettuce with lemon marinade	128	1.43	12.8	0.7
W252100	Krakauer/Kochpolnische	Krakow cooked sausage	238	15.8	19.4	0
Y911160	Cheeseburger	Cheeseburger	202	10.6	9.1	18.1
Y271033	Kalbsherz geschmort, mit Sahnesauce	Veal heart braised, with cream sauce	149	11.88	9.5	3.3
Y692723	Fischgulasch mit Seelachs ungarische Art	Fish goulash with saithe Hungarian style	86	7.1	4.2	4.2
F134902	Birne in Fruchtsaft, Konserve, abgetropft	Pear in juice, canned, drained	54	0.44	0.35	11.3
W218100	Cabanossi (Brühwürstchen)	Cabanossi sausage scalded, small	192	15.23	14.57	0
S244500	Speiseeis (Frucht, Nuss, Schoko, Vanille) gemischt	Ice cream mixed (fruit, vanilla, nut, chocolate)	199	2.42	8.4	27.3
Y884312	Grüne Grütze	Green fruit jelly	54	0.5	0.1	11.7
W258000	Touristenwurst einfach, gebrüht	Touristenwurst sausage simple, scalded	213	16.33	16.34	0
D7A6500	Berliner/Pfannkuchen/Krapfen (Hefeteig) frittiert, gefüllt mit Pudding	"Berliner" doughnut (yeast dough) deep-fried, filled with pudding	296	6.7	14	34.8
X531042	Blumenkohl gedünstet, mit Semmelbröseln	Cauliflower stewed, with breadcrumbs	99	2.8	6.05	7.88
Y6A2000	Lachs im Blätterteig gebacken	Salmon in puff pastry baked	229	12	15.9	8.88
X2A2000	Eisbergsalat mit Zitronenmarinade	Iceberg lettuce with lemon marinade	72	0.8	6.4	1.71
U223072	Rind Roastbeef (Rücken) mariniert, gegrillt	Beef roastbeef (loin) marinated, grilled	172	25.14	6.7	2.28
X545563	Spargelauflauf	Asparagus casserole	164	6	13.9	3
F119902	Apfel ungesüßt, Konserve, abgetropft	Apple unsweetened, canned, drained	36	0.43	0.52	6.2
W872100	Krakauer Schinkenwurst Konserve	Krakow ham bologna canned	116	17.98	4.94	0
X371243	Mousselinesauce	Mousseline sauce	350	4	36.1	2.12
X230512	Sauerkrautsalat (roh) mit Apfel, Paprika, gebratenem Speck und Essigmarinade	Sauerkraut salad (raw) with apple, sweet pepper, fried bacon and vinegar marinade	70	1.5	3.83	4.5
X465823	Weiße-Bohnen-Suppe mit Fleischwursteinlage	Haricot bean soup with bologna	98	4.45	5.6	6
X740862	Teigwaren eifrei, in Öl geschwenkt, mit gekochtem Broccoli und Sardellen	Pasta egg-free, tossed in oil, with boiled broccoli and anchovies	140	5	5	17.7
Y857063	Fruchtgelee mit Fruchtstückchen und Schlagsahne	Fruit jelly with fruit pieces and whipped cream	117	2.2	4.7	14.6
Y690613	Rotbarschauflauf	Redfish casserole	201	10	13.5	9.4
G332902	Rosenkohl Konserve, abgetropft	Brussels sprouts canned, drained	29	2.74	0.3	2.2
K282262	Kartoffelkroketten tiefgefroren, gebacken	Potato croquettes deep-frozen, baked	257	5.77	13.24	27.22
X922143	Frühlingsrollen gefüllt mit Gemüse und Schweinefleisch, frittiert	Spring rolls filled with vegetables and pork, deep-fried	292	11.1	14.3	28
C514700	Knuspermüslimischung mit Schokolade, gesüßt, angereichert mit Vitaminen und Mineralstoffen	Crunchy muesli mix with chocolate, sweetened, fortified with vitamins and minerals	421	8.9	15.1	56.8
Y622733	Kabeljaufilet gefüllt, mit Grundsauce hell/weiß mit Sahne, gebacken	Cod fillet filled, with white basic sauce with cream, baked	163	15.8	9.9	2.2
D9A4600	Pudding-Vollkornplunder belegt mit Früchten und Klarguss	Wholemeal Danish pastry with pudding, fruit and gelatin glaze	322	6.1	18.6	30
Y911060	Hamburger	Hamburger	190	10.01	7.31	19.72
X493453	Stachelbeerkaltschale gebunden mit Stärke	Cold gooseberry soup thickened with starch	60	0.79	0.1	12.55
Y823143	Haferflockenauflauf mit Kakao	Oat flakes casserole with cocoa	169	6.1	9.31	14.4
Y720452	Rührei gebraten mit Pfifferlingen und Speck	Scrambled eggs fried with chanterelles and bacon	212	8.94	18.93	1.02
X880532	Risi-Pisi mit gebratenen Shrimps	Risi-Pisi with fried shrimps	110	7.4	1.6	15.3
U051172	Rind/Schwein, Frikadelle, gegrillt	Beef/pork, patty, grilled	260	19	18.06	5
Y016242	Tellersülze mit Eisbein	Pork foreshank (hock) "Eisbein" cured, in aspic	52	6.85	2.22	0.5
X200650	Sauerkrautsalat (roh) mit Saure-Sahne-Dressing	Sauerkraut salad (raw) with sour cream dressing	56	1.34	2.1	5.1
X631042	Kartoffelschnee	Potatoes mashed	96	1.99	2.06	16.7
X651043	Bratkartoffeln aus Pellkartoffeln, mit Zwiebeln	Fried potatoes (of boiled potatoes) with onions	194	2.83	11.47	18.32
F302902	Himbeere gezuckert, Konserve, abgetropft	Raspberry sugared, canned, drained	67	0.95	0.35	13.68
Y670632	Aal mit Speck gebacken	Eel with bacon baked	361	17.9	31.9	0.18
T107902	Makrele im eigenen Saft, Konserve, abgetropft	Mackerel canned, drained	114	13.8	6.54	0
X462513	Linsensuppe mit Gemüse	Lentil soup with vegetables	82	4.53	1.9	10
Y780613	Käsepudding im Wasserbad gegart	Cheese pudding cooked in bain-marie	239	12	13.5	16.8
D650100	Dominosteine	Domino dices (petit fours)	361	4	11.4	58.4
Y036752	Kalbfleischklößchen gebraten im Ofen	Small veal meatballs fried in oven	227	23.72	12.9	3.75
X3A7040	Spanische Sauce (Salsa)	Spanish sauce (Salsa)	100	0.88	9.1	2.7
Y277133	Kalbsnieren sauer, gebraten, mit Sahnesauce von dunkler/brauner Grundsauce	Veal kidneys sour, fried, with cream sauce from brown basic sauce	165	13.45	11.1	2.31
X566142	Selleriescheiben im Backteig (mit Bier) frittiert	Celeriac slices in frying batter (with beer) deep-fried	241	5.8	14.3	19.34
X3A2000	Hackfleisch-Paprikasauce	Minced meat-sweet pepper sauce	156	7.5	12.6	2.5
X543163	Fenchel paniert, gebraten	Fennel breaded, fried	116	4.02	7.1	7.4
Y235032	Kalbskotelett gegrillt, mit Basilikumbutter	Veal chop grilled, with basil butter	207	22	13.2	0.1
D310300	Käsesahnetorte (Wasserbiskuit)	Cheese cream torte (sponge cake)	222	7.2	12.7	19.1
B6A2200	Roggenvollkornknäckebrot mit Buttermilch	Wholemeal rye crispbread with buttermilk	330	10.51	1.6	58.9
X702343	Vollkorn-Eier-Frischteigwaren mit Roquefortsauce	Fresh wholemeal egg pasta with Roquefort sauce	254	8.79	19.03	10.8
X270440	Fruchtsalat mit Chicoree und Saure-Sahne-Dressing	Fruit salad with chicory and sour cream dressing	49	1.7	1.4	6.2
S154000	Fruchtsirup	Fruit syrup	249	0.6	0.1	59.97
Y724253	Rührei gebraten mit Fleischwurst und Zwiebeln	Scrambled eggs fried with bologna and onions	212	12.23	17.65	0.94
W324000	Kalbsleberwurst grob, mit Schweinefleisch	Veal liver sausage coarsely minced, with pork	227	14.5	18.3	1.02
R9A4200	Vanillebuttercreme gestreckt, für Gebäck/Torten	Vanilla butter cream, egg-free, light, for pastry/tortes	305	2.4	26.11	14.97
Y322113	Schweinekamm geschmort, mit Grundsauce dunkel/braun	Pork neck braised, with brown basic sauce	158	13.08	10.2	2.9
D288300	Apfel-Mohntorte (Mürbeteig)	Poppy seed apple torte (shortcrust pastry)	266	6.5	17.4	18.8
Y022422	Berner Würstel gebraten	"Berner Würstel" (small sausages filled with cheese, wrapped in bacon) fried	281	15.7	24.12	0.16
Y840363	Apfelkompott mit Rosinen und Rum	Apple compote with raisins and rum	56	0.4	0.3	11
Y181223	Rinderrauchfleisch gekocht, in Sahnesauce von dunkler/brauner Grundsauce	Smoked, cured beef, boiled, in cream sauce from brown basic sauce	119	13.62	5.9	2.81
G850132	Gemüsecremesuppe aus Instantpulver (mit Wasser zubereitet)	Cream of vegetable soup, made from instant powder and water	34	0.75	0.3	6.7
D096000	Zwiebelkuchen mit Speck (Hefeteig)	Onion cake (yeast dough) with bacon	179	5.54	8	20
K391292	Kartoffelrösti tiefgefroren, frittiert	Potato rösti (fried grated potatoes) deep-frozen, deep-fried	291	3.13	13.23	38.6
X740833	Teigwaren eifrei, mit Tomatensauce (aus frischen Tomaten) mit Sardellen	Pasta egg-free, with tomato sauce (of fresh tomatoes) with anchovies	135	4.3	4.4	18.73
Y840953	Birnen gekocht, mit Schokoladensauce	Pears boiled with chocolate sauce	90	1.82	2.3	15
W812000	Gefüllter Schweinekamm gebraten ohne Fett (Ofen)	Pork neck filled, fried (in oven)	195	21	11.5	1.8
Y611632	Brathering mariniert, abgetropft	Fried herring marinated, drained	211	15.1	13.5	6.76
Y845153	Bratapfel gefüllt gebacken, mit Vanillesauce	Baked apple filled, with vanilla sauce	157	2.3	7.4	18.9
X448353	Pilzsuppe	Mushroom soup	39	1.6	2.6	1.6
Y635132	Flunder paniert, gebraten	Flounder breaded, fried	173	15.2	9.4	6.09
G491802	Knoblauch gesäuert, abgetropft	Garlic pickled, drained	122	7.29	0.51	3
Y921162	Döner Kebab, Fladenbrot gefüllt mit Grillfleisch (Geflügel), Rohkost und Sauce	Doner kebab, flatbread filled with grilled poultry, salad and sauce	199	13.08	7.9	18
P9A5100	Cocktail, Bloody Mary	Cocktail, Bloody Mary	42	0.25	0.02	0.98
X760112	Maultaschen Schwäbische Art (mit Hackfleisch) gegart	Minced meat-spinach-filled pasta squares, Swabian style, cooked	132	10.4	6.02	8.03
W531082	Kasseler, Rohpökelware, geräuchert, paniert, gebraten ohne Fett (Pfanne)	Pork loin chop raw cured, smoked, breaded fried without fat (pan)	152	22.63	3.36	7.53
Y114033	Rinderfiletsteak gebraten, mit Sauce	Beef fillet steak fried, with sauce	166	18.68	9.5	1.49
E470032	Eier-Frischteigwaren Ravioli (Gemüsefüllung) gekocht	Fresh egg pasta Ravioli (vegetable filling) boiled	141	4.99	2.08	24.5
X381063	Cumberlandsauce mit Rot- und Portwein	Cumberland sauce with red and port wine	97	0.6	0.2	16.4
Y841112	Erdbeerkompott mit Süßstoff	Strawberry compote with artificial sweetener	41	0.84	0.36	6.88
W399300	Schinkenbrätterrine mit Alkohol, gebacken	Ham bologna sausage meat terrine with alcohol, baked	243	16.5	18	2.1
D305000	Holländische Kirsch-Sahneschnitten/Kirsch-Sahnetorte (Blätterteig)	Dutch cherry cream torte/squares (puff pastry)	287	2.8	19.2	25.2
X987212	Pizzabaguette mit Gemüse und Schafskäse überbacken	Pizza baguette with vegetables and sheep's milk cheese gratinated	221	9.4	10.8	20
X6A3040	Schinkenkartoffeln mit saurer Sahne und Käse überbacken	Potatoes with ham, sour cream and cheese gratinated	201	8.5	13.1	11.8
Y640413	Lachs gebraten, in Grundsauce hell/weiß mit Sahne	Salmon fried, in white basic sauce with cream	193	13.52	14.7	1.63
Y171022	Rinderherz gekocht, mit Kräutersauce von heller/weißer Grundsauce	Beef heart, boiled, with herb sauce from white basic sauce	135	14.57	7.7	1.68
W362000	Presswurst	Presswurst brawn	203	21.73	12.66	0.48
Y642232	Forelle paniert, gebraten	Trout breaded, fried	235	19.87	14	6.38
X466143	Weißkraut-Eintopf mit Hammelfleisch	White cabbage stew with mutton	119	4.5	8.4	5.1
Y564523	Hühnerragout mit Gemüse	Chicken ragout with vegetables	75	9.3	2.3	3.7
X698212	Kürbis-Kartoffelpüree mit Milch 1,5 % Fett	Pumpkin-potato puree with milk 1.5 % fat	78	2.15	2.66	10.75
X720613	Auflauf aus Eier-Frischteigwaren mit Sahne-Käsesauce und Chester überbacken	Casserole of fresh egg pasta with cream-cheese sauce and Chester cheese gratinated	285	9.9	18.26	19.21
X321211	Tomatensauce aus frischen Tomaten und Frischkäse	Tomato sauce of fresh tomatoes and cream cheese	145	2.35	12.77	4.24
X559043	Kürbis gebacken, in Tomatensauce (aus Tomatenmark)	Pumpkin baked, in tomato sauce (of tomato paste)	80	1	5.4	5.3
D720600	Flockentorte (Brandmasse und Mürbeteig)	"Flockentorte" layer torte (choux pastry)	240	4	13.6	24.9
W254082	Jagdwurst/Schinkenwurst grob, gebraten ohne Fett (Pfanne)	Jagdwurst sausage/ham bologna coarsely minced, fried without fat (pan)	212	16.3	16.32	0.09
X4A8040	Linsen-Eintopf mit Suppengemüse und Eier-Frischteigwaren Spätzle	Lentil stew with vegetables and fresh egg pasta spaetzle	133	7.51	2.3	17.4
X191402	Gemüsesalat (gegart) mit Essigmarinade	Vegetable salad (cooked) with vinegar marinade	95	1.64	7.76	3.4
H740902	Gartenbohne reif, Konserve, abgetropft	Haricot bean mature, canned, drained	130	9.04	0.6	17.72
X344260	Aioli	Aioli	692	2.3	75.1	0.7
X151462	Auberginensalat (gegart) mit Zitronenmarinade	Aubergine salad (cooked) with lemon marinade	166	0.96	15.3	4.5
Y827163	Zwiebackauflauf mit Apfel	Rusk pudding with apple baked	168	4.5	6.4	22.1
F131902	Birne ungesüßt, Konserve, abgetropft	Pear unsweetened, canned, drained	35	0.3	0.3	7.01
T931292	Seelachs paniert, tiefgefroren, frittiert	Saithe/pollack, breaded, deep-frozen, deep-fried	257	16.85	13.52	16.38
Y813452	Dampfnudeln salzig gebraten	"Dampfnudeln" yeast dumplings salted fried	333	6.49	16.2	39
X455063	Brotsuppe (Schwarzbrot) mit Fleischbrühe, Gemüse und Speck	Bread soup (brown bread) with meat stock, vegetables and bacon	68	1.53	4.3	4.8
Y036514	Frikadellen gefüllt mit Schafskäse, gebraten	Meatballs filled with sheep's milk cheese, fried	286	18.67	21.67	3.55
G993152	Gemüsemischung mexikanische Art, gedünstet	Mixed vegetables Mexican style, stewed	64	3.6	0.5	8.5
X0A5030	Müsli gesüßt, mit Sojadrink und Fruchtmischung	Muesli sweetened, with soya drink and mixed fruit	138	5.03	3.7	18.9
Y870463	Haselnusscreme abgeschlagen (mit Gelatine)	Hazelnut cream (with gelatine)	180	7.5	11.32	11.55
D7A6100	Berliner/Pfannkuchen/Krapfen (Hefeteig) frittiert, gefüllt mit Eierlikörcreme	"Berliner" doughnut (yeast dough) deep-fried, filled with egg liqueur cream	294	6.6	13.7	34.5
D1A2200	Kuchenboden (Mürbeteig) belegt mit Früchten, Pudding und Klarguss	Shortcrust pastry base with fruit, pudding and gelatin glaze	159	3	6.4	20.9
X338443	Heringssauce aus Kräutersauce von heller/weißer Grundsauce	Herring sauce of herb sauce from white basic sauce	124	6.2	9.7	2.51
T020702	Tintenfisch in Öl, Konserve, abgetropft	Common cuttlefish in oil, canned, drained	166	13.47	12.4	0
T812702	Meeresfrüchte in Öl, Konserve, abgetropft	Shellfish (frutti di mare) in oil, canned, drained	133	13.99	8.4	0
Y404123	Lammfleischklößchen mit Curry in Tomatensauce (aus Tomatenmark)	Small lamb meatballs with curry in tomato sauce (of tomato paste)	113	7.6	7.3	3.8
X655112	Reibekuchen rheinisch gebraten, mit Apfelmus und Preiselbeeren	Potato pancakes "Rhenish" fried, with apple sauce and lingonberries	175	3.1	9.2	19.2
X1A2050	Kartoffelsalat mit Speck und Marinade (Gemüsebrühe)	Potato salad with bacon and marinade (vegetable stock)	95	2.76	3.6	11.85
X720713	Teigwaren eifrei, gebraten mit Kochwurst und Eiern	Pasta egg-free, fried with cooked sausage and eggs	191	9.6	9.43	16.33
Y847012	Tutti-Frutti	Layered sponge cake cream dish with fruits	162	4.6	7.43	18.5
X931152	Pfannkuchen/Eierkuchen, gebraten, gefüllt mit gedünstetem Mischgemüse	Pancakes fried, filled with stewed mixed vegetables	143	4.6	6.7	14.8
Y862753	Grießflammeri/Grießpudding, mit Ei und Kirschsaft	Semolina pudding with egg and cherry juice	103	4	3.45	13.9
D771300	Pasteten (Blätterteig) mit Himbeersahne	Raspberry cream in vol-au-vent (puff pastry)	315	3	22.82	22.3
W219100	Debreziner Würstchen	Debreziner sausage (scalded)	192	15.25	14.6	0
Y101123	Pökelrinderbrust gekocht, mit Meerrettichsauce von heller/weißer Grundsauce	Cured beef brisket boiled, with horseradish sauce from white basic sauce	146	11.52	9.7	2.99
X940362	Fränkische Mehlklöße	Franconian flour dumplings	218	9.61	3.57	35.41
Y859440	Russische Creme (mit Alkohol) mit Schlagsahne	Russian cream (with alcohol) with whipped cream	205	3.9	11.1	19.99
X332163	Champignon-Weißweinsauce von dunkler/brauner Grundsauce	Button mushroom-white wine sauce from brown basic sauce	62	1.5	3.5	4.6
X511343	Pilzragout von Champignons, überbacken	Button mushroom ragout, gratinated	202	11.09	16.4	2.6
X505012	Linsen gekocht, in Grundsauce hell/weiß	Lentils boiled, in white basic sauce	85	5.56	1.2	10.8
W254062	Jagdwurst/Schinkenwurst grob, gebraten ohne Fett (Ofen)	Jagdwurst sausage/ham bologna coarsely minced, fried without fat (oven)	206	15.78	15.8	0.08
X356360	Quarkmayonnaise	Quark mayonnaise	214	5.9	19.4	3.13
K750252	Mischpilze tiefgefroren, gedünstet	Mixed mushrooms deep-frozen, stewed	60	6.2	0.6	3.82
X711412	Eier-Frischteigwaren Spätzle mit Käse (Käsespätzle)	Fresh egg pasta spaetzle with cheese	155	8	5.84	16.6
Y691610	Schwertfischsalat mit Senfmarinade	Swordfish-salad with mustard marinade	122	10.66	7.9	1.2
X525043	Wurzelpetersilie gedünstet, in Grundsauce hell/weiß mit Sahne	Parsley root stewed, in white basic sauce with cream	100	2.16	5.9	8.6
D720200	Sahne-Windbeutel (Brandmasse)	Cream puff (choux pastry)	293	6.44	21.31	18.39
X326112	Curry-Sahnesauce mit Früchten	Curry-cream sauce with fruit	138	1.7	11.7	6
Y845643	Apfelschnee mit Rum	Apple froth with rum	61	1.5	0.34	10.7
X513163	Steinpilze gedünstet, in Grundsauce hell/weiß mit Sahne	Porcini mushrooms stewed, in white basic sauce with cream	92	5.73	4.9	4.27
X985162	Germknödel	Yeast dumplings, filled with plum jam, topped with ground poppy seed	287	7.13	9.7	41
F013700	Mehrfruchtnektar mit Süßungsmitteln	Mixed fruit nectar with artificial sweeteners	22	0.2	0	5.36
Y623133	Seelachsfilet gedünstet, in Weißweinsauce von heller/weißer Grundsauce mit Sahne	Saithe fillet stewed, in white wine sauce from white basic sauce with cream	121	12.3	6.9	1.6
Y832043	Milchreispudding mit Mandeln und Sultaninen	Rice pudding with almonds and sultanas	195	5.9	9.2	21.6
Y135132	Rindersteak gegrillt, mit Kräuterbutter	Beef steak grilled, with herb butter	229	26.1	13.8	0.07
E606062	Semmelknödel gekocht, gebacken	White bread dumplings boiled, baked	162	7.33	4.22	22.94
X655512	Kartoffelküchlein mit Käse gebraten	Small potato burger with cheese fried	247	7	14.36	21.15
X344360	Tatarensauce	Tatar sauce	260	4.9	25.4	2.3
X204340	Apfel-Selleriesalat mit Zitronenmarinade	Apple-celeriac salad with lemon marinade	176	1.72	15.7	5.2
G090802	Gemüsemischung gesäuert (Puszta Salat) abgetropft	Mixed vegetables pickled, drained	43	0.8	0.21	7.59
Y179423	Rinderzungenragout mit Champignons	Beef tongue ragout with button mushrooms	130	9.07	9	3
Y672513	Hecht gebraten im Ofen badische Art	Pike fried in oven Baden style	124	14.7	6.5	1.4
S222000	Speiseeis (Frucht-Joghurt, Joghurt) gemischt	Yogurt ice cream and yogurt-fruit ice cream mixed	116	3.6	2.3	19.48
D3A5000	Schwarz-Weiß-Buttercremetorte (Wasserbiskuit)	Black-and-white chequerboard torte (water sponge cake)	283	5.8	10.9	39.4
W981100	Wurstkuchen mit Mürbeteig, mit Alkohol, gebacken	Sausage pie with shortcrust pastry, with alcohol, baked	329	14	23.17	15.2
X326353	Paprikasauce von Bechamelsauce	Sweet pepper sauce from Bechamel sauce	87	2.46	6.1	5.34
D780300	Nuss-Plunder	Hazelnut Danish pastry	530	9.86	34.5	43
Y845362	Apfelküchlein gebraten, mit Vanillesauce	Apple doughnuts fried, with vanilla sauce	174	3.6	8.36	20.2
X531713	Blumenkohl mit Hackfleischfüllung und Käse überbacken	Cauliflower with minced meat filling and cheese gratinated	127	9.4	8	4.05
D7A7300	Mohn-Plunder	Danish pastry with poppy seeds	445	10.59	23.5	45
Y181132	Tafelspitz gekocht, mit Meerrettichsauce von heller/weißer Grundsauce	Beef rump cap boiled, with horseradish sauce from white basic sauce	126	15.07	6.3	2.07
S211900	Speiseeis (Frucht, Nuss) gemischt, in Waffeltüte	Ice cream mixed (fruit, nut) in waffle cone	202	2.41	7.51	30
X730243	Lasagnette (Teigwaren) mit Ricotta und Tomaten mit Spinat gedünstet	Pasta with ricotta and stewed tomatoes with spinach	138	6.76	6.93	11.3
Y556113	Wildente geschmort, mit Speck und Grundsauce dunkel/braun	Wild duck braised, with bacon and brown basic sauce	292	19.2	23.3	1.43
W251300	Gerauchte Schinkenwurst	Ham bologna smoked	181	15.54	13.18	0.09
Y377013	Schweinenierengeschnetzeltes sauer, mit Grundsauce dunkel/braun	Pork kidney ragout sour, with brown basic sauce	229	13.96	18	2.3
X322243	Champignonsauce von heller/weißer Grundsauce, mit Sahne und Weißwein	Button mushroom sauce from white basic sauce, cream and white wine	79	1.9	6.1	3.7
X518033	Kaisergemüse gedünstet, in Grundsauce hell/weiß mit Sahne	Mixed vegetables stewed, in white basic sauce with cream	78	2.18	5.2	4.6
X243450	Fenchelsalat (roh) mit Zitronenmarinade	Fennel salad (raw) with lemon marinade	113	1.12	10.2	2.83
Y580033	Pute gefüllt, gebraten im Ofen, mit Grundsauce dunkel/braun	Turkey filled, fried in oven, with brown basic sauce	179	15.66	11.4	3.32
D1A4100	Kuchenboden (Rührmasse) belegt mit Früchten, Pudding und Klarguss	Cake base with fruit, pudding and gelatin glaze	139	3.1	4.7	19.7
F201902	Aprikose gezuckert, Konserve, abgetropft	Apricot sugared, canned, drained	69	0.5	0.1	15.45
K392292	Kartoffel-Speck-Rösti tiefgefroren, frittiert	Potato rösti with bacon, deep-frozen, deep-fried	308	6.03	16.56	32.6
Y0A2030	Leberpudding mit Hackfleisch	Liver pudding with minced meat	189	15.79	10.33	8
K701502	Champignon gegrillt, in Öl, Konserve, abgetropft	Button mushroom grilled, in oil, canned, drained	322	5.2	31.44	4.5
D4A6000	Eierschecke (Hefeteig)	"Eierschecke" cheesecake (yeast dough) with egg cream	256	7.8	12.2	28.1
Y845753	Apfelkompott mit Karamellsauce	Apple compote with caramel sauce	76	1.3	1.6	13.4
Y622232	Kabeljaufilet paniert, gebraten	Cod fillet breaded, fried	180	17.5	8.9	6.61
X0A5020	Müsli gesüßt, mit Milch 3,5 % Fett und Fruchtmischung	Muesli sweetened, with milk 3.5 % fat and mixed fruit	154	5.17	4.5	21.2
X425163	Gemüsesuppe italienisch (Minestrone)	Italian vegetable soup (minestrone)	44	2.2	1.8	4
X0A5010	Müsli gesüßt, mit Joghurt 3,5 % Fett und Fruchtmischung	Muesli sweetened, with yogurt 3.5 % fat and mixed fruit	125	4.85	4.1	15.3
X811233	Reis Trauttmansdorff	Rice pudding "Trauttmansdorff"	144	3.2	4.7	22
X531433	Blumenkohlauflauf	Cauliflower casserole	86	4.9	5.1	4.92
Y921062	Döner Kebab, Fladenbrot gefüllt mit Grillfleisch (Kalb/Rind), Rohkost und Sauce	Doner kebab, flatbread filled with grilled veal and beef, salad and sauce	177	11.2	5.3	20
Y242013	Kalbsgeschnetzeltes Zürcher Art	Veal ragout Zurich style	119	12	6.8	1.8
X703112	Teigwaren eifrei, mit Pesto verde	Pasta egg-free, with pesto verde	222	5.7	11.5	23.2
N271000	Mehrfruchtsaftschorle	Multi-fruit juice spritzer	22	0.2	0	5.36
Y380212	Schweinebauch gekocht, mit Sauerkraut mit Apfel gedünstet	Pork belly boiled, with sauerkraut with apple stewed	140	7.92	10.47	1.9
T410902	Lachs Konserve, abgetropft	Salmon canned, drained	165	21.1	8.93	0
D9A4400	Pudding-Vollkornplunder	Wholemeal Danish pastry with pudding	302	6.3	15.73	32
E605032	Kartoffel-Schupfnudeln gekocht	Potato noodles (Schupfnudeln) boiled	133	4.42	1.05	25.4
X566253	Selleriegemüse gekocht, in Grundsauce hell/weiß mit Sahne	Celeriac stewed, in white basic sauce with cream	65	1.37	4.7	2.77
X720533	Schinkenfleckerl (Auflauf aus Eier-Frischteigwaren mit Kochschinken und saurer Sahne)	"Schinkenfleckerl" (casserole of fresh egg pasta with boiled ham and sour cream)	204	11.48	8.6	19.4
Y0A2050	Hackfleisch-Reisfüllung (für Gemüse) gedünstet	Minced meat-rice filling (for vegatables) stewed	240	12.97	15.87	11.1
S220500	Speiseeis (Frucht, Nuss) gemischt	Ice cream mixed (fruit, nut)	184	1.85	6.47	28.6
X742123	Eierteigwaren mit Tomatensauce (aus Tomatenmark) mit Speck	Egg pasta with tomato sauce (of tomato paste) with bacon	189	4.8	11.5	16
Y690633	Rotbarschauflauf mit Gemüse	Redfish casserole with vegetables	100	8	6.4	2.3
G410902	Artischocke Konserve, abgetropft	Artichokes canned, drained	44	2.42	0.12	2.3
G343902	Wirsing Konserve, abgetropft	Savoy cabbage canned, drained	26	2.12	0.24	2.7
Y844912	Ananaskompott mit Süßstoff	Pineapple compote with artificial sweetener	39	0.4	0.1	7.9
Y826063	Quarkauflauf mit Apfel	Quark casserole with apple	131	4.7	6.2	13.5
Y672232	Hecht paniert, gebraten	Pike breaded, fried	184	18	9.1	6.61
F3B4902	Heidelbeere ungesüßt, Konserve, abgetropft	Blueberry unsweetened, canned, drained	20	0.3	0.32	2.61
Y021413	Bratwurst gebraten, in Biersauce	Bratwurst fried, in beer sauce	154	6.8	12.9	2
G550802	Pfefferschote gesäuert, abgetropft	Chilli pepper pickled, drained	53	1.8	0.3	9.16
D306000	Flocken-Sahnetorte (Brandmasse und Mürbeteig)	Cream torte (choux and shortcrust pastry)	250	5.4	14.4	23.9
X455153	Brotsuppe (Schwarzbrot) mit Rosinen, Apfel und saurer Sahne	Bread soup (brown bread) with raisins, apple and sour cream	76	1.4	2.4	11.3
X412613	Fleischbrühe mit Markklößchen	Meat stock with small marrow dumplings	59	1.77	4	3.78
X570343	Erbsenpüree von Trockenerbsen	Pea puree from dried peas	77	4.45	2.26	7.5
X212540	Endiviensalat mit Saure-Sahne-Dressing	Endive salad with sour cream dressing	60	1.97	4	3.1
D771400	Schuhsohlen (Blätterteig) mit Mokkasahne	Oblong mocha-cream filled pastry (puff pastry)	432	3.8	35.7	23.1
X534212	Grünkohl gedünstet, mit Speck	Curly kale stewed, with bacon	103	4.75	6.68	3.3
X526062	Chicoree gedünstet, mit Butter	Chicory stewed, with butter	84	1.61	7.8	1
W372000	Rindfleischsülze mit Schwarten	Jellied beef	166	23.49	7.86	0.29
W391400	Wildpastete mit Hasenfleisch	Hare pate	126	16.7	6.58	0.08
S241400	Speiseeis (Frucht, Kaffee, Nuss) gemischt, mit Eierlikör	Ice cream mixed (coffee, fruit, nut) with egg liqueur	193	2.9	7.3	25.1
X203460	Griechischer Bauernsalat	Greek farmers salad	157	5.27	14	1.41
Y021512	Hot Dog	Hot Dog	231	9.61	13.28	17.15
X436343	Fleischklößchen	Small meatballs	171	12.61	10.88	5.43
D735100	Spitzbuben (Mürbeteig)	"Spitzbuben" sandwich biscuit (shortcrust pastry) filled with jam	501	7.3	27.2	55
X446953	Selleriesuppe	Celeriac soup	33	0.8	2.6	1.14
S210100	Speiseeis (Frucht, Vanille) gemischt, in Waffeltüte	Ice cream mixed (fruit, vanilla) in waffle cone	182	1.98	6.4	28.3
M293300	Joghurt mind. 3,5 % Fett, mit Schokoladen-Getreidezubereitung, gesüßt	Yogurt min. 3.5 % fat, with chocolate-cereal preparation, sweetened	140	4.09	5.09	18.29
K241232	Kartoffelkloß halb und halb, tiefgefroren, gargezogen	Potato dumpling half and half, deep-frozen, poached	98	3.45	0.86	18.18
X653242	Kartoffelkroketten aus Brandteig	Potato croquettes from choux pastry	264	6.2	15.34	24.15
X465153	Weiße-Bohnen-Eintopf mit Rindfleisch	Haricot bean stew with beef	83	6.1	2.2	8
Y239123	Kalbsschulter gedünstet, mit Sahnesauce	Veal shoulder stewed, with cream sauce	142	16.26	7.4	2.3
Y583312	Putenschnitzel paniert, gebraten	Turkey schnitzel breaded, fried	204	22.72	9.1	7.07
X3A3010	Tomatensauce aus frischen Tomaten mit Aubergine, Zucchini und Paprika	Tomato sauce of fresh tomatoes with aubergine, courgette and sweet pepper	102	1	8.7	4
Y221122	Kalbskotelett paniert, gebraten	Veal chop breaded, fried	216	22.28	11.1	6.07
G891102	Honiggurke gesäuert, abgetropft	Sweet cucumber pickled, canned, drained	70	1.08	0.2	14.52
X0A5040	Müsli ungesüßt, mit Sojadrink und Fruchtmischung	Muesli unsweetened, with soya drink and mixed fruit	131	5.35	3.9	16.2
X713343	Eier-Frischteigwaren Spätzle mit Gulasch einfach (mit Rindfleisch)	Fresh egg pasta spaetzle with beef goulash simple	133	11.2	6.1	8
X452153	Eintopf aus Teigwaren eifrei, mit Gemüse und Hühnerfleisch	Stew of pasta egg-free, with vegetables and chicken	93	5.7	2.6	11.2
R911032	Helle Soße aus Instantpulver, zubereitet mit Wasser	White sauce made from instant powder and water	43	0.41	1.83	6.1
X205650	Gurken-Tomatensalat mit Saure-Sahne-Dressing	Cucumber-tomato salad with sour cream dressing	42	1.49	2.2	3.4
X469343	Holländischer Eintopf (mit Kartoffeln, Karotten und Mettwürstchen)	Dutch stew (with potatoes, carrots and small Mettwurst sausages)	124	6.59	7.1	7.58
Y849560	Charlotte russische Art (mit Bayerischer Creme)	Sponge cake cream dish (with Bavarian cream)	256	6.2	17.1	19.1
W255372	Käsekrainer/Käsewürstchen, gegrillt	Small scalded sausage filled with cheese, grilled	236	19.7	17.36	0.08
Y661313	Rotbarsch pochiert polnische Art	Redfish poached Polish style	97	9.2	4.6	4.1
X446913	Sauerkrautsuppe mit Paprika und Kartoffeln	Sauerkraut soup with sweet pepper and potatoes	42	0.89	2	3.8
T930792	Alaska-Seelachs im Backteig, tiefgefroren, frittiert	Alaska pollock in frying batter, deep-frozen, deep-fried	291	10.3	18.33	20.51
X1A7060	Fleischsalat (Schwein) mit Mayonnaise	Meat salad (pork) with mayonnaise	208	12.4	15.7	3.2
X653042	Kartoffelkroketten mit Käse	Potato croquettes with cheese	248	6.3	12	27.26
Y173833	Saures Rinderlebergeschnetzeltes mit Sauce	Beef liver ragout sour with sauce	166	14.6	9.3	5.84
Y622633	Kabeljaufilet in Weißweinsauce von heller/weißer Grundsauce mit Sahne	Cod fillet in white wine sauce from white basic sauce with cream	109	11.3	6	1.6
X518363	Karotten und Erbsen gedünstet, in Grundsauce hell/weiß mit Sahne	Carrots and peas stewed, in white basic sauce with cream	83	2.9	3.3	8.57
Y111123	Rinderfilet gebraten im Ofen, mit Sauce	Beef fillet fried in oven, with sauce	131	15.26	6.7	2.2
X328453	Sardellensauce von heller/weißer Grundsauce	Anchovy sauce from white basic sauce	72	2.45	5.4	3.4
X321242	Tomatensauce aus frischen Tomaten und Fleischwurst	Tomato sauce of fresh tomatoes and bologna	157	3.64	13.88	3.37
D770400	Feingebäck (Blätterteig) schokoliert	Fine pastry (puff pastry) with chocolate icing	556	5.77	39.95	41.5
G491702	Knoblauch in Öl, Konserve, abgetropft	Garlic in oil, canned, drained	250	6.51	15.57	4
F091902	Fruchtmischung/Fruchtcocktail, in Fruchtsaft, Konserve, abgetropft	Fruit mix/fruit cocktail, in juice, canned, drained	53	0.8	0.3	10.6
D330400	Prinzregententorte (Biskuit)	"Prinzregententorte" torte (sponge cake)	325	6.4	17	35.7
Y033132	Hamburger Hackbeefsteak gebraten	Hamburg beefsteak fried	227	16.27	16.64	2.62
F012700	Mehrfruchtnektar	Mixed fruit nectar	42	0.2	0	10.36
X659012	Schupfnudeln gegart	"Schupfnudeln" (German potato pasta) cooked	103	3.6	0.79	19.23
D307000	Herrentorte (Mürbeteig und Wiener Boden hell) mit Apfel-Weincreme	Dark chocolate torte (shortcrust pastry and Viennese sponge cake light) with apple wine-cream	336	5.3	17.7	37.3
G543802	Gemüsepaprika rot, gesäuert, abgetropft	Sweet pepper red, pickled, drained	35	0.74	0.07	6.11
D300600	Schwarzwälder Kirschtorte (Schokobiskuit) mit Alkohol	Black forest torte (chocolate sponge cake) with alcohol	258	4.5	15.9	22.5
E603022	Eier-Frischteigwaren Ravioli (Fleischfüllung) gedämpft	Fresh egg pasta Ravioli (meat filling) steamed	138	5.94	3.33	20
G569902	Tomate getrocknet, mariniert, abgetropft	Tomate dried, marinated, drained	319	7.24	18.84	22.39
W811000	Gefüllter Schweinebauch gebraten ohne Fett (Ofen)	Pork belly filled, fried (in oven)	355	23	27.9	2.8
X070160	Clubsandwich mit Hähnchenbrustfilet, Tomaten, Speck und Mayonnaise	Club sandwich with chicken breast fillet, tomatoes, bacon and mayonnaise	200	11.2	11.3	12.38
Y812343	Grießschnitten gebraten, mit Zucker und Zimt	Semolina slices fried, with sugar and cinnamon	223	6.2	13.7	18.31
W855000	Schweinebauch in Aspik	Pork belly in aspic	210	15.5	16.2	0.44
Y9A1030	Tofu-Burger vegan	Tofu burger vegan	182	9.9	7.7	17
X9A4010	Burrito gefüllt mit Gemüse, Pilzen und Käse	Burrito filled with vegetables, mushrooms and cheese	241	8.1	8.1	33
R146100	Sambal Oelek, Würzpaste	Chilli sauce (Sambal Oelek)	55	1.45	0.4	9.41
Y261013	Kalbsbraten mit Weißwein-Sahnesauce von dunkler/brauner Grundsauce	Veal roast with white wine-cream sauce from brown basic sauce	104	13.2	4.2	2.9
Y840843	Birnenkompott	Pear compote	58	0.17	0.2	13.66
Y461113	Lammbraten mit Rotweinsauce von dunkler/brauner Grundsauce	Lamb roast with red wine sauce from brown basic sauce	126	16.83	5.4	2
Y253133	Kalbsnierenbraten mit Grundsauce dunkel/braun	Veal loin roast with brown basic sauce	130	12.48	7.4	2.9
X203140	Waldorfsalat mit Mayonnaise mit Zitronensaft	Waldorf salad with mayonnaise (with lemon juice)	185	2.1	16.8	4.6
Y0A2040	Hackfleischfüllung (für Gemüse) roh	Minced meat filling (for vegatables) raw	219	14.67	15.91	4
X4A1020	Hühnersuppe mit Hühnerfleisch und Suppengemüse	Chicken soup with chicken and vegetables	56	5.5	3.5	0.4
X211040	Chicoreesalat mit Zitronenmarinade	Chicory salad with lemon marinade	95	1.92	8.6	1.4
Y684562	Jakobsmuscheln gebraten provenzalische Art	Scallops fried Provencal style	89	6.1	5.1	3.5
X215540	Kopfsalat mit Saure-Sahne-Dressing	Lettuce with sour cream dressing	57	2.07	3.6	3.3
X454243	Grießsuppe geröstet	Semolina soup roasted	36	1.05	1.6	4
W211332	Käsewiener gargezogen	Vienna sausage with cheese, poached	228	12.5	19.72	0.06
Y180622	Rindfleisch gekocht, mit Apfelsahnemeerrettich	Beef boiled, with creamed apple-horseradish	157	20.47	7.1	2.3
X5A9020	Kohlrüben/Steckrüben, gedünstet, mit Speck	Swede stewed, with bacon	27	1.58	0.8	2.03
F213902	Sauerkirsche ungesüßt, Konserve, abgetropft	Sour cherry unsweetened, canned, drained	31	0.67	0.39	5.47
T931262	Seelachs paniert, tiefgefroren, gebraten ohne Fett (Ofen)	Saithe/pollack, breaded, deep-frozen, fried without fat (oven)	194	16.67	6.71	16.21
Y633533	Seezungenfilet gratiniert	Sole fillet gratinated	141	15.4	7.5	2.6
W255382	Käsekrainer/Käsewürstchen, gebraten ohne Fett (Pfanne)	Small scalded sausage filled with cheese, fried without fat (pan)	194	16.4	14.17	0.06
T797902	Venusmuschel Konserve, abgetropft	Venus clam canned, drained	86	16.2	1.41	2.1
S242900	Speiseeis (Frucht, Kaffee, Schoko) gemischt	Ice cream mixed (chocolate, fruit, coffee)	177	2.8	6.6	25.7
Y171123	Rinderherz geschmort, mit Sauce	Beef heart, braised, with sauce	139	11.6	8.6	3.5
X326453	Senfsauce von heller/weißer Grundsauce	Mustard sauce from white basic sauce	75	1.08	5.9	4
Y720643	Rührei gebraten mit Speck	Scrambled eggs fried with bacon	270	11.99	24.55	0.34
X447413	Tomatensuppe aus frischen Tomaten, Gemüsebrühe und Teigwaren eifrei	Tomato soup of fresh tomatoes, vegetable stock and pasta egg-free	38	1.1	1.2	5
X2A1020	Chinakohlsalat mit Mandarinen und Sahne-Dressing	Chinese white cabbage with mandarins and cream dressing	62	1.64	3.6	4.7
Y638132	Steinbutt paniert, gebraten	Turbot breaded, fried	169	15.3	8.9	6.08
Y637132	Heilbutt paniert, gebraten	Halibut breaded, fried	207	17.9	12	6.08
Y650513	Karpfen pochiert polnische Art	Carp poached Polish style	105	10	5.2	4
X412113	Fleischbrühe mit Maultaschen (mit Schweinebrät)	Meat stock with pork mince-spinach-filled pasta squares	26	1.3	1.2	2.26
G090262	Gemüsemischung Kaisergemüse, tiefgefroren, gebacken	Mixed vegetables (carrots, cauliflower and broccoli florets) deep-frozen, baked	42	2.72	0.5	5.2
X4A8020	Erbsensuppe mit Gemüsebrühe und Suppengrün	Pea soup with vegetable stock and mirepoix	56	3.25	1.4	6
D313500	Zitronensahnetorte (Wasserbiskuit)	Lemon cream torte (water sponge cake)	294	4.4	18.2	27.5
N261000	Kirschnektarschorle	Cherry nectar spritzer	26	0.17	0.09	5.85
Y943062	Currywurst mit Curryketchup und Brötchen	Curried bratwurst with curry ketchup and roll	222	9.11	11.36	19.95
Y114012	Rinderfiletsteak gebraten, mit Kräuterbutter	Beef fillet steak fried, with herb butter	227	23.3	14.8	0.07
U050182	Rind/Schwein, Hackfleisch gemischt, gebraten ohne Fett (Pfanne)	Beef/pork, mince mixed, fried without fat (pan)	333	27.09	24.91	0
H620902	Sojabohnensprossen/Sojabohnenkeimlinge, Konserve, abgetropft	Soya bean sprouts canned, drained	36	4.3	0.69	2.4
X2A1080	Lauchsalat (roh) mit Saure-Sahne-Dressing	Leek salad (raw) with sour cream dressing	55	1.86	1.6	7
Y856153	Ananasgelee mit Schlagsahne	Pineapple jelly with whipped cream	83	1.7	2.9	12.07
Y692623	Fischgulasch mit Seelachs und Paprika	Fish goulash with saithe and sweet peppers	105	9.7	5.8	2.6
Y660213	Rotbarschfilet gedünstet, in Kräutersauce von heller/weißer Grundsauce	Redfish fillet stewed, in herb sauce from white basic sauce	96	9.8	5.5	1.68
X252910	Gurken-Rettichsalat mit Saure-Sahne-Dressing	Cucumber-radish salad with sour cream dressing	32	1.35	1.4	2.8
X1A7050	Fleischsalat (Rind) mit Mayonnaise, gestreckt mit saurer Sahne	Meat salad (beef) with mayonnaise, diluted with sour cream	231	13.9	18.5	1.7
X092410	Müsli ungesüßt, mit Milch 3,5 % Fett und Fruchtmischung	Muesli unsweetened, with milk 3.5 % fat and mixed fruit	143	5.48	4.7	17.6
Y847353	Apfelkompott mit Vanillesauce	Apple compote with vanilla sauce	69	1.5	1.7	11.3
Y813442	Dampfnudeln süß gebraten	"Dampfnudeln" yeast dumplings sweetened fried	348	7.67	16.05	42
K850532	Pilzcremesuppe aus Instantpulver (mit Wasser zubereitet)	Cream of mushroom soup, made from instant powder and water	27	0.9	0.3	5
X449353	Kartoffelsuppe mit Lauch und Gemüsebrühe	Potato soup with leek and vegetable stock	57	1.06	1.7	9
D9A4300	Mohn-Vollkornplunder	Wholemeal Danish pastry with poppy seed	421	10.45	22.7	40
X371043	Sauce Hollandaise/Holländische Sauce	Hollandaise sauce	518	4.5	54.9	0.75
H610902	Bambussprossen Konserve, abgetropft	Bamboo shoots canned, drained	11	1.72	0.21	0.56
X6A4000	Kartoffeltaschen mit Kräuter-Frischkäse-Füllung, gebraten	Potato pockets filled with herb-cream cheese, fried	293	5.31	20.22	21.19
X810113	Milchreis gesüßt, mit Milch 3.5 % Fett, gebräunter Butter, Zucker und Zimt	Rice pudding sweetened, with milk 3.5 % fat, browned butter, sugar and cinnamon	152	4.75	4.55	22.8
X6A3000	Kartoffelsouffle mit Bacon	Potato souffle with bacon	174	10.3	10.24	9.6
Y291113	Kalbshaxe gebraten im Ofen, mit Orangensauce	Veal knuckle fried in oven, with orange sauce	125	17.25	5.1	1.9
U941100	Königsberger Klopse, Konserve	"Königsberger Klopse" meatballs, canned	164	9.38	12.53	3.28
Y870843	Weißweincreme abgeschlagen (mit Gelatine)	White wine cream (with gelatine)	100	4.7	2.8	13.14
Y8A3040	Heiße Himbeersauce	Hot raspberry sauce	59	0.9	0.3	9.6
G720902	Wachsbohne Konserve, abgetropft	Wax bean canned, drained	17	1.4	0.1	2
K703902	Morchel Konserve, abgetropft	Morel canned, drained	33	2.58	0.33	0.6
D6A6000	Lebkuchen mit Fruchtfüllung, schokoliert	Gingerbread with fruit filling and chocolate icing	437	5.2	22.9	50
Y686132	Tintenfischringe im Backteig (mit Bier) frittiert	Cuttlefish rings in frying batter (with beer) deep-fried	185	12.5	10	10.3
D741000	Donut (Hefeteig) frittiert, mit Schokoladenglasur	Doughnut (yeast dough) deep-fried, with chocolate icing	338	6	15.1	43
Y562123	Hähnchenbrustfilet gebraten, mit gekochtem Spargel und Grundsauce hell/weiß	Chicken breast fillet fried, with boiled asparagus and white basic sauce	94	17.03	2	1.79
F217902	Sauerkirsche mit Süßungsmitteln, Konserve, abgetropft	Sour cherry with artificial sweeteners, canned, drained	31	0.67	0.39	5.47
X328112	Sahne-Schinkensauce von heller/weißer Grundsauce mit Sahne	Cream-ham sauce from white basic sauce with cream	153	4.64	13.4	3.19
W275232	Helle Zungenwurst gekocht	Light pork tongue sausage boiled	257	16.28	21.18	0.21
G993200	Gemüsemischung mexikanische Art, tiefgefroren	Mixed vegetables Mexican style, deep-frozen	57	3.3	0.5	7.4
F207902	Pfirsich mit Süßungsmitteln, Konserve, abgetropft	Peach with artificial sweeteners, canned, drained	41	0.8	0.15	8.2
X359440	Speck-Essigmarinade für Salat	Bacon-vinegar marinade for salad	361	2.56	38.02	0.92
F208902	Pfirsich ungesüßt, Konserve, abgetropft	Peach unsweetened, canned, drained	19	0.5	0.09	3.46
S243600	Speiseeis (Frucht, Nuss, Schoko) gemischt	Ice cream mixed (chocolate, nut, fruit)	201	2.44	7.81	28.9
X235540	Kohlrabisalat (roh) mit Saure-Sahne-Dressing	Kohlrabi salad (raw) with sour cream dressing	53	2.19	2.6	4.4
Y162212	Sauerbraten vom Rind, mit Sauce	"Sauerbraten" marinated beef roast, with sauce	238	22.7	15.9	1
Y301533	Kasseler Rippenspeer gebraten im Ofen, mit Rotweinsauce von dunkler/brauner Grundsauce	Pork loin spare ribs cured, fried in oven, with red wine sauce from brown basic sauce	119	12.34	6.2	2.94
G510702	Aubergine gegrillt, in Öl, Konserve, abgetropft	Aubergine grilled, in oil, canned, drained	231	1	21.98	5.73
X336753	Paprika-Sahnesauce von dunkler/brauner Grundsauce	Sweet pepper-cream sauce from brown basic sauce	90	1.7	6.6	5.4
Y026022	Leberkäse gebraten	Leberkaese sausage fried	328	12.53	30.78	0.19
U040182	Schwein/Rind, Hackfleisch gemischt, gebraten ohne Fett (Pfanne)	Pork/beef, mince mixed, fried without fat (pan)	352	26.56	27.31	0
D3A2000	Erdbeer-Charlotte mit Joghurtsahne (Biskuit)	Strawberry Charlotte Royale Cake (sponge cake)	215	5.3	7.5	30.6
S450000	Nugat/Nougat/Noisette	Nougat	461	3.81	15.2	76.5
Y564123	Hühnerfrikassee mit Weißwein	Chicken fricassee with white wine	180	11.34	13.9	1.7
D340100	Buttercremetorte (Sandmasse)	Butter cream torte (sand cake batter)	357	3.7	20.8	38.2
Y9A1020	Gyrosburger	Gyros burger	156	14.3	4.3	14
F3A2902	Himbeere mit Süßungsmitteln, Konserve, abgetropft	Raspberry with artificial sweeteners, canned, drained	14	0.5	0.15	1.3
F305902	Stachelbeere gezuckert, Konserve, abgetropft	Gooseberry sugared, canned, drained	74	0.66	0.12	16.49
Y584412	Putengeschnetzeltes mit Weißwein und saurer Sahne	Turkey ragout with white wine and sour cream	139	17.62	6.7	1.3
Y660313	Rotbarschfilet gedünstet, mit Tomatensauce (aus Tomatenmark)	Redfish fillet stewed, in tomato sauce (of tomato paste)	105	11.1	6.1	1
X357260	Meerrettich-Dressing	Horseradish dressing	149	3	13.1	3.7
Y022322	Bierschinken gebraten	Beer ham fried	174	17.71	11.36	0.09
X466443	Grünkohl-Eintopf mit Kartoffeln und Schweinebauch	Curly kale stew with potatoes and pork belly	110	4.97	6.4	6.7
Y631232	Schollenfilet mit Petersilie paniert, gebraten	Plaice fillet with parsley breaded, fried	163	15.6	8.1	6.07
Y213133	Kalbsmedaillons gebraten, in Weißweinsauce von heller/weißer Grundsauce	Veal medaillons fried, in white wine sauce from white basic sauce	135	14.5	7	2.8
Y363323	Schweinerücken geschmort, mit Gemüse und Sauce	Pork loin braised, with vegetables and sauce	127	9.4	7.9	3.9
E530082	Vollkorneierteigwaren gekocht, gebraten ohne Fett (Pfanne)	Wholemeal egg pasta boiled, fried without fat (pan)	127	5.28	1.01	22
Y637513	Heilbutt gebraten amerikanische Art	Halibut fried American style	169	16.91	9.6	2.92
Y231322	Wiener Schnitzel gebraten	Viennese schnitzel fried	192	18.74	8.5	9.48
X2A1160	Tomaten-Paprikasalat mit Zitronenmarinade	Tomato-sweet pepper salad with lemon marinade	99	0.78	8.7	3.26
X711343	Eier-Frischteigwaren Spätzle mit Sauerkraut (Krautspätzle)	Fresh egg pasta spaetzle with sauerkraut	83	3.2	1.84	11.94
X2A1060	Kohlrabi-Karottensalat (roh) mit Zitronenmarinade	Kohlrabi-carrot salad (raw) with lemon marinade	92	1.47	7.4	3.82
X511153	Champignons gedünstet, in Kräutersauce von heller/weißer Grundsauce	Button mushrooms stewed, in herb sauce from white basic sauce	54	3.89	2.5	3.9
W871800	Krakauer/Kochpolnische, Konserve	Krakow cooked sausage canned	173	15.85	12.14	0
X454812	Graupensuppe Mecklenburg (mit Gemüsebrühe, getrockneten Pflaumen, Entenfleisch)	Pearl barley soup "Mecklenburg" (with vegetable stock, prunes, duck meat)	80	4.1	1	12.5
T934292	Alaska-Seelachs paniert, tiefgefroren, frittiert	Alaska pollock breaded, deep-frozen, deep-fried	257	16.85	13.52	16.38
Y131032	Roastbeef gebraten im Ofen, mit Röstgemüse	Roast beef fried in oven, with fried vegetables	141	21.21	5.6	0.9
Y945062	Rostbratwurst mit Brötchen und Senf	Rostbratwurst with roll and mustard	222	15.27	10.28	16.36
F022700	Mehrfruchtnektar, angereichert mit Vitaminen (Multivitaminnektar)	Mixed fruit nectar, fortified with vitamins (multivitamin nectar)	42	0.2	0	10.36
X2A2040	Gemischter Salat mit Zitronenmarinade	Mixed salad with lemon marinade	116	1.3	11	2
X9A1000	Couscous gebraten mit Gemüse	Couscous fried with vegetables	118	3.03	4.8	14.4
G992252	Gemüsemischung Erbsen-Karotten, tiefgefroren, gedünstet	Mixed vegetables peas and carrots, deep-frozen, stewed	60	3.3	0.43	8.66
P1A1110	Weizenbier mit Fruchtnektar	Wheat beer with fruit nectar	43	0.56	0	4.1
Y886260	Zitronen-Joghurt-Creme (mit Gelatine)	Lemon-yogurt cream (with gelatine)	211	2.9	14.2	16.75
Y9A1060	Falafel frittiert, in Fladenbrot, vegetarisch gefüllt	Falafel deep-fried, in flatbread, vegetarian filled	156	5.4	7.8	14
G311802	Blumenkohl gesäuert, abgetropft	Cauliflower pickled, drained	49	1.62	0.77	7.74
X1A7030	Wurstsalat Schweizer Art	Sausage salad Swiss Style	287	10.3	26.79	0.55
F220902	Pflaume gezuckert, Konserve, abgetropft	Plum sugared, canned, drained	70	0.65	0.15	15.92
Y135033	Pfeffersteak vom Rind gebraten, mit Sauce	Beef pepper steak fried, with sauce	156	20.2	7.7	1.4
X459143	Aalsuppe Hamburger Art mit Trockenfrüchten	Eel soup Hamburg style with dried fruit	95	5	5.4	5.8
G543702	Gemüsepaprika rot, gegrillt, in Öl, Konserve, abgetropft	Sweet pepper red, grilled, in oil, canned, drained	215	1.03	19.78	6.64
Y690313	Rotbarsch gebraten, mit Grundsauce hell/weiß mit Sahne	Redfish fried, with white basic sauce with cream	154	10.2	11.6	1.78
X1A1060	Selleriesalat (gegart) mit Apfel, Mayonnaise und Sahne	Celeriac salad (cooked) with apple, mayonnaise and cream	104	1.1	8.1	4.8
Y813652	Rohrnudeln gebacken	"Rohrnudeln" sweet yeast dumplings baked	370	7.39	17.25	45
X702233	Vollkorn-Eier-Frischteigwaren mit Sardellen-Kräuter-Pesto	Fresh wholemeal egg pasta with anchovy-herb pesto	147	6.18	7.3	12.5
X536363	Rosenkohl gekocht, mit Bechamelsauce mit Sahne	Brussels sprouts boiled, with Bechamel sauce with cream	103	3.2	8	3.35
W222172	Bratwurst mittelgrob, gegrillt	Bratwurst medium-coarsely minced, grilled	325	17.1	28.51	0.09
Y945032	Rostbratwurst mit Senf	Rostbratwurst with mustard	196	17.41	13.86	0.24
Y845843	Vanilleäpfel	Apple compote with vanilla cream	128	3.8	5.4	15.3
D9A4200	Marzipan-Vollkornplunder	Wholemeal Danish pastry with marzipan	496	8.12	31.3	43
X445213	Tomatensuppe gebunden mit Reis	Tomato soup thickened with rice	49	0.67	3.47	3.4
U013162	Rind Frikadelle, gebraten ohne Fett (Ofen)	Beef patty, fried without fat (oven)	228	19.91	14.12	5
U063182	Rind/Schwein, Hacksteak, gebraten ohne Fett (Pfanne)	Beef/pork, minced steak, fried without fat (pan)	224	17.22	16.64	1.13
F2C1902	Aprikose ungesüßt, Konserve, abgetropft	Apricot unsweetened, canned, drained	23	0.7	0.11	3.62
Y623823	Seelachsfilet gedämpft, mit Kräutersauce von heller/weißer Grundsauce	Saithe fillet steamed, with herb sauce from white basic sauce	96	8.45	5.8	2.05
U013182	Rind Frikadelle, gebraten ohne Fett (Pfanne)	Beef patty, fried without fat (pan)	216	17.87	13.71	5
T931282	Seelachs paniert, tiefgefroren, gebraten ohne Fett (Pfanne)	Saithe/pollack, breaded, deep-frozen, fried without fat (pan)	213	18.29	7.37	17.8
Y591112	Hähnchenbrustfilet paniert, gebraten	Chicken breast fillet breaded, fried	186	20.92	8.1	6.62
X465033	Weiße-Bohnen-Suppe mit geräuchertem Schweinefleisch	Haricot bean soup with smoked pork	110	5.47	6.3	6.4
Y373622	Pfälzer Leberknödel (Schwein) gegart	Palatine pork liver dumplings cooked	214	16.69	11.23	10.92
X328663	Fischsamtsauce von heller/weißer Grundsauce	Velvety fish sauce from white basic sauce	100	3.9	7.9	3
W151082	Mettwurst gebraten ohne Fett (Pfanne)	Mettwurst sausage firm, fried without fat (pan)	418	27.99	33.86	0.22
W862000	Kalbsbrust in Aspik	Veal brisket in aspic	118	11.9	7.7	0.23
X323353	Gemüsesauce von Bechamelsauce	Vegetable sauce from Bechamel sauce	57	1.95	2.9	4.8
X678212	Kartoffelmaultaschen gefüllt mit Pflaumen, gebacken	Potato squares filled with plums, baked	153	2.53	6.7	19.7
Y1A2000	Saure Nieren (Rind)	Sour beef kidneys	285	24.9	19.1	2.7
S211700	Speiseeis Frucht, in Waffeltüte	Fruit ice cream, in waffle cone	174	1.7	3.66	32.4
S244600	Speiseeis (Frucht, Karamell, Nuss, Vanille) gemischt	Ice cream mixed (fruit, vanilla, nut, caramel)	187	2.5	7.97	25.6
Y161333	Zwiebelfleisch vom Rind geschmort, mit Sauce	Beef braised with onions and sauce	209	19.73	12.5	3.92
X322053	Pilzsauce von Bechamelsauce	Mushroom sauce from Bechamel sauce	78	2.9	4.7	5.13
Y252223	Kalbsrollbraten mit Weißwein-Sahnesauce von dunkler/brauner Grundsauce	Veal rolled roast with white wine-cream sauce from brown basic sauce	130	14.38	6.6	2.4
F304902	Heidelbeere gezuckert, Konserve, abgetropft	Blueberry sugared, canned, drained	71	1.19	0.81	13.25
X338553	Specksauce von dunkler/brauner Grundsauce	Bacon sauce from brown basic sauce	85	1.91	6.1	5.31
X935613	Grießpudding salzig, mit Käse und Petersilie	Semolina pudding, salted, with cheese and parsley	167	6.9	7.76	16.99
Y942062	Bratwurst mit Brötchen und Senf	Bratwurst with roll and mustard	256	11.49	14.91	18.15
Y856253	Weingelee mit Früchten	Wine jelly with fruit	87	1.3	0.1	17.3
Y870912	Rotweincreme abgeschlagen (mit Gelatine)	Red wine cream (with gelatine)	102	4.6	2.8	13.38
Y302113	Kasseler Rippenspeer gebraten im Ofen, mit Sahnesauce von dunkler/brauner Grundsauce	Pork loin spare ribs cured, fried in oven, with cream sauce from brown basic sauce	132	12.44	7.8	2.98
D433600	Baumstamm (Rührmasse) mit Schokobuttercreme	Log cake (cake batter) filled with chocolate butter cream	348	5.1	20.31	35.5
Y273113	Kalbsleber gebraten Berliner Art	Veal liver fried Berlin style	111	9.49	3.9	9
X2A1150	Selleriesalat (roh) mit Saure-Sahne-Dressing	Celeriac salad (raw) with sour cream dressing	59	1.79	2.8	4.9
Y650232	Karpfen paniert, frittiert	Carp breaded, deep-fried	243	17.98	12.3	14.26
U051162	Rind/Schwein, Frikadelle, gebraten ohne Fett (Ofen)	Beef/pork, patty, fried without fat (oven)	250	19.65	16.71	5
X211540	Chicoreesalat mit Saure-Sahne-Dressing	Chicory salad with sour cream dressing	46	2.49	2.4	2.7
X230443	Sauerkrautsalat (roh) mit Apfel und gebratenem Speck	Sauerkraut salad (raw) with apple and fried bacon	55	1.75	1.65	5.7
F324902	Johannisbeere rot, ungesüßt, Konserve, abgetropft	Red currant unsweetened, canned, drained	14	0.73	0.11	1.15
C513300	Müslimischung mit Schokolade, gesüßt	Muesli mix with chocolate, sweetened	397	10.45	11.84	58
E470042	Eier-Frischteigwaren Ravioli (Gemüsefüllung) gedämpft	Fresh egg pasta Ravioli (vegetable filling) steamed	141	4.99	2.08	24.5
U040162	Schwein/Rind, Hackfleisch gemischt, gebraten ohne Fett (Ofen)	Pork/beef, mince mixed, fried without fat (oven)	357	26.96	27.72	0
G550702	Pfefferschote in Öl, Konserve, abgetropft	Chilli pepper in oil, canned, drained	242	1.8	22.9	6.22
D7A6200	Berliner/Pfannkuchen/Krapfen (Hefeteig) frittiert, gefüllt mit Konfitüre	"Berliner" doughnut (yeast dough) deep-fried, filled with jam	329	6.2	13.7	44
X682513	Himmel und Erde (Äpfel und Kartoffeln) mit gebratenem Speck	"Heaven and earth" apple-potato mash with fried bacon	129	1.74	7.39	13.2
X371053	Holländische Sauce einfach	Hollandaise sauce simple	156	1.9	15.5	1.98
G450902	Spargel Konserve, abgetropft	Asparagus canned, drained	18	1.9	0.3	1.38
U040142	Schwein/Rind, Hackfleisch gemischt, geschmort ohne Fett	Pork/beef, mince mixed, braised without fat	386	28.08	30.41	0
Y6A4000	Krebse gegart, in Grundsauce hell/weiß mit Sahne	Crayfish cooked, in white basic sauce with cream	121	6.6	9.4	2.4
N274000	Bananennektarschorle	Banana nectar spritzer	26	0.15	0	6.18
Y611813	Hering gegart, in Tomatensauce von heller/weißer Grundsauce	Herring cooked, in tomato sauce from white basic sauce	120	11.5	7	2.2
D310600	Biskuitrolle/Biskuitroulade, mit Joghurtsahne	Sponge cake roll, filled with yogurt-cream	253	6.2	12.5	28.38
X191302	Gemüsesalat (gegart) mit Mayonnaise mit Essig	Vegetable salad (cooked) with mayonnaise (with vinegar)	151	2	13.93	3.4
S244000	Speiseeis (Frucht, Vanille) gemischt	Ice cream mixed (fruit, vanilla)	161	1.34	5.15	26.5
D3A4000	Nussbiskuitrolle/Nussbiskuitroulade, mit Himbeeren und Sahne	Nut sponge cake roll, filled with raspberries and whipped cream	275	6.3	16.2	24.8
Y942032	Bratwurst mit Senf	Bratwurst with mustard	244	12.2	21.46	0.25
X329263	Weißwein-Sahnesauce von heller/weißer Grundsauce, mit Lachs	White wine-cream sauce from white basic sauce with salmon	129	4.2	10.9	2.6
X2A1170	Tomatensalat mit Zitronenmarinade	Tomato salad with lemon marinade	87	0.85	7.5	2.98
E606282	Semmelknödel getrocknet, gekocht, gebraten ohne Fett (Pfanne)	White bread dumplings dried, boiled, fried without fat (pan)	181	8.28	4.99	24.87
X268550	Rettichsalat mit Sahne-Dressing	Radish salad with cream dressing	39	1.24	2	3
X462123	Gemüsesuppe gebunden	Vegetable soup thickened	42	1.2	2.4	3.5
K260282	Kartoffelpuffer tiefgefroren, gebraten ohne Fett (Pfanne)	Potato pancakes deep-frozen, fried without fat (pan)	179	5	1.81	34.32
X4A8010	Erbsen-Eintopf mit Gemüsebrühe, Suppengrün und Kartoffeln	Pea stew with vegetable stock, mirepoix and potatoes	83	5.09	1.4	10
Y626132	Leng paniert, gebraten	Ling breaded, fried	168	17.06	8	6.09
Y731263	Kräuteromelett gebraten mit Pfifferlingen	Herb omelette fried with chanterelles	165	10.65	13.08	0.7
W864000	Rinderbrust in Weißweinaspik	Beef brisket white-wine aspic	163	17.4	9.2	0.61
D9A4700	Quark-Vollkornplunder	Wholemeal Danish pastry with quark	364	9.46	19.19	36
T930892	Fischfrikadelle (Alaska-Seelachs) paniert, tiefgefroren, frittiert	Fishcake (Alaska pollock) breaded, deep-frozen, deep-fried	178	10.2	6.73	18.6
Y860212	Zitronenwackelpudding	Lemon jelly	80	2.1	0.2	14.99
X327143	Käsesauce von Bechamelsauce	Cheese sauce from Bechamel sauce	122	4.86	9.2	4.75
Y869143	Hefepudding	Yeast pudding	335	7.6	12.6	46
Y760152	Quarkklöße mit Süßkirschkompott, Zucker und Zimt	Quark dumplings with sweet cherry compote, sugar and cinnamon	146	6.01	3.92	21
Y639132	Rotzunge paniert, gebraten	Witch breaded, fried	173	15.58	9	6.61
N264000	Johannisbeernektarschorle	Currant juice spritzer	27	0.21	0	6.4
Y274333	Kalbslungenhaschee sauer mit Sauce	Veal lung ragout sour with sauce	95	9.41	4.8	3.23
W224082	Münchner Weißwurst gebraten ohne Fett (Pfanne)	Bavarian white sausage fried without fat (pan)	297	12.2	27.52	0.09
X541563	Püree von Artischockenböden	Puree from artichoke bottoms	181	2.63	15.4	3.27
X454463	Grünkernsuppe geröstet	Green spelt soup roasted	35	1.04	1.6	3.6
G994262	Gemüsemischung asiatische Art, tiefgefroren, gebacken	Mixed vegetables Asian style, deep-frozen, baked	34	2.4	0.4	4
Y693312	Seezunge gebraten in Butter, mit Kaisergemüse und Salzkartoffeln	Sole fried in butter, with stewed mixed vegetables and boiled (salted) potatoes	81	8.16	2.3	6.23
Y663132	Zanderfilet paniert, gebraten	Pike-perch fillet breaded, fried	185	19.3	8.7	6.61
Y211033	Kalbslende gedünstet, mit Sauce	Veal loin stewed, with sauce	155	19.8	7.5	1.9
F2B1902	Aprikose mit Süßungsmitteln, Konserve, abgetropft	Apricot with artificial sweeteners, canned, drained	23	0.7	0.11	3.62
X741033	Eierteigwaren mit Gorgonzolasauce	Egg pasta with Gorgonzola sauce	166	6.6	7.9	16.73
S210600	Speiseeis (Frucht, Schokolade, Vanille) gemischt, in Waffeltüte	Ice cream mixed (chocolate, fruit, vanilla) in waffle cone	197	2.47	7.61	28.6
X466023	Wirsing-Eintopf mit Kartoffeln, Karotten und Speck	Savoy cabbage stew with potatoes, carrots and bacon	63	2.85	2.7	6
U040132	Schwein/Rind, Hackfleisch gemischt, gekocht	Pork/beef, mince mixed, boiled	370	28.54	28.38	0
Y351023	Schweineroulade geschmort, mit Grundsauce dunkel/braun	Pork olive braised, with brown basic sauce	144	16	7.3	3.1
X465813	Grüne-Bohnen-Eintopf mit Gemüsebrühe, Kartoffeln, Birne und Speck	Green bean stew with vegetable stock, potatoes, pears and bacon	78	1.6	4.6	7
X466053	Wirsing-Eintopf mit Rindfleisch, Kartoffeln und Karotten	Savoy cabbage stew with beef, potatoes and carrots	65	5.7	1.7	6
X981452	Schinkenknödel	Ham dumplings	180	9.77	6.49	19.91
W256262	Fleischkäse grob, gebraten ohne Fett (Ofen)	Fleischkaese sausage coarsely minced, fried without fat (oven)	229	21.89	15.69	0.12
G750902	Sojabohne unreif (Edamame) Konserve, abgetropft	Soya bean immature (edamame) canned, drained	94	8.6	4.4	3.5
X456743	Ochsenschwanzsuppe gebunden	Oxtail soup thickened	114	7.8	7.2	3
F2A1902	Aprikose in Fruchtsaft, Konserve, abgetropft	Apricot in juice, canned, drained	36	0.8	0.15	6.7
F5A1902	Ananas in Fruchtsaft, Konserve, abgetropft	Pineapple in juice, canned, drained	41	0.7	0.1	8.1
X358140	Joghurt-Sahnesauce mit Kräutern für Salat	Yogurt-cream sauce with herbs for salad	92	3.16	6.7	3.8
Y291223	Ossobuco alla milanese (Kalbsbeinscheiben geschmort)	Ossobuco alla milanese (veal leg slices braised)	131	18.52	5.5	0.8
G581802	Kürbis gesäuert, abgetropft	Pumpkin pickled, drained	112	1.04	0.12	24.22
Y622812	Bratkartoffel-Fischpfanne mit Kabeljaufilet	Fried potatoes and fish pan with cod fillet	185	10.5	9.5	13.52
U010272	Rind Hackfleisch, tiefgefroren, gegrillt	Beef mince, deep-frozen, grilled	303	26.2	22.01	0
H650902	Mungbohnensprossen/Mungbohnenkeimlinge, Konserve, abgetropft	Mung bean sprouts canned, drained	22	2.18	0.2	2.4
X061410	Laugenbrezel mit Butter	Pretzel with butter	403	7.01	24.94	36
X696312	Weißes Bohnenpüree	Haricot bean puree	161	7.96	5	16
Y840343	Apfelkompott mit Weißwein und Sultaninen	Apple compote with white wine and sultanas	67	0.4	0.3	13.6
G994282	Gemüsemischung asiatische Art, tiefgefroren, gebraten ohne Fett (Pfanne)	Mixed vegetables Asian style, deep-frozen, fried without fat (pan)	42	3	0.4	5
Y301423	Kasseler Rücken gebraten im Ofen, mit Grundsauce dunkel/braun	Pork loin cured, fried in oven, with brown basic sauce	118	11.97	6.4	2.97
Y569523	Hähnchenschenkel gekocht, in Currysauce	Chicken thigh boiled, in curry sauce	124	10.86	8.2	1.77
S541600	Vollmilchschokolade gefüllt mit Nugat/Nougat/Noisette	Whole milk chocolate filled with nougat	539	6.94	32.9	52.5
F597902	Ananas mit Süßungsmitteln, Konserve, abgetropft	Pineapple with artificial sweeteners, canned, drained	24	0.5	0.1	4.4
Y251323	Kalbsroulade gebraten, mit Grundsauce dunkel/braun	Veal olive fried, with brown basic sauce	156	12.12	10.3	3.23
F083902	Rhabarber ungesüßt, Konserve, abgetropft	Rhubarb unsweetened, canned, drained	9	0.31	0.07	0.63
Y8A4000	Grießbrei (als Dessert) mit Erdbeersauce roh	Semolina pudding (as dessert) with raw strawberry sauce	102	3.14	3	15.02
Y179032	Rinderzunge gekocht, mit Rosinensauce	Beef tongue boiled, with raisin sauce	157	10.8	10.6	4.2
W222772	Rindsbratwurst gegrillt	Beef-Bratwurst grilled	251	12.98	22.17	0
Y634113	Seezungenfilet gedünstet, in Tomatensauce (aus Tomatenmark)	Sole fillet stewed, in tomato sauce (of tomato paste)	102	13.1	5	0.9
X746023	Eier-Frischteigwaren, grün, mit Gorgonzolasauce	Fresh egg pasta with semolina, green, with Gorgonzola sauce	189	7.9	11.2	13.5
W211400	Berner Würstchen	Berner small sausage (with bacon and cheese)	259	13.6	22.6	0.15
X7A3000	Maultaschen mit Spinatfüllung gegart	Spinach-filled pasta squares cooked	96	4.4	2.53	13
G891202	Senfgurke gesäuert, abgetropft	Mustard cucumber pickled, canned, drained	44	1.05	0.2	7.97
X328312	Carbonara Sauce	Carbonara sauce	279	20.47	21.66	0.3
G720802	Wachsbohne gesäuert, abgetropft	Wax bean pickled, drained	41	1.6	0.2	6.5
K713902	Pfifferling Konserve, abgetropft	Chanterelle canned, drained	24	2.08	0.69	0.64
X572143	Linsengemüse gekocht, mit Suppengrün und Speck	Lentils boiled, with mirepoix and bacon	81	5.35	1.8	9
G090282	Gemüsemischung Kaisergemüse, tiefgefroren, gebraten ohne Fett (Pfanne)	Mixed vegetables (carrots, cauliflower and broccoli florets) deep-frozen, fried without fat (pan)	53	3.45	0.64	6.5
W253200	Tiroler/Tiroler Schinkenwurst	Tyrolean ham bologna	106	18.28	3.54	0.11
W231862	Kalbfleischkäse gebraten ohne Fett (Ofen)	Veal fleischkaese sausage with pork, fried without fat (oven)	362	14.95	33.54	0.13
X262540	Karottensalat (roh) mit Saure-Sahne-Dressing	Carrot salad (raw) with sour cream dressing	64	1.5	3	6.2
S244400	Speiseeis (Frucht, Nuss, Vanille) gemischt	Ice cream mixed (fruit, vanilla, nut)	187	2.02	7.7	26.5
K311282	Kartoffeltaschen mit Frischkäsefüllung, tiefgefroren, gebraten ohne Fett (Pfanne)	Potato pockets with cream cheese filling, deep-frozen, fried without fat (pan)	301	4.31	15.92	34
X2A1030	Coleslaw (Weißkrautsalat amerikanisch) mit Saure-Sahne-Dressing	Coleslaw with sour cream dressing	54	1.72	2.4	4.9
R9A4100	Schokobuttercreme gestreckt, für Gebäck/Torten	Chocolate butter cream, egg-free, light, for pastry/tortes	350	2.94	29.3	17.9
Y373223	Schweinelebergeschnetzeltes mit Apfel, Zwiebeln und Grundsauce dunkel/braun	Pork liver ragout with apple, onions and brown basic sauce	109	9.37	4.8	6.6
W254042	Jagdwurst/Schinkenwurst grob, geschmort ohne Fett	Jagdwurst sausage/ham bologna coarsely minced, braised without fat	209	15.46	16.3	0.08
Y640432	Lachs gedämpft mit Joghurt-Dip mit Rosmarin	Salmon steamed with yogurt-rosemary dip	125	10.62	8.1	1.7
Y660422	Rotbarsch paniert, gebraten	Redfish breaded, fried	192	15.5	11.1	6.61
W320100	Leberrolle	Liver roll (liver sausage)	237	17	18.56	0.52
Y9A2030	Tartufo di Pizzo (mit Nuss- und Schokoladeneis)	Tartufo di Pizzo (with nut and chocolate ice cream)	231	4.4	10.6	29
T213802	Alaska-Pollack/Alaska-Seelachs, in Öl, Präserve, abgetropft	Alaska pollock in oil, semi-preserved, drained	274	9.9	26.01	0
D321000	Joghurtsahnetorte (Biskuit und Mürbeteig)	Yogurt cream torte (sponge cake and shortcrust pastry)	261	4.7	15.5	25.1
X465663	Grüne-Bohnen-Eintopf mit Gemüsebrühe, Kartoffeln und Hammelfleisch	Green bean stew with vegetable stock, potatoes and mutton	82	3.8	4.5	6
Y845953	Apfelkompott mit Rosinen und Mandeln	Apple compote with raisins and almonds	73	1.2	2	11.2
Y662433	Schwertfisch gebraten, mit gedünstetem Paprika-Tomaten- und Gurkengemüse	Swordfish fried, with stewed sweet-peppers, tomatoes and cucumbers	86	10.31	3.6	2.3
K282292	Kartoffelkroketten tiefgefroren, frittiert	Potato croquettes deep-frozen, deep-fried	320	5.12	21.91	24.16
X465623	Grüne-Bohnen-Eintopf mit Gemüsebrühe, Kartoffeln, Rindfleisch und Speck	Green bean stew with vegetable stock, potatoes, beef and bacon	94	4.7	5.4	6
D771100	Erdbeer-Sahneschnitten (Blätterteig)	Strawberry-cream square (puff pastry)	289	2.69	22.8	17.08
Y161013	Rinderbraten mit Sauce	Beef roast with sauce	138	16	7.2	1.6
F321902	Johannisbeere rot, gezuckert, Konserve, abgetropft	Red currant sugared, canned, drained	67	0.73	0.11	14.58
S244200	Speiseeis (Frucht, Kaffee, Schoko, Vanille) gemischt	Ice cream mixed (chocolate, vanilla, coffee, fruit)	182	2.7	7.5	25
X427153	Fleischbrühe mit Leberspätzle/Leberreis	Meat stock with liver spaetzle	63	4.13	1.5	7.88
Y692943	Ragout fin mit Rotbarsch	Ragout fin with redfish	106	10.8	6.3	1.1
D340200	Traubentorte (Sandmasse) mit Vanillecreme und Klarguss	Grape torte (sand cake batter) with vanilla cream and gelatin glaze	176	2.4	7.73	23.2
W251200	Norddeutsche Kochmettwurst	North German Kochmettwurst sausage (cooked)	195	15.07	14.92	0.12
X6A1000	Kartoffeln gekocht, mit gebratenem Hähnchenfleisch und Kräutersauce von Bechamelsauce	Potatoes boiled, with fried chicken and herb sauce from Bechamel sauce	97	8.83	2.2	10.18
Y720863	Rührei gebraten mit Käse und Kochschinken	Scrambled eggs fried with cheese and boiled ham	220	16.4	16.88	0.42
X703012	Eier-Frischteigwaren Ravioli, mit Hackfleischfüllung, in Tomatensauce von heller/weißer Grundsauce	Fresh egg pasta Ravioli with minced meat filling, in tomato sauce from white basic sauce	114	5.5	4.1	13
Y299113	Kalbskeule geschmort, mit Sahnesauce von dunkler/brauner Grundsauce	Leg of veal braised, with cream sauce from brown basic sauce	105	13.7	4.1	2.7
Y621922	Kabeljau gebraten, mit gedünstetem Paprika-Tomatengemüse	Cod fried, with stewed sweet peppers and tomatoes	66	7.9	1.6	4.2
Y9A2050	Vanillecremeeis mit Schlagsahne und frischen Erdbeeren	Vanilla ice cream (with egg) with whipped cream and fresh strawberries	151	2.3	11.43	8.97
Y279033	Kalbszunge gekocht, mit Weißweinsauce von heller/weißer Grundsauce und saurer Sahne	Veal tongue boiled, with white wine sauce from white basic sauce and sour cream	114	9.89	7.4	1.4
Y846653	Milchreis mit Milch 3,5 % Fett und Aprikosenkompott	Rice pudding with milk 3.5 % fat and apricot compote	116	3.7	2.34	19.7
D720700	Preiselbeer-Stracciatella-Sahne-Kranz (Brandmasse)	Lingonberry-stracciatella-cream ring cake (choux pastry)	302	5.1	18.6	27.7
X613043	Kartoffelgemüse mit Kräutersauce von heller/weißer Grundsauce	Potatoes with herb sauce from white basic sauce	79	1.56	3	10.7
Y301213	Kasseler Rippenspeer gekocht, mit Sauerkraut	Pork loin spare ribs cured, boiled, with sauerkraut	58	5.59	2.42	1.45
Y023113	Leberwürste erwärmt	Liver sausages heated	356	16.83	31.74	0.59
X444143	Gemüsecremesuppe	Cream of vegetable soup	63	1.17	4.5	4.08
Y623312	Seelachsfilet paniert, gebraten	Saithe fillet breaded, fried	181	17.3	9.4	6.09
X447313	Tomatensuppe aus Tomatenmark, Gemüsebrühe und Teigwaren eifrei	Tomato soup of tomato paste, vegetable stock and pasta egg-free	51	1.1	2.6	5.6
X702612	Vollkorn-Eier-Frischteigwaren mit gedünstetem Kaisergemüse	Fresh wholemeal egg pasta with stewed mixed vegetables	95	4.19	2.9	11.47
X4A8100	Weiße-Bohnen-Eintopf mit Speck	Haricot bean stew with bacon	88	4.4	3.5	8
X371143	Sauce Bearnaise/Bearner Sauce	Bearnaise sauce	212	2.9	21.1	1.03
S211800	Speiseeis (Frucht, Karamell) gemischt, in Waffeltüte	Ice cream mixed (caramel, fruit) in waffle cone	178	2.7	5.82	28.1
G582802	Zucchini gesäuert, abgetropft	Courgette pickled, drained	34	1.1	0.3	5.5
G410702	Artischocke in Öl, Konserve, abgetropft	Artichokes in oil, canned, drained	254	2.56	22.82	3.02
Y881743	Quarkklöße gefüllt mit Aprikosen	Quark dumplings filled with apricots	133	5.6	3.53	18.4
X201200	Gemischter Salat mit Sahne-Dressing	Mixed salad with cream dressing	42	1.7	2.2	2.8
T930182	Fischstäbchen (Alaska-Seelachs) paniert, tiefgefroren, gebraten ohne Fett (Pfanne)	Fish fingers (Alaska pollock) breaded, deep-frozen, fried without fat (pan)	209	13.91	9.44	16.5
X992133	Couscous mit Butter	Couscous with butter	209	4.89	7.77	28.48
F023700	Mehrfruchtnektar mit Süßungsmitteln, angereichert mit Vitaminen (Multivitaminnektar)	Mixed fruit nectar with artificial sweeteners, fortified with vitamins (multivitamin nectar)	22	0.2	0	5.36
Y693932	Fish and Chips (mit Rotbarsch)	Fish and chips (with redfish)	221	10.7	11.6	17.7
X1A1050	Rote-Bete-Salat (gegart) mit Zitronenmarinade	Beetroot salad (cooked) with lemon marinade	109	1.67	8.2	5.88
G570802	Zuckermais gesäuert, abgetropft	Sweetcorn pickled, drained	67	2.56	0.96	10.1
Y180012	Rindfleisch gekocht, mit Rotweinsauce	Beef boiled, with red wine sauce	124	14.74	5.9	2.41
K311262	Kartoffeltaschen mit Frischkäsefüllung, tiefgefroren, gebacken	Potato pockets with cream cheese filling, deep-frozen, baked	282	4.03	14.88	32
D7A7400	Pudding-Plunder	Danish pastry with pudding	321	6.4	16.48	36
Y8B1012	Vanillepudding, Flammeri, zubereitet aus Pulver und Milch 3,5 % Fett, mit Süßstoff	Vanilla pudding made from powder with milk 3.5 % fat, with artificial sweetener	88	3.65	3.56	10.19
T820802	Bismarckhering Präserve, abgetropft	Herring pickled, semi-preserved, drained	225	16.5	16	2.68
X673042	Kartoffelklöße von gekochten Kartoffeln	Potato dumplings from boiled potatoes	137	3.8	2.62	23.4
X201740	Gurkensalat mit Saure-Sahne-Dressing	Cucumber salad with sour cream dressing	41	1.53	2.3	2.9
F240902	Süßkirsche mit Süßungsmitteln, Konserve, abgetropft	Sweet cherry with artificial sweeteners, canned, drained	33	0.7	0.25	6.35
G560900	Tomate Konserve	Tomato canned	19	1.15	0.2	2.54
X636212	Kartoffel-Rosenkohlpüree mit Milch 3,5 % Fett	Puree of potatoes and brussels sprouts with milk 3.5 % fat	80	2.65	2.55	10.76
T935262	Schlemmerfilet Bordelaise (Alaska-Seelachs) tiefgefroren, gebraten ohne Fett (Ofen)	Fish bake Bordelaise style (Alaska pollock) deep-frozen, fried without fat (oven)	132	9.6	7.6	6.12
Y891542	Schaumeierkuchen (Omelette souffle) gebraten, gefüllt mit Konfitüre	Omelette souffle fried, filled with jam	250	8.4	13.3	23.8
Y682333	Hummer gegart, in Currysauce von heller/weißer Grundsauce	Lobster cooked, in curry sauce from white basic sauce	87	10.07	4.1	1.37
X1A3040	Reissalat mit Gemüse, Früchten, Curry und Zitronenmarinade	Curried rice salad with vegetables, fruits and lemon marinade	88	1.9	2.4	13.8
F591902	Ananas ungesüßt, Konserve, abgetropft	Pineapple unsweetened, canned, drained	24	0.5	0.1	4.4
Y8A4020	Grießbrei (als Dessert) mit Kirschsauce	Semolina pudding (as dessert) with cherry sauce	102	3.11	2.4	16.44
F211902	Süßkirsche gezuckert, Konserve, abgetropft	Sweet cherry sugared, canned, drained	67	0.7	0.25	15.01
T930882	Fischfrikadelle (Alaska-Seelachs) paniert, tiefgefroren, gebraten ohne Fett (Pfanne)	Fishcake (Alaska pollock) breaded, deep-frozen, fried without fat (pan)	129	9.8	1.73	17.9
F505902	Feige gezuckert, Konserve, abgetropft	Fig sugared, canned, drained	68	1	0.4	14.3
X322163	Pilzsauce von heller/weißer Grundsauce	Mushroom sauce from white basic sauce	72	1.7	5.2	3.77
D720300	Sahne-Eclairs (Brandmasse)	Cream éclairs (choux pastry)	293	6.44	21.31	18.39
E605332	Schupfnudeln eifrei, gekocht	Finger-shaped pasta egg-free, boiled	154	4.36	0.46	32.01
F3A4902	Heidelbeere mit Süßungsmitteln, Konserve, abgetropft	Blueberry with artificial sweeteners, canned, drained	20	0.3	0.32	2.61
W222182	Bratwurst mittelgrob, gebraten ohne Fett (Pfanne)	Bratwurst medium-coarsely minced, fried without fat (pan)	349	18.62	30.4	0.1
K392282	Kartoffel-Speck-Rösti tiefgefroren, gebraten ohne Fett (Pfanne)	Potato rösti with bacon, deep-frozen, fried without fat (pan)	292	6.28	13.97	34
W850500	Wurstsülze	Jellied sausage	170	11.3	13.7	0.12
Y321323	Schweinekotelett gedünstet, mit Grundsauce dunkel/braun	Pork chop stewed, with brown basic sauce	218	18.43	14.8	2.4
S201400	Speiseeis (Frucht, Schokolade) gemischt, in Waffeltüte	Ice cream mixed (chocolate, fruit) in waffle cone	198	2.51	6.53	31
U050162	Rind/Schwein, Hackfleisch gemischt, gebraten ohne Fett (Ofen)	Beef/pork, mince mixed, fried without fat (oven)	338	27.5	25.28	0
X336443	Senfsauce von dunkler/brauner Grundsauce	Mustard sauce from brown basic sauce	75	1.32	5.1	5.52
Y2A3000	Kalbsroulade geschmort, mit Rotweinsauce von dunkler/brauner Grundsauce	Veal olive braised, with red wine sauce from brown basic sauce	142	15.55	7.2	3.43
X328563	Muschelsauce von heller/weißer Grundsauce	Mussel sauce from white basic sauce	65	5.79	3.7	2.1
F515902	Litschi gezuckert, Konserve, abgetropft	Lychee sugared, canned, drained	68	0.65	0.24	15.3
E607182	Grießklößchen getrocknet, gekocht, gebraten ohne Fett (Pfanne)	Semolina dumplings dried, boiled, fried without fat (pan)	141	7.25	5.76	14.6
Y371013	Schweineherz gespickt, gedünstet, mit Sahnesauce von dunkler/brauner Grundsauce	Larded pork heart stewed, with cream sauce from brown basic sauce	187	14.9	12.6	3.1
X566412	Sellerie gekocht, mit Sahne	Celeriac boiled, with cream	31	1.43	0.8	2.5
Y946162	Schaschlik mit Pommes frites und Tomatenketchup	Shashlik with potato chips and tomato ketchup	175	12.29	8.47	11.49
K750282	Mischpilze tiefgefroren, gebraten ohne Fett (Pfanne)	Mixed mushrooms deep-frozen, fried without fat (pan)	70	7.2	0.7	4.44
Y856453	Weingelee mit Ananas	Wine jelly with pineapple	79	1.2	0	15.75
Y352112	Schweinebraten mit Grundsauce dunkel/braun	Pork roast with brown basic sauce	185	17.2	11.7	2.2
Y379032	Schweinezunge gekocht, mit Weißweinsauce von heller/weißer Grundsauce	Pork tongue boiled, with white wine sauce from white basic sauce	134	11.07	8.9	1.59
G331902	Kohlrabi Konserve, abgetropft	Kohlrabi canned, drained	18	1.34	0.11	2.27
G093232	Suppengrün/Suppenkraut, tiefgefroren, gekocht	Mirepoix deep-frozen, boiled	31	2.02	0.31	3.2
W391200	Wildbretpastete mit Hirschfleisch	Game pate with venison meat	126	16.19	6.73	0.08
E608082	Böhmische Knödel gekocht, gebraten ohne Fett (Pfanne)	Bohemian dumplings boiled, fried without fat (pan)	240	8.69	8.76	30.53
Y943032	Currywurst mit Curryketchup	Curried bratwurst with curry ketchup	202	8.77	14.66	8.16
D300400	Nuss-Sahnetorte (Biskuit)	Nut cream torte (sponge cake)	335	6.4	26.1	18
X461713	Linsen-Eintopf mit Suppengemüse, Kartoffeln und Wiener Würstchen	Lentil stew with vegetables, potatoes and Vienna sausages	149	7.81	6	13.4
X462313	Linsen-Eintopf mit Speck	Lentil stew with bacon	147	8.52	4.8	14.4
K392262	Kartoffel-Speck-Rösti tiefgefroren, gebacken	Potato rösti with bacon, deep-frozen, baked	323	6.93	16.25	36
W874600	Debreziner Würstchen Konserve	Debreziner sausage canned	192	15.25	14.6	0
W256232	Fleischkäse grob, gekocht	Fleischkaese sausage coarsely minced, boiled	172	16.94	11.53	0.09
Y695112	Fischstäbchen (mit Alaska-Seelachs) gebraten	Fish fingers (with Alaska pollock) fried	255	13.12	15.41	15.57
K750902	Mischpilze Konserve, abgetropft	Mixed mushrooms canned, drained	42	4.3	0.3	2.45
X465253	Weiße-Bohnen-Suppe mit Speck	Haricot bean soup with bacon	76	4.01	3	6.7
Y695623	Hamburger Pannfisch, mit Rotbarsch	Hamburg fried fish (fried redfish with fried potatoes and mustard sauce)	181	8.4	11.59	9.79
X652912	Kartoffelkroketten	Potato croquettes	246	5.95	12.08	26.88
X449613	Kartoffelsuppe mit Gemüsebrühe, gebunden	Potato soup with vegetable stock, thickened	62	1.11	1.8	10
Y744123	Eierfrikassee mit Blumenkohl und Spargel in Grundsauce hell/weiß, dazu Risotto	Egg fricassee with cauliflower and asparagus in white basic sauce, with risotto	89	4.96	4.4	7.2
U010232	Rind Hackfleisch, tiefgefroren, gekocht	Beef mince, deep-frozen, boiled	299	28.65	20.49	0
R9A4000	Mokkabuttercreme gestreckt, für Gebäck/Torten	Mocha butter cream, egg-free, light, for pastry/tortes	304	2.7	25.7	15.1
F3B2902	Himbeere ungesüßt, Konserve, abgetropft	Raspberry unsweetened, canned, drained	14	0.5	0.15	1.3
W222782	Rindsbratwurst gebraten ohne Fett (Pfanne)	Beef-Bratwurst fried without fat (pan)	214	11.23	18.78	0
G530902	Okra Konserve, abgetropft	Okra canned, drained	13	1.2	0.1	0.6
T932282	Seelachs im Backteig, tiefgefroren, gebraten ohne Fett (Pfanne)	Saithe/pollack, in frying batter, deep-frozen, fried without fat (pan)	277	15.85	13.54	22.09
G920902	Gemüsemischung Leipziger Allerlei, Konserve, abgetropft	Mixed vegetables "Leipziger Allerlei", canned, drained	44	2.64	0.39	5.75
H730902	Linse reif, Konserve, abgetropft	Lentil mature, canned, drained	119	9.04	0.7	15.4
U012282	Rind Hackfleisch, tiefgefroren, gebraten ohne Fett (Pfanne)	Beef mince, deep-frozen, fried without fat (pan)	303	26.58	21.85	0
Y860453	Karamellflammeri/Karamellpudding, mit Vanillesauce	Caramel pudding with vanilla sauce	141	3.9	4.57	21.05
G567702	Tomate getrocknet, in Öl, Konserve, abgetropft	Tomato dried, in oil, canned, drained	293	6.49	16.32	23.33
G090252	Gemüsemischung Kaisergemüse, tiefgefroren, gedünstet	Mixed vegetables (carrots, cauliflower and broccoli florets) deep-frozen, stewed	39	2.54	0.47	4.8
G994242	Gemüsemischung asiatische Art, tiefgefroren, geschmort ohne Fett	Mixed vegetables Asian style, deep-frozen, braised without fat	31	2.2	0.3	3.8
G992232	Gemüsemischung Erbsen-Karotten, tiefgefroren, gekocht	Mixed vegetables peas and carrots, deep-frozen, boiled	60	3.3	0.43	8.63
X532142	Broccoli gedünstet, mit gerösteten Semmelbröseln	Broccoli stewed, with roasted breadcrumbs	100	4.06	6.31	5.1
Y271133	Kalbsherz gefüllt, gedünstet, mit Sahnesauce von dunkler/brauner Grundsauce	Veal heart filled, stewed, with cream sauce from brown basic sauce	177	13.4	11.1	5.5
S221000	Speiseeis (Frucht, Karamell, Vanille) gemischt	Ice cream mixed (caramel, fruit, vanilla)	170	2.3	6.36	25.2
Y862763	Grießflammeri/Grießpudding, mit Ei und Mandeln	Semolina pudding with egg and almonds	136	5.8	6.31	13.53
T105702	Sardine in Öl, Konserve, abgetropft	Sardine in oil, canned, drained	222	24.1	13.9	0
T780702	Europäische Auster in Öl, Konserve, abgetropft	European oyster in oil, canned, drained	87	8.87	5.02	1.51
W256162	Leberkäse gebraten ohne Fett (Ofen)	Leberkaese sausage fried without fat (oven)	293	13.63	26.42	0.2
X635253	Kartoffel-Karottenpüree mit Milch 3,5 % Fett	Puree of potatoes and carrots with milk 3.5 % fat	82	2.15	2.62	11.7
N277000	Mehrfruchtsaftschorle angereichert mit Vitaminen (Multivitaminsaftschorle)	Multi-fruit juice spritzer fortified with vitamins (multivitamin juice spritzer)	22	0.2	0	5.3
F517902	Papaya gezuckert, Konserve, abgetropft	Papaya sugared, canned, drained	58	0.5	0.08	13.2
T930862	Fischfrikadelle (Alaska-Seelachs) paniert, tiefgefroren, gebraten ohne Fett (Ofen)	Fishcake (Alaska pollock) breaded, deep-frozen, fried without fat (oven)	142	10.9	1.93	19.5
F130902	Birne gezuckert, Konserve, abgetropft	Pear sugared, canned, drained	84	0.47	0.18	19.48
U050132	Rind/Schwein, Hackfleisch gemischt, gekocht	Beef/pork, mince mixed, boiled	349	29.11	25.88	0
F313902	Weintraube weiß, ungesüßt, Konserve, abgetropft	Grape white, unsweetened, canned, drained	22	0.38	0.11	4.53
T934262	Alaska-Seelachs paniert, tiefgefroren, gebraten ohne Fett (Ofen)	Alaska pollock breaded, deep-frozen, fried without fat (oven)	163	11.4	5.54	16.21
G488802	Silberzwiebel gesäuert, abgetropft	Silverskin onion pickled, drained	45	0.97	0.12	8.51
G730902	Dicke Bohne unreif, Konserve, abgetropft	Broad bean immature, canned, drained	51	4.4	0.6	4.3
Y373323	Schweineleberschnitten gedünstet, mit Sahnesauce von dunkler/brauner Grundsauce	Pork liver slices stewed, with cream sauce from brown basic sauce	180	15.32	11.5	3.2
Y864053	Grießflammeri/Grießpudding, mit Ei und Kirschsauce	Semolina pudding with egg and cherry sauce	116	4.4	3.9	15.47
K391282	Kartoffelrösti tiefgefroren, gebraten ohne Fett (Pfanne)	Potato rösti (fried grated potatoes) deep-frozen, fried without fat (pan)	276	3.26	10.81	40.2
X702142	Vollkorn-Eier-Frischteigwaren mit Mandelpesto	Fresh wholemeal egg pasta with almond pesto	205	8.64	11.92	14
Y563112	Cordon bleu vom Hähnchen gebraten	Chicken cordon bleu fried	215	20.7	10.8	8.11
Y839312	Bananenkompott mit Süßstoff	Banana compote with artificial sweetener	68	1.14	0.4	13.47
K750262	Mischpilze tiefgefroren, gebacken	Mixed mushrooms deep-frozen, baked	60	6.1	0.6	3.76
C492082	Mehrkornschrot gekocht, gebraten ohne Fett (Pfanne)	Grain mix coarse meal, boiled, fried without fat (pan)	65	2.19	0.6	11.3
Y392023	Schweineschulter gekocht, mit Kräutersauce von heller/weißer Grundsauce	Pork shoulder boiled, with herb sauce from white basic sauce	128	14.12	7.1	1.86
T934282	Alaska-Seelachs paniert, tiefgefroren, gebraten ohne Fett (Pfanne)	Alaska pollock breaded, deep-frozen, fried without fat (pan)	179	12.6	6.09	17.8
F3B5902	Stachelbeere ungesüßt, Konserve, abgetropft	Gooseberry unsweetened, canned, drained	24	0.66	0.12	3.94
D780500	Marzipan-Plunder	Danish pastry with marzipan	520	8.24	32.1	48
X262712	Karottensalat (roh) mit Zitronenmarinade	Carrot salad (raw) with lemon marinade	130	0.68	11.2	5.05
X462063	Gemüsesuppe mit Kartoffeln und Rindfleisch	Vegetable soup with potatoes and beef	42	3.5	1.8	2.5
F401902	Preiselbeere gezuckert, Konserve, abgetropft	Lingonberry sugared, canned, drained	164	0.73	0.45	38.33
Y880453	Quarkauflauf mit Fruchtsauce	Quark casserole with fruit sauce	124	3.5	4.6	16.6
F3A3902	Brombeere ungesüßt, Konserve, abgetropft	Blackberry unsweetened, canned, drained	16	0.66	0.1	2.7
S535000	Milchschokolade gefüllt mit Nugat/Nougat/Noisette	Milk chocolate filled with nougat	527	7.2	30.9	53.5
Y021113	Pfälzer Bratwurst gebraten, in Grundsauce dunkel/braun	"Palatine" bratwurst fried, in brown basic sauce	194	8.85	16.8	1.87
G760902	Erbse grün, Konserve, abgetropft	Pea green, canned, drained	61	4.99	0.48	6.63
Y610712	Backfisch-Brötchen mit Kabeljau	Baked fish roll with cod	228	12.1	11.6	17.7
F6B6902	Mandarine mit Süßungsmitteln, Konserve, abgetropft	Mandarin with artificial sweeteners, canned, drained	28	0.86	0.27	4.61
X465953	Weiße-Bohnen-Suppe mit Karotten	Haricot bean soup with carrots	59	2.78	1.1	7.9
Y613312	Makrele gedünstet, pikante Art	Mackerel stewed, savory style	205	18.2	14.1	0.9
Y854312	Rote Grütze mit Süßstoff	Red fruit jelly with artificial sweetener	63	1.1	0.3	11.5
H720902	Kichererbse reif, Konserve, abgetropft	Chickpea mature, canned, drained	136	7.5	2.7	15.5
Y946062	Schaschlik mit Brötchen und Tomatenketchup	Shashlik with roll and tomato ketchup	172	15.2	7.3	10.68
Y8A7010	Pfannkuchen/Eierkuchen, mit Milch 3,5 % Fett und Rosinen, gebraten	Pancakes with milk 3.5 % fat and raisins, fried	268	7.8	11	33.4
D7A7500	Quark-Plunder	Danish pastry with quark	398	9.63	20.24	43
Y672413	Hecht gedünstet, mit Weißweinsauce von heller/weißer Grundsauce und saurer Sahne	Pike stewed, with white wine sauce from white basic sauce and sour cream	110	11.3	6.1	1.9
F341902	Erdbeere mit Süßungsmitteln, Konserve, abgetropft	Strawberry with artificial sweeteners, canned, drained	17	0.55	0.28	2.12
G890902	Cornichons gesäuert, abgetropft	Cornichons pickled, canned, drained	33	0.93	0.17	5.58
F640902	Mandarine ungesüßt, Konserve, abgetropft	Mandarin unsweetened, canned, drained	28	0.86	0.27	4.61
F3A5902	Stachelbeere mit Süßungsmitteln, Konserve, abgetropft	Gooseberry with artificial sweeteners, canned, drained	24	0.66	0.12	3.94
G650902	Schwarzwurzel Konserve, abgetropft	Black salsify canned, drained	38	1.06	0.33	4.6
Y8A5050	Sahneflammeri/Sahnepudding (als Dessert) mit Kirschsauce	Cream pudding (as dessert) with cherry sauce	212	3.2	13.1	20.04
X3A7070	Mayonnaise, gestreckt mit süßer Sahne	Mayonnaise, diluted with whipping cream	514	2.2	55.2	1.92
G620802	Karotte/Möhre, gesäuert, abgetropft	Carrot pickled, drained	50	0.46	0.46	8.65
T710902	Edelkrebs/Flusskrebs, Konserve, abgetropft	Crayfish canned, drained	78	18	0.64	0
F092902	Fruchtmischung/Fruchtcocktail, mit Süßungsmitteln, Konserve, abgetropft	Fruit mix/fruit cocktail, with artificial sweeteners, canned, drained	34	0.5	0.3	6.4
U471242	Kalb Haxe, tiefgefroren, geschmort ohne Fett	Veal shank, deep-frozen, braised without fat	140	24.19	4.81	0
H742902	Kidneybohne reif, Konserve, abgetropft	Kidney bean mature, canned, drained	128	8.5	1	15.1
D300200	Sachertorte (Rührmasse)	Sacher torte (cake batter)	352	5.9	17.6	41
T830802	Bratmakrele Konserve, abgetropft	Fried mackerel canned, drained	144	13.8	6.68	5.91
F22B902	Mirabelle mit Süßungsmitteln, Konserve, abgetropft	Mirabelle plum with artificial sweeteners, canned, drained	35	0.59	0.17	7.27
K271000	Gnocchi tiefgefroren	Gnocchi deep-frozen	160	4.08	0.64	33.58
X870213	Reisauflauf gesüßt, mit Apfel	Rice casserole sweetened, with apple	144	4.19	4.16	21.9
T104702	Sardelle in Öl, Konserve, abgetropft	Anchovy in oil, canned, drained	170	16.9	11.4	0
K718902	Steinpilz Konserve, abgetropft	Porcini mushroom canned, drained	57	6.44	0.47	3.69
G992282	Gemüsemischung Erbsen-Karotten, tiefgefroren, gebraten ohne Fett (Pfanne)	Mixed vegetables peas and carrots, deep-frozen, fried without fat (pan)	93	5.1	0.66	13.31
G710802	Bohne grün, gesäuert, abgetropft	Bean green, pickled, drained	47	1.79	0.26	7.01
Y8D7010	Tiramisu (ohne Ei) mit Likör und Früchten	Tiramisu (without egg) with liqueur and fruit	209	3.7	11.3	21
G710902	Bohne grün, Konserve, abgetropft	Bean green, canned, drained	21	1.66	0.14	2.1
F081902	Rhabarber gezuckert, Konserve, abgetropft	Rhubarb sugared, canned, drained	74	0.31	0.07	16.79
D7A6300	Berliner/Pfannkuchen/Krapfen (Hefeteig) frittiert, gefüllt mit Nuss-Nougat-Creme	"Berliner" doughnut (yeast dough) deep-fried, filled with nut nougat cream	392	7.6	20.1	43.7
F340902	Erdbeere ungesüßt, Konserve, abgetropft	Strawberry unsweetened, canned, drained	12	0.39	0.2	1.51
F516902	Mango gezuckert, Konserve, abgetropft	Mango sugared, canned, drained	65	0.5	0.4	14
Y567133	Hühnerherzen geschmort, in Weißweinsauce von heller/weißer Grundsauce	Chicken hearts braised, in white wine sauce from white basic sauce	131	7.6	9.8	2.21
G090232	Gemüsemischung Kaisergemüse, tiefgefroren, gekocht	Mixed vegetables (carrots, cauliflower and broccoli florets) deep-frozen, boiled	30	1.96	0.36	3.8
D314400	Buttercremetorte (Schokobiskuit) mit Canacheüberzug	Butter cream torte (chocolate sponge cake) with chocolate icing	314	6.1	17.79	31.5
Y623523	Seelachs-Risotto	Saithe risotto	145	9.16	4.3	17
U471272	Kalb Haxe, tiefgefroren, gegrillt	Veal shank, deep-frozen, grilled	140	23.16	5.3	0
X491443	Apfelkaltschale/Apfelsuppe, mit Korinthen	Cold apple soup with currants	56	0.3	0.3	12.1
Y8A5012	Vanillepudding, Flammeri, zubereitet aus Pulver und Milch 1,5 % Fett, mit Früchten	Vanilla pudding made from powder with milk 1.5 % fat, with fruit	90	2.28	1	17.3
X761033	Eier-Frischteigwaren Ravioli, vegetarisch gefüllt, mit gekochtem Gemüse in Grundsauce hell/weiß	Fresh egg pasta Ravioli vegetarian filled, with boiled vegetables in white basic sauce	92	4.6	3.3	10.2
E438062	Eier-Frischteigwaren gekocht, gebacken	Fresh egg pasta boiled, baked	196	8.25	2.6	33.69
S244300	Speiseeis (Frucht, Schoko) gemischt	Ice cream mixed (chocolate, fruit )	181	1.96	5.31	29.9
U067162	Kalbskäsebrät mit Schweinefleisch, gebraten ohne Fett (Ofen)	Leberkase sausage meat from veal with pork, fried without fat (oven)	288	14.4	25.5	0.11
K311292	Kartoffeltaschen mit Frischkäsefüllung tiefgefroren, frittiert	Potato pockets with cream cheese filling, deep-frozen, deep-fried	366	3.93	24.68	31
H702902	Augenbohne reif, Konserve, abgetropft	Cowpea/black-eyed pea, mature, canned, drained	114	8.5	0.47	16.07
E438082	Eier-Frischteigwaren gekocht, gebraten ohne Fett (Pfanne)	Fresh egg pasta boiled, fried without fat (pan)	176	7.41	2.34	30.25
U045172	Schwein/Rind, Hackfleisch gemischt, gegrillt	Pork/beef, mince mixed, grilled	351	26.07	27.37	0
U063172	Rind/Schwein, Hacksteak, gegrillt	Beef/pork, minced steak, grilled	292	21.98	21.94	1.37
T936182	Garnele paniert, tiefgefroren, gebraten ohne Fett (Pfanne)	Common shrimp breaded, deep-frozen, fried without fat (pan)	360	16.38	20.05	27.56
W224032	Münchner Weißwurst gargezogen	Bavarian white sausage poached	258	10.9	23.79	0.07
G993132	Gemüsemischung mexikanische Art, gekocht	Mixed vegetables Mexican style, boiled	58	3.3	0.5	7.7
X338653	Haschee mit Rinderhackfleisch von dunkler/brauner Grundsauce	Beef mince sauce from brown basic sauce	144	8.2	9.9	5
K260292	Kartoffelpuffer tiefgefroren, frittiert	Potato pancakes deep-frozen, deep-fried	214	5	4.03	37.97
G993142	Gemüsemischung mexikanische Art, geschmort ohne Fett	Mixed vegetables Mexican style, braised without fat	70	3.9	0.6	9.3
Y844253	Rharbarbergrütze mit Vanillesauce	Rhubarb compote with vanilla sauce	102	1.7	1.67	18.84
X930452	Speckpfannkuchen gebraten	Bacon pancakes fried	275	10.21	14.61	24.8
F22C902	Mirabelle ungesüßt, Konserve, abgetropft	Mirabelle plum unsweetened, canned, drained	35	0.59	0.17	7.27
T930782	Alaska-Seelachs im Backteig, tiefgefroren, gebraten ohne Fett (Pfanne)	Alaska pollock in frying batter, deep-frozen, fried without fat (pan)	250	11.2	12.59	22.26
W254032	Jagdwurst/Schinkenwurst grob, gekocht	Jagdwurst sausage/ham bologna coarsely minced, boiled	191	14.99	14.51	0.08
X612152	Petersilienkartoffeln	Parsley potatoes	76	2.03	0.1	15.62
U010242	Rind Hackfleisch, tiefgefroren, geschmort ohne Fett	Beef mince, deep-frozen, braised without fat	297	28.06	20.49	0
Y814210	Apfel-Bananen-Birnenmus roh	Apple-banana-pear sauce raw	66	0.66	0.4	13.8
X562013	Karotten/Möhren, gekocht, gebraten	Carrots boiled, fried	104	1.19	5.81	9.4
Y562112	Hähnchenbrustfilet gebraten, mit gedünstetem Kaisergemüse	Chicken breast fillet fried, with stewed mixed vegetables	98	13.94	3.3	2.5
Y536123	Hasenbraten mit Grundsauce dunkel/braun und saurer Sahne	Hare roast with brown basic sauce and sour cream	132	19.56	5.2	1.6
F133902	Birne mit Süßungsmitteln, Konserve, abgetropft	Pear with artificial sweeteners, canned, drained	35	0.3	0.3	7.01
U010262	Rind Hackfleisch, tiefgefroren, gebraten ohne Fett (Ofen)	Beef mince, deep-frozen, fried without fat (oven)	281	26.97	19.28	0
U047200	Schwein/Rind, Hackfleisch gemischt, tiefgefroren	Pork/beef, mince mixed, deep-frozen	250	18.43	19.55	0
X534133	Grünkohl gedünstet, mit westfälischer Mettwurst	Curly kale stewed, with Westphalian mettwurst sausage	141	6.56	10.64	2.7
T830102	Brathering Konserve, abgetropft	Fried herring canned, drained	222	16.8	14	5.91
W231882	Kalbfleischkäse mit Schweinefleisch, gebraten ohne Fett (Pfanne)	Veal fleischkaese sausage with pork, fried without fat (pan)	348	13.81	32.46	0.12
G993182	Gemüsemischung mexikanische Art, gebraten ohne Fett (Pfanne)	Mixed vegetables Mexican style, fried without fat (pan)	87	4.9	0.7	11.6
Y860963	Mandelcreme (Bayerische Creme mit Mandelkrokant)	Almond cream (Bavarian cream with almond brittle)	290	7	22.3	14.6
F22A902	Pflaume ungesüßt, Konserve, abgetropft	Plum unsweetened, canned, drained	22	0.24	0.14	4.52
G440902	Palmenherz Konserve, abgetropft	Palm heart, canned, drained	23	2.2	0.1	2.74
X7A1010	Teigwaren eifrei, gebraten mit Ei, Paprika und Hähnchenfleisch	Pasta egg-free, fried with egg, sweet pepper and chicken	148	11.8	4.43	14.59
X2A2030	Gemischter Salat mit Saure-Sahne-Dressing	Mixed salad with sour cream dressing	44	1.9	2.2	3.3
Y631413	Scholle gedünstet, mit Weißweinsauce von heller/weißer Grundsauce	Plaice stewed, with white wine sauce from white basic sauce	82	10.4	3.5	1.55
Y231632	Cordon bleu vom Kalb gebraten	Veal cordon bleu fried	207	19.2	10.8	7.63
W256282	Fleischkäse grob, gebraten ohne Fett (Pfanne)	Fleischkaese sausage coarsely minced, fried without fat (pan)	218	20.22	15.19	0.11
T930762	Alaska-Seelachs im Backteig, tiefgefroren, gebraten ohne Fett (Ofen)	Alaska pollock in frying batter, deep-frozen, fried without fat (oven)	228	10.2	11.47	20.29
F303902	Brombeere gezuckert, Konserve, abgetropft	Blackberry sugared, canned, drained	68	0.66	0.1	15.7
C492062	Mehrkornschrot gekocht, gebacken	Grain mix coarse meal, boiled, baked	56	1.9	0.52	9.8
T417902	Wildlachs Konserve, abgetropft	Pacific salmon canned, drained	145	15.52	9.22	0
Y580013	Pute gebraten im Ofen, mit Sahnesauce von dunkler/brauner Grundsauce	Turkey fried in oven, with cream sauce from brown basic sauce	223	19.65	15.3	1.56
G992262	Gemüsemischung Erbsen-Karotten, tiefgefroren, gebacken	Mixed vegetables peas and carrots, deep-frozen, baked	73	4	0.52	10.49
G561802	Tomate gesäuert, abgetropft	Tomato pickled, drained	40	0.85	0.1	6.71
Y849512	Fruchtkompott mit Süßstoff	Fruit compote with artificial sweetener	52	0.64	0.3	10.5
Y271013	Kalbsherz gespickt, gedünstet, mit Sahnesauce von dunkler/brauner Grundsauce	Larded veal heart stewed, with cream sauce from brown basic sauce	171	13.4	11.6	2.9
E606082	Semmelknödel gekocht, gebraten ohne Fett (Pfanne)	White bread dumplings boiled, fried without fat (pan)	188	8.48	4.88	26.54
F093902	Fruchtmischung/Fruchtcocktail, ungesüßt, Konserve, abgetropft	Fruit mix/fruit cocktail, unsweetened, canned, drained	34	0.5	0.3	6.4
G620902	Karotte/Möhre, Konserve, abgetropft	Carrot canned, drained	23	0.8	0.46	2.57
T107702	Makrele in Öl, Konserve, abgetropft	Mackerel in oil, canned, drained	212	15.1	16.84	0
G994232	Gemüsemischung asiatische Art, tiefgefroren, gekocht	Mixed vegetables Asian style, deep-frozen, boiled	27	1.9	0.3	3.1
T121702	Thunfisch in Öl, Konserve, abgetropft	Tuna in oil, canned, drained	207	28.26	10.45	0
W211132	Bockwurst gargezogen	Bockwurst poached	249	12.58	22.05	0
G613802	Rote Rübe/Rote Bete, gesäuert, abgetropft	Beetroot pickled, drained	70	1.6	0.3	13
G210902	Spinat Konserve, abgetropft	Spinach canned, drained	17	2.2	0.4	0.31
K260262	Kartoffelpuffer tiefgefroren, gebacken	Potato pancakes deep-frozen, baked	171	5	1.88	32.38
G090242	Gemüsemischung Kaisergemüse, tiefgefroren, geschmort ohne Fett	Mixed vegetables (carrots, cauliflower and broccoli florets) deep-frozen, braised without fat	39	2.51	0.47	4.8
K110902	Kartoffel geschält, gekocht, Konserve, abgetropft	Potatoe peeled, boiled, canned, drained	65	1.77	0.09	13.25
F206902	Pfirsich in Fruchtsaft, Konserve, abgetropft	Peach in juice, canned, drained	41	0.8	0.15	8.2
K391262	Kartoffelrösti tiefgefroren, gebacken	Potato rösti (fried grated potatoes) deep-frozen, baked	303	3.6	12.58	42.5
T412902	Buckellachs in Öl, Konserve, abgetropft	Pink salmon in oil, canned, drained	196	19	13.3	0
T410702	Lachs in Öl, Konserve, abgetropft	Salmon in oil, canned, drained	203	18.91	14.2	0
G322902	Grünkohl Konserve, abgetropft	Curly kale canned, drained	34	2.4	1.1	2
F090902	Fruchtmischung/Fruchtcocktail, gezuckert, Konserve, abgetropft	Fruit mix/fruit cocktail, sugared, canned, drained	69	0.5	0.2	15.4
F6A6902	Mandarine in Fruchtsaft, Konserve, abgetropft	Mandarin in juice, canned, drained	48	1.38	0.44	8.12
U013172	Rind Frikadelle, gegrillt	Beef patty, grilled	246	20.12	15.95	5
T792702	Miesmuschel in Öl, Konserve, abgetropft	Common mussel in oil, canned, drained	150	8.19	12.8	0
T933182	Karpfen im Backteig, gebraten ohne Fett (Pfanne)	Carp in frying batter, fried without fat (pan)	189	16.9	6.85	14.13
U063162	Rind/Schwein, Hacksteak, gebraten ohne Fett (Ofen)	Beef/pork, minced steak, fried without fat (oven)	272	22.08	19.71	1.41
K702902	Trüffel Konserve, abgetropft	Black truffle (Perigord black truffle) canned, drained	93	9.89	0.6	0.6
U050200	Rind/Schwein, Hackfleisch gemischt, tiefgefroren	Beef/pork, mince mixed, deep-frozen	236	18.8	17.83	0
F301902	Erdbeere gezuckert, Konserve, abgetropft	Strawberry sugared, canned, drained	63	0.77	0.23	13.73
T930162	Fischstäbchen (Alaska-Seelachs) paniert, tiefgefroren, gebraten ohne Fett (Ofen)	Fish fingers (Alaska pollock) breaded, deep-frozen, fried without fat (oven)	206	13.75	9.33	16.32
K270032	Gnocchi gekocht	Gnocchi boiled	140	3.64	0.54	29.13
E603032	Eier-Frischteigwaren Ravioli (Fleischfüllung) gekocht	Fresh egg pasta Ravioli (meat filling) boiled	138	5.94	3.33	20
F323902	Johannisbeere schwarz, gezuckert, Konserve, abgetropft	Black currant sugared, canned, drained	72	0.7	0.12	15.77
G660802	Knollensellerie gesäuert, abgetropft	Celeriac pickled, drained	40	1.14	0.24	5.85
K270022	Gnocchi gedämpft	Gnocchi steamed	140	3.73	0.59	29.13
F224902	Mirabelle gezuckert, Konserve, abgetropft	Mirabelle plum sugared, canned, drained	68	0.59	0.17	15.49
K724902	Shiitakepilz Konserve, abgetropft	Shiitake mushroom canned, drained	37	2.9	0.3	2.69
U471262	Kalb Haxe, tiefgefroren, gebraten ohne Fett (Ofen)	Veal shank, deep-frozen, fried without fat (oven)	144	25.04	4.88	0
Y8A4080	Milchreis mit Milch 3,5 % Fett und roter Grütze	Rice pudding with milk 3.5 % fat and red fruit jelly	123	3.8	2.4	20.7
U063200	Rind/Schwein, Hacksteak, tiefgefroren	Beef/pork, minced steak, deep-frozen	201	15.25	15.54	0
T932262	Seelachs im Backteig, tiefgefroren, gebraten ohne Fett (Ofen)	Saithe/pollack, in frying batter, deep-frozen, fried without fat (oven)	252	14.44	12.33	20.14
X427363	Leberknödelsuppe	Liver dumpling soup	69	4.71	3.7	4.03
X1A9010	Hummersalat mit Mayonnaise, gestreckt mit süßer Sahne	Lobster salad with mayonnaise, diluted with cream	177	6.2	15.3	3.2
Y277013	Kalbsnieren gebraten, mit Senfsauce von dunkler/brauner Grundsauce	Veal kidneys fried, with mustard sauce from brown basic sauce	173	13.63	12.2	2.12
X1A4010	Geflügelsalat (Huhn) mit Mayonnaise, gestreckt mit süßer Sahne	Poultry salad (chicken) with mayonnaise, diluted with cream	136	8.7	8	6.88
X023310	Baguette-Brötchen mit Ei und Remoulade	Baguette roll with egg and remoulade sauce	213	11.5	7.5	24
D771200	Aprikosenteilchen (Blätterteig)	Apricot pastry (puff pastry)	283	3	16.8	28.3
X3A6020	Linsen-Bolognese vegan	Lentil Bolognese vegan	98	5.2	3.7	9
X339243	Madeirasauce von dunkler/brauner Grundsauce	Madeira sauce from brown basic sauce	77	1	4.5	6.9
X1A8060	Thunfischsalat mit Mayonnaise, gestreckt mit Joghurt	Tuna salad with mayonnaise, diluted with yogurt	180	12	13.6	1.71
W398000	Kalbfleischpastete mit Schweinefleisch	Veal pate with pork	126	15.28	7.18	0.09
X450033	Kartoffelsuppe mit Gemüsebrühe und Brühwurst	Potato soup with vegetable stock and scalded sausage	93	2.95	5.4	8
X171450	Grüne-Bohnen-Salat (gegart) mit Speck-Essigmarinade	Green bean salad (cooked) with bacon-vinegar marinade	121	2.28	10.84	2.7
X463613	Linsensuppe mit Gemüse und gepökeltem Schweinefleisch	Lentil soup with vegetables and cured pork	122	7.18	5.6	9
X469743	Chili con carne einfach	Chilli con carne simple	179	11.7	10.1	8
X141462	Artischockensalat (gegart) mit Zitronenmarinade	Artichoke salad (cooked) with lemon marinade	141	1.82	11.9	1.88
X1A3050	Reissalat mit Gemüse, Kochschinken und Essigmarinade	Rice salad with vegetables, boiled ham and vinegar marinade	114	4.94	6.96	6.8
X450212	Kartoffelsuppe sauer, gebunden	Potato soup sour, thickened	62	1.07	1.7	10
X060060	Baguette-Brötchen mit Kochschinken, Käse, Tomaten und Remoulade	Baguette roll with boiled ham, cheese, tomatoes and remoulade sauce	193	14.6	7.3	16
X760312	Maultaschen Schwäbische Art (mit Hackfleisch) gegart, mit gebratenen Zwiebeln	Minced meat-spinach-filled pasta squares, Swabian style, cooked, with fried onions	116	8.19	4.95	8.38
X565143	Schwarzwurzeln gekocht, mit Sauce Hollandaise/Holländischer Sauce	Black salsify boiled, with Hollandaise sauce	174	2.1	14.2	6
X9A3080	Pirogge mit Hackfleischfüllung, gebacken	Pirogue filled with minced meat, baked	366	15.2	18.59	33
X821012	Reis mit Pilzsauce von heller/weißer Grundsauce	Rice with mushroom sauce from white basic sauce	95	2.2	2.4	15.7
D132100	Spiegeleierkuchen (Rührmasse)	Apricot cheese cake (cake batter)	192	3.2	9.72	22.7
X541463	Artischockenböden mit Fleischfüllung	Artichoke bottoms with meat-filling	84	7.5	3.6	2.2
X4A8050	Linsensuppe mit Gemüse und Wiener Würstchen	Lentil soup with vegetables and Vienna sausages	115	5.78	5.5	9
W298100	Olivenpastete	Olive pate	155	10.91	12.27	0.07
X338353	Wildsauce von dunkler/brauner Grundsauce	Game sauce from brown basic sauce	95	1.1	6.7	6.6
D7B2100	Butterkekse/Butterplätzchen (Mürbeteig) mit Nougatfüllung, schokoliert	Shortbread biscuits with nougat filling and chocolate icing	482	6.43	20.9	65.8
X693412	Labskaus	Lobscouse	127	7.65	7.2	7.19
W982700	Pastete im Brotteig gebacken	Pate in bread dough baked	168	19.53	7.96	4
V913500	Gänseleberpastete getrüffelt, in der Kruste gebacken	Truffled goose liver pate, baked in a crust	245	15.9	16	8.9
Y733242	Schaumomelett gebraten mit Gemüse	Omelette souffle fried with vegetables	168	8.2	13.87	1.98
Y064033	Hackfleischpastete (mit Mürbeteig) gebacken	Minced meat pate (with shortcrust pastry) baked	412	16.4	26.8	25.2
X203560	Budapester Salat	Salad Budapest	99	6.9	5.1	5.54
X6A5010	Kirschknödel mit Zucker und Zimt	Cherry dumplings with sugar and cinnamon	197	2.88	9.52	24.1
X4A8000	Chili sin carne	Chilli sin carne	70	3.3	1.6	8
X1A3030	Reissalat bunt, mit Hühnerfleisch, Ei und Mayonnaise	Rice salad with chicken, egg and mayonnaise	144	4.8	9.55	9.2
D314200	Mokkabuttercremetorte (Biskuit) mit Alkohol	Mocha butter cream torte (sponge cake) with alcohol	273	5.1	17	24
D7B5300	Kekse/Plätzchen, kakaohaltig (Rührmasse) mit Nougatfüllung, schokoliert	Biscuits, containig cocoa (cake batter) with nougat filling and chocolate icing	521	6.5	29	56.4
Y724153	Rührei gebraten mit Leberkäse	Scrambled eggs fried with Leberkaese sausage	227	12.9	19.35	0.35
S243900	Speiseeis (Frucht, Vanille) gemischt, mit Eierlikör	Ice cream mixed (fruit, vanilla) with egg liqueur	177	1.66	5.37	26.5
Y692313	Seehecht mit Senfsauce von heller/weißer Grundsauce, überbacken	Hake with mustard sauce from white basic sauce, gratinated	99	10.3	5.7	1.37
S571300	Bitterschokolade gefüllt mit Fruchtcreme (alkoholhaltig)	Dark chocolate filled with fruit cream (alcoholic)	506	6.41	32.58	41
Y581233	Pute mit Kastanienfüllung, gebraten im Ofen, mit Preiselbeerkonfitüre und Grundsauce dunkel/braun	Turkey with chestnut filling fried in oven, with lingonberry jam and brown basic sauce	206	19	11.2	6.74
D9B1300	Kekse/Plätzchen (Vollkornmürbeteig) mit Nougatfüllung, schokoliert	Wholemeal biscuits (shortcrust pastry) with nougat filling and chocolate icing	512	6.25	26.9	59
X1A9000	Krabben-Cocktail mit Mayonnaise, gestreckt mit süßer Sahne	Shrimp cocktail with mayonnaise, diluted with cream	198	7.7	16.7	3.4
Y686612	Tintenfischringe im Backteig frittiert, mit Tsatsiki	Cuttlefish rings in beer batter deep-fried, with tsatsiki	159	10.1	9	8.6
X552423	Gurken mit Hackfleischfüllung, geschmort, mit Sauce	Cucumbers with minced meat filling, braised, with sauce	136	7.3	9.7	4
X4A8070	Rote-Linsensuppe mit Koriander	Red lentil soup with coriander	91	4.9	3.2	9.4
D410300	Baumstamm/Bismarckeiche (Wasserbiskuit) mit Mokkabuttercreme	"Bismarck-Eiche" chocolate log cake (water sponge cake) with mocha butter cream	314	6.2	15.6	36.6
X464753	Erbsensuppe mit Gemüsebrühe, Suppengrün und Speck	Pea soup with vegetable stock, mirepoix and bacon	73	4.09	2.9	6
M856000	Grießpudding mit Sahne und Fruchtzubereitung, gesüßt	Semolina pudding with cream and fruit sauce, sweetened	116	2.34	4.47	16.5
X985212	Rohrnudeln (aus Hefeteig mit Wasser zubereitet) gebacken	"Rohrnudeln" sweet yeast dumplings (of dough prepared with water) baked	347	6.69	14.49	46
X464913	Kichererbsen-Tomaten-Eintopf	Chickpea-tomato stew	104	4.7	4.4	9
X572212	Antipasti-Teller (Gemüse und Pilze gegart, mit Thunfisch und Parmaschinken)	Antipasti mix with tuna and Parma ham	107	7.7	6	4
Y912060	Frikadelle mit Brötchen und Tomatenketchup	Meatball with roll and tomato ketchup	266	15.51	13.53	19.85
X891212	Bami Goreng (Eierteigwaren gebraten mit Gemüse und Hähnchenfleisch)	Bami Goreng (egg pasta fried with vegetables and chicken)	113	5.9	2.4	16
D7B7200	Nuss-Spritzgebäck (Rührmasse) mit Nougatfüllung, schokoliert	Nut spritz biscuits (cake batter) with nougat filling and chocolate icing	547	7.1	37	44.2
Y038213	Bologneser Sauce mit Rinderhackfleisch	Bolognese sauce with beef mince	182	9.34	14.4	2.9
U043262	Schwein/Rind, Hackfleisch gemischt, tiefgefroren, gebraten ohne Fett (Ofen)	Pork/beef, mince mixed, deep-frozen, fried without fat (oven)	357	26.96	27.72	0
X556422	Tomaten mit Hackfleischfüllung, gebacken	Tomatoes with minced meat filling, baked	167	10.58	11.75	4
D311200	Buttercremetorte (Biskuit)	Butter cream torte (sponge cake)	299	5.44	18.85	26.66
D7B6200	Mürbchen (Mürbeteig) mit Nougatfüllung, schokoliert	Shortcrust pastry biscuit with nougat filling and chocolate icing	499	6.12	25.3	60.5
Y915032	Knacker mit Senf	Knackwurst with mustard	255	19.77	19.34	0.16
Y261213	Kalbsbrust mit Hackfleischfüllung, gebraten im Ofen, mit Sauce	Veal brisket with minced meat filling, fried in oven, with sauce	247	17.89	18.5	2
X5A6050	Zwiebeln gefüllt mit Champignons und Hackfleisch, geschmort	Onions filled with button mushrooms and minced meat, braised	233	10.56	18.2	6.3
D710700	Schokoladen-Biskuitplätzchen mit Nougatfüllung	Chocolate sponge biscuits with nougat filling	428	11.6	10.9	68.4
X5A7030	Zucchini mit Hackfleischfüllung und Käse überbacken	Courgette with minced meat filling and cheese gratinated	116	5.5	8.89	3
X940412	Fränkische Mehlklöße mit Kompott aus Trockenfrüchten	Franconian flour dumplings with compote of dried fruit	208	6.03	2.1	38.7
D7A1100	Biskuitplätzchen mit Nougatfüllung	Sponge cake biscuits with nougat filling	421	11.15	6.9	77.4
X760712	Maultaschen Schwäbische Art (mit Hackfleisch) gebraten	Minced meat-spinach-filled pasta squares, Swabian style, fried	190	10.12	12.67	7.82
X720343	Vollkorn-Eier-Frischteigwaren mit Spinat und Tomaten Konserve, überbacken	Fresh wholemeal egg pasta with spinach and canned tomatoes, gratinated	89	5.23	2.5	10
Y740540	Eier russisch	Russian eggs	225	12.6	19.1	0.37
D320100	Buttercremetorte (Wiener Boden hell)	Butter cream torte (Viennese sponge cake light)	328	4.86	21.78	27.9
D238500	Aprikosen-Nuss-Torte (Rührmasse)	Apricot torte with nuts (cake batter)	284	4.83	16.87	27.3
W272300	Würfelpastete	Die-patterned pate	170	12.89	13.16	0.08
X454223	Grießsuppe geröstet, legiert mit Eigelb	Semolina soup roasted, thickened with egg yolk	43	1.4	2.2	3.9
D7B3100	Butterkekse/Butterplätzchen, kakaohaltig (Mürbeteig) mit Nougatfüllung	Shortbread biscuits, containing cocoa, with nougat filling	497	5.41	23.5	64.4
X331353	Tomatensauce italienische Art	Tomato sauce Italian style	55	1.09	3.65	3.5
X1A8030	Heringssalat mit Apfel, Gewürzgurke und Mayonnaise, gestreckt mit saurer/süßer Sahne	Herring salad with apple, gherkin and mayonnaise, diluted with sour/whipping cream	160	7.8	12.4	3.1
D7A7410	Pudding-Frucht-Plunder	Danish pastry with pudding and fruit	306	5.7	15.5	35
Y036553	Hackfleischbällchen mit Tomatenfüllung, gebraten, mit Tomatensauce (aus Tomatenmark)	Meatballs filled with tomatoes, fried, with tomato sauce (of tomato paste)	226	10.9	18.1	4.2
Y610920	Heringsstipp (mit Bismarck-Hering)	Pickled herring fillet in sauce "Heringsstip"	170	7.94	13.1	3.9
D431400	Donauwellen (Rührmasse)	"Donau-Wellen" cake (cake batter)	315	4.55	20.23	27.7
X456243	Hascheesuppe	Minced meat soup	59	2.3	4.5	2.2
X5A4000	Chicoree gedünstet, mit Käsesauce von Bechamelsauce gratiniert	Chicory stewed, with cheese sauce from Bechamel sauce gratinated	116	3.45	9.7	3.06
X538212	Kohlroulade mit Hackfleischfüllung, gedünstet	Cabbage roulade with minced meat filling, stewed	107	5.1	7.4	4
W865000	Gesülzter Hackbraten	Jellied meatloaf	198	17.1	13.9	1.07
W295200	Frühlingspastete	Spring pate	138	10.91	10.12	0.6
Y621712	Kabeljau gedünstet auf asiatischem Gemüse	Cod stewed on Asian vegetables	80	11.3	2.7	1.4
Y859663	Aprikosencreme	Apricot cream	138	4.8	7.1	12.8
X742423	Eierteigwaren gebraten mit Gemüse und Ei	Egg pasta fried with vegetables and egg	122	6.1	4.2	14.2
X475713	Haferflockensuppe geröstet, mit Gemüsebrühe und Ei	Porridge, roasted, with vegetable stock and egg	39	1.49	2	3.2
S623400	Pralinen gefüllt mit Fruchtcreme (alkoholhaltig)	Pralines filled with fruit cream (alcoholic)	506	6.41	32.58	41
D7A7510	Quark-Frucht-Plunder	Danish pastry with quark and fruit	378	8.13	20.1	40
D630700	Waffelkekse mit Nougatfüllung	Wafer biscuits with nougat filling	431	4.11	14.8	69.6
X673252	Kartoffelklöße von gekochten Kartoffeln, gebraten mit Eiermilch	Potato dumplings from boiled potatoes, fried with egg-milk mix	267	7.03	17.82	18.76
D7B8300	Spritzgebäck (Rührmasse) mit Nougatfüllung, schokoliert	Spritz biscuits (cake batter) with nougat filling and chocolate icing	502	6.3	28.7	52.7
P9A8100	Cocktail, Hugo	Cocktail, Hugo	38	0	0	2.56
D312300	Aprikosen-Sahnetorte (Wasserbiskuit)	Apricot cream torte (sponge cake)	217	3.6	12.8	21.4
X384243	Teufelssauce/Grillsauce	Devil's sauce for barbecue	174	1.03	14.3	8.8
X682533	Himmel und Erde (Äpfel und Kartoffeln) mit gebratener Blutwurst	"Heaven and earth" apple-potato mash with fried blood sausage	133	3.3	8.2	10.7
Y2A1010	Kalbfleischpudding mit Lachsschinken und Champignons	Veal pudding with ham and button mushrooms	274	20.4	18.45	6.3
W272200	Sternpastete	Star-patterned pate	163	12.77	12.38	0.08
X4A8090	Weiße-Bohnen-Eintopf mit Paprika, Tomaten und Ajvar	Haricot bean stew with sweet pepper, tomatoes and ajvar	65	3.4	1.3	8
W291200	Eierpastete	Egg pate	160	12.71	12.01	0.17
X444313	Kartoffel-Lauchcremesuppe	Cream of potato-leek soup	63	1.21	2.3	9
Y180723	Rindfleisch gekocht, mit Kapernsauce von heller/weißer Grundsauce	Beef boiled, with caper sauce from white basic sauce	131	15.6	6.9	1.46
X1A8050	Matjessalat mit Roter Bete, Apfel, Kartoffeln und Mayonnaise	Matjes herring salad with beetrot, apple, potatoes and mayonnaise	126	5.1	7.6	8
X712343	Eier-Frischteigwaren mit gebackenem Kürbis, in Grundsauce hell/weiß mit Sahne	Fresh egg pasta with baked pumpkin, in white basic sauce with cream	128	3.67	5.6	14.57
X711242	Eier-Frischteigwaren Tomatenspätzle, selbstgemacht, roh	Fresh egg pasta tomato spaetzle, homemade, raw	208	10.3	3.5	32.2
X476540	Gurken-Buttermilch-Joghurt-Kaltschale	Cold cucumber-buttermilk-yogurt soup	34	2.24	1.1	3.2
Y912160	Frikadelle mit Pommes frites und Tomatenketchup	Meatball with potato chips and tomato ketchup	240	10.01	13.65	18.32
E605082	Kartoffel-Schupfnudeln gekocht, gebraten ohne Fett (Pfanne)	Potato noodles (Schupfnudeln) boiled, fried without fat (pan)	190	6.31	1.5	36.29
X469753	Chili con carne (mit Rinderhackfleisch)	Chilli con carne (with beef mince)	158	9.9	7.9	9
Y694723	Rotbarsch mit Champignonsauce, überbacken	Redfish with button mushroom sauce, gratinated	110	6.8	7.2	3.9
D9B1100	Butterkekse/Butterplätzchen, kakaohaltig (Vollkornmürbeteig) mit Nougatfüllung	Wholemeal shortbread biscuits, containing cocoa, with nougat filling	494	5.96	23.7	61.8
X553812	Paprikaschoten mit Hackfleischfüllung, gebacken	Sweet peppers with minced meat filling, baked	116	7.43	7.5	4
U063262	Rind/Schwein, Hacksteak, tiefgefroren, gebraten ohne Fett (Ofen)	Beef/pork, minced steak, deep-frozen, fried without fat (oven)	266	22.08	19.71	0
X536343	Rosenkohl gekocht, mit Käsesauce von Bechamelsauce	Brussels sprouts boiled, with cheese sauce from Bechamel sauce	77	4.29	4.6	3.27
D9B1500	Schoko-Müslikekse/Schoko-Müsliplätzchen (Vollkornmürbeteig)	Wholemeal chocolate muesli biscuits (shortcrust pastry)	515	7.2	30.3	49.6
D7B8200	Spritzgebäck (Rührmasse) mit Nougatfüllung	Spritz biscuits (cake batter) with nougat filling	489	6.3	26.9	54.1
W293100	Haselnusspastete	Hazelnut pate	189	14.24	14.36	0.4
D7B3200	Butterkekse/Butterplätzchen, kakaohaltig (Mürbeteig) mit Nougatfüllung, schokoliert	Shortbread biscuits, containing cocoa, with nougat filling and chocolate icing	513	6.09	27.2	59.3
Y073012	Innereiengericht (von Rind/Schwein) mit Sahnesauce	Beef and pork offals with cream sauce	207	17.29	13.6	3.62
X720413	Auflauf aus Eier-Frischteigwaren mit Pilzsauce von Bechamelsauce und Gouda überbacken	Casserole of egg pasta with mushroom sauce from Bechamel sauce and Gouda cheese gratinated	165	6.8	5.9	20
P9A5000	Cocktail, Touch Down	Cocktail, Touch down	82	0.3	0.1	7.8
P196000	Berliner Weisse mit Fruchtsirup	Berlin draught beer with fruit syrup	53	0.6	0	5.74
X659112	Schupfnudeln gegart, gebraten	"Schupfnudeln" (German potato pasta ) cooked, fried	243	4.55	13.62	24.14
Y036533	Frikadellen gebraten, mit gedünsteten Tomaten	Meatballs fried, with stewed tomatoes	164	10.43	11.38	4.41
X760812	Maultaschen Schwäbische Art (mit Hackfleisch) gebraten mit Ei	Minced meat-spinach-filled pasta squares, Swabian style, fried with egg	190	10.78	13.56	5.4
D7B6100	Mürbchen (Mürbeteig) mit Nougatfüllung	Shortcrust pastry biscuit with nougat filling	490	6.34	24.4	60.1
X081243	Toast mit Spargel, Lachsschinken und Käse, gebacken	Toast with asparagus, ham and cheese, baked	201	11	13.71	7.67
X365643	Preiselbeersauce mit Rotwein	Lingonberry sauce with red wine	145	0.48	0.29	32.46
X3A6040	Tofu-Bolognese vegan	Tofu Bolognese vegan	160	11.4	10.7	2.7
X1A2020	Kartoffelsalat mit Mayonnaise	Potato salad with mayonnaise	154	1.6	11.4	10.14
X810553	Milchreis gesüßt, mit Milch 3,5 % Fett und Kompott aus Trockenfrüchten	Rice pudding sweetened, with milk 3.5 % fat and compote of dried fruit	167	3.98	2.4	31
X545043	Spargel gekocht, mit Sauce Hollandaise/Holländischer Sauce	Asparagus boiled, with Hollandaise sauce	180	2.7	17.2	2.93
Y912030	Frikadelle mit Senf	Meatball with mustard	261	18.02	18.88	4.39
Y915062	Knacker mit Brötchen und Senf	Knackwurst with roll and mustard	263	16.48	13.38	18.45
W295100	Champignonpastete	Button mushroom pate	143	12.81	10.05	0.27
Y992060	Vanillecremeeis mit Schlagsahne und Früchten (Konserve)	Vanilla ice cream (with egg) with whipped cream and fruit (canned)	162	2.2	11.29	12.56
Y244023	Kalbsragout fein (Ragout fin)	Veal ragout (ragout fin)	113	12.85	5.9	1.8
X208240	Tomaten-Thunfischsalat mit Essigmarinade	Tomato-tuna salad with vinegar marinade	106	6.76	7.45	2.24
E470082	Eier-Frischteigwaren Ravioli (Gemüsefüllung) gekocht, gebraten ohne Fett (Pfanne)	Fresh egg pasta Ravioli (vegetable filling) boiled, fried without fat (pan)	144	5.09	2.12	25
W291100	Schinken-Käsepastete	Ham-cheese pate	172	17.08	11.39	0.05
G993242	Gemüsemischung mexikanische Art, tiefgefroren, geschmort ohne Fett	Mixed vegetables Mexican style, deep-frozen, braised without fat	68	3.9	0.6	8.9
D330100	Buttercremetorte (Rührmasse)	Butter cream torte (cake batter)	315	4.55	20.23	27.7
Y813262	Baba mit Rum	"Baba" (yeast ring cake, drizzled with rum)	315	6.6	8.7	50
X651343	Bratkartoffeln mit Speck und Zwiebeln	Fried potatoes with bacon and onions	204	4.13	12.65	16.88
X7A3010	Maultaschen mit Spinatfüllung, gegart in Gemüsebrühe	Spinach-filled pasta squares, cooked in vegetable stock	42	2	1.1	5.7
X463453	Linsen-Eintopf mit Wurst und Eier-Frischteigwaren Spätzle	Lentil stew with sausage and fresh egg pasta spaetzle	152	7.8	5.7	15
D314300	Schokobuttercremetorte (Biskuit)	Chocolate butter cream torte (sponge cake)	309	5.12	20.2	25.9
Y015132	Schweinebauch gekocht, mit warmer Blut- und Leberwurst und gedünstetem Sauerkraut	Pork belly boiled, with warm blood- and pork liver sausage and stewed sauerkraut	139	6.32	11.31	1.36
Y740453	Eier weich gekocht, mit Senfsauce	Eggs soft boiled, with mustard sauce	103	6.73	7.3	2.29
X1A1000	Blumenkohlsalat (gegart) mit Quarkmayonnaise	Cauliflower salad (cooked) with quark-mayonnaise	131	4	10.8	4.04
Y036233	Hackbraten mit Gemüsesauce	Meatloaf with vegetable sauce	196	13.33	12.9	5.7
D9A4800	Quark-Frucht-Vollkornplunder	Wholemeal Danish pastry with quark and fruit	349	7.96	19.05	34
X760912	Maultaschen Schwäbische Art (mit Hackfleisch) gegart in Fleischbrühe	Minced meat-spinach-filled pasta squares, Swabian style, cooked in meat stock	57	4.53	2.6	3.31
X5A8020	Kidneybohnen gedünstet	Kidney beans stewed	129	6.8	3.7	12
D410100	Biskuitschnitte mit Vanillebuttercreme	Sponge cake square with vanilla butter cream	299	4.4	20.3	24.4
G993232	Gemüsemischung mexikanische Art, tiefgefroren, gekocht	Mixed vegetables Mexican style, deep-frozen, boiled	57	3.3	0.5	7.4
P9A6000	Cocktail, Tequila Sunrise	Cocktail, Tequila sunrise	60	0.3	0	5.59
Y913032	Bockwurst mit Senf	Bockwurst with mustard	241	12.16	21.16	0.17
E605062	Kartoffel-Schupfnudeln gekocht, gebacken	Potato noodles (Schupfnudeln) boiled, baked	208	6.91	1.64	39.7
U050282	Rind/Schwein, Hackfleisch gemischt, tiefgefroren, gebraten ohne Fett (Pfanne)	Beef/pork, mince mixed, deep-frozen, fried without fat (pan)	333	27.09	24.91	0
X1A2000	Kartoffelsalat mit Gewürzgurke und Marinade (Gemüsebrühe)	Potato salad with gherkin and marinade (vegetable stock)	75	1.42	2.5	10.49
U050242	Rind/Schwein, Hackfleisch gemischt, tiefgefroren, geschmort ohne Fett	Beef/pork, mince mixed, deep-frozen, braised without fat	364	28.65	27.74	0
E603082	Eier-Frischteigwaren Ravioli (Fleischfüllung) gekocht, gebraten ohne Fett (Pfanne)	Fresh egg pasta Ravioli (meat filling) boiled, fried without fat (pan)	139	6.06	3.4	20
U042232	Schwein/Rind, Hackfleisch gemischt, tiefgefroren, gekocht	Pork/beef, mince mixed, deep-frozen, boiled	370	28.54	28.38	0
Y9A1090	Türkische Pizza (Lahmacun) gefüllt mit Salat und Sauce	Lahmacun filled with salad and sauce	183	8.2	8.1	18
Y361623	Schweinebraten mit Sauce, Kaisergemüse und Salzkartoffeln	Pork roast with sauce, mixed vegetables and boiled salted potatoes	107	7.05	5.3	7.1
V880100	Wildpaste (Brotaufstrich)	Game paste spread	298	14.35	25.8	1.75
Y741353	Eierfrikassee mit Pilzsauce von heller/weißer Grundsauce	Egg fricassee with mushroom sauce from white basic sauce	107	9.9	6.7	1.57
X464813	Erbsensuppe mit Gemüsebrühe, Gemüse, Mettwürstchen und Schweinebauch	Pea soup with vegetable stock, vegetables, small Mettwurst sausages and pork belly	116	6.37	7.2	5
W272400	Trüffelmosaikpastete	Truffled mosaic pate	169	14.1	12.34	0.18
U063272	Rind/Schwein, Hacksteak, tiefgefroren, gegrillt	Beef/pork, minced steak, deep-frozen, grilled	286	21.98	21.94	0
D7B5200	Kekse/Plätzchen, kakaohaltig (Rührmasse) mit Nougatfüllung	Biscuits, containig cocoa (cake batter) with nougat filling	512	6.5	27.2	58.8
Y995060	Vanillecremeeis mit heißer Himbeersauce	Vanilla ice cream (with egg) with hot raspberry sauce	91	1.8	2.8	12.1
X3A2010	Lachs-Spinatsauce von Grundsauce hell/weiß mit Sahne	Salmon-spinach sauce from white basic sauce	160	11.33	11.9	1.51
Y6A2020	Lachs gebraten, in Grundsauce hell/weiß mit Sahne und Risi-Pisi	Salmon fried in white basic sauce with cream and risi-pisi	156	9.2	8.8	9.4
Y874012	Vanillepudding, Flammeri, zubereitet aus Pulver und Milch 3,5 % Fett, mit Früchten und Süßstoff	Vanilla pudding made from powder with milk 3.5 % fat, with fruit and artificial sweetener	69	2.5	2.22	9.13
Y694823	Kabeljaufilet gedünstet, mit Gemüsesauce von heller/weißer Grundsauce	Cod fillet stewed, with vegetable sauce from white basic sauce	91	11.2	4	1.9
X740733	Eierteigwaren mit Carbonara Sauce	Egg pasta with Carbonara	167	9	6.01	18.6
S241300	Speiseeis (Frucht, Nuss, Schokolade) gemischt, mit Eierlikör	Ice cream mixed (chocolate, fruit, nut) with egg liqueur	212	2.63	7.71	28.7
X452013	Eintopf aus Teigwaren eifrei, mit Hackfleisch	Stew of pasta egg-free, with minced meat	134	6.5	6	13.1
Y743253	Eier weich gekocht, mit Specksauce von dunkler/brauner Grundsauce	Eggs soft boiled, with bacon sauce from brown basic sauce	108	7.17	7.4	2.97
Y652313	Schleie gedünstet, mit Senfsauce von heller/weißer Grundsauce	Tench stewed, with mustard sauce from white basic sauce	82	11.29	3.1	1.86
W399100	Lachsschinkenpastete	Pate made from cured rolled pork loin	139	14.13	9.1	0.23
X147442	Lauchsalat (gegart) mit Speck-Essigmarinade	Leek salad (cooked) with bacon-vinegar marinade	133	2.36	11.37	4
D7B2000	Butterkekse/Butterplätzchen (Mürbeteig) mit Nougatfüllung	Shortbread biscuits with nougat filling	458	5.83	15.7	72.3
X653123	Kartoffelkroketten mit Karotten und Erbsen in Grundsauce hell/weiß mit Sahne	Potato croquettes with carrots and peas in white basic sauce with cream	174	4.6	8.2	18.77
Y913062	Bockwurst mit Brötchen und Senf	Bockwurst with roll and mustard	254	11.44	14.46	18.79
X463813	Linsen-Eintopf mit Backpflaumen und Blutwurst	Lentil stew with prunes and blood sausage	142	7.15	4.6	15.2
D9A4500	Pudding-Frucht-Vollkornplunder	Wholemeal Danish pastry with pudding and fruit	286	5.5	14.75	31
K271032	Gnocchi tiefgefroren, gekocht	Gnocchi deep-frozen, boiled	148	3.93	0.62	30.67
Y036223	Hackbraten mit Grundsauce dunkel/braun	Meatloaf with brown basic sauce	210	13.53	14.6	5.82
D610800	Baiser mit Schoko-Nougatfüllung	Meringue with chocolate-nougat filling	435	5.4	10.6	78.2
U044262	Schwein/Rind, Hackfleisch gemischt, tiefgefroren, gebraten ohne Fett (Pfanne)	Pork/beef, mince mixed, deep-frozen, fried without fat (pan)	352	26.56	27.31	0
X6A5020	Zwetschgenknödel mit Zucker und Zimt	Plum dumplings with sugar and cinnamon	165	2.28	7.73	20.89
Y995140	Birne Helene	Pear Helene	166	2.6	10.05	15.9
W211472	Berner Würstchen gegrillt	Berner small sausage (with bacon and cheese) grilled	296	15.7	25.75	0.17
Y912260	Frikadelle mit Bratkartoffeln aus rohen Kartoffeln und Tomatenketchup	Meatball with fried potatoes (of raw potatoes) and tomato ketchup	235	8.02	14.71	16.56
W211482	Berner Würstchen gebraten ohne Fett (Pfanne)	Berner small sausage (with bacon and cheese) fried without fat (pan)	260	14	22.6	0.15
D9B1200	Kekse/Plätzchen (Vollkornmürbeteig) mit Nougatfüllung	Wholemeal biscuits (shortcrust pastry) with nougat filling	507	6.3	26.1	59
Y6A2010	Lachs im Blätterteig gebacken, mit gekochtem Spargel und Grundsauce hell/weiß	Salmon in puff pastry baked, with boiled asparagus and white basic sauce	177	9.2	12	7.49
Y692123	Fischklößchen mit Rotbarsch gegart und Gemüsesauce von heller/weißer Grundsauce	Small fishcakes with redfish cooked and vegetable sauce from white basic sauce	64	5.2	2.8	3.8
K270062	Gnocchi gekocht, gebacken	Gnocchi boiled, baked	218	5.69	0.84	45.52
D7A7420	Pudding-Plunder belegt mit Früchten und Klarguss	Danish pastry with pudding, fruit and gelatin glaze	237	4.6	11.4	28
G410732	Artischocke in Öl, Konserve, abgetropft gekocht	Artichokes in oil, canned, drained boiled	310	3.11	27.76	3.67
Y036333	Königsberger Klopse mit Kapernsauce von heller/weißer Grundsauce	"Königsberger Klopse" meatballs, with caper sauce from white basic sauce	140	9.4	9.7	3.52
D7B7100	Nuss-Spritzgebäck (Rührmasse) mit Nougatfüllung	Nut spritz biscuits (cake batter) with nougat filling	545	7.4	37.1	43.8
G993252	Gemüsemischung mexikanische Art, tiefgefroren, gedünstet	Mixed vegetables Mexican style, deep-frozen, stewed	62	3.6	0.5	8.1
S244100	Speiseeis (Frucht, Schoko, Vanille) gemischt, mit Eierlikör	Ice cream mixed (chocolate, vanilla, fruit) with egg liqueur	198	2.33	6.94	27.3
W272100	Mosaikroulade	Mosaic-patterned roulade sausage	156	12.64	11.7	0.08
X760212	Maultaschen Schwäbische Art (mit Hackfleisch) in Butter geröstet	Minced meat-spinach-filled pasta squares, Swabian style, fried in butter	176	9.99	11.23	7.7
X1A2030	Kartoffelsalat mit Salatgurke und Marinade (Gemüsebrühe)	Potato salad with cucumber and marinade (vegetable stock)	71	1.44	2.5	9.74
U047242	Schwein/Rind, Hackfleisch gemischt, tiefgefroren, geschmort ohne Fett	Pork/beef, mince mixed, deep-frozen, braised without fat	386	28.08	30.41	0
U063282	Rind/Schwein, Hacksteak, tiefgefroren, gebraten ohne Fett (Pfanne)	Beef/pork, minced steak, deep-frozen, fried without fat (pan)	219	17.22	16.64	0
E470162	Eier-Frischteigwaren Ravioli (Gemüsefüllung) gekocht, gebacken	Fresh egg pasta Ravioli (vegetable filling) boiled, baked	160	5.67	2.36	27.8
X466043	Wirsing-Eintopf mit Fleischklößchen, Kartoffeln und Karotten	Savoy cabbage stew with small meatballs, potatoes and carrots	64	3.58	2.5	6
X531543	Blumenkohl mit Käsesauce von Bechamelsauce überbacken	Cauliflower with cheese sauce from Bechamel sauce gratinated	84	3.92	5	5.43
X561043	Kohlrüben/Steckrüben, gedünstet mit Speck, in Grundsauce hell/weiß	Swede stewed, with bacon, in white basic sauce	37	1.35	1.9	2.47
X1A1080	Weißkrautsalat (gegart) mit Speck-Essigmarinade	White cabbage salad (cooked) with vinegar marinade	102	1.72	8.03	4.09
G991902	Gemüsemischung asiatische Art, Konserve, abgetropft	Mixed vegetables Asian style, canned, drained	22	1.7	0.3	2.5
G993282	Gemüsemischung mexikanische Art, tiefgefroren, gebraten ohne Fett (Pfanne)	Mixed vegetables Mexican style, deep-frozen, fried without fat (pan)	84	4.9	0.7	11
X559243	Kürbis gebacken, in Paprikasauce von Bechamelsauce	Pumpkin baked, in sweet pepper sauce (from Bechamel sauce)	74	1.63	4.1	6.26
Y742250	Eier gekocht, mit Remouladensauce, gestreckt mit saurer Sahne	Eggs boiled, with remoulade sauce, diluted with sour cream	196	9.7	16.8	1.2
Y944062	Currywurst mit Pommes frites	Curried bratwurst with potato chips	217	6.58	13.04	17.44
K270082	Gnocchi gekocht, gebraten ohne Fett (Pfanne)	Gnocchi boiled, fried without fat (pan)	200	5.2	0.77	41.62
E603062	Eier-Frischteigwaren Ravioli (Fleischfüllung) gekocht, gebacken	Fresh egg pasta Ravioli (meat filling) boiled, baked	157	6.75	3.78	23
G992902	Gemüsemischung Erbsen-Karotten, Konserve, abgetropft	Mixed vegetables peas and carrots, canned, drained	49	2.9	0.37	6.64
X870123	Reisauflauf mit Karotten, Erbsen und Pilzen	Rice casserole with carrots, peas and mushrooms	152	6.2	5.4	18.2
Y526013	Rehbraten mit Wildsauce von dunkler/brauner Grundsauce	Roe deer roast with game sauce from brown basic sauce	196	22.5	10.8	2.1
Y942132	Bratwurst mit Kartoffelsalat und Senf	Bratwurst with potato salad and mustard	188	5.6	15.2	6.43
Y525023	Rehpfeffer	"Rehpfeffer" savory roe deer goulash	162	13.5	9.7	4.2
X673122	Kartoffelklöße gebraten mit Eiermilch, mit Butterbröseln und Kompott aus Trockenfrüchten	Potato dumplings fried with egg-milk mix, with buttered breadcrumbs and compote of dried fruit	253	5.47	13.1	26.5
Y9A1080	Türkische Pizza (Lahmacun) gefüllt mit Grillfleisch (Geflügel), Rohkost und Sauce	Lahmacun filled with grilled poultry, salad and sauce	186	9.1	8.5	17
X6A3020	Moussaka (Auflauf mit Kartoffeln, Auberginen, Bechamel- und Hackfleischsauce)	Moussaka (gratin with potatoes, aubergines, Bechamel and minced meat sauce)	157	6.14	11	7.5
X321813	Tomatensauce aus Tomaten Konserve	Tomato sauce of canned tomatoes	108	1.21	9.55	3.6
X702412	Vollkorn-Eier-Frischteigwaren mit Bologneser Sauce	Fresh wholemeal egg pasta with Bolognese (minced meat sauce)	166	9.16	9.8	9
Y599112	Wrap gefüllt mit Salat und gebratenem Hähnchenbrustfilet	Wrap filled with salad and fried chicken breast fillet	153	12.18	4.2	15.9
X554333	Paprikaschoten mit Hackfleisch-Reisfüllung gedünstet, in Tomatensauce (aus Tomatenmark)	Sweet peppers with minced meat-rice filling, in tomato sauce (of tomato paste)	139	5.7	9.1	8
Y546123	Wildschweinbraten mit Speck und Wildsauce von dunkler/brauner Grundsauce	Wild boar roast with bacon and game sauce from brown basic sauce	183	16.3	11.8	2.5
Y915132	Knacker mit Kartoffelsalat und Senf	Knackwurst with potato salad and mustard	191	8.3	14.3	6.47
Y5A4000	Ragout fin aus Hühnerfleisch	Chicken ragout fin	219	15.12	16.8	1.7
Y534133	Hasenragout	Hare ragout	182	17	10.9	3.6
Y945132	Rostbratwurst mit Kartoffelsalat und Senf	Rostbratwurst with potato salad and mustard	170	7.6	12.3	6.38
Y916032	Brühwurst mit Senf	Scalded sausage with mustard	183	14.33	13.8	0.16
Y504233	Wildgulasch mit Steinpilzen und Wildsauce von dunkler/brauner Grundsauce	Game goulash with porcini mushrooms and game sauce from brown basic sauce	129	16	5	3.1
Y361233	Schweinebrust mit Hackfleischfüllung, gebraten im Ofen, mit Sahnesauce von dunkler/brauner Grundsauce	Pork breast filled with minced meat fried in oven, with cream sauce from brown basic sauce	235	17.4	17.4	2
X9A4000	Burrito gefüllt mit Gemüse, Rinderhackfleisch und Käse	Burrito filled with vegetables, beef mince and cheese	289	11.5	11	35
X332053	Pilzsauce von dunkler/brauner Grundsauce	Mushroom sauce from brown basic sauce	75	1.8	4.8	5.3
X450243	Kartoffelsuppe sauer, mit Blut- und Leberwurst	Potato soup sour with blood and liver sausage	119	3.5	7.9	8
X760533	Cannelloni al forno, Teigwaren gefüllt mit Bologneser Sauce, mit Käse überbacken	Cannelloni al forno (pasta rolls filled with Bolognese sauce, gratinated with cheese)	236	11.34	14.1	14.9
Y564113	Hühnerfrikassee mit Champignons	Chicken fricassee with button mushrooms	172	10.91	13.2	2.23
X466513	Grünkohl-Eintopf mit Kartoffeln und Kochwurst	Curly kale stew with potatoes and cooked sausage	80	5.13	3.3	6.1
Y912130	Frikadelle mit Kartoffelsalat und Senf	Meatball with potato salad and mustard	198	8.4	14.5	7.77
D7A7430	Pudding-Plunder belegt mit Früchten, Klarguss und Sahne	Danish pastry with pudding, fruit, gelatin glaze and whipped cream	246	4.5	13.4	26
Y913132	Bockwurst mit Kartoffelsalat und Senf	Bockwurst with potato salad and mustard	185	5.4	14.9	6.54
Y914132	Wiener Würstchen mit Kartoffelsalat und Senf	Vienna sausage with potato salad and mustard	197	5.5	16.2	6.47
Y516033	Hirschbraten mit Wildsauce von dunkler/brauner Grundsauce	Venison roast with game sauce from brown basic sauce	159	19.9	8	1.52
Y584223	Putenragout mit Tomaten und Champignons	Turkey ragout with tomatoes and button mushrooms	89	15.23	2.3	1.5
Y063813	Pirogge mit Hackfleischfüllung und Sauerkraut mit Apfel gedünstet	Pirogue with minced meat filling and sauerkraut with apple stewed	180	7.2	8.84	16
Y916132	Brühwurst mit Kartoffelsalat und Senf	Scalded sausage with potato salad and mustard	165	6.6	12.3	6.2
Y916062	Brühwurst mit Brötchen und Senf	Scalded sausage with roll and mustard	214	13	10.02	17.13
X464433	Erbsensuppe mit Gemüsebrühe, Suppengrün, Speck und Wiener Würstchen	Pea soup with vegetable stock, mirepoix, bacon and Vienna sausages	103	5.38	6.3	5
Y344023	Schweineragout mit Gemüse	Pork ragout with vegetables	146	12.7	9.2	2.5
X554113	Paprikaschoten mit Hackfleischfüllung gebacken, in Tomatensauce (aus frischen Tomaten)	Sweet peppers with minced meat filling baked, in tomato sauce (of fresh tomatoes)	118	5.19	8.2	5
X070360	Sandwich mit Krabben-Cocktail	Sandwich with shrimp cocktail	223	7.9	11.5	20.76
X464713	Erbsensuppe mit Gemüsebrühe, Suppengrün und Speck, gebunden	Pea soup with vegetable stock, mirepoix and bacon, thickened	77	4.15	2.9	7
X740433	Eierteigwaren mit Bologneser Sauce	Egg pasta with Bolognese (minced meat sauce)	164	8.3	8	13.9
Y522133	Rehrücken gebraten im Ofen, mit Wildsauce von dunkler/brauner Grundsauce	Roe deer saddle fried in oven, with game sauce from brown basic sauce	184	15.3	12.1	2.8
Y531023	Hasenbraten mariniert (Hasenpfeffer) mit Sauce	Marinated hare roast with sauce	199	14.1	14	3.8
Y171223	Rinderherzragout mit Champignons	Beef heart ragout with button mushrooms	112	11.5	5.6	3.6
X450013	Kartoffel-Lauchcremesuppe mit Speck	Cream of potato-leek soup with bacon	81	2.22	3.9	9
X730033	Lasagne al forno, Teigwaren geschichtet mit Bechamel- und Bologneser Sauce, mit Käse überbacken	Lasagna al forno (pasta sheets with Bechamel- and Bolognese sauce, gratinated with cheese)	197	9.69	13.3	8.9
Y377323	Schweinenieren gebraten, mit Pilzen und Grundsauce dunkel/braun	Pork kidneys fried, with mushrooms and brown basic sauce	116	11.7	6.2	2.31
X070460	Sandwich mit Geflügelsalat (Huhn)	Sandwich with poultry salad (chicken)	186	8.5	6.2	22.85
G993902	Gemüsemischung mexikanische Art, Konserve, abgetropft	Mixed vegetables Mexican style, canned, drained	47	2.9	0.4	5.7
Y688113	Scampi gegart, in scharfer Tomatensauce (aus Tomaten Konserve)	Scampi cooked, in spicy tomato sauce (of canned tomatoes)	88	9.35	4	2.7
X911112	Vollkornpizza mit Tomatensauce, Gemüse, Mozzarella und Champignons	Wholemeal pizza with tomato sauce, vegetables, mozzarella and button mushrooms	181	7	9.12	16
Y332532	Jägerschnitzel (Schweineschnitzel natur, gebraten, mit Pilzsauce)	"Jaegerschnitzel" pork schnitzel fried, with mushroom sauce	118	18.1	3.8	2.5
X912033	Pizza Margherita (mit Tomatensauce, Mozzarella)	Pizza margherita (with tomato sauce, mozzarella)	238	7.77	13.55	20
Y670533	Aal in Tomatensauce (aus Tomaten Konserve), überbacken	Eel poached, in tomate sauce (of canned tomatoes), gratinated	196	7.4	17.1	2.4
X914233	Pizza quattro stagioni (mit Tomatensauce, Artischocken, Champignons, Paprika, Kochschinken)	Pizza quattro stagioni (mit tomato sauce, artichokes, button mushrooms, sweet pepper, boiled ham)	146	5.67	6.11	15
X911013	Vollkornpizza mit Tomatensauce, Mozzarella, Tomaten, Zwiebeln, Oliven	Wholemeal pizza with tomato sauce, mozzarella, tomatoes, onions and olives	207	7.46	11.2	17
X571453	Weiße Bohnen gekocht, in Tomatensauce (aus Tomaten Konserve)	Haricot beans boiled, in tomato sauce (of canned tomatoes)	83	4.4	2.1	9
X551363	Auberginenscheiben gebraten, mit Tomatensauce (aus Tomaten Konserve) und Käse überbacken	Aubergine slices fried, with tomato sauce (of canned tomatoes) and cheese gratinated	154	4.4	12.2	5.5
X915333	Pizza marinara (mit Tomatensauce, Mozzarella, Meeresfrüchten)	Pizza marinara (with tomato sauce, mozzarella, shellfish)	212	9.01	12.4	15
X915113	Pizza siciliana (mit Tomatensauce, Mozzarella, Anchovis, Oliven)	Pizza siciliana (with tomato sauce, mozzarella, anchovies, olives)	233	8.4	14.1	17
X912363	Pizza Napoli (mit Tomatensauce, Mozzarella, Sardellenfilets, Oliven, Kapern)	Pizza Napoli (with tomato sauce, mozzarella, anchovy fillets, olives, capers)	224	7.84	13.4	17
X9A5020	Pizza Spezial (mit Tomatensauce, Mozzarella, Schinken, Salami)	Pizza special (with tomato sauce, mozzarella, ham, salami)	247	12.98	14.48	15
X912133	Pizza al funghi (mit Tomatensauce, Champignons, Mozzarella)	Pizza al funghi (with tomato sauce, button mushrooms, mozzarella)	202	7.29	11.24	17
X912412	Pizza Prosciutto (mit Tomatensauce, Kochschinken, Mozzarella)	Pizza prosciutto (with tomato sauce, boiled ham, mozzarella)	224	11.36	12.17	16
X914133	Pizza Salame (mit Tomatensauce, Mozzarella, Salami, Oliven, Peperoni)	Pizza salame (with tomato sauce, mozzarellea, salami, olives, peperoni)	251	9.6	16	16
X9A5010	Pizza Hawaii (mit Tomatensauce, Mozzarella, Ananas, Schinken)	Pizza Hawaii (with tomato sauce, mozzarella, pineapple, ham)	207	9.89	10.52	17
X915233	Pizza tonno (mit Tomatensauce, Mozzarella, Thunfisch, Sardellen, Oliven, Zwiebeln)	Pizza tonno (with tomato sauce, mozzarella, tuna, anchovies, olives, onions)	228	11.16	13.3	15
