# U.S. Department of Agriculture, Agricultural Research Service. FoodData Central: SR Legacy (2018-04). https://fdc.nal.usda.gov/
# Public domain (CC0 1.0). Extract by CruxCoach (scripts/build_usda_asset.py): per 100 g, available carbohydrate = by difference - fibre.
# Source archive sha256: b80817294b8850530aaedf2e515c02593b1824f763a0ff356e5c2081643e6fd0
# code	name_de	name_en	kcal	protein_g	fat_g	carbs_g	iron_mg	calcium_mg	vitamin_d_ug	portions
167512		Pillsbury Golden Layer Buttermilk Biscuits, Artificial Flavor, refrigerated dough	307	5.88	13.24	39.98	2.12			serving=34
167513		Pillsbury, Cinnamon Rolls with Icing, refrigerated dough	330	4.34	11.27	52.02	1.93	28		serving 1 roll with icing=44
167514		Kraft Foods, Shake N Bake Original Recipe, Coating for Pork, dry	377	6.1	3.7	79.8				serving=28
167515		George Weston Bakeries, Thomas English Muffins	232	8	1.8	46	1.4	180		serving=57
167516		Waffles, buttermilk, frozen, ready-to-heat	273	6.58	9.22	38.85	6.04	279		waffle, square=39|waffle, round=38
167517		Waffle, buttermilk, frozen, ready-to-heat, toasted	309	7.42	9.49	45.79	6.59	299	0	waffle round (4" dia)=33
167518		Waffle, buttermilk, frozen, ready-to-heat, microwaved	289	6.92	9.4	41.76	6.53	125		waffle=35
167519		Waffle, plain, frozen, ready-to-heat, microwave	298	6.71	9.91	43.01	5.81	197		waffle, round (4"dia)=32
167520		Pie Crust, Cookie-type, Graham Cracker, Ready Crust	501	5.1	24.83	62.4	2.6	29	0	crust=183
167521		Pie Crust, Cookie-type, Chocolate, Ready Crust	484	6.08	22.42	61.78	4.3	32	0	crust=182
167522		Pie, Dutch Apple, Commercially Prepared	290	2.17	11.5	42.94	0.91	14		pie 1 pie (1/8 of 9" pie)=1091.67|slice=137|pie=1137
167523		Pie crust, deep dish, frozen, unbaked, made with enriched flour	468	5.52	28.74	45.39	2.26	20		pie crust (average weight)=225
167524		Waffles, chocolate chip, frozen, ready-to-heat	297	5.8	10.1	44.18	6.4	357	0.1	waffles=35
167525		Tostada shells, corn	474	6.15	23.38	58.63	1.53	76		piece=12.3|pieces (mean serving weight, a=12.33
167526		Bread, salvadoran sweet cheese (quesadilla salvadorena)	374	7.12	17.12	47.14	0.98	73	0.3	serving (approximate serving s=55|cake square (average weight of=399
167527		Bread, pound cake type, pan de torta salvadoran	390	7.06	17.45	49.59	2.2	46		serving=55|cake square=622
167528		Pastry, Pastelitos de Guava (guava pastries)	379	5.48	18.5	45.56	2.12	14		piece=86
167529		Crackers, snack, Goya Crackers	433	14.25	13.35	60.55	5.66	16		serving (1 NLEA serving - abou=30|cracker=12.7
167530		Crackers, cream, Gamesa Sabrosas	484	7.01	20.37	62.15	7.38	26		crackers (1 NLEA serving)=2.82|cracker=3.1
167531		Crackers, cream, La Moderna Rikis Cream Crackers	464	7.19	19.5	62.48	6.64	734		crackers (1 NLEA serving)=3.2|cracker=3.1
167532		Bread, white wheat	238	10.66	2.15	34.71	4.89	684	0	slice=28
167533		Bagels, wheat	250	10.2	1.53	44.79	2.76	20	0	bagel=98
167534		Cream puff, eclair, custard or cream filled, iced	334	4.41	18.52	36.53	0.95	35	0.3	
167535		Tortillas, ready-to-bake or -fry, flour, shelf stable	297	8.01	7.58	46.87	3.32	163	0	tortilla=49|package=484
167536		Snacks, beef jerky, chopped and formed	410	33.2	25.6	9.2	5.42	20	0.3	piece, large=20
167537		Snacks, corn-based, extruded, chips, plain	539	6.17	33.36	53.27	1.2	138	0	bag (7 oz)=198
167538		Snacks, corn-based, extruded, chips, barbecue-flavor	523	7	32.7	51	1.54	131		bag (7 oz)=198
167539		Snacks, corn-based, extruded, cones, plain	510	5.8	26.9	61.8	2.54	3		
167540		Snacks, fruit leather, pieces	359	1	2.68	82.82	0.75	18	0	package=27|packet (.75 oz)=21
167541		Snacks, fruit leather, rolls	371	0.1	3	85.8	1.01	32	0	large=21|small=14
167542		Snacks, granola bars, hard, plain	471	10.1	19.8	59.1	2.95	61	0	bar=21|bar (1 oz)=28
167543		Snacks, granola bars, hard, almond	495	7.7	25.5	57.2	2.5	32		bar=24
167544		Snacks, granola bars, soft, uncoated, raisin	448	7.6	17.8	62.2	2.44	101		bar (1.5 oz)=43|bar (1 oz)=28
167545		Snacks, granola bars, soft, coated, milk chocolate coating, chocolate chip	466	5.8	24.9	60.4	2.33	103		bar (1.25 oz)=35|bar (1 oz)=28
167546		Candies, honey-combed, with peanut butter	473	8.72	20.18	65.51	0.71	21	0	serving=40
167547		Snacks, granola bars, soft, coated, milk chocolate coating, peanut butter	508	10.2	31.1	50.6	1.45	108	0	bar=37
167548		Snacks, granola bars, soft, uncoated, peanut butter and chocolate chip	432	9.8	20	58	1.94	80		bar (1 oz)=28
167549		Snacks, popcorn, oil-popped, microwave, regular flavor, no trans fat	583	7.29	43.55	36.96	1.98	4	0	cup=11
167550		Snacks, popcorn, cakes	384	9.7	3.1	77.2	1.87	9	0	cake=10|cakes=10
167551		Snacks, popcorn, caramel-coated, with peanuts	400	6.4	7.8	76.9	3.91	66	0	
167552		Snacks, popcorn, caramel-coated, without peanuts	431	3.8	12.8	73.9	1.74	43	0	
167553		Snacks, potato chips, made from dried potatoes, reduced fat	502	4.56	26.14	61.56	1.11	29	0	can (6 oz)=170
167554		Snacks, potato chips, made from dried potatoes, sour-cream and onion-flavor	547	6.6	37	50.1	1.4	64		can (6.75 oz)=198
167555		Snacks, pretzels, hard, plain, salted	384	10.04	2.93	76.99	4.58	27	0	twists=6
167556		Snacks, pretzels, hard, confectioner's coating, chocolate-flavor	457	7.5	16.7	68.5	2	74	0	pretzel=11
167557		Snacks, rice cakes, brown rice, sesame seed	392	7.6	3.8	76.1	1.58	12		cake=9|cakes=9
167558		Snacks, tortilla chips, plain, white corn, salted	472	7.1	20.68	62.38	1.52	106	0	bag=213
167559		Snacks, tortilla chips, nacho cheese	519	7.36	27.42	55.71	1.16	137	0	
167560		Snacks, tortilla chips, ranch-flavor	501	7.19	24.63	58.74	1.38	134		bag (7 oz)=198
167561		Snacks, trail mix, regular	462	13.8	29.4	44.9	3.05	78		cup=150
167562		Candies, ALMOND JOY Candy Bar	479	4.13	26.93	54.51	1.27	64		package 1.76 oz=49|bar snack size=19
167563		Candies, TWIZZLERS CHERRY BITES	338	2.97	1.7	79.28	0.55	12		pieces=2.22
167564		Candies, NESTLE, BIT-O'-HONEY Candy Chews	388	2	7.5	80.69	0.2	35	0	serving 6 pieces=40
167565		Candies, NESTLE, BUTTERFINGER Bar	459	5.4	18.9	70.9	0.79	36	0	serving 2.1 oz bar=60|serving 1 fun size bar 0.65 oz=18|serving 0.75 oz bar=21|bar bite size=7|bar king size=108
167566		Candies, caramels, chocolate-flavor roll	387	1.59	3.31	87.63	0.8	36	0	piece=6.6|bar 2.25 oz=64|serving 6 pieces=40
167567		Baking chocolate, unsweetened, liquid	472	12.1	47.7	18.1	4.15	54		
167568		Baking chocolate, unsweetened, squares	642	14.32	52.31	11.82	17.4	101	0	cup, grated=132
167569		Candies, confectioner's coating, yogurt	522	5.87	27	63.94	0.14	205	0	cup chips=170
167570		Candies, confectioner's coating, peanut butter	529	18.3	29.8	41.88	1.7	110	0	cup chips=168
167571		Candies, white chocolate	539	5.87	32.09	59.04	0.24	199	0	bar (3 oz)=85|tbsp=14|cup chips=170
167572		Ice creams, vanilla, light	180	4.78	4.83	29.16	0.19	161	0.1	serving 1/2 cup=76
167573		Ice creams, vanilla, rich	249	3.5	16.2	22.29	0.34	117	0.3	cup=214
167574		Desserts, flan, caramel custard, prepared-from-recipe	145	4.53	4.03	22.78	0.38	83		cup=306|recipe yield=1531
167575		Ice creams, vanilla	207	3.5	11	22.9	0.09	128	0.2	serving 1/2 cup=66
167576		Ice creams, vanilla, light, soft-serve	126	4.9	2.6	21.8	0.06	157	0	serving 1/2 cup=88
167577		Sherbet, orange	144	1.1	2	29.1	0.14	54	0	cup (4 fl oz)=148|bar (2.75 fl oz)=66
167578		Candies, fudge, peanut butter, prepared-from-recipe	387	3.78	6.59	77.05	0.22	42		piece=16
167579		Candies, fudge, vanilla, prepared-from-recipe	383	1.05	5.45	82.15	0.02	38	0	
167580		Candies, fudge, vanilla with nuts	435	3	13.69	73.71	0.41	47	0	
167581		Candies, NESTLE, GOOBERS Chocolate Covered Peanuts	512	9.7	34	43.3	1.1	89		package 1.375 oz=39|serving 0.25 cup=41|serving fun size=48
167582		Candies, NESTLE, BABY RUTH Bar	475	5.4	21.6	62.8	0.63	47	0	serving 2.1 oz bar=60|serving fun size bar 0.65 oz=18
167583		Candies, TWIZZLERS Strawberry Twists Candy	348	2.56	2.32	79.16	0.51	0		pieces 1.6oz=11.25
167584		Syrups, table blends, pancake, with butter	291	0	0.09	72.43	0.09	2	0	serving 1/4 cup=73
167585		Ice creams, chocolate, light	187	5	7.19	24.9	0.69	159	0.1	serving=68|unit=100
167586		Candies, NESTLE, CHUNKY Bar	519	7.5	27.5	57.9	0.9	100		serving 1.4 oz bar=40
167587		Candies, milk chocolate	535	7.65	29.66	56	2.35	189	0	bar, miniature=7|bar (1.55 oz)=44|cup chips=168
167588		Puddings, banana, dry mix, instant, prepared with 2% milk	105	2.76	1.7	19.74	0.06	102	0.8	cup From 19191=294
167589		Puddings, banana, dry mix, regular, prepared with 2% milk	101	2.9	1.73	18.43	0.05	109	0.9	cup From 19211=284
167590		Andrea's, Gluten Free Soft Dinner Roll	257	5.65	8.2	37.34	0.89	41		roll=69
167591		Crunchmaster, Multi-Grain Crisps, Snack Crackers, Gluten-Free	456	10.91	15.92	59.68	2.68	246		crackers=1.3
167592		Glutino, Gluten Free Cookies, Chocolate Vanilla Creme	474	2.19	17.89	73.53	2.81	19		cookies=14.67
167593		Glutino, Gluten Free Cookies, Vanilla Creme	487	2.19	18.79	77.34	0.23	11		cookies=15
167594		Pepperidge Farm, Goldfish, Baked Snack Crackers, Original	467	9.42	18.42	63.41	4.73	74		goldfish=0.52
167595		Pepperidge Farm, Goldfish, Baked Snack Crackers, Parmesan	459	11.16	17.29	61.2	4.45	101		goldfish=0.53
167596		Pepperidge Farm, Goldfish, Baked Snack Crackers, Pizza	469	9.67	18.93	61.61	4.87	93		goldfish=0.51
167597		Rudi's, Gluten-Free Bakery, Original Sandwich Bread	320	3.13	10.7	49.33	0.76	24		slice=34
167598		Udi's, Gluten Free, Soft & Delicious White Sandwich Bread	298	5.4	8.02	45.65	0.53	59		slice=28
167599		Udi's, Gluten Free, Soft & Hearty Whole Grain Bread	309	7.25	9.34	44.19	0.76	60		slice=25
167600		Udi's, Gluten Free, Whole Grain Dinner Rolls	329	11.8	11.6	33.09	1.64	118		roll=44
167601		Van's, Gluten Free, Totally Original Pancakes	215	3.31	4.55	38.82	0.7	39		pancake=48|box=352
167602		Seaweed, Canadian Cultivated EMI-TSUNOMATA, dry	259	15.34	1.39	9.54	66.38	299	3.1	cup=20
167603		Seaweed, Canadian Cultivated EMI-TSUNOMATA, rehydrated	31	1.86	0.17	1.12	8.07	36	0.4	cup=100
167604		Potatoes, hash brown, refrigerated, unprepared	84	1.75	0.08	17.36	0.48	6	0	cup unprepared=159
167605		Potatoes, hash brown, refrigerated, prepared, pan-fried in canola oil	242	3.24	10.3	30.39	0.74	10	0	cup prepared=130
167606		Sweet Potatoes, french fried, frozen as packaged, salt added in processing	182	2.16	8.92	29.88	0.77	52	0	fries=4.25
167607		Moose, meat, raw (Alaska Native)	103	22.3	1.5	0	3.28	5		
167608		Mashu roots, raw (Alaska Native)	135	5.8	2.4	22.6				
167609		Moose, liver, braised (Alaska Native)	155	24.38	4.89	3.43	6.77	7		
167610		Seal, bearded (Oogruk), meat, raw (Alaska Native)	110	26.7	0.4	0	12.9	10		
167611		Oil, bearded seal (Oogruk) (Alaska Native)	899	0.56	99.6	0	0	0	0.7	
167612		Oopah (tunicate), whole animal (Alaska Native)	67	11.7	2.2	0	20.7	53		
167613		Owl, horned, flesh, raw (Alaska Native)	136	22.7	5	0	4.8	16		
167614		Fish, salmon, king, chinook, smoked and canned (Alaska Native)	150	23.2	5.9	0	1.8	60		
167615		Fish, salmon, king, chinook, smoked, brined (Alaska Native)	430	39.9	30	0	4.5	23		
167616		Fish, salmon, king, chinook, liver (Alaska Native)	156	16.6	8	4.3	2.6	28		
167617		Duck, scoter, white-winged, meat (Alaska Native)	84	20.2	0.4	0		8		
167618		Sea cucumber, yane (Alaska Native)	56	13	0.4	0	0.6	30		
167619		Squirrel, ground, meat (Alaska Native)	111	19.3	3.8	0	4.7			
167620		Tea, tundra, herb and laborador combination (Alaska Native)	1	0	0	0.2	0.08	2		
167621		Walrus, meat, dried (Alaska Native)	251	57	2.6	0	43			
167622		Deer (venison), sitka, raw (Alaska Native)	116	21.5	2.66	0	2.9	7		
167623		Whale, bowhead, subcutaneous fat (blubber) (Alaska Native)	870	0.4	96.5	0	0.5			
167624		Whale, bowhead, skin and subcutaneous fat (muktuk) (Alaska Native)	465	12.6	46.1	0		5		
167625		Oil, whale, bowhead (Alaska Native)	900	0	100	0	0	0		
167626		Fish, whitefish, broad, liver (Alaska Native)	104	11	4.4	5.1	8.6	53		
167627		Mush, blue corn with ash (Navajo)	54	0.66	0.49	10.64	2.92	96		
167628		Cornmeal, blue (Navajo)	398	10.4	5.44	68.23	2.91	5		
167629		Melon, banana (Navajo)	21	0.84	0.2	3.76	0.21	13		
167630		Chilchen (Red Berry Beverage) (Navajo)	44	0.81	0.63	8.68	0.95	7		
167631		Corn, dried (Navajo)	386	9.88	5.22	74.93	1.92	15		
167632		Squash, Indian, cooked, boiled (Navajo)	16	0.31	0.15	1.72				
167633		Bread, kneel down (Navajo)	195	4.29	2.21	39.47	1.11	5		
167634		Mutton, cooked, roasted (Navajo)	234	33.43	11.09	0.08	4.76	10		
167635		Frybread, made with lard (Navajo)	330	6.69	12.22	48.26	4.04	57		piece=152
167636		Tamales (Navajo)	153	6.28	6.12	15.02	1.22	29		piece=186
167637		Stew, steamed corn (Navajo)	112	8.82	3.75	8.5	1.1	22		
167638		Fish, halibut, raw, with skin (Alaska Native)	116	20.53	2.92	1.81	0.27	20		
167639		Fish, salmon, coho (silver), raw (Alaska Native)	140	22.56	5.57	0	0.55	5		
167640		Blueberries, wild, raw (Alaska Native)	61	1.22	0.76	9.71	0.37	13	0	
167641		Oil, spotted seal (Alaska Native)	894	0	99.32	0	0	0	0.7	
167642		Fish, salmon, red, canned, bones removed (Alaska Native)	161	27.31	5.76	0	1.9	28		
167643		Fish, whitefish, eggs (Alaska Native)	104	14.66	2.88	4.89	5.95	46		
167644		Caribou, rump meat, half dried (Alaska Native)	255	52.06	5.23	0	11	14		
167645		Fish, salmon, red, (sockeye), canned, smoked (Alaska Native)	206	35.19	7.26	0	1.5	69		
167646		Fish, salmon, red, (sockeye), kippered (Alaska Native)	141	24.5	4.75	0	0.49	54	2	
167647		Fish, salmon, king, with skin, kippered, (Alaska Native)	209	23.19	12.95	0	0.55	55	1.2	
167648		Fish, sheefish, raw (Alaska Native)	115	22.25	2.84	0	0.5	140		
167649		Buffalo, free range, top round steak, raw (Shoshone Bannock)	97	21.44	1.3	0	2.61	3		
167650		Seal, bearded (Oogruk), meat, partially dried (Alaska Native)	270	62.38	2.31	0	33	9		
167651		Buffalo, free range, top round steak, cooked (Shoshone Bannock)	146	32.51	1.8	0	3.76	4		
167652		Elk, free range, roast, eye of round, raw (Shoshone Bannock)	98	19.74	2.1	0	2.27	4		
167653		Corn, dried, yellow (Northern Plains Indians)	419	14.48	10.64	45.77	2.61	25	0	
167654		Smelt, dried (Alaska Native)	386	56.19	17.9	0	5.4	1600		
167655		Frybread, made with lard (Apache)	309	8.38	10.14	44.31	3.43	52		
167656		Corned beef and potatoes in tortilla (Apache)	224	7.91	8.31	27.85	1.8	27		
167657		ON THE BORDER, soft taco with ground beef, cheese and lettuce	229	13.19	11.05	17.48	1.94	123		serving varied from 2-3 tacos =324
167658		Restaurant, Mexican, soft taco with ground beef, cheese and lettuce	219	12.56	10.81	16.42	1.85	116		serving varied from 1 to 3 tac=281|taco=134
167659		Restaurant, Latino, chicken and rice, entree, prepared	174	12.02	5.06	18.83	0.95	18		cup=141
167660		Restaurant, Latino, empanadas, beef, prepared	335	11.31	18.37	29.19	2.7	20	0.2	piece=89
167661		Restaurant, Latino, pupusas con frijoles (pupusas, bean)	229	5.59	9.01	25.69	1.46	51		piece=126
167662		Restaurant, Latino, pupusas con queso (pupusas, cheese)	256	11.72	13.25	19.49	0.56	325	1.2	piece=117
167663		Restaurant, Latino, pupusas del cerdo (pupusas, pork)	232	11.51	10.43	20.42	1.01	49	0.7	piece=122
167664		Restaurant, Latino, tamale, corn	186	3.48	7.21	23.48	0.53	24	0.4	piece=166
167665		Restaurant, Mexican, spanish rice	185	3.28	5.29	29.96	1.15	20	0	cup=116
167666		Restaurant, Mexican, refried beans	156	6.91	6.77	8.79	1.62	57	0	cup=148
167667		Restaurant, Chinese, egg rolls, assorted	250	8.28	11.94	24.69	1.41	40		piece=89
167668		Restaurant, Chinese, fried rice, without meat	174	4.05	2.96	31.69	0.66	12	0	cup=137
167669		CRACKER BARREL, steak fries	255	3.26	13.18	27.37	0.69	19		serving=198
167670		CRACKER BARREL, grilled sirloin steak	203	31.52	8.52	0	2.75	7		steak=151
167671		CRACKER BARREL, macaroni n' cheese plate, from kid's menu	192	6.46	11.51	14.88	0.55	146		serving=257|cup=149
167672		DENNY'S, french fries	282	3.41	14.13	31.7	0.72	14		serving=165
167673		DENNY'S, top sirloin steak	182	28.9	7.34	0.14	3.27	6		steak=107
167674		Restaurant, Chinese, lemon chicken	252	11.87	13.55	19.61	1.22	40	0.1	order=623|pieces=24.33
167675		Restaurant, Chinese, general tso's chicken	295	12.9	16.36	23.09	1.16	12	0.2	order=535|pieces=17.67
167676		Restaurant, Chinese, kung pao chicken	129	9.76	6.98	5.37	0.76	20	0	order=604
167677		Restaurant, Chinese, vegetable lo mein, without meat	121	4.77	2.35	18.86	1.07	21	0.1	order=741|cup=136
167678		Restaurant, Chinese, chicken and vegetables	95	8.18	4.56	4.48	0.56	20	0	order=693|cup=153
167679		Restaurant, Chinese, orange chicken	262	14.46	12.68	21.66	0.94	14	0.1	order=648|pieces=21
167680		Restaurant, Italian, spaghetti with meat sauce	121	5.79	3.59	14.8	0.97	17		serving=554
167681		Beverages, fruit-flavored drink, dry powdered mix, low calorie, with aspartame	218	0.45	0.04	87.28	0.08	1047	0	tsp=8
167682		Pectin, liquid	11	0	0	0	0	0	0	
167683		Frozen novelties, ice cream type, vanilla ice cream, light, no sugar added, chocolate coated	221	6.4	10.1	25.31	0.29	222	0.2	bar=78
167684		Creamy dressing, made with sour cream and/or buttermilk and oil, reduced calorie	160	1.5	14	7	0.13	6	0	tbsp=15|cup=245
167685		Bologna, beef and pork, low fat	230	11.5	19.3	2.6	0.66	11	0.5	cup pieces=138|cubic inch=14|slice, medium=28|slice, thick=43|slice, thin=14
167686		Milk dessert, frozen, milk-fat free, chocolate	167	4.3	1	37.7	0.04	154	0	cup=137
167687		Whipped topping, frozen, low fat	224	3	13.1	23.6	0.1	71	0	cup=75
167688		Cream substitute, powdered, light	431	1.9	15.7	73.4	0.03	1	0	cup=94|packet=3
167689		Candies, MARS SNACKFOOD US, M&M's Peanut Butter Chocolate Candies	529	10.16	29.32	52.89	1.06	88	0	serving 1.63 oz singles bag=46|cup=203|piece=2.2
167690		Babyfood, apple yogurt dessert, strained	93	0.8	1.6	19	0	6	0	tbsp=15|jar NFS=113|jar Beech-Nut Stage 2 (4 oz)=113
167691		Vegetable oil-butter spread, reduced calorie	465	0	53	0	0.04	6	0	tbsp=13|cup=207
167692		Salad dressing, blue or roquefort cheese dressing, light	86	2.1	2.7	13.2	0.14	68	0	tbsp=16|cup=249
167693		Salad dressing, french dressing, reduced calorie	227	0.4	13	27	0.4	11	0	tbsp=16|cup=260
167694		Sausage, turkey and pork, fresh, bulk, patty or link, cooked	307	22.7	23	0.7	1.62	32	2	cup, cooked=130|patty, cooked=25
167695		Mayonnaise, made with tofu	322	5.95	31.79	1.96	0.27	53	0	tbsp=15|cup=240
167696		Frankfurter, beef, low fat	140	12	9.5	1.6	1.15	8	0.6	frankfurter=57|cup, sliced=151
167697		Milk, buttermilk, fluid, cultured, reduced fat	56	4.1	2	5.3	0.06	143	0	cup=245
167698		Pork sausage rice links, brown and serve, cooked	407	13.7	37.63	2.36	1.12	15	0.9	links 1 NLEA serving=22.5
167699		Salad dressing, blue or roquefort cheese dressing, fat-free	115	1.52	1.01	23.8	0.12	51	0	tbsp=17|cup=265
167700		Salad Dressing, mayonnaise-like, fat-free	84	0.2	2.7	13.6	0.12	6	0	tbsp=16|cup=256
167701		Candies, MARS SNACKFOOD US, MILKY WAY Midnight Bar	443	3.2	17.5	68.32	1.2	53	0	serving 1.76 oz bar=50|bar fun size=19|serving 5 miniatures=41
167702		Oil, flaxseed, cold pressed	884	0.11	99.98	0	0	1	0	tbsp=13.6|cup=218
167703		Cheese, cottage, lowfat, 1% milkfat, lactose reduced	74	12.4	1	2.6	0.14	53	0	cup=227
167704		Salad dressing, bacon and tomato	326	1.8	35	1.8	0.27	4	0	tbsp=15|cup=240
167705		Cheese, parmesan, low sodium	451	41.6	29.99	3.7	0.95	800	0.6	cup, grated=100|tbsp=5
167706		Jams, preserves, marmalade, reduced sugar	151	0	0.1	36.1	0	0	0	tablespoon=17
167707		Beverages, fruit-flavored drink, powder, with high vitamin C with other added vitamins, low calorie	227	0.25	0.16	88.8	0.08	800	0	tsp=2
167708		Tomato and vegetable juice, low sodium	22	0.6	0.1	3.79	0.42	11	0	cup=242
167709		Turkey, wing, smoked, cooked, with skin, bone removed	221	27.4	12.41	0	1.46	24	0.1	cubic inch, boneless=17
167710		Turkey, drumstick, smoked, cooked, with skin, bone removed	200	27.9	9.8	0	2.3	32	0.1	cubic inch, boneless=17
167711		Beverages, Chocolate-flavored drink, whey and milk based	49	0.64	0.4	10.08	0.33	100	1.3	cup=244
167712		Pork, cured, bacon, cooked, broiled, pan-fried or roasted, reduced sodium	541	37.04	41.78	1.43	1.44	11	1	slice cooked=8
167713		Turkey, light or dark meat, smoked, cooked, skin and bone removed	162	29.3	5	0	1.78	25	0.1	medium slice (approx 3" x 2" x=28|thick slice (approx 3" x 2" x =42
167714		Hearts of palm, raw	115	2.7	0.2	24.11	1.69	18	0	
167715		Cereals ready-to-eat, POST, Shredded Wheat n' Bran, spoon-size	339	10.93	2.06	65.95	3.87	44	0	cup (1 NLEA serving)=47.2
167716		Cheese, cottage, lowfat, 1% milkfat, with vegetables	67	10.9	1	3	0.1	56	0	cup=226
167717		Yeast extract spread	185	23.88	0.9	13.92	4.04	67	0	tsp=6
167718		Babyfood, juice, pear	43	0	0	11.76	0	12	0	bottle Earth's Best (4.2 fl oz=131|bottle Heinz Strained (4 fl oz=125|bottle Gerber First Food (4 fl=125|bottle Beech-Nut Stage I (4 fl=125|bottle NFS=125
167719		Chicken, meatless, breaded, fried	234	21.28	12.77	4.21	3.83	42	0	cup, diced=130|cup pieces=168|piece=36
167720		Babyfood, meat, beef with vegetables, toddler	69	3.5	2.1	6.92	0.5	11	0	jar NFS=179
167721		Frozen novelties, juice type, juice with cream	115	1.41	1.41	24.01	0.28	141	0	
167722		Tofu yogurt	94	3.5	1.8	15.76	1.06	118	0	cup=262
167723		Alcoholic beverage, rice (sake)	134	0.5	0	5	0.1	5	0	
167724		Millet, puffed	354	13	3.4	77.3	2.81	8	0	cup=21
167725		Cereals ready-to-eat, OAT BRAN FLAKES, HEALTH VALLEY	380	10	3	70	2.88	80	0	cup (1 NLEA serving)=50
167726		Babyfood, mixed fruit yogurt, strained	75	0.8	0.8	15.83	0.2	28	0	tbsp=15|jar NFS=113|jar Gerber Second Food (4 oz)=113|jar Beech-Nut Stage 2 (4 oz)=113|jar Heinz Strained-2 (4.25 oz)=120
167727		Beverages, ABBOTT, ENSURE PLUS, ready-to-drink	141	5.16	4.52	19.88	1.79	79	1	cup=252
167728		Babyfood, rice and apples, dry	396	6.7	2.4	83.89	37	850	0	tbsp=2.5
167729		Babyfood, juice, apple - cherry	47	0.2	0.1	10.9	0.35	7	0	bottle Heinz Strained (4 fl oz=125|bottle NFS=125|bottle Beech-Nut Stage 2 (4 fl=125|bottle Gerber Second Foods (4 =125
167730		Milk, imitation, non-soy	46	1.6	2	5.3	0.1	82	1.1	cup=244
167731		Babyfood, cereal, rice with pears and apple, dry, instant fortified	389	6.6	0.9	85.9	9	38	0	serving=15
167732		Babyfood, banana no tapioca, strained	91	1	0.2	19.74	0.3	4	0	tbsp=15|jar NFS=113|jar Beech-Nut Baby's First (2.=71|jar Beech-Nut Stage I (4 oz)=113|jar Gerber First Foods (2.5 oz=71
167733		Babyfood, banana apple dessert, strained	68	0.3	0.2	15.3	0.1	3	0	tbsp=15|jar NFS=113|jar Gerber Second Food (4 oz)=113
167734		Breakfast bar, corn flake crust with fruit	376	4.4	7.5	70.7	4.86	41	0	bar=37
167735		Cheese, mozzarella, low sodium	280	27.5	17.1	3.1	0.25	731	0.3	cup, diced=132|cup, shredded=113|cubic inch=18|slice (1 oz)=28
167736		Mayonnaise dressing, no cholesterol	688	0	77.8	0.3	0.23	7	0	tbsp=15|cup=239
167737		Oil, corn, peanut, and olive	884	0	100	0	0.13	0	0	tablespoon=14|teaspoon=4.5
167738		Pie fillings, blueberry, canned	181	0.41	0.2	41.78	0.8	27	0	serving=151|cup=262
167739		Beverages, Cocktail mix, non-alcoholic, concentrated, frozen	287	0.08	0.01	71.6	0.04	2	0	serving 2 fl oz=71|can 10 fl oz=355
167740		Puddings, chocolate flavor, low calorie, regular, dry mix	365	10.08	3	64.32	3.87	50	0	serving=9.9|package=40
167741		Puddings, all flavors except chocolate, low calorie, regular, dry mix	351	1.6	0.1	85.14	0.05	49	0	serving=113|cup=260
167742		Mollusks, scallop, (bay and sea), cooked, steamed	111	20.54	0.84	5.41	0.58	10	0	
167743		Syrup, Cane	269	0	0	73.14	3.6	13	0	serving=21
167744		Mollusks, snail, raw	90	16.1	1.4	2	3.5	10	0	
167745		Turtle, green, raw	89	19.8	0.5	0	1.4	118	0	
167746		Lemons, raw, without peel	29	1.1	0.3	6.52	0.6	26	0	cup, sections=212|fruit (2-1/8" dia)=58|fruit (2-3/8" dia)=84|wedge or slice (1/8 of one 2-1=7|NLEA serving=58
167747		Lemon juice, raw	22	0.35	0.24	6.6	0.08	6	0	cup=244|lemon yields=48|wedge yields=5.9
167748		Lemon juice from concentrate, canned or bottled	17	0.45	0.07	4.92	0.06	10	0	tbsp=15|tsp=5|cup=244
167749		Lemon peel, raw	47	1.5	0.3	5.4	0.8	134	0	tbsp=6|tsp=2
167750		Prickly pears, raw	41	0.73	0.51	5.97	0.3	56		cup=149|fruit without refuse=103
167751		Plums, dried (prunes), stewed, without added sugar	107	0.96	0.16	24.98	0.41	19	0	cup, pitted=248
167752		Plums, dried (prunes), stewed, with added sugar	124	1.09	0.22	29.08	1.04	21	0	cup, pitted=248
167753		Prune juice, canned	71	0.61	0.03	16.45	1.18	12	0	cup=256
167754		Pummelo, raw	38	0.76	0.04	8.62	0.11	4		cup, sections=190|fruit without refuse=609
167755		Raspberries, raw	52	1.2	0.65	5.44	0.69	25	0	cup=123|pint as purchased, yields=312|raspberries=1.9
167756		Raspberries, canned, red, heavy syrup pack, solids and liquids	91	0.83	0.12	20.06	0.42	11	0	cup=256
167757		Raspberries, frozen, red, sweetened	103	0.7	0.16	21.76	0.65	15	0	cup, thawed=250|package (10 oz)=284
167758		Rhubarb, raw	21	0.9	0.2	2.74	0.22	86	0	cup, diced=122|stalk=51
167759		Sapodilla, raw	83	0.44	1.1	14.66	0.8	21		cup, pulp=241|sapodilla=170
167760		Sapote, mamey, raw	124	1.45	0.46	26.7	0.78	18		cup 1" pieces=175|fruit without refuse=558
167761		Soursop, raw	66	1	0.3	13.54	0.6	14	0	cup, pulp=225|fruit (7" x 5-1/4" dia)=625
167762		Strawberries, raw	32	0.67	0.3	5.68	0.41	16	0	cup, halves=152|cup, pureed=232|cup, sliced=166|cup, whole=144|extra large (1-5/8" dia)=27
167763		Tamarinds, raw	239	2.8	0.6	57.4	2.8	74	0	cup, pulp=120|fruit (3" x 1")=2
167764		Fruit salad, (pineapple and papaya and banana and guava), tropical, canned, heavy syrup, solids and liquids	86	0.41	0.1	21.06	0.52	13	0	cup=257
167765		Watermelon, raw	30	0.61	0.15	7.15	0.24	7	0	cup, balls=154|cup, diced=152|melon (15" long x 7-1/2" dia)=4518|wedge (approx 1/16 of melon)=286|watermelon balls=12.2
167766		Maraschino cherries, canned, drained	165	0.22	0.21	38.77	0.43	54	0	cherry (NLEA serving)=5
167767		Pineapple, canned, juice pack, drained	60	0.51	0.11	14.26	0.28	16	0	cup, chunks=181|cup, crushed=195|cup, sliced=162|spear=26
167768		Apricots, canned, heavy syrup, drained	83	0.64	0.11	18.61	0.3	10	0	cup, halves=219|cup, whole=182
167769		Cherries, sour, canned, water pack, drained	42	0.69	0.21	9.25	0.64	11		cup=168
167770		Cherries, sweet, canned, pitted, heavy syrup, drained	83	0.73	0.21	18.77	0.35	10	0	cup=179
167771		Apple juice, canned or bottled, unsweetened, with added ascorbic acid	46	0.1	0.13	11.1	0.12	8	0	cup=248
167772		Applesauce, canned, unsweetened, with added ascorbic acid	42	0.17	0.1	10.17	0.23	4	0	cup=244
167773		Applesauce, canned, sweetened, with salt	76	0.18	0.18	18.71	0.35	4	0	cup=255
167774		Grapefruit juice, pink, raw	39	0.5	0.1	9.2	0.2	9	0	cup=247|fruit yields=196
167775		Apple juice, frozen concentrate, unsweetened, diluted with 3 volume water, with added ascorbic acid	47	0.14	0.1	11.44	0.26	6	0	cup=239
167776		Pears, raw, bartlett (Includes foods for USDA's Food Distribution Program)	63	0.39	0.16	11.91	0.19	9		cup, sliced=140|small=152|medium=177|large=227
167777		Pears, raw, red anjou	62	0.33	0.14	11.94	0.19	11		small=126|medium=157|large=223|cup, sliced=140
167778		Pears, raw, bosc (Includes foods for USDA's Food Distribution Program)	67	0.36	0.09	13	0.15	10		cup, sliced=140|small=159|medium=179|large=219
167779		Pears, raw, green anjou (Includes foods for USDA's Food Distribution Program)	66	0.44	0.1	12.69	0.24	11		cup, sliced=140|small=172|medium=202|large=242
167780		Prune puree	257	2.1	0.2	61.8	2.8	31		tbsp=18
167781		Candied fruit	322	0.34	0.07	81.14	0.17	18	0	
167782		Abiyuch, raw	69	1.5	0.1	12.3	1.61	8		cup=228
167783		Rowal, raw	111	2.3	2	17.7	2.2	15		cup=228
167784		Guava nectar, canned, with added ascorbic acid	63	0.09	0.06	15.25	0.38	8		cup=251
167785		Mango nectar, canned	51	0.11	0.06	12.82	0.36	17	0	cup=251
167786		Tamarind nectar, canned	57	0.09	0.12	14.23	0.75	10		cup=251
167787		Pomegranate juice, bottled	54	0.15	0.29	13.03	0.1	11	0	cup=249
167788		Nance, canned, syrup, drained	95	0.56	1.28	15.79	0.37	42		fruit without pits=3.7
167789		Nance, frozen, unsweetened	73	0.66	1.16	9.47	0.38	46		cup without pits, thawed=112|fruit without pits, thawed=3.27
167790		Naranjilla (lulo) pulp, frozen, unsweetened	25	0.44	0.22	4.8	0.35	8		cup thawed=120
167791		Horned melon (Kiwano)	44	1.78	1.26	7.56	1.13	13		cup=233|fruit (4-2/3" long x 2-3/4" di=209
167792		Orange Pineapple Juice Blend	51	0.41	0.08	12	0.18	8	0	
167793		Apples, raw, fuji, with skin (Includes foods for USDA's Food Distribution Program)	63	0.2	0.18	13.12	0.1	7		cup, sliced=109|large=236|medium=192|small=158
167794		Orange juice, chilled, includes from concentrate, with added calcium and vitamins A, D, E	49	0.68	0.12	11.24	0.13	146	1	cup=249
167795		Fruit juice smoothie, NAKED JUICE, MIGHTY MANGO	63	0.42	0	15	0.15	8		
167796		Fruit juice smoothie, NAKED JUICE, GREEN MACHINE	53	0.6	0.26	11.83	0.42	11	0	cup=275
167797		Fruit juice smoothie, BOLTHOUSE FARMS, BERRY BOOST	46	0.63	0.02	10.9	0.21	10		cup=252
167798		Fruit juice smoothie, BOLTHOUSE FARMS, GREEN GOODNESS	56	0.63	0.33	12.44	0.34	18	0	cup=230
167799		Fruit juice smoothie, BOLTHOUSE FARMS, strawberry banana	52	0.44	0.3	11.77	0.32	11	0	cup=233
167800		Apple juice, canned or bottled, unsweetened, with added ascorbic acid, calcium, and potassium	48	0.12	0.17	11.19	0.13	70	0	
167801		Lemon juice from concentrate, bottled, CONCORD	24	0.4	0.07	5.37	0.06	8		tbsp=15|tsp=5.2
167802		Lemon juice from concentrate, bottled, REAL LEMON	17	0.47	0.07	4.96	0.06	9		tbsp=15|tsp=5
167803		Cranberry sauce, whole, canned, OCEAN SPRAY	158	0.75	0.05	39.2	0.2	3		cup=280
167804		Cranberry sauce, jellied, canned, OCEAN SPRAY	160	1.05	0.04	39.61	0.62	3		cup=280
167805		Ruby Red grapefruit juice blend (grapefruit, grape, apple), OCEAN SPRAY, bottled, with added vitamin C	44	0.5	0.1	10.33	0.14	10		
167806		Baobab powder	250	3.69	0.47	35.15	8.42	342		
167807		Cherry juice, tart	59	0.31	0.54	13.7	0.42	13	0	cup=269
167808		Raspberries, puree, seedless	41	1.02	0.87	7.09	1.08	14		
167809		Raspberries, puree, with seeds	55	1.1	0.97	7.21	0.69	23		
167810		Pork, fresh, composite of trimmed leg, loin, shoulder, and spareribs, (includes cuts to be cured), separable lean and fat, raw	211	18.22	14.79	0	0.89	11	0.7	
167811		Pork, fresh, backfat, raw	812	2.92	88.69	0	0.18	2	3.1	
167812		Pork, fresh, belly, raw	518	9.34	53.01	0	0.52	5		
167813		Pork, fresh, separable fat, raw	632	9.25	65.7	0	0.26	14	1.7	
167814		Pork, fresh, leg (ham), rump half, separable lean and fat, raw	182	20.27	10.63	0	0.62	12	0.5	
167815		Pork, fresh, leg (ham), rump half, separable lean and fat, cooked, roasted	209	27.03	10.32	0	0.9	16	0.4	cup, diced=135
167816		Pork, fresh, leg (ham), rump half, separable lean only, raw (Includes foods for USDA's Food Distribution Program)	120	21.81	2.93	0	0.67	12	0.3	roast=3952
167817		Pork, fresh, leg (ham), rump half, separable lean only, cooked, roasted	165	28.86	4.62	0	0.97	16	0.3	roast=3027
167818		Pork, fresh, loin, whole, separable lean and fat, raw	198	19.74	12.58	0	0.79	18	0.5	chop, excluding refuse (yield =117
167819		Pork, fresh, loin, whole, separable lean and fat, cooked, braised	239	27.23	13.62	0	1.07	21	1.2	chop, excluding refuse (yield =89
167820		Pork, fresh, loin, whole, separable lean and fat, cooked, broiled	242	27.32	13.92	0	0.87	19	1.3	chop, excluding refuse (yield =87
167821		Pork, fresh, loin, whole, separable lean and fat, cooked, roasted	248	27.09	14.65	0	0.99	19	1	chop, excluding refuse (yield =89
167822		Pork, fresh, loin, blade (chops or roasts), bone-in, separable lean and fat, raw	194	19.56	12.27	0	0.66	35	0.7	chop=263
167823		Pork, fresh, loin, blade (chops), bone-in, separable lean and fat, cooked, braised	255	26.54	15.71	0	0.81	51	1	chop=206
167824		Pork, fresh, loin, blade (chops), bone-in, separable lean and fat, cooked, broiled	231	23.72	14.35	0	0.87	56	1	chop=219
167825		Pork, fresh, loin, blade (roasts), bone-in, separable lean and fat, cooked, roasted	254	24.29	16.71	0	0.81	31	0.9	roast=830
167826		Pork, fresh, loin, center loin (chops), bone-in, separable lean and fat, cooked, braised	242	28.21	13.51	0	0.86	55	0.8	chop=187
167827		Pork, fresh, loin, center loin (chops), bone-in, separable lean and fat, cooked, broiled	209	25.61	11.06	0	0.79	24	0.8	chop without refuse (Yield fro=157
167828		Pork, fresh, loin, center loin (roasts), bone-in, separable lean and fat, cooked, roasted	231	27.01	12.8	0	0.89	33	0.6	roast=900
167829		Pork, fresh, loin, center loin (chops), bone-in, separable lean only, raw	127	21.99	3.71	0	0.65	18	0.4	chop without refuse (Yield fro=178
167830		Pork, fresh, loin, center rib (chops), bone-in, separable lean and fat, cooked, braised	261	26.66	16.28	0	0.81	53	0.9	chop=187
167831		Pork, fresh, loin, center rib (chops), bone-in, separable lean and fat, cooked, broiled	222	24.42	13.04	0	0.68	28	0.9	chop without refuse (Yield fro=112
167832		Pork, fresh, loin, center rib (roasts), bone-in, separable lean and fat, cooked, roasted	248	26.99	14.68	0	0.96	19	0.7	roast=783
167833		Pork, fresh, loin, center rib (chops or roasts), bone-in, separable lean only, raw	136	21.79	4.8	0	0.61	24	0.5	chop, excluding refuse (yield =86
167834		Pork, fresh, loin, sirloin (chops), bone-in, separable lean and fat, cooked, braised	234	28.81	12.31	0	0.71	12	0.6	chop=180
167835		Pork, fresh, loin, sirloin (chops), bone-in, separable lean and fat, cooked, broiled	222	26.96	11.82	0	1.01	60	1	chop=195
167836		Pork, fresh, loin, sirloin (roasts), bone-in, separable lean and fat, cooked, roasted	230	26.64	12.87	0	0.94	15	0.7	roast without refuse (Yield fr=1046
167837		Pork, fresh, loin, sirloin (chops or roasts), bone-in, separable lean only, raw	129	21.65	4.02	0	0.85	12	0.4	roast without refuse (Yield fr=1217
167838		Pork, fresh, loin, sirloin (chops), bone-in, separable lean only, cooked, braised	195	31	6.9	0	0.73	11	0.4	chop=180
167839		Pork, fresh, loin, top loin (chops), boneless, separable lean and fat, raw	155	21.55	6.94	0	0.5	7	0.4	chop=185
167840		Pork, fresh, loin, top loin (chops), boneless, separable lean and fat, cooked, braised	200	29.2	8.31	0	0.88	12	1	chop=135
167841		Pork, fresh, loin, top loin (chops), boneless, separable lean and fat, cooked, broiled	196	26.62	9.14	0	0.63	7	0.1	chop=145
167842		Pork, fresh, loin, top loin (roasts), boneless, separable lean and fat, cooked, roasted	192	26.45	8.82	0	0.64	7	0.5	roast=848
167843		Pork, fresh, shoulder, whole, separable lean and fat, raw	236	17.18	17.99	0	1.05	15	1.7	
167844		Pork, fresh, shoulder, whole, separable lean and fat, cooked, roasted	292	23.28	21.39	0	1.32	24	1.5	cup, diced=135
167845		Pork, fresh, shoulder, whole, separable lean only, raw	148	19.55	7.14	0	1.22	14		
167846		Pork, fresh, shoulder, whole, separable lean only, cooked, roasted	230	25.33	13.54	0	1.5	18	1	cup, diced=135
167847		Pork, fresh, shoulder, arm picnic, separable lean only, cooked, braised	194	26.76	8.87	0	0.97	16	1	roast=2252
167848		Pork, fresh, shoulder, arm picnic, separable lean only, cooked, roasted	228	26.68	12.62	0	1.42	9	0.9	piece, cooked, excluding refus=191
167849		Pork, fresh, shoulder, (Boston butt), blade (steaks), separable lean and fat, raw	186	17.42	12.36	0	1.12	16	0.7	steak without refuse (Yield fr=288
167850		Pork, fresh, shoulder, (Boston butt), blade (steaks), separable lean and fat, cooked, braised	267	25.07	17.69	0	1.75	26	1.2	steak without refuse (Yield fr=185
167851		Pork, fresh, shoulder, blade, boston (steaks), separable lean and fat, cooked, broiled	259	25.58	16.61	0	1.4	36	1.6	steak, excluding refuse (yield=169
167852		Pork, fresh, shoulder, blade, boston (roasts), separable lean only, cooked, roasted	232	24.21	14.3	0	1.56	27	1	piece, cooked, excluding refus=238
167853		Pork, fresh, spareribs, separable lean and fat, raw	277	15.47	23.4	0	0.91	15	2.3	
167854		Pork, fresh, spareribs, separable lean and fat, cooked, braised	397	29.06	30.3	0	1.85	47	2.6	piece, cooked, excluding refus=177
167855		Pork, fresh, composite of trimmed retail cuts (leg, loin, and shoulder), separable lean only, cooked	201	27.51	9.21	0	1	18	0.8	piece, cooked, excluding refus=231
167856		Pork, fresh, variety meats and by-products, chitterlings, cooked, simmered	233	12.49	20.32	0	1.47	25	0	
167857		Pork, fresh, variety meats and by-products, ears, frozen, raw	234	22.45	15.1	0.6	2.4	21		ear=113
167858		Pork, fresh, variety meats and by-products, ears, frozen, cooked, simmered	166	15.95	10.8	0.2	1.5	18		ear (yield after cooking)=111|unit, cooked (yield from 1 lb =422
167859		Pork, fresh, variety meats and by-products, feet, raw	212	23.16	12.59	0	0.58	70		
167860		Pork, fresh, variety meats and by-products, kidneys, cooked, braised	151	25.4	4.7	0	5.29	13		cup=140
167861		Pork, fresh, variety meats and by-products, leaf fat, raw	857	1.76	94.16	0	0.09	1		
167862		Pork, fresh, variety meats and by-products, liver, raw	134	21.39	3.65	2.47	23.3	9		
167863		Pork, fresh, variety meats and by-products, liver, cooked, braised	165	26.02	4.4	3.76	17.92	10		
167864		Pork, fresh, variety meats and by-products, lungs, raw	85	14.08	2.72	0	18.9	7		
167865		Pork, fresh, variety meats and by-products, spleen, raw	100	17.86	2.59	0	22.32	10		
167866		Pork, fresh, variety meats and by-products, spleen, cooked, braised	149	28.2	3.2	0	22.23	13		
167867		Pork, fresh, variety meats and by-products, stomach, raw	159	16.85	10.14	0	1.01	11	0	
167868		Pork, fresh, loin, blade (chops), bone-in, separable lean only, cooked, pan-fried	222	26.38	12.14	0	0.88	46	0.6	chop=215
167869		Canadian bacon, unprepared	110	20.31	2.62	1.34	0.44	6	0.1	slices (6 per 6-oz pkg.)=28.5|package (6 oz)=170
167870		Pork, cured, feet, pickled	140	11.63	10.02	0.01	0.31	32	0.4	
167871		Pork, cured, ham, boneless, extra lean (approximately 5% fat), roasted	145	20.93	5.53	1.5	1.48	8	0.8	cup=140
167872		Pork, cured, ham, boneless, regular (approximately 11% fat), roasted	178	22.62	9.02	0	1.34	8	0.8	cup=140
167873		Pork, cured, ham, patties, unheated	315	12.78	28.19	1.69	1.05	8		patty=65
167874		Pork, cured, ham, steak, boneless, extra lean, unheated	122	19.56	4.25	0	1	4		slice=57
167875		Pork, cured, ham, whole, separable lean and fat, unheated	246	18.49	18.52	0.06	0.71	7		cup=140
167876		Pork, cured, ham, whole, separable lean only, unheated	147	22.32	5.71	0.05	0.81	7	0.7	cup=140
167877		Pork, cured, separable fat (from ham and arm picnic), unheated	579	5.68	61.41	0.09	0.39	5	0.2	
167878		Pork, cured, separable fat (from ham and arm picnic), roasted	591	7.64	61.86	0	0.61	8		
167879		Pork, cured, shoulder, arm picnic, separable lean and fat, roasted	280	20.43	21.35	0	0.95	10	0.7	cup=140
167880		Pork, cured, shoulder, arm picnic, separable lean only, roasted	170	24.94	7.04	0	1.08	11	0.9	cup=140
167881		Pork, fresh, variety meats and by-products, tail, cooked, simmered	396	17	35.8	0	0.79	14		piece, cooked, excluding refus=275
167882		Pork, fresh, loin, center loin (chops), bone-in, separable lean only, cooked, pan-fried	195	29.56	7.66	0	0.99	51	0.5	chop=172
167883		Pork, fresh, loin, center rib (chops), bone-in, separable lean only, cooked, pan-fried	211	28.84	9.73	0	0.88	45	0.5	chop=169
167884		Pork, fresh, loin, blade (chops), bone-in, separable lean and fat, cooked, pan-fried	256	25.02	16.56	0	0.84	48	0.7	chop=215
167885		Pork, cured, ham, extra lean and regular, canned, unheated	144	17.97	7.46	0	0.9	6	0.6	cup=140
167886		Pork, cured, ham, extra lean and regular, canned, roasted	167	20.94	8.43	0.49	1.07	7	0.7	cup=140
167887		Pork, fresh, loin, top loin (chops), boneless, separable lean and fat, cooked, pan-fried	196	29.36	7.86	0	0.82	12	0.6	chop=142
167888		Pork, fresh, composite of trimmed retail cuts (leg, loin, shoulder, and spareribs), separable lean and fat, raw	216	18.95	14.95	0	0.86	19		
167889		Pork, fresh, loin, center rib (chops or roasts), boneless, separable lean and fat, raw	211	19.9	14.01	0	0.71	5	1.4	chop, excluding refuse (yield =101
167890		Pork, fresh, loin, center rib (chops), boneless, separable lean and fat, cooked, braised	255	26.29	15.79	0	0.92	5		chop, excluding refuse (yield =81
167891		Pork, fresh, loin, center rib (chops), boneless, separable lean and fat, cooked, broiled	260	27.63	15.76	0	0.77	28		chop, excluding refuse (yield =80
167892		Pork, fresh, loin, center rib (chops), boneless, separable lean and fat, cooked, pan-fried	273	25.82	18.05	0	0.73	11	0.9	chop, excluding refuse (yield =75
167893		Pork, fresh, loin, center rib (chops), boneless, separable lean only, cooked, pan-fried	224	27.68	11.8	0	0.78	5	0.6	chop, excluding refuse (yield =66
167894		Pork, fresh, loin, center rib (roasts), boneless, separable lean only, cooked, roasted	214	28.81	10.13	0	1	6	0.7	piece, cooked, excluding refus=283
167895		Pork, fresh, loin, country-style ribs, separable lean and fat, raw	189	19.34	11.82	0	0.85	22	0.7	rib without refuse (Yield from=128
167896		Pork, fresh, loin, country-style ribs, separable lean and fat, cooked, braised	273	26.49	17.71	0	1.34	34	1.3	rib without refuse (Yield from=86
167897		Pork, fresh, loin, country-style ribs, separable lean and fat, bone-in, cooked, roasted	359	21.75	29.46	0	1	25	1.8	rack=138
167898		Pork, fresh, loin, sirloin (chops), boneless, separable lean and fat, cooked, braised	171	28.41	5.47	0	0.71	11	0.4	chop, excluding refuse (yield =82
167899		Pork, fresh, loin, sirloin (chops), boneless, separable lean and fat, cooked, broiled	170	28.19	5.53	0	0.87	11	0.7	chop=159
167900		Pork, fresh, loin, sirloin (roasts), boneless, separable lean and fat, cooked, roasted	192	29.62	7.32	0	0.66	13	0.6	roast=638
167901		Pork, fresh, loin, sirloin (chops or roasts), boneless, separable lean only, raw	121	22.81	2.59	0	0.56	9	0.4	chop=210
167902		Pork, fresh, ground, raw	263	16.88	21.19	0	0.88	14		
167903		Pork, fresh, ground, cooked	297	25.69	20.77	0	1.29	22	0.5	
167904		Pork, fresh, loin, tenderloin, separable lean and fat, cooked, broiled	201	29.86	8.11	0	1.39	5		chop, excluding refuse (yield =76
167905		Pork, fresh, loin, tenderloin, separable lean and fat, cooked, roasted	147	26.04	3.96	0	1.15	6	0.3	roast=402
167906		Pork, fresh, composite of trimmed retail cuts (loin and shoulder blade), separable lean and fat, cooked	235	26.07	13.66	0	0.93	20	0.9	piece, cooked, excluding refus=261
167907		Pork, fresh, composite of trimmed retail cuts (loin and shoulder blade), separable lean only, raw	144	21.23	5.88	0	0.88	17		
167908		Pork, fresh, composite of trimmed retail cuts (loin and shoulder blade), separable lean only, cooked	211	29.47	9.44	0	1.07	22		piece, cooked, excluding refus=236
167909		HORMEL, Cure 81 Ham	106	18.43	3.59	0.21	0.8	4		serving=84
167910		HORMEL ALWAYS TENDER, Pork Tenderloin, Teriyaki-Flavored	119	18.2	3.07	4.63	1	7		
167911		HORMEL Canadian Style Bacon	122	16.88	4.94	1.87	0.9	6		serving=56
167912		Pork, fresh, loin, top loin (chops), boneless, separable lean only, with added solution, cooked, pan-broiled	169	28.95	5	0	0.63	10		chop boneless=150
167913		Pork, fresh, loin, top loin (chops), boneless, separable lean and fat, with added solution, cooked, pan-broiled	190	28.35	7.66	0	0.63	10		chop boneless (yield from 189g=150
167914		Pork, cured, bacon, cooked, baked	548	35.73	43.27	1.35	1.49	10		slice cooked=8.1
167915		Pork, cured, ham -- water added, rump, bone-in, separable lean only, heated, roasted	121	21.41	3.56	0.87	0.71	8		serving (3 oz)=28.33|roast rump=2970
167916		Pork, cured, ham -- water added, rump, bone-in, separable lean only, unheated	95	15.43	3.48	0.67	1.13	7		
167917		Pork, cured, ham -- water added, shank, bone-in, separable lean only, heated, roasted	128	20.92	4.43	1.2	1.56	9		roast shank=3054
167918		Pork, cured, ham -- water added, slice, bone-in, separable lean only, heated, pan-broil	131	22.04	4.3	1.48	1.12	11		slice=436
167919		Pork, cured, ham with natural juices, rump, bone-in, separable lean only, heated, roasted	137	24.14	4.25	0.48	1.04	10		roast rump=2673
167920		Pork, cured, ham with natural juices, shank, bone-in, separable lean only, heated, roasted	145	24.95	4.97	0.34	1.2	7		serving (3 oz)=85|roast shank=3170
167921		Pillsbury Grands, Buttermilk Biscuits, refrigerated dough	293	6.16	11.34	40.91	2.34	23		biscuit=34
167922		Heinz, Weight Watcher, Chocolate Eclair, frozen	241	4.4	6.9	38.2	0.7	48		eclair, frozen=59
167923		Interstate Brands Corp, Wonder Hamburger Rolls	273	8.07	4.15	48.24	2.22	87		serving=43
167924		Nabisco, Nabisco Snackwell's Fat Free Devil's Food Cookie Cakes	305	5	1.09	72.65	2.78	30		serving=16
167925		Crackers, cheese, sandwich-type with cheese filling	490	8.92	24.41	56.86	2.13	89		cracker 1 cracker - 6.5g=6.5|sandwich=6.5
167926		Pancakes, plain, frozen, ready-to-heat, microwave (includes buttermilk)	239	5.88	4.73	40.83	1.64	72		pancake=38|serving (3 pancakes)=144
167927		Toaster Pastries, fruit, frosted (include apples, blueberry, cherry, strawberry)	385	4.01	9.02	70.03	4.35	12	0	piece=53
167928		Toaster pastries, fruit, toasted (include apple, blueberry, cherry, strawberry)	409	4.7	11.03	71.7	3.92	11		pastry=51
167929		Muffin, blueberry, commercially prepared, low-fat	255	4.23	4.22	45.85	2	35	0.1	muffin small=71
167930		Pie crust, refrigerated, regular, baked	506	3.41	28.69	57.12	1.15	12		pie crust=198
167931		Pie crust, deep dish, frozen, baked, made with enriched flour	521	6.1	31.84	50.17	2.47	23		pie crust (average weight)=202
167932		Pie crust, refrigerated, regular, unbaked	445	2.97	25.46	49.31	1.02	10		pie crust (average weight)=229
167933		Crackers, whole-wheat, reduced fat	416	11.34	7.59	64.62	3.56	39	0	serving=29|cracker=4.2|Triscuits, regular size=4.83
167934		Crackers, wheat, reduced fat	444	9.34	13.37	68.12	5.02	80	0	serving=29|cracker=1.8|crackers, Wheat Thins=1.81
167935		Bread, pan dulce, sweet yeast bread	367	9.42	11.58	54.08	2.87	86	0	slice (average weight of 1 sli=63
167936		Keikitos (muffins), Latino bakery item	467	6.81	25.24	51.96	2.53	63		piece=42
167937		Cake, pound, Bimbo Bakeries USA, Panque Casero, home baked style	418	6.62	21.7	47.94	1.51	52		slice=39|loaf=311
167938		Pan Dulce, La Ricura, Salpora de Arroz con Azucar, cookie-like, contains wheat flour and rice flour	445	8.81	16.11	65.08	2.52	52		piece (1 serving)=42
167939		Garlic bread, frozen	350	8.36	16.61	39.22	3.05	27	0.2	slice presliced=43|slice=59
167940		Cinnamon buns, frosted (includes honey buns)	452	4.45	26.61	47.4	1.37	183	0	bun=65
167941		Crackers, cheese, reduced fat	418	10	11.67	64.89	4.8	67	0	serving=30
167942		Crackers, saltines, whole wheat (includes multi-grain)	398	7.14	10.71	61.55	5.14	0	0	serving=14
167943		Bread, potato	266	12.5	3.13	40.77	2.25	188	0.1	slice=32
167944		Bread, cheese	408	10.42	20.83	42.73	2.49	90	0.1	slice=48
167945		Focaccia, Italian flatbread, plain	249	8.77	7.89	34.02	3.16	35	0	piece=57
167946		SCHIFF,TIGER'S MILK BAR	387	16.8	14.29	54.16	10.28	429	0	bar=35
167947		Candies, TOBLERONE, milk chocolate with honey and almond nougat	489	5.71	28.57	58.71	1.6	126	0	bar=35
167948		Snacks, corn-based, extruded, onion-flavor	499	7.7	22.6	61.2	3.72	29	0	
167949		Snacks, corn-based, extruded, puffs or twists, cheese-flavor	567	5.46	36.54	53.74	1.69	53	0.1	
167950		Snacks, KRAFT, CORNNUTS, plain	446	8.5	15.64	64.96	1.67	9	0	cup=85
167951		Snacks, crisped rice bar, chocolate chip	404	5.1	13.5	70.8	6.3	21		bar (1 oz)=28
167952		Snacks, granola bars, hard, chocolate chip	438	7.3	16.3	67.7	3.05	77		bar=24
167953		Fruit syrup	341	0	0	85.03	0.04	8	0	cup=334
167954		Snacks, granola bars, soft, uncoated, plain	443	7.4	17.2	62.7	2.56	105		bar (1 oz)=28
167955		Snacks, granola bars, soft, uncoated, peanut butter	426	10.5	15.8	60.1	2.13	91		bar (1 oz)=28
167956		Topping, SMUCKER'S MAGIC SHELL	609	2.94	44.1	47.17	0	0	0	tablespoon=17
167957		Syrup, fruit flavored	261	0	0.02	65.1	0.03	0	0	serving=20
167958		Snacks, oriental mix, rice-based	506	17.31	25.58	38.42	2.44	54	0	
167959		Snacks, popcorn, air-popped	387	12.94	4.54	63.28	3.19	7	0	cup=8
167960		Snacks, popcorn, cheese-flavor	526	9.3	33.2	41.7	2.24	113	0	cup=11
167961		Snacks, pork skins, plain	544	61.3	31.3	0	0.88	30	0	
167962		Snacks, potato chips, barbecue-flavor	487	6.51	31.06	52.12	1.36	32	0	bag (7 oz)=198
167963		Snacks, potato chips, sour-cream-and-onion-flavor	531	8.1	33.9	46.3	1.6	72		bag (7 oz)=198
167964		Snacks, M&M MARS, COMBOS Snacks Cheddar Cheese Pretzel	463	9.85	16.92	62.9	0.92	197	0.1	pieces=3
167965		Snacks, pretzels, hard, whole-wheat including both salted and unsalted	362	11.1	2.6	73.6	2.69	28		
167966		Snacks, rice cracker brown rice, plain	387	8.2	2.8	77.3	1.49	11	0	cake=9|cakes=9
167967		Snacks, rice cakes, brown rice, buckwheat	380	9	3.5	76.3	1.14	11		cake=9|cakes=9
167968		Snacks, trail mix, tropical	442	6.3	17.1	65.6	2.64	57		cup=140
167969		Snacks, trail mix, regular, with chocolate chips, salted nuts and seeds	484	14.2	31.9	39.9	3.39	109	0	cup=146
167970		Snacks, tortilla chips, taco-flavor	480	7.9	24.2	57.8	2.02	155		bag (8 oz)=227
167971		Candies, TOOTSIE ROLL, chocolate-flavor roll	387	1.59	3.31	87.63	0.8	36		serving 6 pieces=40|piece=6.6
167972		Candies, butterscotch	391	0.03	3.3	90.4	0.01	4	0	pieces=5.33
167973		Candies, carob, unsweetened	540	8.15	31.36	52.49	1.29	303	0	bar (3 oz)=87
167974		Candies, caramels	382	4.6	8.1	77	0.14	138	0	package (2.5 oz)=71|piece=10.1
167975		Candies, CARAMELLO Candy Bar	462	6.19	21.19	62.61	1.09	213		bar 1.25 oz=35|bar 1.6 oz=45|blocks=7.17
167976		Candies, semisweet chocolate	480	4.2	30	58	3.13	32	0	serving=14.5|cup large chips=182|cup mini chips=173|cup chips (6 oz package)=168
167977		Candies, sweet chocolate	507	3.9	34.2	54.9	2.76	24	0	bar (1.45 oz)=41
167978		Candies, sweet chocolate coated fondant	366	2.2	9.3	78.3	1.56	17	0	patty, large=43|patty, small=11
167979		Candies, HERSHEY'S GOLDEN ALMOND SOLITAIRES	569	11.97	37.13	42.45	2.5	203		pieces=3.15
167980		Candies, confectioner's coating, butterscotch	539	2.2	29.05	67.1	0.08	34	0	cup chips=170
167981		Ice creams, french vanilla, soft-serve	222	4.1	13	21.5	0.21	131	0.7	cup (4 fl oz)=172
167982		Candies, YORK Peppermint Pattie	384	2.19	7.17	78.99	0.92	11		patty 1.5 oz=43
167983		Candies, TWIZZLERS NIBS CHERRY BITS	347	2.3	2.64	78.77	0.28	8		pieces=1.48
167984		Candies, SYMPHONY Milk Chocolate Bar	531	8.51	30.57	56.31	0.91	251		bar 1.5 oz=42|bar 2.4 oz=68
167985		Candies, 5TH AVENUE Candy Bar	482	8.78	23.98	59.58	1.2	73	0	bar 2 oz=56|bar snack size=16
167986		Candies, fondant, prepared-from-recipe	373	0	0.02	93.18	0.01	3	0	
167987		Candies, fudge, chocolate, prepared-from-recipe	410	2.39	10.41	75	1.77	49	0	piece=17
167988		Candies, fudge, chocolate, with nuts, prepared-from-recipe	460	4.38	18.93	65.65	1.97	57	0	
167989		Candies, gumdrops, starch jelly pieces	396	0	0	98.8	0.4	3	0	cup gumdrops=182|gumdrops=3.6|gummy bears=2.2|gummy dinosaurs=6.3|gummy fish=5
167990		Candies, hard	394	0	0.2	98	0.3	3	0	piece=6|piece, small=3
167991		Candies, jellybeans	375	0	0.05	93.35	0.13	3	0	small=1.1|large (1 oz)=2.8
167992		Candies, KIT KAT Wafer Bar	518	6.51	25.99	63.59	1	125	0	bar (1.5 oz)=42|bar, miniature (.35 oz)=10|bar (1.625 oz)=46|bar (2.8 oz)=78|bar (3.375 oz)=96
167993		Candies, KRACKEL Chocolate Bar	523	6.62	26.58	62.14	1.06	158		bar 1.45 oz=41|bar 2 oz=56|blocks=12.33
167994		Candies, MARS SNACKFOOD US, MARS Almond Bar	467	8.1	23	60.7	1.1	168	0	bar (1.76 oz)=50
167995		Candies, marshmallows	318	1.8	0.2	81.2	0.23	3	0	cup of miniature=50|miniatures=0.7|regular=7.2
167996		Candies, halavah, plain	469	12.49	21.52	55.99	4.53	33		
167997		Candies, NESTLE, OH HENRY! Bar	462	7.7	23	63.6	0.5	69	0	bar 2 oz=57|serving fun size bar=26
167998		Puddings, chocolate, dry mix, instant, prepared with 2% milk	105	3.15	1.92	18.49	0.4	104	0.8	cup From 19211=284
167999		Baking chocolate, mexican, squares	426	3.64	15.59	73.41	2.18	34	0	tablet=20
168000		Chocolate-flavored hazelnut spread	539	5.41	29.73	56.96	4.38	108	0	serving 2 TBSP=37
168001		Candies, milk chocolate coated peanuts	519	13.1	33.5	45	1.31	104	0	cup=149|pieces=4
168002		Glutino, Gluten Free Wafers, Lemon Flavored	515	0	24.18	74.39	0.18	9		cookies=10
168003		Glutino, Gluten Free Wafers, Milk Chocolate	541	4.06	30.42	61.22	3.67	109		cookies=7.67
168004		Mary's Gone Crackers, Original Crackers, Organic Gluten Free	446	12.06	15.63	48.09	3.17	223		crackers=2.47
168005		Pepperidge Farm, Goldfish, Baked Snack Crackers, Cheddar	457	11.71	16.11	66.2	4.26	114		goldfish=0.52
168006		Pepperidge Farm, Goldfish, Baked Snack Crackers, Explosive Pizza	458	9.56	16.82	67.2	4.43	47		goldfish=0.53
168007		Sage Valley, Gluten Free Vanilla Sandwich Cookies	499	3.13	22.15	70.88	0.45	17		cookies=14.67
168008		Schar, Gluten-Free, Classic White Rolls	239	3.34	2.65	45.37	3.57	180		roll=78
168009		Schar, Gluten-Free, Wheat-Free, Classic White Bread	240	3.81	4.47	41.03	3.17	159		
168010		Udi's, Gluten Free, Classic French Dinner Rolls	310	7.99	6.4	51.5	0.78	82		roll=36
168011		Van's, Gluten Free, Totally Original Waffles	248	2.99	8.22	40.54	0.56	48		waffle=47|box=255
168012		Van's, The Perfect 10, Crispy Six Whole Grain + Four Seed Baked Crackers, Gluten Free	471	7.63	18.93	67.57	1.94	57		crackers=2.8
168013		Bread, multi-grain (includes whole-grain)	265	13.36	4.23	35.94	2.5	103	0	slice regular=26|slice large=41
168014		Cookies, animal crackers (includes arrowroot, tea biscuits)	446	6.9	13.8	73	2.75	43	0	Arrowroot biscuit (include Arr=4.9|cracker=2.5|individual box (2 oz)=57
168015		Sweet Potatoes, french fried, crosscut, frozen, unprepared	209	1.7	11.1	22.12	0.44	39		
168016		Sweet Potato puffs, frozen, unprepared	161	1.36	3.58	28.82	0.4	57		
168017		Mouse nuts, roots (Alaska Native)	81	3.9	0.1	16.1		22		
168018		Mouse nuts, seedlings (Alaska Native)	104	7.3	1.1	16.3		17		
168019		Octopus (Alaska Native)	56	12.3	0.8	0	4.9	35		
168020		Seal, bearded (Oogruk), meat, dried (Alaska Native)	351	82.6	2.3	0	49.6			
168021		Fish, pike, northern, liver (Alaska Native)	156	16.6	8	4.3	2.1	28		
168022		Rhubarb, wild, leaves (Alaska Native)	61	4.2	0.5	9.9				
168023		Fish, salmon, tipnuk, fermented (Alaska Native)	159	15.9	10.6	0				
168024		Fish, salmon, king, chinook, kippered, canned (Alaska Native)	266	30.7	15.9	0	1.7	38		
168025		Seal, ringed, meat (Alaska Native)	142	28.4	3.2	0	19.6	5		
168026		Seal, ringed, liver (Alaska Native)	116	18.6	3.3	2.9	13.5	13		
168027		Soup, fish, homemade (Alaska Native)	72	7.4	2.2	5.6	0.5	35		
168028		Sourdock, young leaves (Alaska Native)	42	2.3	0.7	6.5	0.8	2		
168029		Walrus, meat, raw (Alaska Native)	199	19.2	13.6	0	9.4	18		
168030		Walrus, meat and subcutaneous fat raw (Alaska Native)	282	16.3	24.1	0	9.4			
168031		Walrus, liver, raw (Alaska Native)	125	21	3	3.5	14.4			
168032		Oil, walrus (Alaska Native)	900	0	100	0		0		
168033		Fish, whitefish, mixed species, raw (Alaska Native)	131	18.9	6.1	0	0.29			
168034		Fish, whitefish, broad, head, eyes, cheeks and soft bones (Alaska Native)	107	18.6	3.6	0	3.9			
168035		Willow, leaves in oil (Alaska Native)	592	2.6	61	8.1	1.3			
168036		Willow, young leaves, chopped (Alaska Native)	122	6.1	1.6	20.7	2.6	130		
168037		Corn, white, steamed (Navajo)	386	9.72	5.18	58.6	2.29	14		
168038		Cornmeal, white (Navajo)	398	10.99	5.04	66.74	3.79	11		
168039		Cornmeal, yellow (Navajo)	384	9.85	5.88	63.5	2.99	6		
168040		Squash, Indian, raw (Navajo)	26	0.52	0.2	5.64	0.17	9		
168041		Tortilla, includes plain and from mutton sandwich (Navajo)	237	7.28	0.95	47.54	3.81	70		serving=197
168042		Stew, dumpling with mutton (Navajo)	101	8.71	3.78	8.03	1.79	14		serving=308
168043		Stew, hominy with mutton (Navajo)	83	6.71	2.06	7.38	0.81	8		serving=411
168044		Stew, mutton, corn, squash (Navajo)	103	8.62	4.34	5.57	1.21	38		serving=303
168045		Fish, salmon, sockeye (red), raw (Alaska Native)	153	21.94	7.28	0	0.53	7		
168046		Fish, Salmon, Chum, raw (Alaska Native)	116	20.69	3.67	0	0.56	7		
168047		Fish, salmon, king (chinook), raw (Alaska Native)	187	20.25	11.73	0	0.79	42		
168048		Salmonberries, raw (Alaska Native)	47	0.85	0.33	8.15	0.4	13		
168049		Caribou, shoulder meat, dried (Alaska Native)	271	59.38	3.67	0	11	14	0	
168050		Caribou, hind quarter meat, raw (Alaska Native)	122	22.63	3.37	0	4.1	5		
168051		Seal, bearded (Oogruk), meat, dried, in oil (Alaska Native)	367	35.31	25.08	0	17	7		
168052		Fish, whitefish, dried (Alaska Native)	371	62.44	13.44	0	4.1	810		
168053		Seal, bearded (Oogruk), meat, low quadrant, raw (Alaska Native)	186	23.63	10.17	0	17	4		
168054		Fish, salmon, chum, dried (Alaska Native)	378	62.09	14.38	0	2.2	155		
168055		Elk, free range, ground, cooked patties (Shoshone Bannock)	143	29.45	2.8	0	9.06	5		
168056		Elk, free range, ground, raw (Shoshone Bannock)	97	20.14	1.8	0	7.17	4		
168057		Elk, free range, roast, eye of round, cooked (Shoshone Bannock)	148	30.56	2.85	0	2.68	4		
168058		Chokecherries, raw, pitted (Shoshone Bannock)	156	2.89	0.98	16.88	0.4	40	0	
168059		Steelhead trout, dried, flesh (Shoshone Bannock)	382	77.27	8.06	0	2.96	85	15.7	
168060		Steelhead trout, boiled, canned (Alaska Native)	159	21.11	8.26	0	0.64	30	15.1	
168061		Acorn stew (Apache)	95	6.81	3.47	8.52	1	14		
168062		Restaurant, Italian, chicken parmesan without pasta	204	16.17	10.64	10.02	0.68	106		serving=301
168063		Restaurant, Latino, arroz con leche (rice pudding)	146	3.2	3.69	24.42	0.23	90		serving=283|cup=253
168064		Restaurant, Latino, Arroz con frijoles negros (rice and black beans)	151	4.64	3.85	21	1.57	37		serving=461|cup=146
168065		Restaurant, Latino, Arroz con habichuelas colorados (Rice And Red Beans)	142	3.96	3.46	21.14	1.22	15		serving=590|cup=157
168066		Restaurant, Latino, Arroz con grandules (rice and pigeonpeas)	182	3.5	4.98	29.35	0.29	8		serving=653|cup=115
168067		Restaurant, Latino, tamale, pork	174	7.35	9.04	13.35	0.87	75	0.3	piece=142
168068		Restaurant, Latino, black bean soup	103	5.1	2.57	9.89	1.76	42		cup=246
168069		Restaurant, Latino, tripe soup	74	8.61	2.58	4.07	0.68	22		cup=200
168070		Restaurant, Latino, arepa (unleavened cornmeal bread)	219	5.48	5.38	34.54	1.04	89		piece=98
168071		Restaurant, Latino, bunuelos (fried yeast bread)	462	8.02	26.24	47.07	1.78	215		piece=70
168072		Restaurant, Chinese, beef and vegetables	105	7.08	5.3	5.79	1.11	22	0.1	order=574
168073		CRACKER BARREL, chicken tenderloin platter, fried, from kid's menu	294	18.67	15.41	19.24	0.58	12		serving=103|piece=36
168074		CRACKER BARREL, country fried shrimp platter	287	12.62	16.77	21.1	1.53	43		serving=149
168075		CRACKER BARREL, farm raised catfish platter	266	22.94	17.05	3.71	0.71	43		serving=178|piece=124
168076		DENNY'S, mozzarella cheese sticks	324	13.56	17.87	25.62	0.84	331		serving=228|piece=27
168077		DENNY'S, golden fried shrimp	319	13.88	20.01	19.43	1.54	47		piece=16|serving=100
168078		DENNY'S, macaroni & cheese, from kid's menu	150	5.19	4.92	19.96	0.79	83		serving=180|cup=134
168079		DENNY'S, chicken nuggets, star shaped, from kid's menu	377	16.27	28.57	12.79	1.34	16		serving 4 pieces in serving=67|piece=16
168080		Restaurant, Chinese, shrimp and vegetables	78	5.9	4.05	3.12	0.72	36		order=601
168081		Restaurant, Chinese, sweet and sour chicken	250	10.1	12.65	22.86	2.12	45	0.2	order=706|pieces=18.33
168082		Restaurant, Chinese, sweet and sour pork	270	8.91	15.66	22.34	3.07	46		order=609|pieces=14
168083		Restaurant, Chinese, chicken chow mein	85	6.76	2.8	7.29	0.67	21		order=604
168084		Restaurant, Chinese, vegetable chow mein, without meat or noodles	43	1.34	1.68	4.54	0.42	25	0	order=777|cup=195
168085		OLIVE GARDEN, spaghetti with meat sauce	121	5.8	3.28	15.49	1.03	15		serving=525
168086		CARRABBA'S ITALIAN GRILL, spaghetti with meat sauce	122	5.87	3.92	14.21	0.89	15		serving=537
168087		Restaurant, Chinese, sesame chicken	293	14.33	14.25	26.18	1.09	12	0.1	order=547
168088		Syrups, grenadine	268	0	0	66.91	0.05	6	0	tbsp=20|tsp=6.7
168089		Imitation cheese, american or cheddar, low cholesterol	390	25	32	1	0.7	705	0	cup, shredded=113|cubic inch=18
168090		Babyfood, banana juice with low fat yogurt	86	2.5	0.8	17.14	0.2	79	0	bottle NFS=126
168091		Babyfood, mixed fruit juice with low fat yogurt	74	2.4	0.8	14.28	0.2	81	0	bottle NFS=126
168092		Ham, turkey, sliced, extra lean, prepackaged or deli	134	19.6	5.8	0.93	1.35	5	0	cup pieces=138|cubic inch=20
168093		Salad dressing, peppercorn dressing, commercial, regular	564	1.2	61.4	3.5	0.35	22	0.1	tbsp=13.4
168094		Mayonnaise, reduced-calorie or diet, cholesterol-free	333	0.9	33.3	6.7	0	0	0	tbsp=14.6|cup=231
168095		Granola bar, soft, milk chocolate coated, peanut butter	536	9.6	31.2	50.3	1.45	108	0	
168096		Salad dressing, italian dressing, reduced calorie	200	0.3	20	6.5	0.13	6	0	tbsp=14|cup=216
168097		Cream substitute, liquid, light	71	0.8	3.5	9.1	0.56	1	0	cup=242
168098		Cheese, monterey, low fat	313	28.2	21.6	0.7	0.72	705	0.4	cup, diced=132|cup, shredded=113|cubic inch=17|slice (1 oz)=28
168099		Creamy dressing, made with sour cream and/or buttermilk and oil, reduced calorie, fat-free	107	1.4	2.7	20	0.25	36	0	tbsp=17|cup=264
168100		Creamy dressing, made with sour cream and/or buttermilk and oil, reduced calorie, cholesterol-free	140	1	8	16	0.26	36	0	tbsp=15|cup=234
168101		Bologna, beef, low fat	204	11.8	14.8	5.2	1	9	0.4	slice=28|cubic inch=14|slice, medium=28|slice, thick=43|slice, thin=14
168102		Candies, MARS SNACKFOOD US, TWIX chocolate fudge cookie bars	553	7.3	33.3	53	1.31	130	0	cookie 2011 label=25.5
168103		Frozen yogurts, chocolate, nonfat milk, sweetened without sugar	107	4.4	0.8	17.7	0.04	159	0	cup=186
168104		Frozen yogurts, chocolate	131	3	3.6	19.3	0.46	100	0.1	cup=174
168105		Frozen yogurts, flavors other than chocolate	127	3	3.6	21.6	0.46	100	0.1	cup=174
168106		Papad	371	25.56	3.25	41.27	7.8	143	0	
168107		Rice cake, cracker (include hain mini rice cakes)	392	7.1	4.3	76.9	1.49	11	0	cubic inch=4.2
168108		Candies, MARS SNACKFOOD US, M&M's Almond Chocolate Candies	522	7.53	27.76	54.9	1.73	155	0	serving 1.31 oz bag=37|serving about 1/4 cup=42|cup=195|piece=3.4
168109		Salad Dressing, coleslaw, reduced fat	329	0	20	39.6	0.26	36	0	tbsp=17|cup=269
168110		Pork, cured, ham, low sodium, lean and fat, cooked	172	22.3	8.3	0.3	1.37	8	0.8	cubic inch, boneless=17
168111		Pork, cured, ham, boneless, low sodium, extra lean (approximately 5% fat), roasted	145	20.9	5.5	1.5	1.48	8	0.8	
168112		Salad dressing, mayonnaise and mayonnaise-type, low calorie	263	0.9	19	23.9	0.26	14	0	tbsp=14.5|cup=232
168113		Frozen novelties, juice type, orange	95	0.5	0	23.07	0.47	9	0	bar=74
168114		Cheese, cottage, lowfat, 1% milkfat, no sodium added	72	12.4	1	2.7	0.14	61	0	cup=226
168115		Mayonnaise, low sodium, low calorie or diet	231	0.3	19.2	16	0	0	0	tbsp=14|cup=224
168116		Snacks, tortilla chips, unsalted, white corn	503	7.79	23.36	60.02	2.32	174	0	cup=26|bag, single serving=28|chips=1.8
168117		Cranberry juice, unsweetened	46	0.39	0.13	12.1	0.25	8	0	cup=253
168118		Beef, bologna, reduced sodium	310	11.7	28.4	2	1.4	12	0.7	cup pieces=138|slice, medium=28|slice, thick=43|slice, thin=14
168119		Turnip greens, canned, no salt added	19	1.36	0.3	1.51	1.51	118	0	cup=144
168120		Turkey, light or dark meat, smoked, cooked, with skin, bone removed	208	28.1	9.7	0	1.79	26	0	medium slice (approx 3" x 2" x=28|thick slice (approx 3" x 2" x =42
168121		Cheese, pasteurized process, cheddar or American, low sodium	376	22.2	31.19	1.6	0.39	616	0.6	cup, diced=140|cup, shredded=113|cubic inch=18|slice=21
168122		Beverages, coffee, instant, with whitener, reduced calorie	509	1.96	29.1	59.44	0.06	18	0	tsp dry=1.7
168123		Beverages, cranberry-apple juice drink, low calorie, with vitamin C added	19	0.1	0	4.6	0.06	10	0	cup (8 fl oz)=240
168124		Cheese, swiss, low sodium	374	28.4	27.4	3.4	0.17	961	0.5	slice=28|cubic inch=15|cup, shredded=108|cup, diced=132
168125		Babyfood, dinner, macaroni, beef and tomato sauce, toddler	82	4.34	1.9	10.43	0.8	12	0	tbsp=16
168126		Rolls, pumpernickel	276	10.8	2.8	46.47	2.78	67	0	medium (2-1/2" dia)=36|roll (pan, dinner, or small ro=28
168127		Snacks, corn-based, extruded, chips, unsalted	557	6.6	33.4	53	1.7	124	0	cup, crushed=88|bag, single serving=28|chips=1.8
168128		Beans, baked, canned, no salt added	105	4.8	0.4	14.99	0.29	50	0	cup=253
168129		Jellyfish, dried, salted	36	5.5	1.4	0	2.27	2	0	cup=58
168130		Frozen novelties, ice cream type, chocolate or caramel covered, with nuts	323	4.4	20.2	30.3	0.72	252	0.2	bar=54
168131		Frankfurter, low sodium	312	12	28.51	1.8	1.43	20	0.9	frankfurter=57|cup, sliced=151
168132		Frozen novelties, ice type, pop, with low calorie sweetener	24	0	0	5.92	0.67	0	0	serving 1.75 fl oz pop=55
168133		Babyfood, dessert, peach yogurt	77	0.9	0.18	17.2	0.4	27	0	tbsp=15|jar NFS=113|jar Gerber Second Food (4 oz)=113|jar Beech-Nut Stage 2 (4 oz)=113|jar Heinz Strained-2 (4 oz)=113
168134		Babyfood, dessert, blueberry yogurt, strained	77	0.5	0.7	16.65	0.2	25	0	tbsp=15|jar NFS=113|jar Heinz Strained-2 (4 oz)=113
168135		Babyfood, dessert, banana yogurt, strained	78	1.1	0.52	16.85	0.14	30	0	tbsp=15|jar NFS=113|jar Gerber Second Food (4 oz)=113|jar Beech-Nut Stage 2 (4 oz)=113|jar Heinz Strained-2 (4.25 oz)=120
168136		Ice creams, chocolate, rich	251	4.72	16.98	18.88	1.02	142	0.3	cup=148|cubic inch=10.2
168137		Snacks, tortilla chips, light (baked with less oil)	465	8.7	15.2	67.7	1.63	159	0	cup, crushed=63|chips=1.6
168138		Cereals ready-to-eat, POST, HONEY BUNCHES OF OATS, honey roasted	401	7.12	5.46	76.99	34.82	23	4.6	cup (1 NLEA serving)=40
168139		Popcorn, microwave, low fat and sodium	429	12.6	9.5	59.19	2.28	11	0	
168140		Babyfood, fruit supreme dessert	73	0.5	0.2	15.18	0.17	6	0	tbsp=15
168141		Cheese, swiss, low fat	179	28.4	5.1	3.4	0.17	961	0.1	slice (1 oz)=28|cubic inch=15|cup, shredded=108|cup, diced=132
168142		Sweeteners, tabletop, fructose, liquid	279	0	0	76	0.11	1	0	serving=0.1
168143		Puddings, chocolate flavor, low calorie, instant, dry mix	356	5.3	2.4	72.1	3.11	126	0	serving=9.9|package 1.4 oz box, 4 servings=40
168144		Babyfood, grape juice, no sugar, canned	62	0	0	15.38	0.3	12	0	
168145		Jellies, reduced sugar, home preserved	179	0.3	0.03	45.3	0.18	5	0	tbsp=19|cup=300
168146		Puddings, all flavors except chocolate, low calorie, instant, dry mix	350	0.81	0.9	83.86	0.38	143	0	serving=8|package 4 servings=32
168147		Vital wheat gluten	370	75.16	1.85	13.19	5.2	142	0	
168148		Frog legs, raw	73	16.4	0.3	0	1.5	18	0.2	leg=45
168149		Fish, mackerel, salted	305	18.5	25.1	0	1.4	66	25.2	piece (5-1/2" x 1-1/2" x 1/2")=80|cubic inch, boneless=17|cup, cooked=136
168150		Java-plum, (jambolan), raw	60	0.72	0.23	15.56	0.19	19		cup=135|fruit=3
168151		Jujube, raw	79	1.2	0.2	20.23	0.48	21		
168152		Jujube, Chinese, fresh, dried	281	4.72	0.5	66.52	5.09	63		
168153		Kiwifruit, green, raw	61	1.14	0.52	11.66	0.31	34	0	cup, sliced=180|fruit (2" dia)=69|NLEA serving=148
168154		Kumquats, raw	71	1.88	0.86	9.4	0.86	62	0	fruit without refuse=19
168155		Limes, raw	30	0.7	0.2	7.74	0.6	33	0	fruit (2" dia)=67|NLEA serving=67
168156		Lime juice, raw	25	0.42	0.07	8.02	0.09	14	0	cup=242|lime yields=44
168157		Lime juice, canned or bottled, unsweetened	21	0.25	0.23	6.29	0.23	12	0	cup=246
168158		Blueberries, dried, sweetened	317	2.5	2.5	72.5	0.9	19	0	cup=160
168159		Prunes, canned, heavy syrup pack, solids and liquids	105	0.87	0.2	24	0.41	17	0	cup=234|prunes with liquid=17.2
168160		Prunes, dehydrated (low-moisture), uncooked	339	3.7	0.73	89.07	3.52	72	0	cup=132
168161		Prunes, dehydrated (low-moisture), stewed	113	1.23	0.24	29.7	1.17	24	0	cup=280
168162		Plums, dried (prunes), uncooked	240	2.18	0.38	56.78	0.93	43	0	cup, pitted=174|prune, pitted=9.5
168163		Quinces, raw	57	0.4	0.1	13.4	0.7	11		fruit without refuse=92
168164		Raisins, golden, seedless	301	3.28	0.2	76.72	0.98	64	0	cup, packed=165|cup (not packed)=145
168165		Raisins, dark, seedless (Includes foods for USDA's Food Distribution Program)	299	3.3	0.25	74.82	1.79	62	0	cup, packed=165|cup (not packed)=145|miniature box (.5 oz)=14|small box (1.5 oz)=43|raisins=0.52
168166		Raisins, seeded	296	2.52	0.54	71.67	2.59	28	0	cup, packed=165|cup (not packed)=145
168167		Rambutan, canned, syrup pack	82	0.65	0.21	19.97	0.35	22		cup, drained=150|cup=214|fruit=9
168168		Rhubarb, frozen, uncooked	21	0.55	0.11	3.3	0.29	194	0	cup, diced=137
168169		Rhubarb, frozen, cooked, with sugar	116	0.39	0.05	29.2	0.21	145	0	cup=240
168170		Roselle, raw	49	0.96	0.64	11.31	1.48	215		cup, without refuse=57
168171		Rose-apples, raw	25	0.6	0.3	5.7	0.07	29		
168172		Strawberries, canned, heavy syrup pack, solids and liquids	92	0.56	0.26	21.83	0.49	13	0	cup=254
168173		Strawberries, frozen, unsweetened (Includes foods for USDA's Food Distribution Program)	35	0.43	0.11	7.03	0.75	16	0	cup, thawed=221|cup, unthawed=149|berry=10.6|package (20 oz)=567
168174		Strawberries, frozen, sweetened, sliced	96	0.53	0.13	24.02	0.59	11	0	cup, thawed=255|package (10 oz)=284
168175		Sugar-apples, (sweetsop), raw	94	2.06	0.29	19.24	0.6	24		cup, pulp=250|fruit (2-7/8" dia)=155
168176		Feijoa, raw	61	0.71	0.42	8.81	0.14	17		cup, pureed=243|fruit without peel=42|cup 1/2" chunks=205
168177		Pears, asian, raw	42	0.5	0.23	7.05	0	4	0	fruit 2-1/4" high x 2-1/2" dia=122|fruit 3-3/8" high x 3" diamete=275
168178		Fruit cocktail, canned, heavy syrup, drained	70	0.47	0.1	17.1	0.29	7	0	cup=214
168179		Blueberries, canned, light syrup, drained	88	1.04	0.4	20.06	0.43	6	0	cup=244
168180		Blueberries, wild, canned, heavy syrup, drained	107	0.56	0.34	23.42	2.2	19		cup=319
168181		Peaches, canned, heavy syrup, drained	72	0.52	0.18	17.23	0.27	3	0	cup=222|half=73|slice=12.7
168182		Pears, canned, heavy syrup, drained	74	0.24	0.18	16.38	0.22	6	0	cup=201|half=48
168183		Plums, canned, heavy syrup, drained	89	0.44	0.14	21.62	0.84	10	0	cup, with pits, yields=183
168184		Tangerines, (mandarin oranges), canned, juice pack, drained	38	0.75	0.04	8.21	0.27	12	0	cup=189
168185		Peach nectar, canned, with added ascorbic acid	50	0.21	0.51	11.83	0.07	6	0	cup=220
168186		Pear nectar, canned, with added ascorbic acid	60	0.11	0.01	15.16	0.26	5	0	cup=250
168187		Pineapple juice, canned or bottled, unsweetened, with added ascorbic acid	53	0.36	0.12	12.67	0.31	13	0	cup=250
168188		Apple juice, frozen concentrate, unsweetened, undiluted, with added ascorbic acid	166	0.51	0.37	41	0.91	20	0	can (6 fl oz)=211
168189		Grapefruit juice, white, bottled, unsweetened, OCEAN SPRAY	37	0.54	0.64	6.91	0.08	15	0	cup=251
168190		Jackfruit, canned, syrup pack	92	0.36	0.14	23.04	0.29	44		cup, drained=178
168191		Dates, medjool	277	1.81	0.15	68.27	0.9	64	0	date, pitted=24
168192		Durian, raw or frozen	147	1.47	5.33	23.29	0.43	6		cup, chopped or diced=243|fruit=602
168193		Pineapple, raw, traditional varieties	45	0.55	0.13	11.82	0.25	13	0	cup, chunks=165|slice (4-2/3" dia x 3/4" thick=175|fruit=1002|NLEA serving=112
168194		Pineapple, raw, extra sweet variety	51	0.53	0.11	12.1	0.28	13	0	cup, chunks=165|slice (4-2/3" dia x 3/4" thick=166|fruit=905|NLEA serving=112
168195		Clementines, raw	47	0.85	0.15	10.32	0.14	30	0	fruit=74
168196		Guanabana nectar, canned	59	0.11	0.17	14.83	0.36	7	0	cup=251
168197		Juice, apple and grape blend, with added ascorbic acid	50	0.16	0.12	12.26	0.11	11	0	
168198		Juice, apple, grape and pear blend, with added ascorbic acid and calcium	52	0.17	0.12	12.76	0.14	72	0	
168199		Plantains, green, fried	309	1.5	11.81	45.67	0.67	4		cup=118|slices (1/4" thick)=5.3
168200		Plantains, yellow, fried, Latino restaurant	236	1.42	7.51	37.57	0.62	6		cup=169
168201		Apples, raw, red delicious, with skin (Includes foods for USDA's Food Distribution Program)	59	0.27	0.2	11.76	0.11	6		cup, sliced=109|large=260|medium=212|small=158
168202		Apples, raw, golden delicious, with skin	57	0.28	0.15	11.2	0.13	6		cup, sliced=109|large=215|medium=169|small=129
168203		Apples, raw, granny smith, with skin (Includes foods for USDA's Food Distribution Program)	58	0.44	0.19	10.81	0.15	5		cup, sliced=109|large=206|medium=167|small=144
168204		Apples, raw, gala, with skin (Includes foods for USDA's Food Distribution Program)	57	0.25	0.12	11.38	0.12	7		cup, sliced=109|large=200|medium=172|small=157
168205		Pineapple juice, canned, not from concentrate, unsweetened, with added vitamins A, C and E	50	0.36	0.14	11.98	0.26	14	0	cup=250
168206		Fruit juice smoothie, NAKED JUICE, BLUE MACHINE	71	0.42	0	13.77	0.15	0		
168207		Grape juice, canned or bottled, unsweetened, with added ascorbic acid and calcium	62	0.37	0.13	14.57	0.25	42	0	cup=253
168208		Fruit juice smoothie, ODWALLA, ORIGINAL SUPERFOOD	50	0.63	0.36	10.91	0.39	7	0	cup=227
168209		Raspberries, frozen, red, unsweetened	56	1.15	0.81	8.25	0.76	24	0	cup, unthawed=140
168210		Guava nectar, with sucralose, canned	48	0.3	0.07	12.1	0.54	8	0	
168211		Kiwifruit, ZESPRI SunGold, raw	63	1.02	0.28	14.39	0.21	17	0	fruit=81
168212		Cranberry juice blend, 100% juice, bottled, with added vitamin C and calcium	45	0.27	0.12	10.81	0.08	19	0	
168213		Fruit juice smoothie, ODWALLA, strawberry banana	48	0.5	0.32	10.45	0.2	10	0	cup=233
168214		Fruit juice smoothie, NAKED JUICE, strawberry banana	50	0.48	0.27	11.06	0.2	10	0	cup=228
168215		Plantains, green, raw	152	1.25	0.07	34.46	0.75	2		plantain=267
168216		Plantains, green, boiled	121	1.09	0.08	26.55	0.3	3		cup=137
168217		Raspberry juice concentrate	221	3.04	1.34	52.09	1.16	97		
168218		Pork, fresh, composite of separable fat, with added solution, cooked	585	10.06	60.42	0.32	0.82	36	1.5	
168219		Pork, fresh, carcass, separable lean and fat, raw	376	13.91	35.07	0	0.69	19		
168220		Pork, fresh, composite of trimmed retail cuts (leg, loin, shoulder), separable lean only, raw	134	21.2	4.86	0	0.82	13	0.5	
168221		Pork, fresh, separable fat, cooked	626	7.06	66.1	0	0.46	22	1.8	
168222		Pork, fresh, leg (ham), whole, separable lean and fat, raw	245	17.43	18.87	0	0.85	5	0.5	
168223		Pork, fresh, leg (ham), whole, separable lean and fat, cooked, roasted	273	26.83	17.61	0	1.01	14	0.8	cup, diced=135
168224		Pork, fresh, leg (ham), whole, separable lean only, raw	136	20.48	5.41	0	1.01	6	0.6	
168225		Pork, fresh, leg (ham), whole, separable lean only, cooked, roasted	211	29.41	9.44	0	1.12	7	0.9	cup, diced=135
168226		Pork, fresh, leg (ham), shank half, separable lean and fat, raw	193	19.87	11.96	0	0.69	12	0.5	roast=3868
168227		Pork, fresh, leg (ham), shank half, separable lean and fat, cooked, roasted	232	25.96	13.42	0	0.87	15	0.6	roast=2900
168228		Pork, fresh, leg (ham), shank half, separable lean only, raw	119	21.66	2.95	0	0.77	12	0.3	roast=3868
168229		Pork, fresh, leg (ham), shank half, separable lean only, cooked, roasted	175	28.69	5.83	0	0.92	14	0.4	roast=2900
168230		Pork, fresh, loin, whole, separable lean only, raw	143	21.43	5.66	0	0.84	17	0.5	chop, excluding refuse (yield =106
168231		Pork, fresh, loin, whole, separable lean only, cooked, braised	204	28.57	9.12	0	1.13	18	0.8	chop, excluding refuse (yield =80
168232		Pork, fresh, loin, whole, separable lean only, cooked, broiled	210	28.57	9.8	0	0.91	17	0.9	chop, excluding refuse (yield =79
168233		Pork, fresh, loin, whole, separable lean only, cooked, roasted	209	28.62	9.63	0	1.09	18	0.7	chop, excluding refuse (yield =81
168234		Pork, fresh, loin, blade (chops or roasts), bone-in, separable lean only, raw	143	21.22	5.84	0	0.71	30	0.6	chop=263
168235		Pork, fresh, loin, blade (chops), bone-in, separable lean only, cooked, braised	222	28.02	11.29	0	0.85	49	0.9	chop=206
168236		Pork, fresh, loin, blade (chops), bone-in, separable lean only, cooked, broiled	193	24.99	9.56	0	0.91	55	0.9	chop=219
168237		Pork, fresh, loin, blade (roasts), bone-in, separable lean only, cooked, roasted	217	25.7	11.89	0	0.85	27	0.8	roast=830
168238		Pork, fresh, loin, center loin (chops), bone-in, separable lean and fat, raw	170	20.71	9.03	0	0.63	19	0.5	chop without refuse (Yield fro=199
168239		Pork, fresh, loin, center loin (chops), bone-in, separable lean only, cooked, braised	200	30.2	7.86	0	0.91	53	0.7	chop=187
168240		Pork, fresh, loin, center loin (chops), bone-in, separable lean only, cooked, broiled	180	26.76	7.29	0	0.8	23	0.7	chop without refuse (Yield fro=146
168241		Pork, fresh, loin, center loin (roasts), bone-in, separable lean only, cooked, roasted	194	28.58	7.95	0	0.93	30	0.5	roast=900
168242		Pork, fresh, loin, center rib (chops or roasts), bone-in, separable lean and fat, raw	186	20.28	11.04	0	0.59	25	0.7	chop without refuse (Yield fro=133
168243		Pork, fresh, loin, center rib (chops), bone-in, separable lean only, cooked, braised	208	29.03	9.32	0	0.87	51	0.8	chop=187
168244		Pork, fresh, loin, center rib (chops), bone-in, separable lean only, cooked, broiled	186	25.79	8.36	0	0.68	26	0.8	chop, excluding refuse (yield =67
168245		Pork, fresh, loin, center rib (roasts), bone-in, separable lean only, cooked, roasted	206	28.82	9.21	0	1.02	13	0.6	roast=783
168246		Pork, fresh, loin, sirloin (chops or roasts), bone-in, separable lean and fat, raw	168	20.48	8.96	0	0.82	14	0.5	roast without refuse (Yield fr=1327
168247		Pork, fresh, loin, sirloin (chops), bone-in, separable lean only, cooked, broiled	174	29.29	5.45	0	1.07	65	1	chop=195
168248		Pork, fresh, loin, sirloin (roasts), bone-in, separable lean only, cooked, roasted	204	27.78	9.44	0	0.96	13	0.7	roast without refuse=985
168249		Pork, fresh, loin, tenderloin, separable lean only, raw	109	20.95	2.17	0	0.98	5	0.2	roast=505
168250		Pork, fresh, loin, tenderloin, separable lean only, cooked, roasted	143	26.17	3.51	0	1.15	6	0.2	piece, cooked, excluding refus=333|roast=402
168251		Pork, fresh, loin, top loin (chops), boneless, separable lean only, raw	127	22.41	3.42	0	0.51	5	0.3	chop=185
168252		Pork, fresh, loin, top loin (chops), boneless, separable lean only, cooked, braised	170	30.54	4.34	0	0.91	8	0.9	chop=135
168253		Pork, fresh, loin, top loin (chops), boneless, separable lean only, cooked, broiled	173	27.58	6.08	0	0.63	5	0.6	chop=145
168254		Pork, fresh, loin, top loin (roasts), boneless, separable lean only, cooked, roasted	173	27.23	6.28	0	0.64	6	0.4	
168255		Pork, fresh, shoulder, arm picnic, separable lean and fat, raw	193	18.71	12.51	0	0.57	12	0.8	roast=2745
168256		Pork, fresh, shoulder, arm picnic, separable lean and fat, cooked, braised	235	24.88	14.33	0	0.92	16	1.1	roast=2252
168257		Pork, fresh, shoulder, arm picnic, separable lean and fat, cooked, roasted	317	23.47	24.01	0	1.18	19		cup, diced=135
168258		Pork, fresh, shoulder, arm picnic, separable lean only, raw	120	20.26	3.77	0	0.62	11	0.6	roast=2745
168259		Pork, fresh, shoulder, blade, boston (roasts), separable lean and fat, cooked, roasted	269	23.11	18.86	0	1.45	28	1.3	piece, cooked, excluding refus=262
168260		Pork, fresh, shoulder, (Boston butt), blade (steaks), separable lean only, raw	132	18.73	5.71	0	1.2	14	0.6	steak without refuse (Yield fr=258
168261		Pork, fresh, shoulder, (Boston butt), blade (steaks), separable lean only, cooked, braised	233	26.57	13.2	0	1.85	25	1.1	steak=249
168262		Pork, fresh, shoulder, blade, boston (steaks), separable lean only, cooked, broiled	227	26.74	12.54	0	1.56	33	1.2	steak, excluding refuse (yield=147
168263		Pork, fresh, loin, center loin (chops), boneless, separable lean only, raw	123	23.75	3.09	0	0.48	6	0.6	chop=170
168264		Pork, fresh, variety meats and by-products, brain, raw	127	10.28	9.21	0	1.6	10		
168265		Pork, fresh, variety meats and by-products, brain, cooked, braised	138	12.14	9.51	0	1.82	9		
168266		Pork, fresh, variety meats and by-products, chitterlings, raw	182	7.64	16.61	0	1.02	16		
168267		Pork, fresh, variety meats and by-products, heart, raw	118	17.27	4.36	1.33	4.68	5		heart=226
168268		Pork, fresh, variety meats and by-products, heart, cooked, braised	148	23.6	5.05	0.4	5.83	7		cup=145|heart=129
168269		Pork, fresh, variety meats and by-products, jowl, raw	655	6.38	69.61	0	0.42	4		
168270		Pork, fresh, variety meats and by-products, kidneys, raw	100	16.46	3.25	0	4.89	9		kidney=233
168271		Pork, fresh, variety meats and by-products, lungs, cooked, braised	99	16.6	3.1	0	16.41	8		
168272		Pork, fresh, variety meats and by-products, mechanically separated, raw	304	15.03	26.54	0	4.25	315		
168273		Pork, fresh, variety meats and by-products, pancreas, raw	199	18.56	13.24	0	2.13	11		
168274		Pork, fresh, variety meats and by-products, pancreas, cooked, braised	219	28.5	10.8	0	2.69	16		
168275		Pork, fresh, variety meats and by-products, tongue, raw	225	16.3	17.2	0	3.35	16		
168276		Pork, fresh, variety meats and by-products, tongue, cooked, braised	271	24.1	18.6	0	4.99	19		piece, cooked, excluding refus=231
168277		Pork, cured, bacon, unprepared	393	13.66	37.13	0	0.38	6	0.4	slice raw=28|package=442
168278		Pork, cured, breakfast strips, raw or unheated	388	11.74	37.16	0.7	0.94	8		slices=22.67|package (12 oz)=340
168279		Pork, cured, ham, extra lean (approximately 4% fat), canned, unheated	120	18.49	4.56	0	0.94	6	2.3	cup=140
168280		Pork, cured, ham, extra lean (approximately 4% fat), canned, roasted	136	21.16	4.88	0.52	0.92	6		cup=140
168281		Pork, cured, ham, regular (approximately 13% fat), canned, roasted	226	20.53	15.2	0.42	1.37	8		cup=140
168282		Pork, cured, ham, center slice, country-style, separable lean only, raw	195	27.8	8.32	0.3	1.11	10	0.9	
168283		Pork, cured, ham, center slice, separable lean and fat, unheated	203	20.17	12.9	0.05	0.75	7		
168284		Pork, cured, ham, whole, separable lean only, roasted	157	25.05	5.5	0	0.94	7	0.9	cup=140
168285		Pork, fresh, loin, center loin (chops), boneless, separable lean only, cooked, pan-broiled	162	30.02	4.65	0	0.64	6	0.7	chop=137
168286		Pork, fresh, loin, center loin (chops), boneless, separable lean and fat, raw	201	21.14	12.96	0	0.48	9	0.3	chop=170
168287		Pork, cured, salt pork, raw	748	5.05	80.5	0	0.44	6	0.2	
168288		Pork, cured, shoulder, blade roll, separable lean and fat, unheated	269	16.47	21.98	0	0.82	7		
168289		Pork, cured, shoulder, blade roll, separable lean and fat, roasted	287	17.28	23.48	0.37	0.89	7		piece, cooked (yield from 1 lb=376
168290		Pork, fresh, variety meats and by-products, feet, cooked, simmered	238	21.94	16.05	0	0.98	0	0	
168291		Pork, fresh, variety meats and by-products, tail, raw	378	17.75	33.5	0	0.99	18		
168292		Pork, fresh, loin, center loin (chops), bone-in, separable lean and fat, cooked, pan-fried	238	27.63	13.32	0	0.93	53	0.6	chop=172
168293		Pork, fresh, loin, center rib (chops), bone-in, separable lean and fat, cooked, pan-fried	256	26.81	15.71	0	0.83	48	0.7	chop=169
168294		Pork, fresh, loin, top loin (chops), boneless, separable lean only, cooked, pan-fried	172	30.46	4.62	0	0.84	8	0.5	chop=142
168295		Pork, cured, ham, boneless, extra lean and regular, unheated	162	18.26	8.39	2.28	0.9	7	0.6	cup=140|slice (6-1/4" x 4" x 1/16") (1=28
168296		Pork, cured, ham, boneless, extra lean and regular, roasted	165	21.97	7.66	0.5	1.4	8	0.8	cup=140
168297		Pork, fresh, composite of trimmed retail cuts (leg, loin, shoulder, and spareribs), separable lean and fat, cooked	238	26.36	13.89	0	1.11	20	0.9	piece, cooked, excluding refus=247
168298		Pork, fresh, loin, center loin (chops), boneless, separable lean and fat, cooked, pan-broiled	229	26.68	13.6	0	0.62	9	0.3	chop=137
168299		Pork, fresh, backribs, separable lean and fat, raw	224	19.07	16.33	0	0.76	31	1.1	
168300		Pork, fresh, backribs, separable lean and fat, cooked, roasted	292	23.01	21.51	0	0.92	46	1.2	
168301		Pork, fresh, loin, center rib (roasts), boneless, separable lean and fat, cooked, roasted	252	26.99	15.15	0	0.93	6	1.1	piece, cooked, excluding refus=317
168302		Pork, fresh, loin, center rib (chops or roasts), boneless, separable lean only, raw	152	21.8	6.48	0	0.77	5	0.6	chop, excluding refuse (yield =88
168303		Pork, fresh, loin, center rib (chops), boneless, separable lean only, cooked, braised	211	27.95	10.14	0	0.99	5	0.9	chop, excluding refuse (yield =72
168304		Pork, fresh, loin, center rib (chops), boneless, separable lean only, cooked, broiled	216	29.46	10.05	0	0.82	31		chop, excluding refuse (yield =71
168305		Pork, fresh, loin, country-style ribs, separable lean only, raw	140	20.76	5.64	0	0.9	21	0.5	rib=197
168306		Pork, fresh, loin, country-style ribs, separable lean only, cooked, braised	247	27.74	14.26	0	1.39	33	1.2	rib without refuse (yield from=80
168307		Pork, fresh, loin, country-style ribs, separable lean only, bone-in, cooked, roasted	227	29.2	11.38	0	0.98	31	1.1	rack=138
168308		Pork, fresh, loin, sirloin (chops or roasts), boneless, separable lean and fat, raw	133	22.49	4.05	0	0.55	9	0.4	chop=210
168309		Pork, fresh, loin, sirloin (chops), boneless, separable lean only, cooked, braised	163	28.75	4.5	0	0.71	11	0.4	chop=161
168310		Pork, fresh, loin, sirloin (chops), boneless, separable lean only, cooked, broiled	161	28.6	4.36	0	0.88	11	0.6	chop=159
168311		Pork, fresh, loin, sirloin (roasts), boneless, separable lean only, cooked, roasted	178	30.39	5.31	0	0.66	12	0.6	roast=638
168312		Pork, fresh, loin, tenderloin, separable lean and fat, raw	120	20.65	3.53	0	0.97	6	0.3	roast (Yield from 1 raw roast,=505
168313		Pork, fresh, loin, tenderloin, separable lean only, cooked, broiled	187	30.42	6.33	0	1.43	5		chop, excluding refuse (yield =73
168314		Pork, fresh, loin, top loin (roasts), boneless, separable lean and fat, raw	166	21.34	8.33	0	0.53	7	0.5	roast=2195
168315		Pork, fresh, loin, top loin (roasts), boneless, separable lean only, raw	132	22.39	4.06	0	0.54	5	0.4	roast=2195
168316		Pork, fresh, composite of trimmed retail cuts (loin and shoulder blade), separable lean and fat, raw	177	20.08	10.14	0	0.74	16	0.5	
168317		HORMEL ALWAYS TENDER, Pork Tenderloin, Peppercorn-Flavored	110	17.21	3.8	1.82	1.1	14		
168318		HORMEL ALWAYS TENDER, Pork Loin Filets, Lemon Garlic-Flavored	118	17.83	4.16	1.79	0.6	6		serving=112
168319		HORMEL ALWAYS TENDER, Center Cut Chops, Fresh Pork	167	18.74	9.62	0.84	0.6	14		serving=112
168320		HORMEL ALWAYS TENDER, Boneless Pork Loin, Fresh Pork	145	19.02	7.18	0.76	0.6	4		serving=112
168321		Pork, cured, bacon, cooked, microwaved	476	39.01	34.12	0.48	1.14	13		slice cooked=9.1
168322		Pork, cured, bacon, pre-sliced, cooked, pan-fried	468	33.92	35.09	1.7	0.95	11	0.4	slice=11.5
168323		Pork, fresh, variety meats and by-products, stomach, cooked, simmered	157	21.4	7.26	0.09	1.23	15		
168324		Pork, bacon, rendered fat, cooked	898	0.07	99.5	0	0.13	1		
168325		Pork, cured, ham and water product, slice, bone-in, separable lean only, heated, pan-broil	122	20.9	3.63	1.35	0.93	12		slice=446
168326		Pork, cured, ham and water product, slice, boneless, separable lean only, heated, pan-broil	123	15.09	5.06	4.69	0.74	8	0.9	slice=138
168327		Pork, cured, ham and water product, whole, boneless, separable lean only, heated, roasted	123	13.88	5.46	4.61	0.74	8	0.7	serving (3 oz)=85|roast=1995
168328		Pork, cured, ham and water product, whole, boneless, separable lean only, unheated	116	14.07	4.86	4.22	0.78	8	0.6	
168329		Pork, cured, ham -- water added, slice, boneless, separable lean only, heated, pan-broil	119	18.82	4.09	1.75	0.86	9	0.9	slice=189
168330		Pork, cured, ham with natural juices, slice, bone-in, separable lean only, heated, pan-broil	150	27.75	4.38	0	1.2	12		slice=445
168331		Pork, cured, ham with natural juices, spiral slice, meat only, boneless, separable lean only, heated, roasted	126	22.56	3.78	1.08	0.84	4	0.8	slice=145|roast=920|serving (3 oz)=85
168332		Pork, cured, ham and water product, rump, bone-in, separable lean only, heated, roasted	131	21.28	4.7	1.15	0.87	10		roast rump=2533
168333		Pork, cured, ham with natural juices, slice, boneless, separable lean only, heated, pan-broil	116	20.95	3.16	1.05	0.94	6	0.9	slice=277
168334		Pork, cured, ham with natural juices, whole, boneless, separable lean only, heated, roasted	113	20.57	3.01	0.84	0.85	6	0.8	roast=1497
168335		Pork, cured, ham with natural juices, whole, boneless, separable lean only, unheated	111	19.44	3.21	1.03	0.87	6	0.6	
168336		Pork, cured, ham -- water added, shank, bone-in, separable lean only, unheated	91	18.65	1.87	0.71	0.76	7		
168337		Pork, cured, ham with natural juices, rump, bone-in, separable lean only, unheated	122	22.71	3.47	0.43	1.05	9		
168338		Pork, cured, ham with natural juices, shank, bone-in, separable lean only, unheated	130	25.11	3.33	0.3	1.1	7		
168339		Pork, cured, ham with natural juices, slice, bone-in, separable lean only, unheated	123	24.34	2.87	0	1.1	9		slice=430
168340		Pork, cured, ham with natural juices, spiral slice, boneless, separable lean only, unheated	109	19.25	3.26	1.22	0.76	4	0.6	
168341		Pork, cured, ham with natural juices, spiral slice, boneless, separable lean and fat, unheated	129	18.66	5.75	1.18	0.75	4	0.7	
168342		Pork, cured, ham with natural juices, slice, bone-in, separable lean and fat, unheated	159	22.82	7.4	0.17	1.05	9		
168343		Pork, cured, ham with natural juices, shank, bone-in, separable lean and fat, unheated	191	22.35	11.11	0.32	1.01	6		
168344		Pork, cured, ham with natural juices, rump, bone-in, separable lean and fat, unheated	200	19.7	13.26	0.43	0.94	8		
168345		Pork, cured, ham -- water added, whole, boneless, separable lean and fat, unheated	121	17.06	5.38	1.42	0.85	8	0.6	
168346		Pork, cured, ham -- water added, slice, bone-in, separable lean and fat, unheated	164	15.73	10.77	1.1	0.98	8		
168347		Pork, cured, ham -- water added, shank, bone-in, separable lean and fat, unheated	167	16.65	11.02	0.66	0.72	7		
168348		Pork, cured, ham -- water added, rump, bone-in, separable lean and fat, unheated	172	13.99	12.5	0.8	1.02	6		
168349		Pork, cured, ham -- water added, whole, boneless, separable lean and fat, heated, roasted	126	17.77	5.48	1.54	0.82	9	0.7	roast=1867
168350		Pork, cured, ham and water product, rump, bone-in, separable lean and fat, heated, roasted	186	19.46	11.48	1.15	0.82	10		roast rump=2533
168351		Pork, cured, ham and water product, shank, bone-in, separable lean and fat, heated, roasted	234	18.17	17.29	1.42	1	8		roast shank=3204
168352		Pork, cured, ham and water product, slice, bone-in, separable lean and fat, heated, pan-broil	155	19.85	7.78	1.41	0.9	11		slice=446
168353		Pork, cured, ham with natural juices, slice, boneless, separable lean and fat, heated, pan-broil	118	20.89	3.4	1.04	0.93	6	0.9	slice=277
168354		Pork, cured, ham with natural juices, spiral slice, boneless, separable lean and fat, heated, roasted	139	22.18	5.1	1.06	0.83	4	0.8	slice=145|roast=920
168355		Pork, cured, ham with natural juices, whole, boneless, separable lean and fat, heated, roasted	114	20.54	3.13	0.84	0.84	6	0.8	roast=1497
168356		Pork, cured, ham, rump, bone-in, separable lean and fat, heated, roasted	177	23.95	8.88	0.64	1.46	7	0.8	roast rump=2874
168357		Pork, cured, ham, shank, bone-in, separable lean and fat, heated, roasted	191	24.39	9.35	0.64	1.42	7	1	roast shank=2800
168358		Pork, cured, ham, shank, bone-in, separable lean and fat, unheated	177	21.61	9.85	0.41	0.92	6		
168359		Pork, cured, ham, slice, bone-in, separable lean and fat, heated, pan-broil	181	25.48	8.48	0.7	1.34	14	1	slice=366
168360		Pork, cured, ham, slice, bone-in, separable lean only, unheated	130	24.36	3.59	0	1.23	13		slice=425
168361		Pork, fresh, enhanced, loin, tenderloin, separable lean only, raw	106	20.39	2.09	0	0.92	4	0.2	
168362		Pork, fresh, shoulder, (Boston butt), blade (steaks), separable lean only, with added solution cooked, braised	227	27.58	12.14	0	1.82	26	1	
168363		Pork, fresh, shoulder, (Boston butt), blade (steaks), separable lean only, with added solution, raw	122	18.29	5.36	0.18	1.04	14	0.5	
168364		Pork, fresh, loin, top loin (chops), boneless, separable lean only, with added solution, cooked, broiled	170	29.65	5.73	0	0.56	9	0.6	chop=107
168365		Pork, fresh, shoulder, (Boston butt), blade (steaks), separable lean and fat,with added solution, raw	169	17.19	11.12	0.16	0.97	15	0.5	steak=393
168366		Pork, fresh, shoulder, (Boston butt), blade (steaks), separable lean and fat, with added solution, cooked, braised	263	25.84	16.94	0.03	1.72	27	1.1	steak=264
168367		Pork, cured, ham, rump, bone-in, separable lean and fat, unheated	176	22.27	9.38	0.52	1.01	7		
168368		Pork, loin, leg cap steak, boneless, separable lean and fat, cooked, broiled	158	27.57	4.41	0	0.97	7		piece=194
168369		Pork, Shoulder petite tender, boneless, separable lean and fat, raw	128	21.65	3.91	0	1.07	6		piece=105
168370		Pork, Leg sirloin tip roast, boneless, separable lean and fat, cooked, braised	156	31.11	2.56	0	1.06	5		piece=609
168371		Pork, Leg sirloin tip roast, boneless, separable lean and fat, raw	113	22.88	1.71	0	0.8	5		piece=765
168372		Pork, ground, 84% lean / 16% fat, raw	218	17.99	16	0.44	0.88	15	0.4	
168373		Pork, ground, 72% lean / 28% fat, cooked, pan-broiled	377	22.59	31.42	1.08	1.21	20	0.8	
168374		Pork, ground, 84% lean / 16% fat, cooked, pan-broiled	301	27.14	21.39	0	1.16	20	0.5	
168375		Pork, ground, 96% lean / 4% fat, cooked, pan-broiled	185	31.69	6.2	0.57	1.11	20	0.2	
168376		Pork loin, fresh, backribs, bone-in, raw, lean only	172	20.85	9.84	0	0.84	26	0.9	ribs=1071
168377		Pork loin, fresh, backribs, bone-in, cooked-roasted, lean only	255	24.15	17.65	0	0.96	44	1.2	ribs=878
168378		Pork, fresh, loin, country-style ribs, separable lean only, bone-in, cooked, broiled	216	27.83	11.65	0	1.02	61	1.1	rack=122
168379		Pork, fresh, loin, country-style ribs, separable lean only, boneless, cooked, roasted	219	29.2	11.38	0	0.98	12	0.7	rack=138
168380		Pork, fresh, blade, (chops), boneless, separable lean and fat, cooked, broiled	202	24.73	11.13	0.83	0.89	8	0.7	chop=131
168381		Pork, fresh, loin, blade (chops or roasts), boneless, separable lean and fat only, raw	157	20.54	7.94	0.76	0.74	6	0.5	chop=176
168382		Bacon, pre-sliced, reduced/low sodium, unprepared	407	12.53	39.27	0.83	0.42	4		slice=26|package=446
168383		Canadian bacon, cooked, pan-fried	146	28.31	2.78	1.8	0.56	7	0.2	slice=13.8
168384		Alfalfa seeds, sprouted, raw	23	3.99	0.69	0.2	0.96	32	0	cup=33|tbsp=3
168385		Amaranth leaves, raw	23	2.46	0.33	4.02	2.32	215	0	cup=28|leaf=14
168386		Artichokes, (globe or french), cooked, boiled, drained, without salt	53	2.89	0.34	6.25	0.61	21	0	artichoke, medium=120|cup hearts=168
168387		Artichokes, (globe or french), frozen, unprepared	38	2.63	0.43	3.85	0.5	19	0	package=254.55|package (9 oz)=255
168388		Artichokes, (globe or french), frozen, cooked, boiled, drained, without salt	45	3.11	0.5	4.58	0.56	21	0	cup=168|package (9 oz), yields=240|package (9 oz) yields=242.42
168389		Asparagus, raw	20	2.2	0.12	1.78	2.14	24	0	cup=134|spear, small (5" long or less)=12|spear, medium (5-1/4" to 7" lo=16|spear, large (7-1/4" to 8-1/2"=20|spear, extra large (8-3/4" to =24
168390		Asparagus, cooked, boiled, drained	22	2.4	0.22	2.11	0.91	23	0	cup=180|spears (1/2" base)=15
168391		Balsam-pear (bitter gourd), leafy tips, raw	30	5.3	0.69	3.29	2.04	84	0	leaf=4|cup=48
168392		Balsam-pear (bitter gourd), leafy tips, cooked, boiled, drained, without salt	34	3.6	0.2	4.78	1.02	42	0	cup=58
168393		Balsam-pear (bitter gourd), pods, raw	17	1	0.17	0.9	0.43	19	0	cup (1/2" pieces)=93|balsam-pear=124
168394		Balsam-pear (bitter gourd), pods, cooked, boiled, drained, without salt	19	0.84	0.18	2.32	0.38	9	0	cup (1/2" pieces)=124
168395		Beans, kidney, mature seeds, sprouted, cooked, boiled, drained, without salt	33	4.83	0.58	4.72	0.89	19	0	
168396		Lima beans, immature seeds, raw	113	6.84	0.86	15.27	3.14	34	0	cup=156
168397		Corn, sweet, yellow, canned, drained solids, rinsed with tap water	64	2.18	1.43	11.32	0.22	2	0	cup drained, rinsed=150|can drained, rinsed=266
168398		Corn, sweet, yellow, frozen, kernels cut off cob, unprepared (Includes foods for USDA's Food Distribution Program)	88	3.02	0.78	18.61	0.42	4	0	cup=136|package=284
168399		Corn, sweet, yellow, frozen, kernels cut off cob, boiled, drained, without salt	81	2.55	0.67	16.9	0.47	3	0	cup=165|package (10 oz) yields=284
168400		Corn, sweet, yellow, frozen, kernels on cob, unprepared	98	3.28	0.78	20.7	0.68	4	0	cup kernels=165|ear, yields=125
168401		Corn, sweet, yellow, frozen, kernels on cob, cooked, boiled, drained, without salt	94	3.11	0.74	19.53	0.61	3	0	cup kernels=165|ear, yields=63
168402		Cowpeas (blackeyes), immature seeds, cooked, boiled, drained, without salt	97	3.17	0.38	15.32	1.12	128	0	cup=165
168403		Cowpeas (blackeyes), immature seeds, frozen, unprepared	139	8.98	0.7	20.13	2.35	26	0	cup=160|package (10 oz)=284
168404		Cowpeas (blackeyes), immature seeds, frozen, cooked, boiled, drained, without salt	132	8.49	0.66	17.36	2.12	23	0	cup=170
168405		Cowpeas, young pods with seeds, raw	44	3.3	0.3	6.2	1	65	0	cup=94|pod=12
168406		Cowpeas, leafy tips, cooked, boiled, drained, without salt	22	4.67	0.1	2.8	1.09	69	0	cup, chopped=53
168407		Cress, garden, raw	32	2.6	0.7	4.4	1.3	81	0	cup=50|sprig=1
168408		Cress, garden, cooked, boiled, drained, without salt	23	1.9	0.6	3.1	0.8	61	0	cup=135
168409		Cucumber, with peel, raw	15	0.65	0.11	3.13	0.28	16	0	cup slices=104|cucumber (8-1/4")=301
168410		Edamame, frozen, unprepared	109	11.22	4.73	2.81	2.11	60		cup=118|package=432
168411		Edamame, frozen, prepared	121	11.91	5.2	3.71	2.27	63	0	cup=155
168412		Endive, raw	17	1.25	0.2	0.25	0.83	52	0	cup, chopped=50|head=513
168413		Escarole, cooked, boiled, drained, no salt added	15	1.15	0.18	0.27	0.72	46	0	cup=150
168414		Gourd, dishcloth (towelgourd), raw	20	1.2	0.2	3.25	0.36	20	0	cup (1" pieces)=95|gourd=178
168415		Gourd, dishcloth (towelgourd), cooked, boiled, drained, without salt	56	0.66	0.34	11.44	0.36	9	0	cup (1" pieces)=178|cup (1" slices)=178
168416		Drumstick leaves, raw	64	9.4	1.4	6.28	4	185	0	cup, chopped=21
168417		Drumstick leaves, cooked, boiled, drained, without salt	60	5.27	0.93	9.15	2.32	151	0	cup, chopped=42
168418		Pepeao, dried	298	4.82	0.44	81.03	6.14	113	0	cup=24
168419		Jute, potherb, raw	34	4.65	0.25	5.8	4.76	208	0	cup=28
168420		Jute, potherb, cooked, boiled, drained, without salt	37	3.68	0.2	5.29	3.14	211	0	cup=87
168421		Kale, raw	35	2.92	1.49	0.32	1.6	254	0	cup=21
168422		Mushrooms, Chanterelle, raw	32	1.49	0.53	3.06	3.47	15	5.3	cup=54|piece=5.4
168423		Mushrooms, morel, raw	31	3.12	0.57	2.3	12.18	43	5.1	cup=66|piece=12.9
168424		Kohlrabi, raw	27	1.7	0.1	2.6	0.4	24	0	cup=135|slice=16
168425		Kohlrabi, cooked, boiled, drained, without salt	29	1.8	0.11	5.59	0.4	25	0	cup slices=165
168426		Leeks, (bulb and lower leaf-portion), cooked, boiled, drained, without salt	31	0.81	0.2	6.62	1.1	30	0	leek=124|cup, chopped or diced=104
168427		Lentils, sprouted, raw	106	8.96	0.55	22.14	3.21	25	0	cup=77
168428		Lentils, sprouted, cooked, stir-fried, without salt	101	8.8	0.45	21.25	3.1	14	0	
168429		Lettuce, butterhead (includes boston and bibb types), raw	13	1.35	0.22	1.13	1.24	35	0	cup, shredded or chopped=55|head (5" dia)=163|leaf, large=15|leaf, medium=7.5|leaf=5
168430		Lotus root, cooked, boiled, drained, without salt	66	1.58	0.07	12.92	0.9	26	0	cup=120|slices (2-1/2" dia)=8.9
168431		Lettuce, red leaf, raw	13	1.33	0.22	1.36	1.2	33	0	cup shredded=28|leaf inner=2.6|leaf outer=17|head=309|NLEA serving=85
168432		Mountain yam, hawaii, raw	67	1.34	0.1	13.8	0.44	26	0	cup, cubes=136|yam=420
168433		Mountain yam, hawaii, cooked, steamed, without salt	82	1.73	0.08	20	0.43	8	0	cup, cubes=145
168434		Mushrooms, brown, italian, or crimini, raw	22	2.5	0.1	3.7	0.4	18	0.1	cup whole=87|cup sliced=72|piece whole=20
168435		Mushrooms, shiitake, stir-fried	39	3.45	0.35	4.08	0.53	2	0.5	cup whole=89|cup sliced=97|piece whole=19
168436		Mushrooms, shiitake, dried	296	9.58	0.99	63.87	1.72	11	3.9	mushroom=3.6|mushrooms=3.75
168437		Mushrooms, shiitake, cooked, without salt	56	1.56	0.22	12.29	0.44	3	0.7	cup pieces=145|mushrooms=18
168438		Mustard spinach, (tendergreen), raw	22	2.2	0.3	1.1	1.5	210	0	cup, chopped=150
168439		Mustard spinach, (tendergreen), cooked, boiled, drained, without salt	16	1.7	0.2	0.8	0.8	158	0	cup, chopped=180
168440		New Zealand spinach, raw	14	1.5	0.2	1	0.8	58	0	cup, chopped=56
168441		New Zealand spinach, cooked, boiled, drained, without salt	12	1.3	0.17	0.73	0.66	48	0	cup, chopped=180
168442		Potatoes, french fried, all types, salt added in processing, frozen, unprepared	147	2.24	4.66	22.91	0.62	9	0	strip=8.9|package (9 oz)=255
168443		Potato wedges, frozen (Includes foods for USDA's Food Distribution Program)	129	2.7	2.2	23.46	0.7	15	0	
168444		Potatoes, french fried, steak fries, salt added in processing, frozen, as purchased	130	2.19	3.39	21.61	0.65	9	0	strip=15.3
168445		Potatoes, french fried, steak fries, salt added in processing, frozen, oven-heated	148	2.57	3.76	24.38	0.64	10	0	strip=13.3
168446		Potato flour	357	6.9	0.34	77.2	1.38	65	0	cup=160
168447		Pumpkin leaves, cooked, boiled, drained, without salt	21	2.72	0.22	0.69	3.2	43	0	cup=71
168448		Pumpkin, raw	26	1	0.1	6	0.8	21	0	cup (1" cubes)=116
168449		Pumpkin, cooked, boiled, drained, without salt	20	0.72	0.07	3.8	0.57	15	0	cup, mashed=245
168450		Pumpkin, canned, without salt	34	1.1	0.28	5.19	1.39	26	0	cup=245
168451		Radishes, oriental, raw	18	0.6	0.1	2.5	0.4	27	0	cup slices=116|radish (7" long)=338
168452		Radishes, oriental, cooked, boiled, drained, without salt	17	0.67	0.24	1.83	0.15	17	0	cup, sliced=147
168453		Radishes, oriental, dried	271	7.9	0.72	39.47	6.73	629	0	cup=116
168454		Rutabagas, raw	37	1.08	0.16	6.32	0.44	43	0	cup, cubes=140|large=772|medium=386|small=192
168455		Rutabagas, cooked, boiled, drained, without salt	30	0.93	0.18	5.04	0.18	18	0	cup, cubes=170|cup, mashed=240
168456		Seaweed, irishmoss, raw	49	1.51	0.16	10.99	8.9	72	0	tbsp (1/8 cup)=5
168457		Seaweed, kelp, raw	43	1.68	0.56	8.27	2.85	168	0	tbsp (1/8 cup)=5
168458		Seaweed, laver, raw	35	5.81	0.28	4.81	1.8	70	0	sheets=2.6|tbsp (1/8 cup)=5
168459		Sesbania flower, raw	27	1.28	0.04	6.73	0.84	19	0	flower=3|cup flowers=20
168460		Soybeans, mature seeds, sprouted, cooked, steamed	81	8.47	4.45	5.73	1.31	59	0	cup=94
168461		Soybeans, mature seeds, sprouted, cooked, stir-fried	125	13.1	7.1	8.6	0.4	82	0	
168462		Spinach, raw	23	2.86	0.39	1.43	2.71	99	0	cup=30|bunch=340|leaf=10|package (10 oz)=284
168463		Spinach, cooked, boiled, drained, without salt	23	2.97	0.26	1.35	3.57	136	0	cup=180
168464		Squash, summer, crookneck and straightneck, raw	19	1.01	0.27	2.88	0.44	21	0	cup sliced=127
168465		Squash, summer, crookneck and straightneck, cooked, boiled, drained, without salt	19	1.04	0.39	2.69	0.37	22	0	cup, sliced=180|cup slices=180
168466		Squash, summer, crookneck and straightneck, canned, drained, solid, without salt	13	0.61	0.07	1.56	0.71	12	0	cup, diced=210|cup, mashed=240|cup slices=216|slice=8|can (303 x 406)=241
168467		Squash, summer, crookneck and straightneck, frozen, unprepared	20	0.83	0.14	3.6	0.48	18	0	cup slices=130
168468		Squash, summer, crookneck and straightneck, frozen, cooked, boiled, drained, without salt	25	1.28	0.2	4.14	0.52	20	0	cup slices=192
168469		Squash, summer, zucchini, includes skin, frozen, unprepared	17	1.16	0.13	2.28	0.51	18	0	package (10 oz)=287.88|package (3 lb)=1361
168470		Squash, summer, zucchini, includes skin, frozen, cooked, boiled, drained, without salt	17	1.15	0.13	2.26	0.48	17	0	cup=223
168471		Squash, summer, zucchini, italian style, canned	29	1.03	0.11	6.85	0.68	17	0	cup=227
168472		Squash, winter, acorn, raw	40	0.8	0.1	8.92	0.7	33	0	cup, cubes=140|squash (4 inch dia)=431
168473		Squash, winter, butternut, frozen, unprepared	57	1.76	0.1	13.11	0.88	29	0	package (12 oz)=342.42|package (4 lb)=1814
168474		Squash, winter, butternut, frozen, cooked, boiled, without salt	39	1.23	0.07	10.05	0.58	19	0	cup, mashed=240
168475		Squash, winter, hubbard, raw	40	2	0.5	4.8	0.4	14	0	cup, cubes=116
168476		Squash, winter, hubbard, baked, without salt	50	2.48	0.62	5.91	0.47	17	0	cup, cubes=205
168477		Succotash, (corn and limas), cooked, boiled, drained, without salt	115	5.07	0.8	19.88	1.52	17	0	cup=192
168478		Succotash, (corn and limas), canned, with cream style corn	77	2.64	0.54	14.61	0.55	11	0	cup=266
168479		Succotash, (corn and limas), canned, with whole kernel corn, solids and liquids	63	2.6	0.49	11.38	0.53	11	0	cup=255
168480		Succotash, (corn and limas), frozen, unprepared	93	4.31	0.89	15.94	0.94	16	0	cup=156|package (10 oz)=284
168481		Succotash, (corn and limas), frozen, cooked, boiled, drained, without salt	93	4.31	0.89	15.85	0.89	15	0	cup=170
168482		Sweet potato, raw, unprepared (Includes foods for USDA's Food Distribution Program)	86	1.57	0.05	17.12	0.61	30	0	cup, cubes=133|sweetpotato, 5" long=130
168483		Sweet potato, cooked, baked in skin, flesh, without salt	90	2.01	0.15	17.41	0.69	38	0	cup=200|large=180|medium (2" dia, 5" long, raw)=114|small=60
168484		Sweet potato, cooked, boiled, without skin	76	1.37	0.14	15.22	0.72	27	0	cup, mashed=328|medium=151
168485		Sweet potato, canned, vacuum pack	91	1.65	0.2	19.32	0.89	22	0	cup, mashed=255|cup pieces=200
168486		Taro, cooked, without salt	142	0.52	0.11	29.5	0.72	18	0	cup, sliced=132
168487		Taro leaves, raw	42	4.98	0.74	3	2.25	107	0	cup=28|leaf (11" x 6-1/2")=10
168488		Taro leaves, cooked, steamed, without salt	24	2.72	0.41	2.02	1.18	86	0	cup=145
168489		Taro shoots, raw	11	0.92	0.09	2.32	0.6	12	0	cup slices=86|shoot=83
168490		Arrowroot, raw	65	4.24	0.2	12.09	2.22	6	0	cup, sliced=120|root=33
168491		Chrysanthemum leaves, raw	24	3.36	0.56	0.01	2.3	117	0	cup, chopped=51|leaf=18
168492		Amaranth leaves, cooked, boiled, drained, with salt	21	2.11	0.18	4.11	2.26	209	0	cup=132
168493		Arrowhead, cooked, boiled, drained, with salt	78	4.49	0.1	16.14	1.21	7	0	corm, medium=12
168494		Asparagus, frozen, cooked, boiled, drained, with salt	18	2.95	0.42	0.32	0.56	18	0	cup=180|package (10 oz) yields=293|spears=15
168495		Balsam-pear (bitter gourd), leafy tips, cooked, boiled, drained, with salt	32	3.6	0.2	4.26	1.02	42	0	cup=58
168496		Balsam-pear (bitter gourd), pods, cooked, boiled, drained, with salt	19	0.84	0.18	2.32	0.38	9	0	cup (1/2" pieces)=124
168497		Bamboo shoots, cooked, boiled, drained, with salt	11	1.53	0.22	0.52	0.24	12	0	cup (1/2" slices)=120|shoot=144
168498		Lima beans, immature seeds, frozen, fordhook, cooked, boiled, drained, with salt	103	6.07	0.34	14.02	1.82	30	0	cup=170|package (10 oz) yields=311
168499		Mung beans, mature seeds, sprouted, cooked, boiled, drained, with salt	19	2.03	0.09	2.8	0.65	12	0	cup=124
168500		Beans, navy, mature seeds, sprouted, cooked, boiled, drained, with salt	78	7.07	0.81	15.01	2.11	16	0	
168501		Beans, pinto, immature seeds, frozen, cooked, boiled, drained, with salt	162	9.31	0.48	25.47	2.71	52	0	package (10 oz) yields=284.85
168502		Beans, snap, green, canned, no salt added, solids and liquids	15	0.8	0.1	2	0.9	24	0	cup=240|can (303 x 406)=439
168503		Beans, snap, yellow, canned, regular pack, solids and liquids	15	0.8	0.1	2	0.9	24	0	cup=240|can (303 x 406)=439
168504		Beans, snap, yellow, canned, no salt added, solids and liquids	15	0.8	0.1	2	0.9	24	0	cup=240|can (303 x 406)=439
168505		Beans, snap, green, canned, no salt added, drained solids	22	1.12	0.46	2.42	1.06	38	0	cup=153|beans=6.2|can (303 x 406)=262
168506		Beets, cooked, boiled. drained, with salt	44	1.68	0.18	7.96	0.79	16	0	cup slices=170|beets (2" dia, sphere)=50
168507		Beets, canned, no salt added, solids and liquids	28	0.8	0.07	5.37	0.63	13	0	cup=246
168508		Beet greens, cooked, boiled, drained, with salt	27	2.57	0.2	2.56	1.9	114	0	cup (1" pieces)=144
168509		Borage, cooked, boiled, drained, with salt	25	2.09	0.81	3.55	3.64	102	0	
168510		Broccoli, cooked, boiled, drained, with salt	35	2.38	0.41	3.88	0.67	40	0	cup, chopped=156|stalk, large (11"-12" long)=280|stalk, medium (7-1/2" - 8" lon=180|stalk, small (5" long)=140|spear (about 5" long)=37
168511		Broccoli, frozen, chopped, cooked, boiled, drained, with salt	28	3.1	0.12	2.35	0.61	33	0	cup=184
168512		Broccoli, frozen, spears, cooked, boiled, drained, with salt	28	3.1	0.11	2.35	0.61	51	0	cup=184|package (10 oz) yields=250
168513		Brussels sprouts, cooked, boiled, drained, with salt	36	2.55	0.5	4.5	1.2	36	0	sprout=21|cup=156
168514		Cabbage, common, cooked, boiled, drained, with salt	23	1.27	0.06	3.61	0.17	48	0	cup, shredded=150|head=1262
168515		Cabbage, red, cooked, boiled, drained, with salt	29	1.51	0.09	4.34	0.66	42	0	leaf=22|cup, shredded=150
168516		Cabbage, savoy, cooked, boiled, drained, with salt	24	1.8	0.09	2.61	0.38	30	0	cup, shredded=145
168517		Cabbage, chinese (pak-choi), cooked, boiled, drained, with salt	12	1.56	0.16	0.78	1.04	93	0	cup, shredded=170
168518		Carrots, canned, no salt added, drained solids	25	0.64	0.19	4.04	0.64	25	0	cup, sliced=146|cup, mashed=228|slice=2.8|can (303 x 406)=284
168519		Carrots, frozen, cooked, boiled, drained, with salt	37	0.58	0.68	4.43	0.53	35	0	cup slices=146
168520		Cauliflower, cooked, boiled, drained, with salt	23	1.84	0.45	1.81	0.32	16	0	cup (1" pieces)=124|flowerets=18
168521		Cauliflower, frozen, cooked, boiled, drained, with salt	17	1.61	0.22	0.46	0.41	17	0	cup (1" pieces)=180
168522		Chrysanthemum, garland, cooked, boiled, drained, with salt	20	1.64	0.09	2.01	3.74	69	0	cup (1" pieces)=100
168523		Collards, cooked, boiled, drained, with salt	33	2.71	0.72	1.65	1.13	141	0	cup, chopped=190
168524		Collards, frozen, chopped, cooked, boiled, drained, with salt	36	2.97	0.41	4.3	1.12	210	0	cup, chopped=170
168525		Corn, sweet, yellow, cooked, boiled, drained, with salt	96	3.41	1.5	18.58	0.45	3	0	ear small (5-1/2" to 6-1/2" lo=89|ear medium (6-3/4" to 7-1/2" l=103|ear large (7-3/4" to 9" long)=118|cup=149|baby ear=8
168526		Cowpeas (blackeyes), immature seeds, cooked, boiled, drained, with salt	94	3.17	0.38	14.73	1.12	128	0	cup=165
168527		Cowpeas (blackeyes), immature seeds, frozen, cooked, boiled, drained, with salt	131	8.49	0.66	17.1	2.12	23	0	cup=170
168528		Cowpeas, young pods with seeds, cooked, boiled, drained, with salt	34	2.6	0.3	7	0.7	55	0	cup=95
168529		Cowpeas, leafy tips, cooked, boiled, drained, with salt	22	4.67	0.1	2.8	1.09	69	0	cup, chopped=53
168530		Gourd, dishcloth (towelgourd), cooked, boiled, drained, with salt	54	0.66	0.34	10.85	0.36	9	0	cup (1" pieces)=178|cup (1" slices)=178
168531		Drumstick leaves, cooked, boiled, drained, with salt	60	5.27	0.93	9.15	2.32	151	0	cup, chopped=42
168532		Drumstick pods, cooked, boiled, drained, with salt	36	2.09	0.19	3.98	0.45	20	0	cup slices=118
168533		Hyacinth-beans, immature seeds, cooked, boiled, drained, with salt	50	2.95	0.27	9.2	0.76	41	0	cup=87
168534		Lambsquarters, cooked, boiled, drained, with salt	32	3.2	0.7	2.9	0.7	258	0	cup, chopped=180
168535		Leeks, (bulb and lower leaf-portion), cooked, boiled, drained, with salt	31	0.81	0.2	6.62	1.1	30	0	leek=124|cup, chopped=104
168536		Lotus root, cooked, boiled, drained, with salt	66	1.58	0.07	12.92	0.9	26	0	cup=120|slices (2-1/2" dia)=8.9
168537		Mushrooms, white, cooked, boiled, drained, with salt	28	2.17	0.47	3.09	1.74	6	0.2	cup pieces=156|tbsp=9.8|mushroom=12
168538		Corn, sweet, white, raw	86	3.22	1.18	16.32	0.52	2	0	ear, small (5-1/2" to 6-1/2" l=73|ear, medium (6-3/4" to 7-1/2" =90|ear, large (7-3/4" to 9" long)=143|cup kernels=154
168539		Corn, sweet, white, cooked, boiled, drained, without salt	97	3.34	1.41	19.01	0.55	2	0	ear, small (5-1/2" to 6-1/2" l=89|ear, medium (6-3/4" to 7-1/2" =103|ear, large (7-3/4" to 9" long)=116|cup cut=157|ear, yields=77
168540		Corn, sweet, white, cooked, boiled, drained, with salt	97	3.34	1.41	19.01	0.55	2	0	ear, small (5-1/2" to 6-1/2" l=89|ear, medium (6-3/4" to 7-1/2" =103|ear, large (7-3/4" to 9" long)=118|cup cut=157|ear, yields=77
168541		Corn, sweet, white, canned, whole kernel, regular pack, solids and liquids	64	1.95	0.5	13.71	0.41	4	0	cup=256|can (303 x 406)=482
168542		Corn, sweet, white, canned, vacuum pack, regular pack	79	2.41	0.5	17.44	0.42	5	0	cup=210|can (303 x 406)=340
168543		Corn, sweet, white, canned, vacuum pack, no salt added	79	2.41	0.5	17.44	0.42	5	0	cup=210|can (303 x 406)=340
168544		Corn, sweet, white, frozen, kernels cut off cob, unprepared	88	3.02	0.77	17.83	0.41	4	0	cup=165|package (10 oz)=284
168545		Corn, sweet, white, frozen, kernels cut off cob, boiled, drained, without salt	80	2.75	0.43	17.16	0.35	4	0	cup=165|package (10 oz) yields=284
168546		Peppers, sweet, red, canned, solids and liquids	18	0.8	0.3	2.7	0.8	41	0	cup, halves=140
168547		Peppers, sweet, red, frozen, chopped, unprepared	20	1.08	0.21	2.85	0.62	9	0	package (10 oz)=287.88
168548		Peppers, sweet, red, frozen, chopped, boiled, drained, without salt	16	0.95	0.18	2.51	0.52	8	0	cup, chopped or strips=135|tablespoon, chopped=11.6
168549		Peppers, sweet, red, frozen, chopped, boiled, drained, with salt	16	0.95	0.18	2.51	0.52	8	0	cup, chopped or strips=135|tablespoon, chopped=11.6
168550		Peppers, sweet, red, sauteed	133	1.04	12.75	4.77	0.47	7	0	cup chopped=106
168551		Lentils, sprouted, cooked, stir-fried, with salt	101	8.8	0.45	21.25	3.1	14	0	
168552		Mountain yam, hawaii, cooked, steamed, with salt	82	1.73	0.08	19.99	0.43	8	0	cup, cubes=145
168553		Tree fern, cooked, with salt	40	0.29	0.07	7.08	0.16	8	0	frond (6-1/2" long)=31|cup, chopped or diced=142
168554		Potatoes, mashed, prepared from granules, without milk, whole milk and margarine	108	2.05	4.93	12.2	0.19	35	0	cup=210
168555		Potatoes, mashed, home-prepared, whole milk and butter added	113	1.86	4.22	15.31	0.26	24	0.2	cup=210
168556		Catsup	101	1.04	0.1	27.1	0.35	15	0	tbsp=17|packet=9|cup=240
168557		Mushrooms, brown, italian, or crimini, exposed to ultraviolet light, raw	22	2.5	0.1	3.7	0.4	18	31.9	cup whole=87|cup sliced=72|piece whole=20
168558		Pickles, cucumber, dill or kosher dill	12	0.5	0.3	1.41	0.26	57	0	spear, small=35|slice=7|large (4" long)=135|cup, chopped or diced=143|cup (about 23 slices)=155
168559		Pimento, canned	23	1.1	0.3	3.2	1.68	6	0	tbsp=12|cup=192|slice=1|pimiento, whole=66
168560		Pickle relish, hot dog	91	1.5	0.46	21.85	1.25	5	0	tbsp=15|cup=244
168561		Pickle relish, sweet	130	0.37	0.47	33.96	0.87	3	0	tbsp=15|packet (2/3 tbsp)=10|cup=245
168562		Pickles, cucumber, sour, low sodium	11	0.33	0.2	1.06	0.4	0	0	cup, chopped or diced=143|cup (about 23 slices)=155|large (4" long)=135|medium (3-3/4" long)=65|slice=6
168563		Pickles, cucumber, dill, reduced sodium	12	0.5	0.3	1.41	0.26	57	0	spear, small=35|slice=7|large (4" long)=135|cup, chopped or diced=143|cup, (about 23 slices)=155
168564		Radicchio, raw	23	1.43	0.25	3.58	0.57	19	0	cup, shredded=40|leaf=8
168565		Squash, zucchini, baby, raw	21	2.71	0.4	2.01	0.79	21	0	large=16|medium=11
168566		Tomatillos, raw	32	0.96	1.02	3.94	0.62	7	0	medium=34|cup, chopped or diced=132
168567		Tomatoes, sun-dried	258	14.11	2.97	43.46	9.09	110	0	cup=54|piece=2
168568		Carrots, baby, raw	35	0.64	0.13	5.34	0.89	32	0	large=15|medium=10|NLEA serving=85
168569		Hearts of palm, canned	28	2.52	0.62	2.22	3.13	58	0	cup=146|piece=33
168570		Peppers, hot chile, sun-dried	324	10.58	5.81	41.16	6.04	45	0	cup=37|pepper=0.5
168571		Nopales, raw	16	1.32	0.09	1.13	0.59	164	0	cup, sliced=86
168572		Cabbage, napa, cooked	12	1.1	0.17	2.23	0.74	29	0	cup=109
168573		Lemon grass (citronella), raw	99	1.82	0.49	25.31	8.17	65	0	cup=67|tbsp=4.8
168574		Beans, fava, in pod, raw	88	7.92	0.73	10.13	1.55	37	0	cup=126|pod=6.1
168575		Grape leaves, raw	93	5.6	2.12	6.31	2.63	363	0	cup=14|leaf=3
168576		Peppers, jalapeno, raw	29	0.91	0.37	3.7	0.25	12	0	cup, sliced=90|pepper=14
168577		Peppers, chili, green, canned	21	0.72	0.27	2.9	1.33	36	0	cup=139
168578		Peppers, hungarian, raw	29	0.8	0.41	5.7	0.46	12	0	pepper=27
168579		Peppers, pasilla, dried	345	12.35	15.85	24.33	9.83	97	0	pepper=7
168580		Mushrooms, oyster, raw	33	3.31	0.41	3.79	1.33	3	0.7	large=148|small=15|cup sliced=86
168581		Fungi, Cloud ears, dried	284	9.25	0.73	2.91	5.88	159	0	cup=28|piece=4.5
168582		Mushrooms, straw, canned, drained solids	32	3.83	0.68	2.14	1.43	10		cup=182|piece=5.5
168583		Wasabi, root, raw	109	4.8	0.63	15.74	1.03	128	0	cup, sliced=130|root=169
168584		Fiddlehead ferns, frozen, unprepared	34	4.31	0.35	5.74	0.73	24	0	
168585		Nuts, coconut meat, dried (desiccated), creamed	684	5.3	69.08	21.52	3.36	26	0	
168586		Nuts, coconut meat, dried (desiccated), sweetened, shredded	501	2.88	35.49	43.17	1.92	15	0	cup, shredded=93|package (7 oz)=199
168587		Seeds, sisymbrium sp. seeds, whole, dried	318	12.14	4.6	58.26	0.11	1633		cup=74
168588		Nuts, almond butter, plain, without salt added	614	20.96	55.5	8.52	3.49	347	0	tbsp=16|cup=250
168589		Nuts, chestnuts, japanese, boiled and steamed	56	0.82	0.19	12.64	0.53	11	0	
168590		Nuts, chestnuts, japanese, roasted	201	2.97	0.8	45.13	2.1	35	0	
168591		Seeds, lotus seeds, raw	89	4.13	0.53	17.28	0.95	44	0	
168592		Nuts, almonds, honey roasted, unblanched	594	18.17	49.9	14.2	2.83	263	0	cup whole kernels=144
168593		Seeds, sunflower seed kernels, oil roasted, with salt added	592	20.06	51.3	12.29	4.28	87	0	cup=135
168594		Seeds, sunflower seed kernels, toasted, with salt added	619	17.21	56.8	9.09	6.81	57	0	cup=134
168595		Seeds, sunflower seed butter, with salt added (Includes foods for USDA's Food Distribution Program)	617	17.28	55.2	17.62	4.12	64	0	tbsp=16
168596		Nuts, almonds, dry roasted, with salt added	598	20.96	52.54	10.11	3.73	268	0	cup whole kernels=138
168597		Nuts, cashew butter, plain, with salt added	609	12.12	53.03	27.3	4.91	61	0	tbsp=16
168598		Nuts, macadamia nuts, dry roasted, with salt added	716	7.79	76.08	4.83	2.65	70	0	cup, whole or halves=132
168599		Nuts, mixed nuts, dry roasted, with peanuts, with salt added	594	17.3	51.45	16.35	3.7	70	0	cup=137
168600		Nuts, mixed nuts, oil roasted, with peanuts, with salt added	607	20.04	53.95	14.05	2.61	117	0	cup=134|nuts, assorted=1.4
168601		Seeds, pumpkin and squash seeds, whole, roasted, with salt added	446	18.55	19.4	35.35	3.31	55	0	cup=64
168602		Nuts, almonds, oil roasted, lightly salted	607	21.23	55.17	7.18	3.68	291		cup whole kernels=157
168603		Nuts, almond butter, plain, with salt added	614	20.96	55.5	8.52	3.49	347	0	tbsp=16|cup=250
168604		Seeds, sesame butter, tahini, type of kernels unspecified	592	17.4	53.01	16.8	4.42	141	0	tbsp=15
168605		Beef, retail cuts, separable fat, raw	674	8.21	70.89	0	0.72	26	0.3	
168606		Beef, retail cuts, separable fat, cooked	680	10.65	70.33	0	1.08	19	0.4	
168607		Beef, brisket, whole, separable lean only, all grades, raw	157	20.72	7.37	0.6	1.92	5		
168608		Beef, grass-fed, ground, raw	198	19.42	12.73	0	1.99	12		serving=85
168609		Beef, flank, steak, separable lean only, trimmed to 0" fat, choice, raw	149	21.72	6.29	0	1.62	28	0.1	steak=202
168610		Beef, flank, steak, separable lean only, trimmed to 0" fat, choice, cooked, braised	237	28.02	13	0	3.47	6	0.2	piece, cooked, excluding refus=246
168611		Beef, flank, steak, separable lean only, trimmed to 0" fat, choice, cooked, broiled	194	27.82	8.32	0	1.84	15		steak=387
168612		Beef, rib, eye, small end (ribs 10-12), separable lean and fat, trimmed to 0" fat, choice, raw	274	17.51	22.07	0	1.87	10		
168613		Beef, rib, shortribs, separable lean and fat, choice, cooked, braised	471	21.57	41.98	0	2.31	12	0.7	piece, cooked, excluding refus=225
168614		Beef, rib, shortribs, separable lean only, choice, raw	175	19.05	10.19	0.4	2.16	8		
168615		Beef, rib, shortribs, separable lean only, choice, cooked, braised	295	30.76	18.13	0	3.36	11	0.3	piece, cooked, excluding refus=121
168616		Beef, round, full cut, separable lean only, trimmed to 1/4" fat, choice, cooked, broiled	191	29.21	7.31	0	2.7	5	0.1	piece, cooked, excluding refus=285
168617		Beef, round, full cut, separable lean only, trimmed to 1/4" fat, select, cooked, broiled	172	29.25	5.22	0	2.71	5		piece, cooked, excluding refus=282
168618		Beef, short loin, porterhouse steak, separable lean only, trimmed to 1/8" fat, choice, cooked, grilled	221	27.65	11.36	0	3.16	19	0.1	steak=417
168619		Beef, short loin, t-bone steak, bone-in, separable lean only, trimmed to 1/8" fat, choice, raw	160	22.1	7.27	0	1.65	21	0.1	steak=461
168620		Beef, short loin, t-bone steak, bone-in, separable lean only, trimmed to 1/8" fat, choice, cooked, grilled	217	27.48	11.05	0	3.57	19	0.1	steak=360
168621		Beef, rib eye, small end (ribs 10-12), separable lean only, trimmed to 0" fat, select, raw	149	21.17	6.57	0	1.94	10		
168622		Beef, variety meats and by-products, brain, raw	143	10.86	10.3	1.05	2.55	43		
168623		Beef, variety meats and by-products, brain, cooked, pan-fried	196	12.57	15.83	0	2.22	9		piece, cooked, excluding refus=351
168624		Beef, variety meats and by-products, brain, cooked, simmered	151	11.67	10.53	1.48	2.3	9	0	piece, cooked, excluding refus=391
168625		Beef, variety meats and by-products, heart, raw	112	17.72	3.94	0.14	4.31	7		
168626		Beef, variety meats and by-products, liver, cooked, braised	191	29.08	5.26	5.13	6.54	6	1.2	slice=68
168627		Beef, variety meats and by-products, liver, cooked, pan-fried	175	26.52	4.68	5.16	6.17	6	1.2	slice=81
168628		Beef, variety meats and by-products, lungs, raw	92	16.2	2.5	0	7.95	10		
168629		Beef, variety meats and by-products, lungs, cooked, braised	120	20.4	3.7	0	5.4	11		piece, cooked, excluding refus=303
168630		Beef, variety meats and by-products, mechanically separated beef, raw	276	14.97	23.52	0	5.67	485		
168631		Beef, loin, top loin steak, boneless, lip off, separable lean and fat, trimmed to 0" fat, select, cooked, grilled	207	29.16	9.12	0	3.23	14	0.1	steak (yield from 186 g raw me=150
168632		Beef, loin, top loin steak, boneless, lip off, separable lean only, trimmed to 0" fat, all grades, cooked, grilled	202	29.53	8.41	0	3.47	14	0.1	steak, excluding refuse (yield=150
168633		Beef, top sirloin, steak, separable lean and fat, trimmed to 0" fat, select, cooked, broiled	206	29.65	8.8	0	1.83	24		steak (yield from 505 g raw me=375
168634		Beef, top sirloin, steak, separable lean only, trimmed to 0" fat, all grades, cooked, broiled	183	30.55	5.79	0	1.96	20	0.1	piece, cooked, excluding refus=292
168635		Beef, top sirloin, steak, separable lean only, trimmed to 0" fat, choice, cooked, broiled	188	30.29	6.55	0	2.07	17		steak (yield from 532 g raw me=393
168636		Beef, top sirloin, steak, separable lean only, trimmed to 0" fat, select, cooked, broiled	177	30.8	5.03	0	1.92	22		steak (yield from 505 g raw me=375
168637		Beef, short loin, porterhouse steak, separable lean only, trimmed to 1/8" fat, all grades, cooked, grilled	213	28.16	10.32	0	3.22	19	0.1	steak=421
168638		Beef, short loin, porterhouse steak, separable lean only, trimmed to 0" fat, all grades, cooked, broiled	212	26.07	11.18	0	3.24	6		
168639		Beef, short loin, porterhouse steak, separable lean only, trimmed to 0" fat, choice, cooked, broiled	224	25.51	12.8	0	3.24	6		serving=85|piece, cooked, excluding refus=266
168640		Beef, short loin, porterhouse steak, separable lean only, trimmed to 1/8" fat, select, raw	145	22.61	5.41	0	2.26	19	0	steak=526
168641		Beef, short loin, porterhouse steak, separable lean only, trimmed to 1/8" fat, select, cooked, grilled	203	28.92	8.76	0	3.44	20	0.1	steak=426
168642		Beef, short loin, t-bone steak, bone-in, separable lean only, trimmed to 1/8" fat, all grades, raw	153	22.22	6.5	0	1.66	21	0.1	steak=460
168643		Beef, short loin, t-bone steak, bone-in, separable lean only, trimmed to 1/8" fat, all grades, cooked, grilled	212	27.86	10.37	0	3.57	18	0.1	steak=363
168644		Beef, short loin, t-bone steak, separable lean only, trimmed to 0" fat, choice, cooked, broiled	198	25.98	9.61	0	3.66	4		serving=85|piece, cooked, excluding refus=271
168645		Beef, short loin, t-bone steak, bone-in, separable lean only, trimmed to 1/8" fat, select, raw	144	22.41	5.34	0	1.77	23	0	steak=458
168646		Beef, round, tip round, roast, separable lean and fat, trimmed to 0" fat, choice, raw	156	20.16	7.73	0	1.78	15		roast=1392
168647		Beef, round, tip round, roast, separable lean and fat, trimmed to 0" fat, select, raw	145	20.8	6.28	0	1.59	23		roast=1187
168648		Beef, rib, eye, small end (ribs 10- 12) separable lean only, trimmed to 0" fat, select, cooked, broiled	182	29.93	6.05	0	1.84	21		steak=231
168649		Beef, round, top round steak, boneless, separable lean only, trimmed to 0" fat, all grades, cooked, grilled	162	30.09	3.77	0	3.25	18	0	steak=277
168650		Beef, ground, 70% lean meat / 30% fat, patty cooked, pan-broiled	238	22.86	15.54	0	2.41	37	0	patty=77
168651		Beef, ground, 70% lean meat / 30% fat, patty, cooked, broiled	277	25.38	18.66	0	2.25	35	0	patty=70
168652		Beef, ground, 70% lean meat / 30% fat, raw	332	14.35	30	0	1.64	24	0.1	
168653		Beef, chuck, under blade center steak, boneless, Denver Cut, separable lean only, trimmed to 0" fat, select, raw	157	19.71	8.54	0.21	2.43	11	0.1	steak=458
168654		Beef, shoulder top blade steak, boneless, separable lean only, trimmed to 0" fat, all grades, cooked, grilled	196	28.15	9.23	0	3.14	14	0.1	steak=186
168655		Beef, shoulder top blade steak, boneless, separable lean only, trimmed to 0" fat, select, raw	133	20.39	5.73	0	2.51	12	0.1	steak=1446
168656		Beef, brisket, flat half, boneless separable lean only, trimmed to 0" fat, all grades, raw	132	21.47	5.11	0	2.06	13	0.1	piece=1855
168657		Beef, brisket, flat half, boneless, separable lean only, trimmed to 0" fat, choice, raw	137	21.28	5.75	0	2.04	13	0.1	piece=1780
168658		Beef, brisket, flat half, boneless, separable lean only, trimmed to 0" fat, select, raw	124	21.74	4.14	0	2.08	13	0.1	piece=1967
168659		Beef, shoulder top blade steak, boneless, separable lean and fat, trimmed to 0" fat, choice, cooked, grilled	220	27.51	12.26	0	3.11	14	0.1	steak=177
168660		Beef, chuck eye roast, boneless, America's Beef Roast, separable lean and fat, trimmed to 0" fat, all grades, raw	180	19.18	11.48	0	2.08	17	0.1	roast=723
168661		Beef, chuck eye roast, boneless, America's Beef Roast, separable lean and fat, trimmed to 0" fat, choice, raw	185	19.14	12.02	0	2.08	17	0.1	roast=698
168662		Beef, chuck eye roast, boneless, America's Beef Roast, separable lean and fat, trimmed to 0" fat, select, raw	173	19.25	10.67	0	2.12	18	0.1	roast=761
168663		Beef, composite of trimmed retail cuts, separable lean and fat, trimmed to 1/8" fat, select, cooked	245	26.06	15.09	0	2.11	13	0.1	
168664		Beef, brisket, whole, separable lean and fat, trimmed to 1/8" fat, all grades, raw	253	18.42	19.06	0.56	1.7	6		
168665		Beef, brisket, whole, separable lean and fat, trimmed to 1/8" fat, all grades, cooked, braised	331	25.85	24.5	0	2.46	7	0.4	piece, cooked, excluding refus=329
168666		Beef, brisket, flat half, separable lean and fat, trimmed to 1/8" fat, all grades, raw	277	17.94	22.18	0	1.59	16		steak=452
168667		Beef, chuck, arm pot roast, separable lean and fat, trimmed to 1/8" fat, all grades, cooked, braised	302	30.12	19.22	0	2.53	17	0.3	piece, cooked, excluding refus=258
168668		Beef, chuck, arm pot roast, separable lean and fat, trimmed to 1/8" fat, choice, raw	249	19.14	18.57	0	1.73	16		roast=1801
168669		Beef, chuck, arm pot roast, separable lean and fat, trimmed to 1/8" fat, choice, cooked, braised	309	30.2	19.93	0	2.61	16	0.3	piece, cooked, excluding refus=258
168670		Beef, chuck, arm pot roast, separable lean and fat, trimmed to 1/8" fat, select, raw	239	19.33	17.39	0	1.61	18		roast=1783
168671		Beef, chuck, blade roast, separable lean and fat, trimmed to 1/8" fat, choice, cooked, braised	359	26.37	27.26	0	3.08	13	0.4	piece, cooked, excluding refus=247
168672		Beef, chuck, blade roast, separable lean and fat, trimmed to 1/8" fat, select, raw	230	17.37	17.33	0	2.07	10		
168673		Beef, chuck, blade roast, separable lean and fat, trimmed to 1/8" fat, select, cooked, braised	318	27.33	22.35	0	3.2	13		piece, cooked, excluding refus=247
168674		Beef, chuck eye roast, boneless, America's Beef Roast, separable lean only, trimmed to 0" fat, all grades, cooked, roasted	183	26.65	8.46	0	2.47	19	0.1	roast=609
168675		Beef, rib, whole (ribs 6-12), separable lean and fat, trimmed to 1/8" fat, choice, raw	322	16.34	27.93	0	1.72	9		
168676		Beef, rib, whole (ribs 6-12), separable lean and fat, trimmed to 1/8" fat, choice, cooked, broiled	352	22.26	28.5	0	2.18	11		piece, cooked, excluding refus=267
168677		Beef, rib, whole (ribs 6-12), separable lean and fat, trimmed to 1/8" fat, choice, cooked, roasted	365	22.6	29.79	0	2.35	11	0.5	piece, cooked, excluding refus=289
168678		Beef, rib, whole (ribs 6-12), separable lean and fat, trimmed to 1/8" fat, select, raw	288	16.75	23.95	0	1.77	9		
168679		Beef, rib, whole (ribs 6-12), separable lean and fat, trimmed to 1/8" fat, prime, cooked, roasted	400	22.57	33.7	0	2.17	11		piece, cooked, excluding refus=278
168680		Beef, rib, large end (ribs 6-9), separable lean and fat, trimmed to 1/8" fat, all grades, raw	316	16.26	27.29	0	1.71	8		
168681		Beef, rib, large end (ribs 6-9), separable lean and fat, trimmed to 1/8" fat, all grades, cooked, broiled	338	21.55	27.22	0	2.19	10		piece, cooked, excluding refus=267
168682		Beef, rib, large end (ribs 6-9), separable lean and fat, trimmed to 1/8" fat, all grades, cooked, roasted	355	23.01	28.51	0	2.35	10	0.5	piece, cooked, excluding refus=292
168683		Beef, rib, large end (ribs 6-9), separable lean and fat, trimmed to 1/8" fat, select, cooked, broiled	324	21.55	25.71	0	2.19	10		piece, cooked, excluding refus=267
168684		Beef, rib, large end (ribs 6-9), separable lean and fat, trimmed to 1/8" fat, select, cooked, roasted	333	23.4	25.84	0	2.39	9		piece, cooked, excluding refus=292
168685		Beef, rib, large end (ribs 6-9), separable lean and fat, trimmed to 1/8" fat, prime, raw	367	15.77	33.26	0	1.65	8		
168686		Beef, rib, large end (ribs 6-9), separable lean and fat, trimmed to 1/8" fat, prime, cooked, broiled	404	20.65	34.97	0	2.08	10		piece, cooked, excluding refus=278
168687		Beef, rib, large end (ribs 6-9), separable lean and fat, trimmed to 1/8" fat, prime, cooked, roasted	393	22.86	32.74	0	2.33	10		piece, cooked, excluding refus=281
168688		Beef, rib, small end (ribs 10-12), separable lean and fat, trimmed to 1/8" fat, choice, cooked, broiled	304	24.53	22.09	0	1.64	16		steak (yield from 320 g raw me=256
168689		Beef, rib, small end (ribs 10-12), separable lean and fat, trimmed to 1/8" fat, choice, cooked, roasted	359	22.28	29.21	0	2.39	13		piece, cooked, excluding refus=278
168690		Beef, rib, small end (ribs 10-12), separable lean and fat, trimmed to 1/8" fat, select, raw	246	19.56	18	0	1.4	22		steak=335
168691		Beef, rib, small end (ribs 10-12), separable lean and fat, trimmed to 1/8" fat, select, cooked, broiled	278	27.17	18	0	1.67	22		steak (yield from 1 raw steak =245
168692		Beef, shoulder top blade steak, boneless, separable lean and fat, trimmed to 0" fat, select, cooked, grilled	194	27.7	9.29	0	3.02	14	0.1	steak=199
168693		Beef, shoulder top blade steak, boneless, separable lean and fat, trimmed to 0" fat, all grades, raw	146	20.16	7.25	0	2.49	12	0.1	steak=239
168694		Beef, round, full cut, separable lean and fat, trimmed to 1/8" fat, choice, raw	195	20.56	11.92	0	1.99	4	0.2	
168695		Beef, round, full cut, separable lean and fat, trimmed to 1/8" fat, choice, cooked, broiled	235	27.54	12.98	0	2.55	6	0.2	piece, cooked, excluding refus=313
168696		Beef, round, bottom round, roast, separable lean and fat, trimmed to 1/8" fat, all grades, cooked, roasted	218	26.41	11.64	0	2.16	6		piece, cooked, excluding refus=338|roast (yield from 1 raw roast =632
168697		Beef, round, bottom round, steak, separable lean and fat, trimmed to 1/8" fat, choice, raw	198	20.71	12.15	0	1.84	16		
168698		Beef, round, bottom round, steak, separable lean and fat, trimmed to 1/8" fat, choice, cooked, braised	254	32.85	12.56	0	2.7	7		steak (yield from 341 g raw me=227
168699		Beef, round, bottom round, roast, separable lean and fat, trimmed to 1/8" fat, choice, cooked, roasted	223	26.05	12.44	0	2.15	6		piece, cooked, excluding refus=338|roast (yield from raw roast we=627
168700		Beef, round, bottom round, steak, separable lean and fat, trimmed to 1/8" fat, select, raw	187	20.68	10.93	0	1.63	23		steak=312
168701		Beef, round, eye of round, roast, separable lean and fat, trimmed to 1/8" fat, choice, raw	173	21.68	8.91	0	1.92	16		
168702		Beef, round, eye of round, roast, separable lean and fat, trimmed to 1/8" fat, choice, cooked, roasted	212	28.48	10.05	0	2.33	6		piece, cooked, excluding refus=333
168703		Beef, round, eye of round, roast, separable lean and fat, trimmed to 1/8" fat, select, raw	160	21.3	7.57	0.08	1.69	24		
168704		Beef, round, eye of round, roast, separable lean and fat, trimmed to 1/8" fat, select, cooked, roasted	204	28.13	9.26	0	2.24	7		roast (yield from 530 g raw me=417
168705		Beef, round, tip round, separable lean and fat, trimmed to 1/8" fat, select, raw	178	19.74	10.39	0	2.02	5		
168706		Beef, round, tip round, roast, separable lean and fat, trimmed to 1/8" fat, select, cooked, roasted	210	27.63	10.24	0	2.83	6	0.2	piece, cooked, excluding refus=327
168707		Beef, shoulder top blade steak, boneless, separable lean and fat, trimmed to 0" fat, choice, raw	152	20.07	7.94	0	2.5	12	0.1	steak=231
168708		Beef, round, top round, separable lean only, trimmed to 1/8" fat, choice, cooked, pan-fried	228	33.93	8.33	2.03	3.4	6	0.1	piece cooked, excluding refuse=283
168709		Beef, round, top round, separable lean and fat, trimmed to 1/8" fat, choice, cooked, braised	250	34.09	11.61	0	3.14	5		piece, cooked, excluding refus=289
168710		Beef, round, top round, steak, separable lean and fat, trimmed to 1/8" fat, choice, cooked, broiled	224	30.7	10.27	0	2.54	7		steak (yield from raw steak we=347|piece, cooked, excluding refus=326
168711		Beef, round, top round, separable lean and fat, trimmed to 1/8" fat, choice, cooked, pan-fried	266	32.99	13.83	0	2.97	6	0.2	piece, cooked, excluding refus=283
168712		Beef, round, top round, steak, separable lean and fat, trimmed to 1/8" fat, select, raw	164	22.18	7.68	0	1.74	25		
168713		Beef, round, top round, separable lean and fat, trimmed to 1/8" fat, select, cooked, braised	225	34.6	8.54	0	3.18	4		piece, cooked, excluding refus=286
168714		Beef, brisket, flat half, boneless, separable lean and fat, trimmed to 0" fat, all grades, raw	165	20.32	9.29	0	2	13	0.1	piece=1855
168715		Beef, short loin, porterhouse steak, separable lean and fat, trimmed to 1/8" fat, choice, raw	218	20.36	14.58	0	1.91	19	0.1	steak=539
168716		Beef, short loin, porterhouse steak, separable lean and fat, trimmed to 1/8" fat, choice, cooked, grilled	284	24.85	19.78	0	2.95	19	0.1	steak=417
168717		Beef, short loin, t-bone steak, separable lean and fat, trimmed to 1/8" fat, choice, raw	228	20	15.83	0	1.64	21	0.1	steak=461
168718		Beef, short loin, top loin, steak, separable lean and fat, trimmed to 1/8" fat, choice, cooked, grilled	278	26.16	18.45	0	1.75	17	0.3	steak (yield from 270 g raw me=221
168719		Beef, loin, top loin, separable lean and fat, trimmed to 1/8" fat, select, raw	224	20.59	15.04	0	1.47	23		
168720		Beef, loin, top loin, separable lean and fat, trimmed to 1/8" fat, select, cooked, grilled	250	26.72	15.11	0	1.63	22		
168721		Beef, short loin, top loin, steak, separable lean and fat, trimmed to 1/8" fat, prime, raw	281	19	22.17	0	1.58	6		steak, excluding refuse (yield=227
168722		Beef, tenderloin, steak, separable lean and fat, trimmed to 1/8" fat, choice, cooked, broiled	273	26.43	17.78	0	1.76	17		steak (yield from 181 g raw me=140
168723		Beef, tenderloin, roast, separable lean and fat, trimmed to 1/8" fat, choice, cooked, roasted	331	23.9	25.39	0	3.11	9		piece, cooked, excluding refus=329
168724		Beef, tenderloin, steak, separable lean and fat, trimmed to 1/8" fat, select, raw	249	19.37	18.46	0	1.42	22		steak (yield from 1 raw steak =149
168725		Beef, tenderloin, steak, separable lean and fat, trimmed to 1/8" fat, select, cooked, broiled	262	26.48	16.53	0	1.63	22		steak (yield from 1 raw steak =119|steak, excluding refuse (yield=104
168726		Beef, top sirloin, steak, separable lean and fat, trimmed to 1/8" fat, all grades, raw	201	20.3	12.71	0	1.48	24		steak=608
168727		Beef, top sirloin, steak, separable lean and fat, trimmed to 1/8" fat, all grades, cooked, broiled	243	26.96	14.23	0	1.73	20	0.2	piece, cooked, excluding refus=306
168728		Beef, top sirloin, steak, separable lean and fat, trimmed to 1/8" fat, choice, raw	214	19.92	14.28	0	1.46	25		
168729		Beef, top sirloin, steak, separable lean and fat, trimmed to 1/8" fat, choice, cooked, broiled	257	26.8	15.75	0	1.81	18		piece, cooked, excluding refus=306
168730		Beef, chuck, clod roast, separable lean only, trimmed to 0" fat, select, cooked, roasted	172	28.09	5.82	0	3.19	7	0.1	
168731		Beef, shoulder steak, boneless, separable lean only, trimmed to 0" fat, choice, cooked, grilled	178	28.54	6.25	0	2.95	12	0.1	
168732		Beef, shoulder steak, boneless, separable lean only, trimmed to 0" fat, select, cooked, grilled	169	28.71	5.17	0	2.94	12	0.1	
168733		Beef, flank, steak, separable lean and fat, trimmed to 0" fat, all grades, cooked, broiled	192	27.66	8.23	0	1.74	20		steak (yield from 475 g raw me=383
168734		Beef, bottom sirloin, tri-tip roast, separable lean and fat, trimmed to 0" fat, all grades, raw	165	20.64	8.55	0	1.49	25		roast=261
168735		Beef, bottom sirloin, tri-tip roast, separable lean and fat, trimmed to 0" fat, choice, cooked, roasted	221	25.66	12.36	0	1.7	17		roast (yield from 714 g raw me=591
168736		Beef, bottom sirloin, tri-tip roast, separable lean and fat, trimmed to 0" fat, choice, raw	174	20.64	9.51	0	1.47	25		roast=271
168737		Beef, bottom sirloin, tri-tip roast, separable lean and fat, trimmed to 0" fat, select, cooked, roasted	201	26.44	9.78	0	1.62	21		roast (yield from 666 g raw me=547
168738		Beef, chuck, top blade, separable lean only, trimmed to 0" fat, choice, cooked, broiled	217	26.11	11.65	0	2.81	7		
168739		Beef, chuck, top blade, separable lean only, trimmed to 0" fat, select, cooked, broiled	184	26.16	8	0	2.8	7		
168740		Beef, round, top round steak, boneless, separable lean and fat, trimmed to 0" fat, choice, cooked, grilled	170	30.12	4.62	0	3.26	18	0	steak (yield from 396 g raw me=284
168741		Beef, round, top round steak, boneless, separable lean and fat, trimmed to 0" fat, select, cooked, grilled	162	29.7	3.85	0	3.25	19	0	steak (yield from 368 g meat)=269
168742		Beef, chuck eye roast, boneless, America's Beef Roast, separable lean only, trimmed to 0" fat, select, raw	133	20.52	5.71	0	2.21	19	0.1	roast=1327
168743		Beef, brisket, flat half, boneless, separable lean and fat, trimmed to 0" fat, choice, raw	169	20.15	9.86	0	1.98	13	0.1	piece=1780
168744		Beef, plate, inside skirt steak, separable lean only, trimmed to 0" fat, all grades, cooked, broiled	205	26.66	10.06	0	2.83	11		
168745		Beef, plate, outside skirt steak, separable lean only, trimmed to 0" fat, all grades, cooked, broiled	233	24.18	14.37	0	2.66	10		
168746		Alcoholic beverage, beer, regular, all	43	0.46	0	3.55	0.02	4	0	can=356
168747		Alcoholic beverage, beer, regular, BUDWEISER	41	0.36	0	2.97	0	4		
168748		Alcoholic beverage, beer, light, BUDWEISER SELECT	28	0.2	0	0.87	0	4		
168749		Alcoholic beverage, beer, light	29	0.24	0	1.64	0.03	4	0	can or bottle (12 fl oz)=354
168750		Alcoholic beverage, pina colada, canned	237	0.6	7.6	27.5	0.03	1		can (6.8 fl oz, 200 ml)=222
168751		Beverages, almond milk, sweetened, vanilla flavor, ready-to-drink	38	0.42	1.04	6.19	0.3	188	1	cup=240
168752		Alcoholic beverage, pina colada, prepared-from-recipe	174	0.42	1.88	22.36	0.21	8		cocktail (4.5 fl oz)=141
168753		Alcoholic beverage, tequila sunrise, canned	110	0.3	0.1	11.3	0.02	0		can (6.8 fl oz, 200 ml)=211
168754		Candies, milk chocolate, with almonds	526	9	34.4	47.2	1.63	224	0	bar (1.45 oz)=41|bar (1.55 oz)=44
168755		Candies, milk chocolate, with rice cereal	511	7.64	29.37	56.37	2.65	187	0	bar (1.4 oz)=40|bar (1.45 oz)=45|bar (1.65 oz)=47|bar, miniature=10|bar (1.55 oz)=44
168756		Candies, MARS SNACKFOOD US, MILKY WAY Bar	456	4.01	17.23	70.17	0.49	115	0.4	serving 2.05 oz bar=58|bar fun size=17|piece miniature 5 pieces - ser=8.2|bar king size=103
168757		Candies, HERSHEY'S SKOR Toffee Bar	541	3.13	30.37	62.43	0.57	30	0.1	bar 1.4 oz=39
168758		Toppings, strawberry	254	0.2	0.1	65.6	0.28	6	0	tbsp=21|serving=40|cup=340
168759		Candies, MOUNDS Candy Bar	493	4.6	26.6	55.18	2.09	21	0	bar snack size=19|package 1.9 oz=53
168760		Candies, MR. GOODBAR Chocolate Bar	538	10.22	33.21	50.54	1.39	110	0	bar (1.75 oz)=49|bar (2.6 oz)=73
168761		Candies, NESTLE, 100 GRAND Bar	468	2.5	19.33	69.97	0.34	76	0	bar (1.5 oz)=43|bar, miniature=21|serving 1.5 oz bar=43
168762		Candies, NESTLE, CRUNCH Bar and Dessert Topping	500	5	26	65.1	0.7	100		bar 1.55 oz=44|bar 0.5 oz=14.2|serving 4 fun size bars=41|tbsp=12
168763		Candies, REESE'S Peanut Butter Cups	515	10.24	30.53	51.76	1.21	78	0	package 0.6 oz 1 cup=17|package 1.6 oz 2 cups=45|miniature=7
168764		Candies, REESE'S PIECES Candy	497	12.46	24.77	56.86	0.49	69	0	cup=188|pieces=0.8|package 1.63 oz=46|package (1.6 oz)=46
168765		Candies, ROLO Caramels in Milk Chocolate	474	5.08	20.93	67.05	0.42	145	0	package 1 package=48|pieces=6
168766		Candies, NESTLE, AFTER EIGHT Mints	432	1.67	11.9	77.13	0.57	13		serving 5 mints=42|piece=8.4
168767		Candies, MARS SNACKFOOD US, 3 MUSKETEERS Bar	436	2.6	12.75	76.27	0.67	54	0	serving 2.13 oz bar=60|serving 2 fun size bars=28
168768		Candies, MARS SNACKFOOD US, TWIX Caramel Cookie Bars	502	4.91	24.85	63.7	0.81	106	0	package (2 oz)=57|package (2.06 oz, 2 bars)=58|package, king size (3.35 oz, 4=95|package (11 oz)=312
168769		Candies, MARS SNACKFOOD US, TWIX Peanut Butter Cookie Bars	547	9.18	32.67	51.04	1.32	75	0	package (1.89 oz, 2 bars)=54|package (2.06 oz, 2 bars)=58|package (1.77 oz)=50|package (9.43 oz)=267
168770		Candies, WHATCHAMACALLIT Candy Bar	494	8.04	23.68	61.33	1.13	118	0	bar 1.7 oz=48
168771		Chewing gum	360	0	0.3	94.3	0	0	0	stick=3|Chiclets=1.6|block=8
168772		Egg custards, dry mix	410	6.9	6.4	82.8	1.93	228		package (3 oz)=85|portion, amount to make 1/2 cu=21
168773		Egg custards, dry mix, prepared with whole milk	122	3.99	4	17.6	0.34	139	1.2	cup=282
168774		Cocoa, dry powder, unsweetened, HERSHEY'S European Style Cocoa	410	20	10	40	36	0		tbsp=5
168775		Gelatin desserts, dry mix	381	7.8	0	90.5	0.13	3	0	package (3 oz)=85|portion, amount to make 1/2 cu=21
168776		Candies, YORK BITES	394	1.78	7.32	79.64	0.94	10		pieces=2.6
168777		Desserts, mousse, chocolate, prepared-from-recipe	225	4.14	16	15.47	0.55	96		recipe yield=808|cup=404
168778		Puddings, chocolate, ready-to-eat	142	2.09	4.6	23.01	1.27	51	0	container refrigerated, 4 oz=108|container shelf stable, 3.5 oz=98
168779		Puddings, chocolate, dry mix, instant	378	2.3	1.9	84.3	1.29	12	0	package (3.5 oz)=99|portion, amount to make 1/2 cu=25
168780		Puddings, chocolate, dry mix, regular, prepared with 2% milk	111	3.28	2.06	18.96	0.34	112	1	cup=256
168781		Puddings, coconut cream, dry mix, instant, prepared with 2% milk	107	2.9	2.3	19.1	0.15	102		cup=294|package yield (2 cups)=587
168782		Puddings, rice, ready-to-eat	108	3.23	2.15	18.09	0.11	95	0	serving 4 oz pudding cup=113|can (5 oz)=142|cup=172
168783		Puddings, rice, dry mix	376	2.7	0.1	90.5	1.79	14		package=106|portion, amount to make 1/2 cu=27
168784		Puddings, vanilla, dry mix, instant	377	0	0.6	92.9	0.01	12	0	package (3.5 oz)=99|portion, amount to make 1/2 cu=25
168785		Puddings, vanilla, dry mix, instant, prepared with whole milk	114	2.7	2.9	19.7	0.07	101		cup=284|package yield (2 cups)=569
168786		Puddings, lemon, dry mix, instant, prepared with 2% milk	107	2.76	1.71	20.2	0.06	101	0.8	serving=8|package=32
168787		Egg custards, dry mix, prepared with 2% milk	112	4.13	2.83	17.61	0.33	146	1.1	cup=282
168788		Puddings, vanilla, dry mix, regular, prepared with 2% milk	101	2.94	1.73	18.53	0.06	108	0.9	cup=256
168789		Rennin, chocolate, dry mix, prepared with 2% milk	85	3.24	2.06	12.97	0.3	126	0.9	
168790		Rennin, vanilla, dry mix, prepared with 2% milk	77	3.06	1.77	12.34	0.05	121	0.9	
168791		Candies, praline, prepared-from-recipe	485	3.3	25.9	56.09	1.29	43		piece=39|recipe yield=907
168792		Desserts, rennin, vanilla, dry mix	383	0	0	99	0.07	117		tbsp=10.8|package (1.5 oz)=43
168793		Rennin, vanilla, dry mix, prepared with whole milk	89	3.03	3.07	12.21	0.05	119	0.9	
168794		Desserts, rennin, tablets, unsweetened	84	1	0.1	19.8	7.07	3733		package (0.35 oz)=9.9
168795		Frostings, chocolate, creamy, ready-to-eat	397	1.1	17.6	62.3	1.42	8	0	tbsp creamy=20.5
168796		Flan, caramel custard, dry mix, prepared with whole milk	113	2.95	3	18.68	0.06	111	0.9	
168797		Puddings, vanilla, ready-to-eat, fat free	89	2.02	0	20.16	0.36	40	0	serving 3.5 oz shelf stable=99
168798		Puddings, tapioca, ready-to-eat, fat free	94	1.44	0.35	21.31	0.11	52	0	container refrigerated 4 oz=112
168799		Puddings, chocolate, ready-to-eat, fat free	93	1.93	0.3	20.57	1.69	39	0	serving 4 oz=113
168800		Frostings, chocolate, creamy, dry mix, prepared with butter	408	1.11	13.06	69.9	0.93	12	0.2	tablespoon=16.5
168801		Candies, HEATH BITES	530	3.94	30.38	61.39	0.78	86		pieces=2.6
168802		Frostings, vanilla, creamy, dry mix	410	0.3	4.9	93.7	0	3		package=411
168803		Frostings, white, fluffy, dry mix	371	2.3	0	94.9	0.09	4		package=207
168804		Candies, MARS SNACKFOOD US, DOVE Milk Chocolate	546	5.94	31.72	57.38	1.11	160		serving 1.30 oz bar=37|serving 5 pieces=40
168805		Candies, MARS SNACKFOOD US, DOVE Dark Chocolate	520	5.19	32.45	51.8	3.18	37		serving 1.3 oz bar=37|serving 7 pieces=42
168806		Candies, MARS SNACKFOOD US, MILKY WAY Caramels, milk chocolate covered	463	4.28	19.17	67.79	0.34	141		serving 5 pieces=44
168807		Candies, MARS SNACKFOOD US, MILKY WAY Caramels. dark chocolate covered	458	3.82	20.42	64.76	1.2	83		serving 5 pieces=44
168808		Snacks, GENERAL MILLS, BETTY CROCKER Fruit Roll Ups, berry flavored, with vitamin C	373	0.1	3.5	85.2				rolls=14
168809		Ice creams, chocolate	216	3.8	11	27	0.93	109	0.2	individual (3.5 fl oz)=58|cup (4 fl oz)=132
168810		Ice creams, strawberry	192	3.2	8.4	26.7	0.21	120		individual (3.5 fl oz)=58|cup (4 fl oz)=132
168811		Snacks, FARLEY CANDY, FARLEY Fruit Snacks, with vitamins A, C, and E	341	4.4	0	80.9				pouch=26
168812		Frozen novelties, ice type, italian, restaurant-prepared	53	0.03	0.02	13.5	0.09	1		cup=232
168813		Frozen novelties, ice type, pop	79	0	0.24	19.23	0.54	0	0	serving 1.75 fl oz pop=52
168814		Candies, MARS SNACKFOOD US, M&M's Crispy Chocolate Candies	475	4.28	19.32	70.4	0.86	90		serving 1.6 oz bag=47
168815		Frozen yogurts, vanilla, soft-serve	159	4	5.6	24.2	0.3	143	0.1	cup=144
168816		Fruit butters, apple	173	0.39	0.3	40.97	0.31	14	0	tbsp=17|serving=17|cup=282
168817		Candies, fudge, chocolate marshmallow, with nuts, prepared-by-recipe	474	3.24	21.11	65.59	1.11	49		
168818		Candies, MARS SNACKFOOD US, SNICKERS Almond bar	472	5.4	22.4	62.07	0.85	132		serving 1.76 oz bar=50
168819		Marmalade, orange	246	0.3	0	65.6	0.15	38	0	tbsp=20|package (0.5 oz)=14|serving=20|cup=320
168820		Molasses	290	0	0.1	74.73	4.72	205	0	cup=337|serving 1 tbsp=20
168821		Pectin, unsweetened, dry mix	325	0.3	0.3	81.8	2.71	7		package (1.75 oz)=50
168822		Pie fillings, apple, canned	100	0.1	0.1	25.1	0.29	4	0	can=616.67|serving=85|can (21 oz)=595
168823		Candies, MARS SNACKFOOD US, STARBURST Fruit Chews, Tropical fruits	409	0.41	8.31	82.76	0.01	0		serving fun size (8 chews)=40|serving 2.07 oz pack=59|piece=5
168824		Pie fillings, canned, cherry	115	0.37	0.07	27.4	0.24	11	0	can=616.67|can (21 oz)=595
168825		Puddings, banana, dry mix, regular, prepared with whole milk	111	2.74	2.89	18.44	0.04	101	1.1	cup=254
168826		Puddings, coconut cream, dry mix, instant	415	0.9	10	79.5	0.72	8	0	package (3.5 oz)=99|portion, amount to make 1/2 cu=25
168827		Puddings, coconut cream, dry mix, instant, prepared with whole milk	117	2.9	3.5	19	0.15	100		cup=294|package yield (2 cups)=587
168828		Puddings, coconut cream, dry mix, regular	434	1	11.36	80.24	0.57	8	0	package (3.12 oz)=88|portion, amount to make 1/2 cu=25
168829		Puddings, coconut cream, dry mix, regular, prepared with whole milk	114	3	3.8	17.5	0.2	111		cup=280|package yield (2 cups)=559
168830		Puddings, lemon, dry mix, instant, prepared with whole milk	115	2.7	2.9	20.1	0.06	99		cup=294|package yield (2 cups)=587
168831		Puddings, lemon, dry mix, regular	363	0.1	0.5	91.7	0.17	5		package (3 oz)=85|portion, amount to make 1/2 cu=21
168832		Pudding, lemon, dry mix, regular, prepared with sugar, egg yolk and water	109	0.65	1.12	24.2	0.13	8		cup=254
168833		Sugars, brown	380	0.12	0	98.09	0.71	83	0	tsp unpacked=3|cup packed=220|cup unpacked=145|tsp packed=4.6|tsp brownulated=3.2
168834		Syrups, chocolate, HERSHEY'S Genuine Chocolate Flavored Lite Syrup	153	1.4	0.97	34.56	0	11	0	tbsp=17.5
168835		Syrups, chocolate, fudge-type	350	4.6	8.9	60.1	1.3	49	0	cup=304|tbsp=19
168836		Syrups, corn, dark	286	0	0	77.59	0.37	18	0	cup=328|tbsp=20
168837		Syrups, corn, light	283	0	0.2	76.79	0	13	0	cup=341|tbsp=22
168838		Syrups, table blends, pancake, with 2% maple	265	0	0.1	69.6	0.07	5	0	tbsp=20|serving 1/4 cup=83|cup=315
168839		Syrups, table blends, corn, refiner, and sugar	319	0	0	83.9	0.74	23		cup=316|tbsp=20
168840		Candies, MARS SNACKFOOD US, SKITTLES Wild Berry Bite Size Candies	402	0.19	4.25	90.76	0	0		serving 2.1 oz bag=62|serving fun size bag=20
168841		Toppings, butterscotch or caramel	216	1.21	0	57.01	0	49	0	tbsp=20.5
168842		Candies, MARS SNACKFOOD US, SKITTLES Sours Original	401	0.18	4	91.02	0.01	0		serving 1.80 oz bag=51
168843		Candies, MARS SNACKFOOD US, SKITTLES Original Bite Size Candies	405	0.19	4.37	90.78	0	0	0	serving 2.17 oz pack=62|cup=205|pieces=1.07|package fun size=20
168844		Frostings, vanilla, creamy, dry mix, prepared with margarine	413	0.34	12.74	74.18	0.01	6		tablespoon=16.5
168845		Frostings, chocolate, creamy, dry mix, prepared with margarine	404	1.1	12.87	69.12	0.93	12		tablespoon=16.5
168846		Candies, divinity, prepared-from-recipe	364	1.32	0.06	89.05	0.02	5		piece=11
168847		Frozen novelties, ice type, pineapple-coconut	113	0	2.6	23.2	3.53	0		cup (4 fl oz)=198
168848		Frozen yogurts, chocolate, soft-serve	160	4	6	22.7	1.25	147		cup (4 fl oz)=144
168849		Snacks, banana chips	519	2.3	33.6	50.7	1.25	18	0	
168850		Snacks, beef sticks, smoked	550	21.5	49.6	5.4	3.4	68		stick=20
168851		Snacks, pork skins, barbecue-flavor	538	57.9	31.8	1.6	1.04	43		
168852		Frostings, glaze, chocolate, prepared-from-recipe, with butter, NFSMI Recipe No. C-32	359	1.42	7.17	71.08	0.6	32		tablespoon=16.5
168853		Snack, potato chips, made from dried potatoes, plain	545	4.62	35.28	52.48	0.8	17	0	chips=1.62|can (7 oz)=198
168854		Snacks, potato sticks	522	6.7	34.4	49.9	2.27	18	0	cup=36
168855		Snacks, rice cakes, brown rice, rye	386	8.1	3.8	75.9	1.8	21		cake=9|cakes=9
168856		Snacks, sesame sticks, wheat-based, salted	541	10.9	36.7	43.7	0.74	170	0	
168857		Snacks, corn cakes	387	8.1	2.4	81.5	1.4	19		cake=9|cakes=9
168858		Snacks, tortilla chips, nacho-flavor, reduced fat	445	8.7	15.2	66.8	1.63	159		bag (6 oz)=170
168859		Tortilla chips, low fat, baked without fat	448	11	5.7	74.9	1.6	159	0	
168860		Cheese puffs and twists, corn based, baked, low fat	432	8.5	12.1	68.75	1.28	357	0	
168861		Snacks, granola bar, fruit-filled, nonfat	342	5.9	0.9	70.2	4	3	0	
168862		Snacks, KELLOGG, KELLOGG'S, NUTRI-GRAIN Cereal Bars, fruit	365	4.22	8.67	64.61	6.14	576	0	bar=37
168863		Snacks, tortilla chips, low fat, made with olestra, nacho cheese	318	8.44	3.53	58.82	4.8	128	0	
168864		Snacks, potato chips, made from dried potatoes, fat-free, made with olestra	253	5.06	0.93	48.7	1.14	20	0	
168865		Snacks, taro chips	498	2.3	24.9	60.9	1.2	60	0	chips=2.3
168866		Puddings, banana, dry mix, instant, with added oil	386	0	4.4	89	0.12	6		package (3.5 oz)=99|portion, amount to make 1/2 cu=25
168867		Cornmeal, degermed, enriched, yellow	370	7.11	1.75	75.55	4.36	3	0	cup=157
168868		Cornmeal, yellow, self-rising, bolted, plain, enriched	334	8.28	3.4	63.58	5.76	361	0	cup=122
168869		Cornmeal, yellow, self-rising, bolted, with wheat flour added, enriched	348	8.41	2.85	67.13	4.95	299	0	cup=170
168870		Cornmeal, yellow, self-rising, degermed, enriched	355	8.41	1.72	67.69	4.73	350	0	cup=138
168871		Millet, cooked	119	3.51	1	22.37	0.63	3	0	cup=174
168872		Oat bran, raw	246	17.3	7.03	50.82	5.41	58	0	cup=94
168873		Oat bran, cooked	40	3.21	0.86	8.84	0.88	10	0	cup=219
168874		Quinoa, uncooked	368	14.12	6.07	57.16	4.57	47	0	cup=170
168875		Rice, brown, medium-grain, cooked (Includes foods for USDA's Food Distribution Program)	112	2.32	0.83	21.71	0.53	10	0	cup=195
168876		Rice, brown, parboiled, dry, UNCLE BEN'S	370	7.6	2.75	75.18	1.16	8	0	cup=192
168877		Rice, white, long-grain, regular, raw, enriched	365	7.13	0.66	78.65	4.31	28	0	cup=185
168878		Rice, white, long-grain, regular, enriched, cooked	130	2.69	0.28	27.77	1.2	10	0	cup=158
168879		Rice, white, medium-grain, raw, enriched	360	6.61	0.58	77.94	4.36	9	0	cup=195
168880		Rice, white, medium-grain, enriched, cooked	130	2.38	0.21	28.29	1.49	3	0	cup=186
168881		Rice, white, short-grain, enriched, uncooked	358	6.5	0.52	76.35	4.23	3	0	cup=200
168882		Rice, white, short-grain, enriched, cooked	130	2.36	0.19	28.73	1.46	1	0	cup=186
168883		Rice, white, glutinous, unenriched, uncooked	370	6.81	0.55	78.88	1.6	11	0	cup=185
168884		Rye grain	338	10.34	1.63	60.76	2.63	24	0	cup=169
168885		Rye flour, dark	325	15.91	2.22	44.83	4.97	37	0	cup=128
168886		Rye flour, medium	349	10.88	1.52	63.63	2.54	24	0	cup=102
168887		Rye flour, light	357	9.82	1.33	68.68	0.91	13	0	cup=102
168888		Triticale flour, whole-grain	338	13.18	1.81	58.54	2.59	35	0	cup=130
168889		Wheat, hard red spring	329	15.4	1.92	55.83	3.6	25	0	cup=192
168890		Wheat, hard red winter	327	12.61	1.54	58.98	3.19	29	0	cup=192
168891		Wheat, soft red winter	331	10.35	1.56	61.74	3.21	27	0	cup=168
168892		Wheat germ, crude	360	23.15	9.72	38.6	6.26	39	0	cup=115
168893		Wheat flour, whole-grain (Includes foods for USDA's Food Distribution Program)	340	13.21	2.5	61.27	3.6	34	0	cup=120
168894		Wheat flour, white, all-purpose, enriched, bleached	364	10.33	0.98	73.61	4.64	15	0	cup=125
168895		Wheat flour, white, all-purpose, self-rising, enriched	354	9.89	0.97	71.52	4.67	338	0	cup=125
168896		Wheat flour, white, bread, enriched	361	11.98	1.66	70.13	4.41	15	0	cup=137
168897		Wild rice, cooked	101	3.99	0.34	19.54	0.6	3	0	cup=164
168898		Rice flour, brown	363	7.23	2.78	71.88	1.98	11	0	cup=158
168899		Pasta, gluten-free, corn, dry	357	7.46	2.08	68.26	0.93	4		cup=105
168900		Pasta, gluten-free, corn, cooked	126	2.63	0.73	23.11	0.25	1		cup=140
168901		Pasta, homemade, made with egg, cooked	130	5.28	1.74	23.54	1.16	10		
168902		Pasta, homemade, made without egg, cooked	124	4.37	0.98	25.12	1.13	6		
168903		Macaroni, vegetable, enriched, dry	367	13.14	1.04	70.58	4.28	34	0	cup spiral shaped=84
168904		Macaroni, vegetable, enriched, cooked	128	4.53	0.11	22.31	0.49	11	0	cup spiral shaped=134
168905		Noodles, chinese, chow mein	471	10.88	21.24	56.94	6.43	0	0	cup dry=56
168906		Noodles, japanese, soba, dry	336	14.38	0.71	74.62	2.7	35	0	
168907		Noodles, japanese, soba, cooked	99	5.06	0.1	21.44	0.48	4	0	cup=114
168908		Noodles, japanese, somen, dry	356	11.35	0.81	69.8	1.32	23	0	
168909		Noodles, japanese, somen, cooked	131	4	0.18	27.54	0.52	8	0	cup=176
168910		Pasta, whole-wheat, cooked (Includes foods for USDA's Food Distribution Program)	149	5.99	1.71	26.17	1.72	13	0	cup spaghetti not packed=117|cup spaghetti packed=151|cup elbows=117|cup penne=97|cup shells=105
168911		Spaghetti, spinach, dry	372	13.35	1.57	64.21	2.13	58	0	
168912		Spaghetti, spinach, cooked	130	4.58	0.63	26.15	1.04	30	0	cup=140
168913		Wheat flours, bread, unenriched	361	11.98	1.66	70.13	0.9	15	0	cup unsifted, dipped=137
168914		Rice noodles, cooked	108	1.79	0.2	23.01	0.14	4	0	cup=176
168915		Pasta, whole grain, 51% whole wheat, remaining unenriched semolina, dry	362	13.51	2.68	63	3.33	27		cup spaghetti=91|cup elbows=122|cup penne=95|cup farfalle=81|cup rotini=96
168916		Pasta, whole grain, 51% whole wheat, remaining unenriched semolina, cooked	159	5.82	1.5	26.91	1.65	12		cup spaghetti not packed=116|cup spaghetti packed=151|cup elbows not packed=117|cup farfalle=107|cup penne=97
168917		Quinoa, cooked	120	4.4	1.92	18.5	1.49	17	0	cup=185
168918		Teff, cooked	101	3.87	0.65	17.06	2.05	49		cup=252
168919		Noodles, egg, cooked, enriched, with added salt	138	4.54	2.07	23.96	1.47	12		cup=160
168920		Corn grain, white	365	9.42	4.74	74.26	2.71	7	0	cup=166
168921		Corn flour, whole-grain, blue (harina de maiz morado)	364	8.75	5.09	65.49	1.74	5		tbsp=6.9
168922		Cornmeal, degermed, enriched, white	370	7.11	1.75	75.55	4.36	3	0	cup=157
168923		Cornmeal, white, self-rising, bolted, plain, enriched	334	8.28	3.4	63.58	5.76	361	0	cup=122
168924		Cornmeal, white, self-rising, bolted, with wheat flour added, enriched	348	8.41	2.85	67.13	4.95	299	0	cup=170
168925		Cornmeal, white, self-rising, degermed, enriched	355	8.41	1.72	67.69	4.73	350	0	cup=138
168926		Noodles, egg, unenriched, cooked, without added salt	138	4.54	2.07	23.96	0.6	12	0.1	cup=160
168927		Pasta, dry, unenriched	371	13.04	1.51	71.47	1.3	21	0	cup spaghetti=91|cup elbows=122|cup penne=95|cup farfalle=81|cup rotini=96
168928		Pasta, cooked, unenriched, without added salt	158	5.8	0.93	29.06	0.5	7	0	cup spaghetti not packed=124|cup spaghetti packed=151|cup elbows not packed=120|cup elbows packed=132|cup penne=107
168929		Cornmeal, degermed, unenriched, yellow	370	7.11	1.75	75.55	1.1	3	0	cup=157
168930		Rice, white, medium-grain, cooked, unenriched	130	2.38	0.21	28.59	0.2	3	0	cup=186
168931		Rice, white, short-grain, raw, unenriched	358	6.5	0.52	79.15	0.8	3	0	cup=200
168932		Rice, white, short-grain, cooked, unenriched	130	2.36	0.19	28.73	0.2	1	0	cup=205
168933		Semolina, unenriched	360	12.68	1.05	68.93	1.23	17	0	cup=167
168934		Spaghetti, protein-fortified, cooked, enriched (n x 6.25)	164	8.86	0.21	28.88	0.72	10	0	cup=140
168935		Rice, white, long-grain, regular, cooked, unenriched, with salt	130	2.69	0.28	27.77	0.2	10	0	cup=158
168936		Wheat flour, white, all-purpose, enriched, unbleached	364	10.33	0.98	73.61	4.64	15	0	cup=125
168937		Spaghetti, protein-fortified, dry, enriched (n x 6.25)	374	21.78	2.23	63.25	4.15	39	0	
168938		Wheat flour, white (industrial), 10% protein, unbleached, enriched	366	9.71	1.48	73.82	5.06	20	0	
168939		Wheat flour, white (industrial), 11.5% protein, bleached, enriched	363	11.5	1.45	71.41	5.06	20	0	
168940		Wheat flour, white (industrial), 11.5% protein, bleached, unenriched	363	11.5	1.45	71.41	1.26	20	0	
168941		Wheat flour, white (industrial), 11.5% protein, unbleached, enriched	363	11.5	1.45	71.41	5.06	20	0	
168942		Wheat flour, white (industrial), 13% protein, bleached, enriched	362	13.07	1.38	69.8	5.06	24	0	
168943		Sorghum flour, whole-grain	359	8.43	3.34	70.04	3.14	12		cup=121
168944		Wheat flour, whole-grain, soft wheat	332	9.61	1.95	61.38	3.71	33	0	
168945		Potatoes, yellow fleshed, hash brown, shredded, salt added in processing, frozen, unprepared	81	2.04	0.07	15.98	0.31	9		
168946		Potatoes, french fried, wedge cut, frozen, unprepared	162	2.56	7.47	19.82	0.72	14		
168947		Potatoes, french fried, steak cut, salt not added in processing, frozen, unprepared	134	2.4	3.42	21.91	0.83	13		
168948		Potatoes, french fried, cross cut, frozen, unprepared	187	2.7	10	20.65	0.87	13		
168949		Rice and vermicelli mix, beef flavor, unprepared	359	10.84	1.27	74.42	2.82	32	0	cup=184.85|tbsp=9
168950		Rice and vermicelli mix, beef flavor, prepared with 80% margarine	129	2.82	3.2	21.43	0.88	10		cup=247
168951		Rice and vermicelli mix, rice pilaf flavor, unprepared	359	10.42	1.37	75.11	2.44	83	0	cup=206.06|tbsp=9.6
168952		Rice and vermicelli mix, rice pilaf flavor, prepared with 80% margarine	148	2.94	3.7	25.07	0.85	29		cup=238
168953		Pasta mix, classic cheeseburger macaroni, unprepared	349	11.6	1.88	68.81	2.75	28	0	package=123|packet=51
168954		Pasta mix, classic beef, unprepared	354	12.32	1.78	70.2	2.71	21	0	package=122|packet=44
168955		Pasta mix, Italian lasagna, unprepared	356	10.9	1.97	70.97	2.87	52	0	package=141|packet=79
168956		Yellow rice with seasoning, dry packet mix, unprepared	343	7.02	1.75	72.88	2.53	35	0	serving (2 oz)=57
168957		Pizza rolls, frozen, unprepared	328	8.73	9.98	49.52	1.8	125	0	serving 6 rolls=80
168958		Pasta mix, Italian four cheese lasagna, unprepared	355	12.53	2.7	67.66	3.12	55		package=117|packet=42
168959		Spanish rice mix, dry mix, unprepared	363	10.62	1.62	73.35	3.32	29		cup=140|tbsp=8.8
168960		Lasagna, cheese, frozen, unprepared	145	5.06	4.22	19.91	0.76	84	0	cup 1 serving=237
168961		Chicken, thighs, frozen, breaded, reheated	334	18.66	22.45	14.13	1.26	75		thigh with bone and breading=133
168962		Turnover, meat- and cheese-filled, tomato-based sauce, reduced fat, frozen	215	9.45	5.51	31.09	2.13	197	0.1	piece turnover 1 serving=127
168963		Turnover, filled with egg, meat and cheese, frozen	228	7.87	12.6	19.87	2.13	79	0.4	piece turnover 1 serving=127
168964		Rice mix, white and wild, flavored, unprepared	142	3.49	2.57	25.48	1.45	35	0	cup=191
168965		Salisbury steak with gravy, frozen	149	6.98	10.47	5.78	0.95	47	0	patty=63
168966		Infant Formula, MEAD JOHNSON, ENFAMIL, Newborn, with ARA and DHA, powder	516	10.7	27	57.6	9.2	400	9.5	scoop=8.7
168967		Infant Formula, MEAD JOHNSON, ENFAMIL, Premium LIPIL, Infant, powder	510	10.8	27	57	9.2	390	7.5	scoop=8.7
168968		Infant Formula, MEAD JOHNSON, ENFAMIL, Premium LIPIL, Infant, Liquid concentrate, not reconstituted	129	2.73	6.83	14.42	2.33	101	1	
168969		Infant Formula, MEAD JOHNSON, ENFAMIL, Premium, Infant, Liquid concentrate, not reconstituted	129	2.72	7.1	14.34	2.32	101	1	
168970		Infant formula, MEAD JOHNSON, ENFAMIL, ENFAGROW, GENTLEASE, Toddler transitions, with ARA and DHA, powder	500	12.9	26	53.5	7.5	990	7.5	scoop=9
168971		Infant formula, ABBOTT NUTRITION, SIMILAC, GO AND GROW, powder, with ARA and DHA	512	15.36	27.65	52.2	10.2	998	7.7	scoop=9.6
168972		Infant formula, GERBER, GOOD START 2 SOY, with iron, powder	501	12.5	25.6	55.6	9	526	7.5	scoop=9.4
168973		Infant formula, MEAD JOHNSON, ENFAMIL, NUTRAMIGEN, PurAmino, powder, not reconstituted	512	13.9	26	55.68	9	470	6.2	scoop=9.4
168974		Infant formula, MEAD JOHNSON, ENFAMIL, Premature, 20 calories ready-to-feed Low iron	66	1.97	3.34	7.21	0.33	108	3.9	
168975		Babyfood, rice cereal, dry, EARTHS BEST ORGANIC WHOLE GRAIN, fortified only with iron	386	7.5	4.9	77.56	47.53	15	0	tbsp=4.5
168976		Agutuk, fish/berry with seal oil (Alaskan ice cream) (Alaska Native)	353	3.4	31.8	12.9	0.3	8		
168977		Agutuk, meat-caribou (Alaskan ice cream) (Alaska Native)	258	21.7	18.6	0.9	4.55	16		
168978		Ascidians (tunughnak) (Alaska Native)	20	3.8	0.5	0	3.3	47		
168979		Whale, beluga, flipper, raw (Alaska Native)	271	19	21.7	0	2.8	11		
168980		Whale, beluga, liver, raw (Alaska Native)	117	18.4	3.9	2		11		
168981		Oil, beluga, whale (Alaska Native)	900	0	100	0	0	0	5.7	
168982		Blackberries, wild, raw (Alaska Native)	52	0.84	1.07	6.64	0.21	5		cup=157
168983		Caribou, liver, raw (Alaska Native)	122	15	3.9	6.8	15.7	4		
168984		Stew/soup, caribou (Alaska Native)	41	3.8	0.7	4.7	0.2	7		
168985		Caribou, tongue, raw (Alaska Native)	260	13.7	22.8	0	2.8	6		
168986		Chiton, leathery, gumboots (Alaska Native)	83	17.1	1.6	0	16	121		
168987		Fish, devilfish, meat (Alaska Native)	97	11.7	5.3	0	0.4	12		
168988		Fireweed, young leaves, raw (Alaska Native)	44	3	0.8	0.3	2.1	13		
168989		Fish, herring eggs on giant kelp, Pacific (Alaska Native)	63	11.3	0.8	2.6	3.4	161		
168990		Fish, herring eggs, Pacific, dry (Alaska Native)	312	60.4	6.6	2.8		29		
168991		Stew, moose (Alaska Native)	55	6.6	0.5	5.5	1.52	12		
168992		Agave, cooked (Southwest)	135	0.99	0.29	21.4	3.55	460	0	
168993		Agave, dried (Southwest)	341	1.71	0.69	66.38	3.64	770	0	
168994		Cattail, Narrow Leaf Shoots (Northern Plains Indians)	25	1.18	0	0.64	0.91	54		shoot=19
168995		Lambsquarters, raw (Northern Plains Indians)	47	4.21	0.28	0.66	1.16	366		leaf=0.9
168996		Prairie Turnips, boiled (Northern Plains Indians)	129	1.64	0.32	22.79	0.95	103		bulb=14
168997		Raspberries, wild (Northern Plains Indians)	62	1.12	0.28	6.35	0.64	36		cup=130
168998		Rose Hips, wild (Northern Plains Indians)	162	1.6	0.34	14.12	1.06	169		cup=127
168999		Chokecherries, raw, pitted (Northern Plains Indians)	162	3.04	1.69	13.62	0.69	60		cup=154
169000		Sea lion, Steller, liver (Alaska Native)	137	22.9	5	0	9	6		
169001		Sea lion, Steller, kidney (Alaska Native)	93	18.1	1.7	1.4	7	9		
169002		Sea lion, Steller, heart (Alaska Native)	102	17	3.3	1	6.7	5		
169003		Sea lion, Steller, meat (Alaska Native)	120	25.85	1.88	0	11.48	6	0	
169004		Piki bread, made from blue cornmeal (Hopi)	390	9.06	7.16	63.02	6.11	184		piece=28
169005		Wocas, tuber, cooked, Oregon, yellow pond lily (Klamath)	34	0.69	0.35	4.76	1.21	23		
169006		Stew, pinto bean and hominy, badufsuki (Hopi)	32	1.42	0.54	3.88	0.37	7		
169007		Tamales, masa and pork filling (Hopi)	168	13.19	4.7	14.98	0.66	18		
169008		APPLEBEE'S, Double Crunch Shrimp	323	12.31	18.9	23.36	1.03	45		serving=206
169009		APPLEBEE'S, french fries	290	3.31	13.17	35.6	1.01	19		serving=164
169010		APPLEBEE'S, KRAFT, Macaroni & Cheese, from kid's menu	143	5.01	4.34	19.78	0.84	79		cup=124|serving=180
169011		APPLEBEE'S, mozzarella sticks	316	14.87	18.37	20.77	0.43	319		piece=32|serving=289
169012		APPLEBEE'S, chicken tenders, from kids' menu	296	19.25	16.15	17.16	0.9	23		piece=35|serving (3 pieces)=99
169013		T.G.I. FRIDAY'S, chicken fingers, from kids' menu	330	18.11	20.78	16.82	0.79	27		piece=41|serving=141
169014		T.G.I. FRIDAY'S, classic sirloin steak (10 oz)	196	31.02	7.83	0.47	2.87	7		serving=176
169015		Restaurant, family style, fried mozzarella sticks	325	14.75	18.33	23.14	0.62	334	0.2	serving=245|piece=31
169016		Restaurant, family style, sirloin steak	195	29.8	8.48	0	2.57	10		serving=166
169017		APPLEBEE'S, fish, hand battered	202	13.23	9.14	15.75	0.35	13		serving=250
169018		APPLEBEE'S, chili	157	12.56	9.79	3.17	1.46	34		cup=136|serving=182
169019		T.G.I. FRIDAY'S, chicken fingers	325	18.68	20.31	16.04	0.77	26		serving=225
169020		APPLEBEE'S, coleslaw	120	0.79	7.09	10.37	0.26	36		serving=76
169021		CRACKER BARREL, onion rings, thick-cut	327	4.78	16	38.75	0.73	19		serving=261
169022		DENNY'S, chicken strips	295	19.17	14.5	20.93	0.72	11		serving=194
169023		DENNY'S, coleslaw	183	0.97	15.03	9.58	0.34	32		serving=91
169024		DENNY'S, fish fillet, battered or breaded, fried	234	13.75	12.16	16.41	0.41	14		serving=201
169025		DENNY'S, hash browns	197	2.49	8.99	23.89	0.56	17		serving=124|cup=94
169026		Restaurant, family style, coleslaw	159	0.88	11.78	10.45	0.3	34	0	serving=108
169027		Restaurant, family style, onion rings	356	4.89	19.28	38.12	0.71	21		serving=259
169028		Restaurant, family style, chili with meat and beans	157	12.56	9.79	3.17	1.46	34	0	cup=136|serving=182
169029		Restaurant, family style, spaghetti and meatballs	170	7.84	8.52	14.01	1.29	45		cup=134|serving=565
169030		CARRABBA'S ITALIAN GRILL, lasagne	191	10.48	11.06	11.06	0.74	185		serving=437
169031		ON THE BORDER, Mexican rice	195	3.56	4.86	33.05	1.18	39		cup=114
169032		ON THE BORDER, refried beans	144	7.3	5	9.32	1.67	57		cup=135
169033		Restaurant, Italian, spaghetti with pomodoro sauce (no meat)	104	3.9	1.89	16.07	0.9	15		serving=510
169034		ON THE BORDER, cheese quesadilla	394	16.87	25.5	22.05	1.52	432		serving 1 quesadilla=203
169035		Restaurant, Mexican, cheese quesadilla	368	15.93	23.08	22.41	1.52	430		serving serving size varied on=205|quesadilla 8-10 inch diameter=194|quesadilla 5-6 inch diameter=93
169036		CARRABBA'S ITALIAN GRILL, cheese ravioli with marinara sauce	156	7.96	6	16.22	0.52	135		serving varied from 8 to 10 ra=365
169037		OLIVE GARDEN, cheese ravioli with marinara sauce	159	7.44	5.61	18.54	0.96	121		serving varied from 7-9 raviol=454
169038		Restaurant, Italian, cheese ravioli with marinara sauce	154	7.07	5.7	17.3	0.82	120		serving serving size varied by=427
169039		Cereals ready-to-eat, frosted oat cereal with marshmallows	400	7.1	3.33	80.4	15	333	3.6	cup (1 NLEA serving)=40
169040		Cereals ready-to-eat, WEETABIX whole grain cereal	371	11.43	2.86	70.1	12.86	57	0	biscuits (1 NLEA serving)=17.5|cup=57
169041		Cereals ready-to-eat, POST, GREAT GRAINS, Raisin, Date & Pecan	378	7.9	7.1	65	16.4	39	1.8	cup (1 NLEA serving)=73.33
169042		Babyfood, juice, apple-sweet potato	47	0.3	0.1	10.9	0.3	15	0	bottle NFS=246
169043		Babyfood, juice, orange-carrot	43	0.5	0.1	9.5	0.2	16	0	bottle NFS=246
169044		Beverages, Orange juice drink	54	0.2	0	13.21	0.11	2		cup=249|drink box (8.45 fl oz)=263
169045		Gums, seed gums (includes locust bean, guar)	332	4.6	0.5	0	0	294	0	
169046		Snacks, potato chips, white, restructured, baked	469	5	18.2	66.6	0.8	125	0	cup=34|chips=1.2
169047		Babyfood, baked product, finger snacks cereal fortified	421	6.4	9.9	74.38	22.5	400	0	cookie=1.7
169048		Babyfood, cereal, brown rice, dry, instant	406	8.7	3	79.48	47.6	55	0	tbsp=3.7
169049		Babyfood, green beans and turkey, strained	51	4.1	1.5	3.95	0.7	31		tbsp=14|jar Gerber Second Food (4 oz)=113
169050		Cheese, muenster, low fat	271	24.7	17.6	3.5	0.41	529	0.3	cup, shredded=113|cubic inch=18|slice=28
169051		Cheese, mozzarella, nonfat	141	31.7	0	1.7	0.31	961	0	cup, shredded=113
169052		Margarine-like, butter-margarine blend, 80% fat, stick, without salt	718	0.9	80.7	0.6	0.09	28	0.3	tablespoon=14
169053		Margarine-like, vegetable oil-butter spread, reduced calorie, tub, with salt	450	1	50	1	0.09	28	0	tablespoon=14
169054		Babyfood, dinner, chicken and rice	51	1.6	0.9	8.1	0.2	18	0	tbsp=16|jar, Gerber (4 oz)=113|jar NFS=113|jar Beech-Nut Stage 2 (4 oz)=113
169055		Salad dressing, caesar dressing, regular	542	2.17	57.85	2.8	1.08	48	0.1	tbsp=14.7|cup=235|serving (2 tbsp)=30
169056		Salad dressing, coleslaw	404	0.85	34.53	22.4	0.33	9	0	tbsp=19|cup=289
169057		Salad dressing, green goddess, regular	427	1.9	43.33	7.26	0.35	34	0	tbsp=15|cup=245
169058		Jams and preserves, no sugar (with sodium saccharin), any flavor	132	0.3	0.3	50.92	0.4	9	0	cup=224|tbsp=14
169059		Candies, chocolate covered, caramel with nuts	470	9.5	21	56.37	1.7	78	0	piece=14
169060		Candies, nougat, with almonds	398	3.33	1.67	89.09	0.59	32	0	piece=14
169061		Candies, gum drops, no sugar or low calorie (sorbitol)	354	0	0.2	88.1	0	0	0	cup=182|piece=5
169062		Pie fillings, cherry, low calorie	53	0.82	0.16	10.78	0.33	11	0	serving=85|cup=264
169063		Breakfast bars, oats, sugar, raisins, coconut (include granola bar)	464	9.8	17.6	63.6	3.18	60	0	bar=43
169064		Pretzels, soft	338	8.2	3.1	67.69	3.92	23	0	large=143|medium=115|small=62
169065		Beans, chili, barbecue, ranch style, cooked	97	5	1	12.7	1.86	31	0	cup=253
169066		Luncheon slices, meatless	189	17.78	11.11	3.34	1.8	41	0	slice, thin=14
169067		Meatballs, meatless	197	21	9	3.4	2.16	25	0	cup=144
169068		Vegetarian fillets	290	23	18	2.9	2	95	0	fillet=85
169069		Sandwich spread, meatless	149	8	9	5.7	1.5	44	0	tbsp=15
169070		Alcoholic beverage, wine, cooking	50	0.5	0	6.3	0.4	9	0	tsp=4.9
169071		Alcoholic beverage, wine, light	49	0.07	0	1.17	0.4	9	0	serving 5 fl oz=148
169072		Sweeteners, tabletop, saccharin (sodium saccharin)	360	0.94	0	89.11	0.04	0	0	serving 1 packet=1|serving 1 packet SUGAR TWIN=0.8
169073		Beverage, instant breakfast powder, chocolate, not reconstituted	353	19.9	1.4	65.8	12.82	285	0	tbsp=7.4|envelope=37
169074		Tomato sauce, canned, no salt added	24	1.2	0.3	3.81	0.96	14	0	cup=245
169075		Cereals ready-to-eat, ALPEN	352	11.2	3.3	66.6	3	147	0	cup (1 NLEA serving)=82.09
169076		Cereals ready-to-eat, FAMILIA	388	9.5	6.3	65.3	2.78	173	0	cup=122
169077		Cereals ready-to-eat, wheat and bran, presweetened with nuts and fruits	385	7.1	5.6	66.5	9.82	43	1.8	cup (1 NLEA serving)=55
169078		Cheese, cottage, with vegetables	95	10.9	4.2	2.9	0.1	56	0	cup=226
169079		Cheese, cream, low fat	208	7.85	16.67	6.73	0.17	148	0.3	tbsp=15|cup=240|tbsp, whipped=10
169080		Cheese, pasteurized process, American, low fat	180	24.6	7	3.5	0.43	684	0.1	cup, diced=140|cup, shredded=113|cubic inch=18|slice (3/4 oz)=21
169081		Cheese spread, cream cheese base	295	7.1	28.6	3.5	1.13	71	0.5	cup=240
169082		Pork, oriental style, dehydrated	615	11.8	62.4	1.4	0.5	10		cup=22
169083		Soybean, curd cheese	151	12.5	8.1	6.9	5.6	188	0	cup=225
169084		Potatoes, canned, drained solids, no salt added	60	1.4	0.2	11.2	1.26	5	0	cup=180
169085		Vegetables, mixed (corn, lima beans, peas, green beans, carrots) canned, no salt added	37	1.4	0.2	4.21	0.65	21	0	cup=182
169086		Litchis, raw	66	0.83	0.44	15.23	0.31	5	0	cup=190|fruit without refuse=9.6
169087		Litchis, dried	277	3.8	1.2	66.1	1.7	33	0	fruit=2.5
169088		Loganberries, frozen	55	1.52	0.31	7.72	0.64	26	0	cup, unthawed=147
169089		Longans, raw	60	1.31	0.1	14.04	0.13	1		fruit without refuse=3.2
169090		Mangosteen, canned, syrup pack	73	0.41	0.58	16.11	0.3	12	0	cup, drained=196|cup=216
169091		Mango, dried, sweetened	319	2.45	1.18	76.18	0.23	0	0	
169092		Melons, cantaloupe, raw	34	0.84	0.19	7.26	0.21	9	0	cup, balls=177|cup, cubes=160|cup, diced=156|melon, large (about 6-1/2" dia=814|wedge, large (1/8 of large mel=102
169093		Melons, casaba, raw	28	1.11	0.1	5.68	0.34	11	0	cup, cubes=170|melon=1640|fruit=1640
169094		Olives, ripe, canned (small-extra large)	116	0.84	10.9	4.44	6.28	88	0	tbsp=8.4|large=4.4|small=3.2
169095		Olives, ripe, canned (jumbo-super colossal)	81	0.97	6.87	3.11	3.32	94	0	super colossal=15|jumbo=8.3
169096		Olives, pickled, canned or bottled, green	145	1.03	15.32	0.54	0.49	52	0	olive=2.7
169097		Oranges, raw, all commercial varieties	47	0.94	0.12	9.35	0.1	40	0	cup, sections=180|large (3-1/16" dia)=184|small (2-3/8" dia)=96|fruit (2-5/8" dia)=131
169098		Orange juice, raw (Includes foods for USDA's Food Distribution Program)	45	0.7	0.2	10.2	0.2	11	0	cup=248|fruit yields=86
169099		Orange juice, canned, unsweetened	47	0.68	0.15	10.71	0.1	10	0	cup=249|drink box (8.45 fl oz)=263
169100		Orange juice, chilled, includes from concentrate	49	0.68	0.12	11.24	0.13	11	0	cup=249
169101		Orange juice, chilled, includes from concentrate, with added calcium and vitamin D	47	0.68	0.12	10.97	0.13	140	1	cup=249
169102		Orange juice, frozen concentrate, unsweetened, diluted with 3 volume water	37	0.6	0.06	8.6	0.08	12	0	cup=249
169103		Orange peel, raw	97	1.5	0.2	14.4	0.8	161		tbsp=6|tsp=2
169104		Orange-grapefruit juice, canned or bottled, unsweetened	43	0.6	0.1	10.18	0.46	8	0	cup=247
169105		Tangerines, (mandarin oranges), raw	53	0.81	0.31	11.54	0.15	37	0	cup, sections=195|small (2-1/4" dia)=76|medium (2-1/2" dia)=88|large (2-3/4" dia)=120|NLEA serving=109
169106		Tangerines, (mandarin oranges), canned, juice pack	37	0.62	0.03	8.87	0.27	11	0	cup=249
169107		Papaya nectar, canned	57	0.17	0.15	13.91	0.34	10	0	cup=250
169108		Passion-fruit, (granadilla), purple, raw	97	2.2	0.7	12.98	1.6	12	0	cup=236|fruit without refuse=18
169109		Passion-fruit juice, purple, raw	51	0.39	0.05	13.4	0.24	4	0	cup=247
169110		Passion-fruit juice, yellow, raw	60	0.67	0.18	14.25	0.36	4	0	cup=247
169111		Peaches, canned, light syrup pack, solids and liquids	54	0.45	0.03	13.25	0.36	3	0	cup, halves or slices=251|half, with liquid=98
169112		Peaches, canned, heavy syrup pack, solids and liquids	74	0.45	0.1	18.64	0.27	3	0	cup=262|half, with liquid=98
169113		Peaches, canned, extra heavy syrup pack, solids and liquids	96	0.47	0.03	25.06	0.29	3	0	cup, halves or slices=262
169114		Peaches, spiced, canned, heavy syrup pack, solids and liquids	75	0.41	0.1	18.78	0.28	6	0	cup, whole=242
169115		Peaches, dried, sulfured, stewed, with added sugar	103	1.06	0.22	24.2	1.2	8	0	cup=270
169116		Peaches, frozen, sliced, sweetened	94	0.63	0.13	22.18	0.37	3	0	cup, thawed=250|slices=15.5|package (10 oz)=284
169117		Peach nectar, canned, with sucralose, without added ascorbic acid	49	0.1	0.57	11.51	0.07	6	0	cup=258
169118		Pears, raw	57	0.36	0.14	12.13	0.18	9	0	cup, slices=140|cup, cubes=161|small=148|medium=178|large=230
169119		Pears, canned, water pack, solids and liquids	29	0.19	0.03	6.21	0.21	4	0	cup, halves=244|half, with liquid=76
169120		Pears, canned, extra heavy syrup pack, solids and liquids	97	0.19	0.13	23.65	0.22	5	0	cup, halves=266|half, with liquid=79
169121		Pears, dried, sulfured, uncooked	262	1.87	0.63	62.2	2.1	34	0	cup, halves=180|half=18|halves=17.5
169122		Pears, dried, sulfured, stewed, without added sugar	127	0.91	0.31	27.41	1.02	16	0	cup, halves=255
169123		Pears, dried, sulfured, stewed, with added sugar	140	0.86	0.29	31.34	0.97	15	0	cup, halves=280
169124		Pineapple, raw, all varieties	50	0.54	0.12	11.72	0.29	13	0	cup, chunks=165|fruit=905|slice (4-2/3" dia x 3/4" thick=166|slice (3-1/2" dia x 3/4" thick=84|slice, thin (3-1/2" dia x 1/2"=56
169125		Pineapple, canned, water pack, solids and liquids	32	0.43	0.09	7.5	0.4	15	0	cup, crushed, sliced, or chunk=246|slice or ring (3" dia) with li=47
169126		Pineapple, canned, juice pack, solids and liquids	60	0.42	0.08	14.9	0.28	14	0	cup, crushed, sliced, or chunk=249|slice or ring (3" dia) with li=47
169127		Pineapple, canned, light syrup pack, solids and liquids	52	0.36	0.12	12.65	0.39	14	0	cup, crushed, sliced, or chunk=252|slice or ring (3" dia) with li=48
169128		Pineapple juice, frozen concentrate, unsweetened, diluted with 3 volume water	51	0.4	0.03	12.47	0.16	13	0	cup=250
169129		Pitanga, (surinam-cherry), raw	33	0.8	0.4	7.49	0.2	9		cup=173|fruit without refuse=7
169130		Plantains, yellow, raw	122	1.3	0.35	30.19	0.55	3	0	plantain=270|cup, sliced=148
169131		Plantains, yellow, baked	155	1.52	0.16	39.17	0.28	3	0	cup=139|slice=10.5
169132		Plums, canned, purple, heavy syrup pack, solids and liquids	89	0.36	0.1	22.34	0.84	9	0	cup, pitted=258|plum with liquid=46
169133		Plums, canned, purple, extra heavy syrup pack, solids and liquids	101	0.36	0.1	25.31	0.82	9	0	cup, pitted=261
169134		Pomegranates, raw	83	1.67	1.17	14.7	0.3	10	0	cup arils (seed/juice sacs)=174|pomegranate (4" dia)=282
169135		Lima beans, immature seeds, cooked, boiled, drained, without salt	123	6.81	0.32	18.24	2.45	32	0	cup=170
169136		Lima beans, immature seeds, canned, regular pack, solids and liquids	71	4.07	0.29	9.73	1.61	28	0	cup=248|can (303 x 406)=454
169137		Mung beans, mature seeds, sprouted, cooked, boiled, drained, without salt	21	2.03	0.09	3.39	0.65	12	0	cup=124
169138		Mung beans, mature seeds, sprouted, cooked, stir-fried	50	4.3	0.21	8.69	1.9	13	0	cup=124
169139		Beans, navy, mature seeds, sprouted, raw	67	6.15	0.7	13.05	1.93	15	0	cup=104
169140		Beans, navy, mature seeds, sprouted, cooked, boiled, drained, without salt	78	7.07	0.81	15.01	2.11	16	0	
169141		Beans, snap, green, cooked, boiled, drained, without salt	35	1.89	0.28	4.68	0.65	44	0	cup=125
169142		Beans, snap, green, canned, regular pack, solids and liquids	15	0.72	0.17	1.77	1.02	29	0	cup=240|can total can contents=423
169143		Beans, snap, green, canned, regular pack, drained solids	21	1.05	0.41	2.29	0.89	37	0	cup=135|beans=6.2|can (303 x 406)=262
169144		Beans, snap, canned, all styles, seasoned, solids and liquids	16	0.83	0.2	1.99	0.47	22	0	cup=228|can (303 x 406)=439
169145		Beets, raw	43	1.61	0.17	6.76	0.8	16	0	cup=136|beet (2" dia)=82
169146		Beets, cooked, boiled, drained	44	1.68	0.18	7.96	0.79	16	0	cup slices=170|beets (2" dia, sphere)=50
169147		Beets, canned, regular pack, solids and liquids	30	0.73	0.09	5.94	0.73	18	0	cup=246
169148		Pork, cured, ham -- water added, whole, boneless, separable lean only, heated, roasted	117	17.99	4.39	1.57	0.82	9	0.7	roast whole=1867
169149		Pork, cured, ham -- water added, whole, boneless, separable lean only, unheated	110	17.34	3.97	1.45	0.86	8	0.6	
169150		Pork, cured, ham and water product, shank, bone-in, separable lean only, heated, roasted	132	21.69	4.45	1.26	1.17	9		roast shank=3204
169151		Pork, cured, ham -- water added, slice, bone-in, separable lean only, unheated	95	17.38	2.29	1.23	1.08	9		
169152		Pork, cured, ham and water product, rump, bone-in, separable lean only, unheated	107	17.93	3.38	1.24	0.67	10		
169153		Pork, cured, ham and water product, slice, bone-in, separable lean only, unheated	103	14.47	3.78	2.82	1.5	9		
169154		Pork, cured, ham and water product, shank, bone-in, unheated, separable lean only	113	17.53	4.18	1.2	0.97	8		
169155		Pork, cured, ham, separable fat, boneless, heated	507	8.77	51.57	2	0.53	6	1.9	
169156		Pork, cured, ham, separable fat, boneless, unheated	515	7.5	53	1.87	0.5	4	1.2	
169157		Pork, pickled pork hocks	171	19.11	10.54	0	1.14	19		
169158		Pork, cured, ham, slice, bone-in, separable lean only, heated, pan-broil	148	27.18	4.09	0.74	1.42	15	1.1	slice=366
169159		Pork, cured, ham with natural juices, whole, boneless, separable lean and fat, unheated	112	19.38	3.43	1.02	0.87	6	0.6	
169160		Pork, cured, ham and water product, whole, boneless, separable lean and fat, unheated	117	14.05	4.99	4.21	0.78	8	0.6	
169161		Pork, cured, ham and water product, slice, bone-in, separable lean and fat, unheated	149	13.69	9.29	2.72	1.39	8		
169162		Pork, cured, ham and water product, shank, bone-in, separable lean and fat, unheated	243	14.28	20	1.42	0.82	6		
169163		Pork, cured, ham and water product, rump, bone-in, separable lean and fat, unheated	179	16.09	12.13	1.35	0.64	9		
169164		Pork, cured, ham -- water added, rump, bone-in, separable lean and fat, heated, roasted	161	20.1	8.56	0.99	0.69	8		roast rump=2970
169165		Pork, cured, ham -- water added, shank, bone-in, separable lean and fat, heated, roasted	200	18.62	13.37	1.35	1.37	9		roast shank=3054
169166		Pork, cured, ham -- water added, slice, bone-in, separable lean and fat, heated, pan-broil	166	20.8	8.73	1.54	1.07	11		slice=436
169167		Pork, cured, ham -- water added, slice, boneless, separable lean and fat, heated, pan-broil	125	18.62	5.05	1.72	0.85	9	0.9	slice=189
169168		Pork, cured, ham and water product, slice, boneless, separable lean and fat, heated, pan-broil	124	15.08	5.13	4.69	0.74	8	0.9	slice=136
169169		Pork, cured, ham and water product, whole, boneless, separable lean and fat, heated, roasted	123	13.88	5.46	4.61	0.74	8	0.7	roast=1995
169170		Pork, cured, ham with natural juices, rump, bone-in, separable lean and fat, heated, roasted	177	22.47	9.39	0.6	0.99	10		roast rump=2673
169171		Pork, cured, ham with natural juices, shank, bone-in, separable lean and fat, heated, roasted	191	22.88	10.93	0.33	1.11	7		roast shank=3170
169172		Pork, cured, ham with natural juices, slice, bone-in, separable lean and fat, heated, pan-broil	180	26.18	8.28	0.17	1.15	12		slice=445
169173		Pork, cured, ham, rump, bone-in, separable lean only, heated, roasted	132	26.02	3.07	0.68	1.59	8		roast rump=2874
169174		Pork, cured, ham, rump, bone-in, separable lean only, unheated	125	24.46	2.92	0.32	1.08	7		
169175		Pork, cured, ham, shank, bone-in, separable lean only, heated, roasted	139	26.49	3.68	0.68	1.54	7	0.9	roast shank=2800
169176		Pork, cured, ham, shank, bone-in, separable lean only, unheated	125	23.79	3.19	0.18	0.99	6		
169177		Pork, cured, ham, slice, bone-in, separable lean and fat, unheated	173	22.45	9.17	0.21	1.15	12		slice=425
169178		Pork, fresh, spareribs, separable lean and fat, cooked, roasted	361	20.89	30.86	0	1.43	19	2.2	
169179		Pork, fresh, composite of separable fat, with added solution, raw	508	9.27	52.33	0	0.47	22		
169180		Pork, fresh, loin, tenderloin, separable lean only, with added solution, cooked, roasted	116	21.61	3.15	0.31	0.98	5	0.2	
169181		Pork, fresh, loin, top loin (chops), boneless, separable lean only, with added solution, raw	117	21.09	3.48	0.22	0.41	7	0.3	chop=146
169182		Pork, fresh, loin, top loin (chops), boneless, separable lean and fat, with added solution, raw	171	19.45	10.26	0	0.42	9	0.3	chop=146
169183		Pork, fresh, loin, top loin (chops), boneless, separable lean and fat, with added solution, cooked, broiled	198	28.33	9.42	0.02	0.57	11	0.6	chop=107
169184		Pork, fresh, loin, tenderloin, separable lean and fat, with added solution, raw	114	20.16	3.14	0	0.91	5	0.2	roast=537
169185		Pork, fresh, loin, tenderloin, separable lean and fat, with added solution, cooked, roasted	121	21.5	3.7	0.31	0.97	5	0.2	roast=508
169186		Pork, Leg Cap Steak, boneless, separable lean and fat, raw	123	21.64	3.39	0	0.84	7		piece=231
169187		Pork, Shoulder breast, boneless, separable lean and fat, raw	127	22.54	3.4	0	0.89	7		piece=430
169188		Pork, Shoulder breast, boneless, separable lean and fat, cooked, broiled	162	28.47	4.49	0	0.92	7		piece=373
169189		Pork, shoulder, petite tender, boneless, separable lean and fat, cooked, broiled	155	27.47	4.23	0	1.25	8		piece=92
169190		Pork, ground, 96% lean / 4% fat, raw	121	21.1	4	0.21	0.86	15	0.1	
169191		Pork, ground, 72% lean / 28% fat, cooked, crumbles	393	22.83	32.93	1.39	1.15	20	0.8	
169192		Pork, ground, 84% lean / 16% fat, cooked, crumbles	289	26.69	20.04	0.58	1.1	20	0.5	
169193		Pork, ground, 96% lean / 4% fat, cooked, crumbles	187	30.55	7.15	0	1.05	19	0.2	
169194		Pork, fresh, loin, blade (chops or roasts), boneless, separable lean only, raw	123	21.35	3.78	0.82	0.77	6	0.4	chop=176
169195		Pork, fresh, loin, blade (roasts), boneless, separable lean only, cooked, roasted	175	27.58	7.14	0	0.92	11	0.5	roast=848
169196		Pork, fresh, loin, blade (chops), boneless, separable lean only, boneless, cooked, broiled	169	26.14	6.74	0.89	0.92	7	0.6	chop=131
169197		Pork, fresh, loin, country-style ribs, separable lean only, boneless, cooked, broiled	216	27.83	11.65	0	0.92	7	1.1	rack=122
169198		Pork, fresh, loin, blade (roasts), boneless, separable lean and fat, cooked, roasted	199	26.48	10.32	0	0.89	12	0.5	roast=848
169199		Pork, fresh, loin, country-style ribs, separable lean and fat, boneless, cooked, broiled	247	26.28	15.73	0	0.89	8	1.2	rack=122
169200		Pork, fresh, loin, country-style ribs, separable lean and fat, bone-in, cooked, broiled	260	25.58	17.56	0	0.96	57	1.2	rack=122
169201		Pork, fresh, loin, country-style ribs, separable lean and fat, boneless, cooked, roasted	270	26.4	18.31	0	0.91	13	0.9	rack=138
169202		Amaranth leaves, cooked, boiled, drained, without salt	21	2.11	0.18	4.11	2.26	209	0	cup=132
169203		Arrowhead, raw	99	5.33	0.29	20.23	2.57	10	0	large=25|medium=12
169204		Arrowhead, cooked, boiled, drained, without salt	78	4.49	0.1	16.14	1.21	7	0	medium=12
169205		Artichokes, (globe or french), raw	47	3.27	0.15	5.11	1.28	44	0	artichoke, medium=128|artichoke, large=162
169206		Asparagus, canned, regular pack, solids and liquids	15	1.8	0.18	1.48	0.6	15	0	cup=244|can (300 x 407)=411
169207		Asparagus, canned, drained solids	19	2.14	0.65	0.86	1.83	16	0	cup=242|spear (about 5" long)=18|can (300 x 407)=248
169208		Asparagus, frozen, unprepared	24	3.23	0.23	2.2	0.73	25	0	spears=14.5|package (10 oz)=284
169209		Asparagus, frozen, cooked, boiled, drained, without salt	18	2.95	0.42	0.32	0.56	18	0	cup=180|package (10 oz) yields=293|spears=15
169210		Bamboo shoots, raw	27	2.6	0.3	3	0.5	13	0	cup (1/2" slices)=151|cup (1/2" pieces)=152
169211		Bamboo shoots, cooked, boiled, drained, without salt	12	1.53	0.22	0.92	0.24	12	0	cup (1/2" slices)=120|shoot=144
169212		Bamboo shoots, canned, drained solids	19	1.72	0.4	1.82	0.32	8	0	cup (1/8" slices)=131|can (303 x 406)=262
169213		Beans, kidney, mature seeds, sprouted, raw	29	4.2	0.5	4.1	0.81	17	0	cup=184
169214		Corn, sweet, yellow, canned, whole kernel, drained solids	67	2.29	1.22	12.34	0.27	3	0	cup=164|can (12 oz) yields=211|can (303 x 406)=298
169215		Corn, sweet, yellow, canned, cream style, regular pack	72	1.74	0.42	16.93	0.38	3	0	cup=256|can (303 x 406)=482
169216		Corn, sweet, yellow, canned, vacuum pack, regular pack	79	2.41	0.5	17.44	0.42	5	0	cup=210|can, 15 oz (303 x 406)=425|can (303 x 406)=340
169217		Corn, yellow, whole kernel, frozen, microwaved	113	3.62	1.42	23.27	0.39	5		cup=141
169218		Corn with red and green peppers, canned, solids and liquids	75	2.33	0.55	18.17	0.79	5	0	cup=227
169219		Cornsalad, raw	21	2	0.4	3.6	2.18	38	0	cup=56
169220		Cowpeas (blackeyes), immature seeds, raw	90	2.95	0.35	13.83	1.1	126	0	cup=145
169221		Cowpeas, young pods with seeds, cooked, boiled, drained, without salt	34	2.6	0.3	7	0.7	55	0	cup=95
169222		Yardlong bean, raw	47	2.8	0.4	8.35	0.47	50	0	cup slices=91|pod=12
169223		Yardlong bean, cooked, boiled, drained, without salt	47	2.53	0.1	9.18	0.98	44	0	cup slices=104|pod=14
169224		Cowpeas, leafy tips, raw	29	4.1	0.25	4.82	1.92	63	0	cup, chopped=36|leaf=3
169225		Cucumber, peeled, raw	10	0.59	0.16	1.46	0.22	14	0	cup, pared, chopped=133|cup, sliced=119|large (8-1/4" long)=280|medium=201|slice=7
169226		Dandelion greens, raw	45	2.7	0.7	5.7	3.1	187	0	cup, chopped=55
169227		Dandelion greens, cooked, boiled, drained, without salt	33	2	0.6	3.5	1.8	140	0	cup, chopped=105
169228		Eggplant, raw	25	0.98	0.18	2.88	0.23	9	0	cup, cubes=82|eggplant, peeled (yield from 1=458|eggplant, unpeeled (approx 1-1=548
169229		Eggplant, cooked, boiled, drained, without salt	35	0.83	0.23	6.23	0.25	6	0	cup (1" cubes)=99
169230		Garlic, raw	149	6.36	0.5	30.96	1.7	181	0	cup=136|tsp=2.8|clove=3|cloves=3
169231		Ginger root, raw	80	1.82	0.75	15.77	0.6	16	0	tsp=2|cup slices (1" dia)=96|slices (1" dia)=2.2
169232		Gourd, white-flowered (calabash), raw	14	0.62	0.02	2.89	0.2	26	0	cup (1" pieces)=116|gourd=771
169233		Gourd, white-flowered (calabash), cooked, boiled, drained, without salt	15	0.6	0.02	2.49	0.25	24	0	cup (1" cubes)=146
169234		Hyacinth-beans, immature seeds, raw	46	2.1	0.2	5.89	0.74	50	0	cup=80
169235		Hyacinth-beans, immature seeds, cooked, boiled, drained, without salt	50	2.95	0.27	9.2	0.76	41	0	cup=87
169236		Jerusalem-artichokes, raw	73	2	0.01	15.84	3.4	14	0	cup slices=150
169237		Jew's ear, (pepeao), raw	25	0.48	0.04	6.75	0.56	16	0	cup slices=99|piece=6
169238		Kale, cooked, boiled, drained, without salt	36	2.94	1.21	1.3	0.84	150	0	cup=118
169239		Kale, frozen, unprepared	28	2.66	0.46	2.88	0.93	136	0	cup=203.03|package (10 oz)=284
169240		Kale, frozen, cooked, boiled, drained, without salt	36	2.94	1.21	3	0.84	150	0	cup=118
169241		Kanpyo, (dried gourd strips)	258	8.58	0.56	55.23	5.12	280	0	strip=6.3|cup=54
169242		Mushrooms, shiitake, raw	34	2.24	0.49	4.29	0.41	2	0.4	piece whole=19
169243		Mushrooms, portabella, grilled	29	3.28	0.58	2.24	0.4	3	0.3	cup sliced=121
169244		Lambsquarters, raw	43	4.2	0.8	3.3	1.2	309	0	
169245		Lambsquarters, cooked, boiled, drained, without salt	32	3.2	0.7	2.9	0.7	258	0	cup, chopped=180
169246		Leeks, (bulb and lower leaf-portion), raw	61	1.5	0.3	12.35	2.1	59	0	cup=89|leek=89|slice=6
169247		Lettuce, cos or romaine, raw	17	1.23	0.3	1.19	0.97	33	0	cup shredded=47|leaf inner=6|leaf outer=28|head=626|NLEA serving=85
169248		Lettuce, iceberg (includes crisphead types), raw	14	0.9	0.14	1.77	0.41	18	0	cup shredded=72|cup, chopped (1/2" pieces, loo=57|head, large=755|head, medium (6" dia)=539|head, small=324
169249		Lettuce, green leaf, raw	15	1.36	0.15	1.57	0.86	36	0	cup shredded=36|head=360|leaf inner=4.8|leaf outer=24
169250		Lotus root, raw	74	2.6	0.1	12.33	1.16	45	0	slices (2-1/2" dia)=8.1|root (9-1/2" long)=115
169251		Mushrooms, white, raw	22	3.09	0.34	2.26	0.5	3	0.2	cup, pieces or slices=70|cup, whole=96|large=23|medium=18|slice=6
169252		Mushrooms, white, cooked, boiled, drained, without salt	28	2.17	0.47	3.09	1.74	6	0.2	cup pieces=156|tbsp=9.8|mushroom=12
169253		Mushrooms, white, stir-fried	26	3.58	0.33	2.24	0.25	4	0.2	cup sliced=108
169254		Mushrooms, canned, drained solids	25	1.87	0.29	2.69	0.79	11	0.2	cup=156|can=132|large=16|medium=12|small=7
169255		Mushrooms, portabella, raw	22	2.11	0.35	2.57	0.31	3	0.3	cup diced=86|piece whole=84
169256		Mustard greens, raw	27	2.86	0.42	1.47	1.64	115	0	cup, chopped=56
169257		Mustard greens, cooked, boiled, drained, without salt	26	2.56	0.47	2.51	0.87	118	0	cup, chopped=140
169258		Mustard greens, frozen, unprepared	20	2.49	0.27	0.11	1.29	116	0	cup, chopped=146|package (10 oz)=284
169259		Mustard greens, frozen, cooked, boiled, drained, without salt	19	2.27	0.25	0.31	1.12	101	0	cup, chopped=150|package (10 oz) yields=212
169260		Okra, raw	33	1.93	0.19	4.25	0.62	82	0	cup=100|pods (3" long)=11.88
169261		Okra, cooked, boiled, drained, without salt	22	1.87	0.21	2.01	0.28	77	0	cup slices=160|pods (3" long)=10.62
169262		Okra, frozen, unprepared	30	1.69	0.25	4.43	0.57	81	0	package (10 oz)=287.88|package (3 lb)=1361
169263		Okra, frozen, cooked, boiled, drained, without salt	29	1.63	0.24	4.31	0.52	74	0	cup slices=184|package (10 oz) yields=255
169264		Potatoes, french fried, all types, salt added in processing, frozen, home-prepared, oven heated	158	2.75	5.48	23.55	0.57	12	0	fries=7.6|package (9 oz), yields=198
169265		Potatoes, french fried, cottage-cut, salt not added in processing, frozen, as purchased	153	2.42	5.78	20.98	1.05	7	0	strips=6.5|package (9 oz)=255
169266		Potatoes, french fried, cottage-cut, salt not added in processing, frozen, oven-heated	218	3.44	8.2	30.83	1.49	10	0	strips=5|package (9 oz), yields=198
169267		Potatoes, frozen, french fried, par fried, extruded, unprepared	260	2.83	14.95	27.25	1.32	9	0	strips=6.5|package (9 oz)=255
169268		Potatoes, frozen, french fried, par fried, extruded, prepared, heated in oven, without salt	333	3.55	18.71	36.48	1.66	12	0	strips=5|package (9 oz), yields=198
169269		Potato salad, home-prepared	143	2.68	8.2	9.87	0.65	19	0	cup=250
169270		Pumpkin flowers, raw	15	1.03	0.07	3.28	0.7	39	0	cup=33|flower=2
169271		Pumpkin flowers, cooked, boiled, drained, without salt	15	1.09	0.08	2.4	0.88	37	0	cup=134
169272		Pumpkin leaves, raw	19	3.15	0.4	2.33	2.22	39	0	cup=39
169273		Pumpkin pie mix, canned	104	1.09	0.13	18.09	1.06	37	0	cup=270
169274		Purslane, raw	20	2.03	0.36	3.39	1.99	65	0	cup=43|plant=3
169275		Purslane, cooked, boiled, drained, without salt	18	1.49	0.19	3.55	0.77	78	0	cup=115|squash=431
169276		Radishes, raw	16	0.68	0.1	1.8	0.34	25	0	cup slices=116|large (1" to 1-1/4" dia)=9|medium (3/4" to 1" dia)=4.5|slice=1|small=2
169277		Salsify, (vegetable oyster), raw	82	3.3	0.2	15.3	0.7	60	0	cup slices=133
169278		Salsify, cooked, boiled, drained, without salt	68	2.73	0.17	12.26	0.55	47	0	cup, sliced=135
169279		Sauerkraut, canned, solids and liquids	19	0.91	0.14	1.38	1.47	30	0	cup=142|cup, undrained=236
169280		Seaweed, agar, raw	26	0.54	0.03	6.25	1.86	54	0	tbsp (1/8 cup)=5
169281		Sesbania flower, cooked, steamed, without salt	22	1.14	0.05	5.23	0.56	22	0	cup=104
169282		Soybeans, green, raw	147	12.95	6.8	6.85	3.55	197	0	cup=256
169283		Soybeans, green, cooked, boiled, drained, without salt	141	12.35	6.4	6.85	2.5	145	0	cup=180
169284		Soybeans, mature seeds, sprouted, raw	122	13.09	6.7	8.47	2.1	67	0	cup=70|sprouts=1
169285		Spinach, canned, regular pack, solids and liquids	19	2.11	0.37	1.32	1.58	83	0	cup=234
169286		Spinach, canned, regular pack, drained solids	23	2.81	0.5	1	2.3	127	0	cup=214
169287		Spinach, frozen, chopped or leaf, unprepared (Includes foods for USDA's Food Distribution Program)	29	3.63	0.57	1.31	1.89	129	0	cup=156|package (10 oz)=284
169288		Spinach, frozen, chopped or leaf, cooked, boiled, drained, without salt	34	4.01	0.87	1.1	1.96	153	0	cup=190|package (10 oz) yields=220
169289		Squash, summer, scallop, raw	18	1.2	0.2	2.64	0.4	19	0	cup slices=130
169290		Squash, summer, scallop, cooked, boiled, drained, without salt	16	1.03	0.17	1.4	0.33	15	0	cup, mashed=240|cup, sliced=180
169291		Squash, summer, zucchini, includes skin, raw	17	1.21	0.32	2.11	0.37	16	0	cup, chopped=124|cup, sliced=113|large=323|medium=196|slice=9.9
169292		Squash, summer, zucchini, includes skin, cooked, boiled, drained, without salt	15	1.14	0.36	1.69	0.37	18	0	cup, sliced=180|cup, mashed=240
169293		Squash, winter, acorn, cooked, baked, without salt	56	1.12	0.14	10.18	0.93	44	0	cup, cubes=205
169294		Squash, winter, acorn, cooked, boiled, mashed, without salt	34	0.67	0.08	6.19	0.56	26	0	cup, mashed=245
169295		Squash, winter, butternut, raw	45	1	0.1	9.69	0.7	48	0	cup, cubes=140
169296		Squash, winter, butternut, cooked, baked, without salt	40	0.9	0.09	7.29	0.6	41	0	cup, cubes=205
169297		Squash, winter, hubbard, cooked, boiled, mashed, without salt	30	1.48	0.37	3.56	0.28	10	0	cup, mashed=236
169298		Squash, winter, spaghetti, raw	31	0.64	0.57	5.41	0.31	23	0	cup, cubes=101
169299		Squash, winter, spaghetti, cooked, boiled, drained, or baked, without salt	27	0.66	0.26	5.06	0.34	21	0	cup=155
169300		Succotash, (corn and limas), raw	99	5.03	1.02	15.79	1.83	18	0	
169301		Water convolvulus,raw	19	2.6	0.2	1.03	1.67	77	0	cup, chopped=56|shoot=13
169302		Water convolvulus, cooked, boiled, drained, without salt	20	2.08	0.24	1.8	1.32	54	0	cup, chopped=98
169303		Sweet potato leaves, raw	42	2.49	0.51	3.52	0.97	78	0	cup, chopped=35|leaf (12-1/4" long)=16
169304		Sweet potato leaves, cooked, steamed, without salt	35	2.18	0.34	5.48	0.63	33	0	cup=64
169305		Sweet potato, canned, mashed	101	1.98	0.2	21.49	1.33	30	0	cup=255|can (404 x 307)=496
169306		Sweet potato, frozen, unprepared (Includes foods for USDA's Food Distribution Program)	96	1.71	0.18	20.52	0.53	37	0	cup, cubes=176
169307		Sweet potato, frozen, cooked, baked, without salt	100	1.71	0.12	21.6	0.54	35	0	cup, cubes=176
169308		Taro, raw	112	1.5	0.2	22.36	0.55	43	0	cup, sliced=104
169309		Taro shoots, cooked, without salt	14	0.73	0.08	3.2	0.41	14	0	cup slices=140
169310		Taro, tahitian, raw	44	2.79	0.97	6.91	1.3	129	0	cup slices=125
169311		Artichokes, (globe or french), cooked, boiled, drained, with salt	51	2.89	0.34	5.69	0.61	21	0	artichoke, medium=120|cup hearts=168
169312		Artichokes, (globe or french), frozen, cooked, boiled, drained, with salt	45	3.11	0.5	4.58	0.56	21	0	cup=168|package (9 oz), yields=240|package (9 oz) yields=242.42
169313		Asparagus, cooked, boiled, drained, with salt	22	2.4	0.22	2.11	0.91	23	0	cup=180|spears (1/2" base)=15
169314		Asparagus, canned, no salt added, solids and liquids	15	1.8	0.18	1.48	0.6	15	0	cup=244|can (300 x 407)=411
169315		Beans, kidney, mature seeds, sprouted, cooked, boiled, drained, with salt	33	4.83	0.58	4.72	0.89	19	0	
169316		Lima beans, immature seeds, cooked, boiled, drained, with salt	123	6.81	0.32	18.34	2.45	32	0	cup=170
169317		Lima beans, immature seeds, canned, no salt added, solids and liquids	71	4.07	0.29	9.73	1.61	28	0	cup=248|can (303 x 406)=454
169318		Lima beans, immature seeds, frozen, baby, cooked, boiled, drained, with salt	105	6.65	0.3	14.65	1.96	28	0	cup=180|package (10 oz) yields=311
169319		Beans, pinto, mature seeds, sprouted, cooked, boiled, drained, with salt	20	1.86	0.32	3.5	0.66	15	0	
169320		Beans, snap, yellow, raw	31	1.82	0.12	3.73	1.04	37	0	cup 1/2" pieces=100|beans (4" long)=5.5
169321		Beans, snap, green, cooked, boiled, drained, with salt	35	1.89	0.28	4.68	0.65	44	0	cup=125
169322		Beans, snap, yellow, cooked, boiled, drained, without salt	35	1.89	0.28	4.58	1.28	46	0	cup=125
169323		Beans, snap, yellow, cooked, boiled, drained, with salt	35	1.89	0.28	4.58	1.28	46	0	cup=125
169324		Beans, snap, yellow, frozen, all styles, unprepared	33	1.8	0.21	4.78	0.86	42	0	cup=121|package (10 oz)=284
169325		Beans, snap, green, frozen, cooked, boiled, drained, with salt	28	1.49	0.17	3.45	0.66	42	0	cup=135
169326		Beans, snap, yellow, frozen, cooked, boiled, drained, without salt	28	1.49	0.17	3.45	0.88	49	0	cup=135
169327		Beans, snap, yellow, frozen, cooked, boiled, drained, with salt	28	1.49	0.17	3.45	0.88	49	0	cup=135
169328		Broadbeans, immature seeds, cooked, boiled, drained, with salt	62	4.8	0.5	10.1	1.5	18	0	
169329		Broccoli, leaves, raw	28	2.98	0.35	2.76	0.88	48	0	
169330		Broccoli, flower clusters, raw	28	2.98	0.35	2.76	0.88	48	0	cup flowerets=71|floweret=11
169331		Broccoli, stalks, raw	28	2.98	0.35	5.24	0.88	48	0	stalk=114
169332		Brussels sprouts, frozen, cooked, boiled, drained, with salt	42	3.64	0.39	4.22	0.48	26	0	cup=155
169333		Burdock root, cooked, boiled, drained, with salt	88	2.09	0.14	19.35	0.77	49	0	cup (1" pieces)=125|root=166
169334		Butterbur, cooked, boiled, drained, with salt	8	0.23	0.02	2.16	0.1	59	0	
169335		Cabbage, common (danish, domestic, and pointed types), freshly harvest, raw	24	1.21	0.18	3.07	0.56	47	0	cup, shredded=70|head=908
169336		Cabbage, common (danish, domestic, and pointed types), stored, raw	24	1.21	0.18	3.07	0.56	47	0	cup, shredded=70|head=908
169337		Cabbage, chinese (pe-tsai), cooked, boiled, drained, with salt	14	1.5	0.17	0.71	0.3	32	0	cup, shredded=119|leaf=14
169338		Cardoon, cooked, boiled, drained, with salt	20	0.76	0.11	3.04	0.73	72	0	
169339		Carrots, cooked, boiled, drained, with salt	35	0.76	0.18	5.22	0.34	30	0	tbsp=9.7|cup slices=156|carrot=46
169340		Carrots, canned, no salt added, solids and liquids	23	0.59	0.14	3.56	0.52	31	0	cup slices=246|can (303 x 406)=454
169341		Celeriac, cooked, boiled, drained, with salt	27	0.96	0.19	5.9	0.43	26	0	cup pieces=155
169342		Celery, cooked, boiled, drained, with salt	18	0.83	0.16	2.4	0.42	42	0	cup, diced=150|stalks=37.5
169343		Chard, swiss, cooked, boiled, drained, with salt	20	1.88	0.08	2.03	2.26	58	0	cup, chopped=175
169344		Chayote, fruit, cooked, boiled, drained, with salt	22	0.62	0.48	1.7	0.22	13	0	cup (1" pieces)=160
169345		Corn, sweet, yellow, canned, no salt added, solids and liquids (Includes foods for USDA's Food Distribution Program)	61	1.95	0.77	12.16	0.36	4	0	cup=256|can (303 x 406)=482
169346		Corn, sweet, yellow, canned, cream style, no salt added	72	1.74	0.42	16.93	0.38	3	0	cup=256|can (303 x 406)=482
169347		Corn, sweet, yellow, canned, vacuum pack, no salt added	79	2.41	0.5	17.44	0.42	5	0	cup=210|can (303 x 406)=340
169348		Corn, sweet, yellow, frozen, kernels, cut off cob, boiled, drained, with salt	79	2.55	0.67	16.31	0.47	3	0	cup=165|package (10 oz) yields=284
169349		Corn, sweet, yellow, frozen, kernels on cob, cooked, boiled, drained, with salt	94	3.11	0.74	19.53	0.61	3	0	cup kernels=165|ear, yields=63
169350		Cress, garden, cooked, boiled, drained, with salt	23	1.9	0.6	3.1	0.8	61	0	cup=135
169351		Dandelion greens, cooked, boiled, drained, with salt	33	2	0.6	3.5	1.8	140	0	cup, chopped=105
169352		Eggplant, cooked, boiled, drained, with salt	33	0.83	0.23	5.64	0.25	6	0	cup (1" cubes)=99
169353		Gourd, white-flowered (calabash), cooked, boiled, drained, with salt	13	0.6	0.02	1.9	0.25	24	0	cup (1" cubes)=146
169354		Jute, potherb, cooked, boiled, drained, with salt	37	3.68	0.2	5.29	3.14	211	0	cup=87
169355		Kale, cooked, boiled, drained, with salt	44	2.94	1.21	3	0.84	150	0	cup=118
169356		Kale, frozen, cooked, boiled, drained, with salt	36	2.94	1.21	3	0.84	150	0	cup=118
169357		Kohlrabi, cooked, boiled, drained, with salt	29	1.8	0.11	5.59	0.4	25	0	cup slices=165
169358		Yambean (jicama), cooked, boiled, drained, with salt	36	0.72	0.09	8.23	0.57	11	0	
169359		Yardlong bean, cooked, boiled, drained, with salt	47	2.53	0.1	9.17	0.98	44	0	cup slices=104|pod=14
169360		Corn, sweet, white, canned, whole kernel, no salt added, solids and liquids	64	1.95	0.5	14.71	0.41	4	0	cup=256|can (303 x 406)=482
169361		Corn, sweet, white, canned, whole kernel, drained solids	67	2.29	1.22	12.34	0.27	3	0	cup=164|can (303 x 406)=298
169362		Corn, sweet, white, canned, cream style, regular pack	74	1.74	0.42	17.42	0.31	4	0	cup=256|can (303 x 406)=482
169363		Corn, sweet, white, canned, cream style, no salt added	72	1.74	0.42	16.93	0.38	3	0	cup=256|can (303 x 406)=482
169364		Corn, sweet, white, frozen, kernels cut off cob, boiled, drained, with salt	80	2.75	0.43	17.16	0.35	4	0	cup=165|package (10 oz) yields=284
169365		Corn, sweet, white, frozen, kernels on cob, unprepared	98	3.28	0.78	20.7	0.68	4	0	cup kernels=165|ear, yields=125
169366		Corn, sweet, white, frozen, kernels on cob, cooked, boiled, drained, without salt	94	3.11	0.74	20.23	0.61	3	0	cup kernels=165|ear, yields=63
169367		Corn, sweet, white, frozen, kernels on cob, cooked, boiled, drained, with salt	94	3.11	0.74	19.53	0.61	3	0	cup kernels=165|ear, yields=63
169368		Sesbania flower, cooked, steamed, with salt	21	1.14	0.05	5.1	0.56	22	0	cup=104
169369		Soybeans, mature seeds, sprouted, cooked, steamed, with salt	81	8.47	4.45	5.73	1.31	59	0	cup=94
169370		Soybeans, mature seeds, sprouted, cooked, stir-fried, with salt	125	13.1	7.1	8.6	0.4	82	0	
169371		Dock, cooked, boiled, drained, with salt	20	1.83	0.64	2.93	2.08	38	0	
169372		Potatoes, mashed, dehydrated, prepared from flakes without milk, whole milk and margarine added	113	1.9	5.6	12.72	0.22	49	0	cup=210
169373		Peppers, sweet, red, freeze-dried	314	17.9	3	47.4	10.4	134	0	tbsp=0.4|cup=6.4
169374		Beans, snap, yellow, canned, regular pack, drained solids	20	1.15	0.1	3.2	0.9	26	0	cup=153|beans=6.2|can (303 x 406)=262
169375		Beans, snap, yellow, canned, no salt added, drained solids	20	1.15	0.1	3.2	0.9	26	0	cup=153|beans=6.2|can (303 x 406)=262
169376		Mushroom, white, exposed to ultraviolet light, raw	22	3.09	0.34	2.26	0.5	3	26.2	cup pieces or slices=70|cup whole=96|large=23|slice=6|medium=18
169377		Mushrooms, portabella, exposed to ultraviolet light, grilled	29	3.28	0.58	2.24	0.4	3	13.1	cup sliced=121
169378		Pickles, cucumber, sweet (includes bread and butter pickles)	91	0.58	0.41	20.15	0.25	61	0	cup, chopped=160|cup sliced or chips=153|large Gherkin (3" long)=35|Gherkin (2-3/4" long)=25|midget Gherkin (2-1/8" long)=6
169379		Pickles, cucumber, sour	11	0.33	0.2	1.06	0.4	0	0	cup=155|large (4" long)=135|medium (3-3/4" long)=65|slice=7|small=37
169380		Pickles, cucumber, sweet, low sodium (includes bread and butter pickles)	122	0.37	0.26	32.63	0.59	4	0	slice=6|medium=35|small=15|large=35|cup, sliced=170
169381		Catsup, low sodium	101	1.04	0.1	27.1	0.35	15	0	tbsp=17|packet=9|cup=240
169382		Mushrooms, enoki, raw	37	2.66	0.29	5.11	1.15	0	0.1	large=5|medium=3|cup whole=64|cup sliced=65
169383		Peppers, sweet, yellow, raw	27	1	0.21	5.42	0.46	11	0	pepper, large (3-3/4" long, 3"=186|strips=5.2
169384		Tomatoes, sun-dried, packed in oil, drained	213	5.06	14.08	17.53	2.68	47	0	cup=110|piece=3
169385		Fennel, bulb, raw	31	1.24	0.2	4.2	0.73	49	0	cup, sliced=87|bulb=234
169386		Pickle relish, hamburger	129	0.63	0.54	31.28	1.14	4	0	tbsp=15|cup=244
169387		Arugula, raw	25	2.58	0.66	2.05	1.46	160	0	leaf=2|cup=20
169388		Nopales, cooked, without salt	15	1.35	0.05	1.28	0.5	164	0	cup=149|pad=29
169389		Cauliflower, green, raw	31	2.95	0.3	2.89	0.73	33	0	cup=64|floweret=25|head, large (6-7" dia)=511|head, medium (5-6" dia)=431|head, small (4" dia)=325
169390		Cauliflower, green, cooked, no salt added	32	3.04	0.31	2.98	0.72	32	0	head=450
169391		Cauliflower, green, cooked, with salt	32	3.04	0.31	2.98	0.72	32	0	cup (1" pieces)=124
169392		Broccoli, chinese, cooked	22	1.14	0.72	1.31	0.56	100	0	cup=88
169393		Grape leaves, canned	69	4.27	1.97	1.81	2.98	289	0	leaf=4
169394		Pepper, banana, raw	27	1.66	0.45	1.95	0.46	14	0	cup=124|small (4" long)=33|medium (4-1/2" long)=46|large (5" long)=75
169395		Peppers, serrano, raw	32	1.74	0.44	3	0.86	11	0	cup, chopped=105|pepper=6.1
169396		Peppers, ancho, dried	281	11.86	8.2	29.82	10.93	61	0	pepper=17
169397		Pickles, chowchow, with cauliflower onion mustard, sweet	121	1.5	0.9	25.14	1.4	23	0	cup=245
169398		Epazote, raw	32	0.33	0.52	3.64	1.88	275	0	tbsp=0.8|sprig=2
169399		Fireweed, leaves, raw	103	4.71	2.75	8.62	2.4	429	0	cup, chopped=23|plant=22
169400		Malabar spinach, cooked	23	2.98	0.78	0.61	1.48	124	0	cup=44|bunch=17
169401		Yautia (tannier), raw	98	1.46	0.4	22.13	0.98	9	0	cup, sliced=135|root=305
169402		Mushrooms, white, microwaved	35	3.91	0.46	3.54	0.33	6	0.3	
169403		Mushrooms, maitake, raw	31	1.94	0.19	4.27	0.3	1	28.1	cup diced=70|piece whole=1.1
169404		Broccoli, chinese, raw	26	1.2	0.76	2.07	0.59	105	0	
169405		Fiddlehead ferns, raw	34	4.55	0.4	5.54	1.31	32	0	
169406		Seeds, sesame butter, tahini, from unroasted kernels (non-chemically removed seed coat)	607	17.95	56.44	8.59	6.35	141	0	tbsp=14
169407		Seeds, watermelon seed kernels, dried	557	28.33	47.37	15.31	7.28	54	0	cup=108
169408		Nuts, chestnuts, japanese, dried	360	5.25	1.24	81.43	3.38	72	0	cup=155
169409		Nuts, coconut milk, frozen (liquid expressed from grated meat and water)	202	1.61	20.8	5.58	0.81	4	0	cup=240|tbsp=15
169410		Seeds, sesame butter, tahini, from raw and stone ground kernels	570	17.81	48	16.89	2.51	420	0	tbsp=15
169411		Nuts, formulated, wheat-based, all flavors except macadamia, without salt	647	13.11	62.3	15.59	2.6	22	0	
169412		Seeds, sesame seed kernels, dried (decorticated)	631	20.45	61.21	0.13	6.36	60	0	cup=150|tbsp=8|tsp=2.7
169413		Nuts, chestnuts, japanese, raw	154	2.25	0.53	34.91	1.45	31	0	
169414		Seeds, flaxseed	534	18.29	42.16	1.58	5.73	255	0	tbsp, whole=10.3|cup, whole=168|tbsp, ground=7|tsp, whole=3.4|tsp, ground=2.5
169415		Seeds, pumpkin and squash seed kernels, roasted, with salt added	574	29.84	49.05	8.21	8.07	52	0	cup=118
169416		Seeds, sesame seed kernels, toasted, with salt added (decorticated)	567	16.96	48	9.14	7.78	131	0	cup=128
169417		Seeds, sunflower seed kernels from shell, dry roasted, with salt added	546	19.33	49.8	6.31	3.8	70	0	cup=128|package (1.875 oz) yields=27
169418		Seeds, sunflower seed kernels, dry roasted, with salt added	582	19.33	49.8	15.07	3.8	70	0	cup=128
169419		Nuts, almonds, oil roasted, with salt added	607	21.23	55.17	7.18	3.68	291	0	cup whole kernels=157
169420		Nuts, almonds, oil roasted, with salt added, smoke flavor	607	21.43	55.89	7.16	3.86	286		
169421		Nuts, cashew nuts, dry roasted, with salt added	574	15.31	46.35	29.69	6	45	0	cup, halves and whole=137
169422		Nuts, cashew nuts, oil roasted, with salt added	581	16.84	47.77	26.86	6.05	43	0	cup, whole=129|cup, halves and pieces=129
169423		Nuts, mixed nuts, oil roasted, without peanuts, with salt added	615	15.52	56.17	16.77	2.57	106	0	cup=144
169424		Nuts, pecans, dry roasted, with salt added	710	9.5	74.27	4.15	2.8	72	0	
169425		Nuts, pecans, oil roasted, with salt added	715	9.2	75.23	3.51	2.47	67	0	cup=110
169426		Nuts, pistachio nuts, dry roasted, with salt added	569	21.05	45.82	17.25	4.03	107	0	cup=123|kernel=0.7
169427		Nuts, mixed nuts, oil roasted, with peanuts, lightly salted	607	20.04	53.95	14.05	2.61	117	0	
169428		Nuts, mixed nuts, oil roasted, without peanuts, lightly salted	607	17.86	50	17.9	5.18	130	0	
169429		Beef, grass-fed, strip steaks, lean only, raw	117	23.07	2.69	0	1.85	9		steak=214
169430		Beef, carcass, separable lean and fat, choice, raw	291	17.32	24.05	0	1.83	8		
169431		Beef, carcass, separable lean and fat, select, raw	278	17.48	22.55	0	1.85	8		
169432		Beef, brisket, flat half, separable lean and fat, trimmed to 1/8" fat, select, cooked, braised	280	28.97	17.37	0	2.4	17	0.3	steak=350
169433		Beef, flank, steak, separable lean and fat, trimmed to 0" fat, choice, raw	165	21.22	8.29	0	1.55	27	0.1	steak=202
169434		Beef, flank, steak, separable lean and fat, trimmed to 0" fat, choice, cooked, braised	263	26.98	16.44	0	3.33	6		piece, cooked, excluding refus=262
169435		Beef, flank, steak, separable lean and fat, trimmed to 0" fat, choice, cooked, broiled	202	27.55	9.31	0	1.8	18		steak (yield from 483 g raw me=387
169436		Beef, rib, eye, small end (ribs 10-12), separable lean and fat, trimmed to 0" fat, choice, cooked, broiled	265	26.58	16.76	0	1.8	18		steak (yield from 297 g raw me=236
169437		Beef, rib, eye, small end (ribs 10-12), separable lean only, trimmed to 0" fat, choice, raw	161	20.13	8.3	0	2.18	10		
169438		Beef, rib, eye, small end (ribs 10-12), separable lean only, trimmed to 0" fat, choice, cooked, broiled	205	28.88	9.01	0	1.98	16		steak (yield from 297g raw mea=236
169439		Beef, rib, shortribs, separable lean and fat, choice, raw	390	14.4	36.23	0.4	1.55	9		
169440		Beef, brisket, flat half, separable lean and fat, trimmed to 0" fat, choice, cooked, braised	221	32.21	9.24	0	2.75	17		steak (Yield from 448 g raw me=293
169441		Beef, shank crosscuts, separable lean only, trimmed to 1/4" fat, choice, raw	128	21.75	3.85	0	2.32	20		
169442		Beef, shank crosscuts, separable lean only, trimmed to 1/4" fat, choice, cooked, simmered	201	33.68	6.36	0	3.86	32		piece, cooked, excluding refus=170
169443		Beef, short loin, porterhouse steak, separable lean only, trimmed to 1/8" fat, choice, raw	161	22.13	7.39	0	1.98	18	0.1	steak=539
169444		Beef, chuck, under blade pot roast, boneless, separable lean only, trimmed to 0" fat, all grades, cooked, braised	216	30.54	10.46	0	3.19	14	0.1	roast=647
169445		Beef, chuck, under blade pot roast or steak, boneless, separable lean only, trimmed to 0" fat, all grades, raw	140	21.13	6.07	0.31	2.34	12	0.1	steak=679|roast=960
169446		Beef, chuck, under blade pot roast or steak, boneless, separable lean only, trimmed to 0" fat, choice, raw	145	21.19	6.51	0.39	2.27	12	0.1	steak=648|roast=949
169447		Beef, ground, patties, frozen, cooked, broiled	295	23.05	21.83	0	2.42	11	0.2	unit, cooked (yield from 1 lb =313
169448		Beef, variety meats and by-products, heart, cooked, simmered	165	28.48	4.73	0.15	6.38	5	0.1	
169449		Beef, variety meats and by-products, kidneys, raw	99	17.4	3.09	0.29	4.6	13	1.1	
169450		Beef, variety meats and by-products, kidneys, cooked, simmered	158	27.27	4.65	0	5.8	19	1.1	
169451		Beef, variety meats and by-products, liver, raw	135	20.36	3.63	3.89	4.9	5	1.2	
169452		Beef, variety meats and by-products, pancreas, raw	235	15.7	18.6	0	2.22	9		
169453		Beef, variety meats and by-products, pancreas, cooked, braised	271	27.1	17.2	0	2.61	16		piece, cooked, excluding refus=222
169454		Beef, variety meats and by-products, spleen, raw	105	18.3	3	0	44.55	9		
169455		Beef, loin, top loin steak, boneless, lip off, separable lean only, trimmed to 0" fat, choice, cooked, grilled	211	29.22	9.52	0	3.38	14	0.1	steak (yield from 203 g raw me=164
169456		Beef, loin, top loin steak, boneless, lip off, separable lean only, trimmed to 0" fat, select, cooked, grilled	189	29.99	6.74	0	3.25	14	0.1	steak (yield from 186 g raw me=150
169457		Beef, top sirloin, steak, separable lean and fat, trimmed to 0" fat, all grades, cooked, broiled	212	29.33	9.67	0	1.89	22	0.2	steak (yield from 518 g raw me=384
169458		Beef, top sirloin, steak, separable lean and fat, trimmed to 0" fat, choice, cooked, broiled	219	29.02	10.54	0	1.96	19		steak (yield from 532 g raw me=393
169459		Beef, short loin, porterhouse steak, separable lean and fat, trimmed to 0" fat, all grades, cooked, broiled	276	23.96	19.27	0	2.94	7		
169460		Beef, short loin, porterhouse steak, separable lean and fat, trimmed to 0" fat, USDA choice, cooked, broiled	283	23.61	20.15	0	2.96	7		
169461		Beef, short loin, porterhouse steak, separable lean and fat, trimmed to 0" fat, USDA select, cooked, broiled	267	24.47	17.98	0	2.91	7		
169462		Beef, short loin, porterhouse steak, separable lean only, trimmed to 1/8" fat, all grades, raw	155	22.32	6.6	0	2.07	18	0.1	steak=534
169463		Beef, short loin, porterhouse steak, separable lean only, trimmed to 0" fat, select, cooked, broiled	194	26.89	8.81	0	3.24	6		serving=85|piece, cooked, excluding refus=256
169464		Beef, short loin, t-bone steak, separable lean and fat, trimmed to 0" fat, all grades, cooked, broiled	247	24.18	15.93	0	3.35	5		
169465		Beef, short loin, t-bone steak, separable lean and fat, trimmed to 0" fat, USDA choice, cooked, broiled	258	24.05	17.26	0	3.33	5		
169466		Beef, short loin, t-bone steak, separable lean and fat, trimmed to 0" fat, USDA select, cooked, broiled	230	24.38	14	0	3.38	5		
169467		Beef, short loin, t-bone steak, bone-in, separable lean only, trimmed to 1/8" fat, select, cooked, grilled	206	28.45	9.35	0	3.65	18	0.1	steak=368
169468		Beef, short loin, t-bone steak, separable lean only, trimmed to 0" fat, select, cooked, broiled	177	26	7.36	0	3.66	4		serving=85|piece, cooked, excluding refus=264
169469		Beef, brisket, flat half, separable lean only, trimmed to 0" fat, select, cooked, braised	198	33.9	5.92	0	2.87	17		steak=247
169470		Beef, round, tip round, roast, separable lean and fat, trimmed to 0" fat, all grades, raw	151	20.48	7.01	0	1.69	19		roast=1289
169471		Beef, round, top round steak, boneless, separable lean only, trimmed to 0" fat, choice, cooked, grilled	166	30.24	4.11	0	3.27	18	0	steak=284
169472		Beef, round, top round steak, boneless, separable lean only, trimmed to 0" fat, select, cooked, grilled	158	29.81	3.37	0	3.26	19	0	steak=269
169473		Beef, ground, 70% lean meat / 30% fat, crumbles, cooked, pan-browned	270	25.56	17.86	0	2.48	41	0	portion (yield from 1/2 lb raw=139
169474		Beef, ground, 70% lean meat / 30% fat, loaf, cooked, baked	241	23.87	15.37	0	2.27	33	0	loaf ( yield from 1 lb raw mea=284
169475		Beef, shoulder top blade steak, boneless, separable lean only, trimmed to 0" fat, choice, cooked, grilled	202	28.28	9.83	0	3.23	14	0.1	steak=177
169476		Beef, shoulder top blade steak, boneless, separable lean only, trimmed to 0" fat, select, cooked, grilled	187	27.96	8.34	0	3.07	14	0.1	steak=199
169477		Beef, shoulder top blade steak, boneless, separable lean only, trimmed to 0" fat, all grades, raw	139	20.36	6.42	0	2.51	12	0.1	steak=1438
169478		Beef, shoulder top blade steak, boneless, separable lean only, trimmed to 0" fat, choice, raw	143	20.35	6.88	0	2.52	12	0.1	steak=1432
169479		Beef, shoulder top blade steak, boneless, separable lean and fat, trimmed to 0" fat, all grades, cooked, grilled	210	27.59	11.07	0	3.04	14	0.1	steak=186
169480		Beef, shoulder pot roast or steak, boneless, separable lean only, trimmed to 0" fat, all grades, raw	123	21.64	4.09	0	2.64	12	0	steak=1027|roast=1316
169481		Beef, shoulder pot roast or steak, boneless, separable lean only, trimmed to 0" fat, choice, raw	125	21.45	4.35	0.11	2.69	12	0	
169482		Beef, shoulder pot roast or steak, boneless, separable lean only, trimmed to 0" fat, select, raw	121	21.93	3.7	0	2.57	12	0	steak=1106|roast=1320
169483		Beef, composite of trimmed retail cuts, separable lean and fat, trimmed to 1/8" fat, all grades, raw	215	20.01	14.42	0	1.69	17	0.1	
169484		Beef, composite of trimmed retail cuts, separable lean and fat, trimmed to 1/8" fat, all grades, cooked	259	26.11	16.59	0	2.2	13	0.2	
169485		Beef, composite of trimmed retail cuts, separable lean and fat, trimmed to 1/8" fat, choice, raw	224	19.79	15.42	0	1.73	17	0.1	
169486		Beef, composite of trimmed retail cuts, separable lean and fat, trimmed to 1/8" fat, choice, cooked	268	25.85	17.68	0	2.24	13	0.1	
169487		Beef, composite of trimmed retail cuts, separable lean and fat, trimmed to 1/8" fat, select, raw	193	19.06	12.4	0	1.52	17	0	
169488		Beef, brisket, flat half, separable lean and fat, trimmed to 1/8" fat, all grades, cooked, braised	289	28.82	18.42	0	2.43	16		steak (yield from raw steak we=380
169489		Beef, brisket, point half, separable lean and fat, trimmed to 1/8" fat, all grades, raw	267	17.65	20.98	0.59	1.69	6		
169490		Beef, brisket, point half, separable lean and fat, trimmed to 1/8" fat, all grades, cooked, braised	349	24.4	27.17	0	2.43	8		piece, cooked, excluding refus=332
169491		Beef, chuck, arm pot roast, separable lean and fat, trimmed to 1/8" fat, all grades, raw	244	19.23	17.98	0	1.67	17		
169492		Beef, chuck, arm pot roast, separable lean and fat, trimmed to 1/8" fat, select, cooked, braised	295	30.05	18.5	0	2.46	18	0.3	piece, cooked, excluding refus=257
169493		Beef, chuck, blade roast, separable lean and fat, trimmed to 1/8" fat, all grades, raw	248	17.16	19.41	0	2.04	10		
169494		Beef, chuck, blade roast, separable lean and fat, trimmed to 1/8" fat, all grades, cooked, braised	341	26.78	25.12	0	3.13	13	0.4	piece, cooked, excluding refus=247
169495		Beef, chuck, blade roast, separable lean and fat, trimmed to 1/8" fat, choice, raw	268	16.98	21.31	0.97	2.01	10		
169496		Beef, chuck eye roast, boneless, America's Beef Roast, separable lean only, trimmed to 0" fat, choice, cooked, roasted	190	26.41	9.36	0	2.52	18	0.1	roast=586
169497		Beef, chuck eye roast, boneless, America's Beef Roast, separable lean only, trimmed to 0" fat, select, cooked, roasted	172	27.02	7.12	0	2.42	20	0.1	roast=645
169498		Beef, rib, whole (ribs 6-12), separable lean and fat, trimmed to 1/8" fat, all grades, raw	306	16.53	26.1	0	1.74	9		
169499		Beef, rib, whole (ribs 6-12), separable lean and fat, trimmed to 1/8" fat, all grades, cooked, broiled	337	22.42	26.75	0	2.19	11		piece, cooked, excluding refus=267
169500		Beef, rib, whole (ribs 6-12), separable lean and fat, trimmed to 1/8" fat, all grades, cooked, roasted	351	22.77	28.11	0	2.37	11		piece, cooked, excluding refus=289
169501		Beef, rib, whole (ribs 6-12), separable lean and fat, trimmed to 1/8" fat, select, cooked, broiled	315	22.73	24.2	0	2.22	11		piece, cooked, excluding refus=264
169502		Beef, rib, whole (ribs 6-12), separable lean and fat, trimmed to 1/8" fat, select, cooked, roasted	330	23.1	25.63	0	2.41	11		piece, cooked, excluding refus=289
169503		Beef, rib, whole (ribs 6-12), separable lean and fat, trimmed to 1/8" fat, prime, raw	355	16.15	31.66	0	1.7	9		
169504		Beef, rib, whole (ribs 6-12), separable lean and fat, trimmed to 1/8" fat, prime, cooked, broiled	386	21.95	32.38	0	2.13	11		piece, cooked, excluding refus=274
169505		Beef, rib, large end (ribs 6-9), separable lean and fat, trimmed to 1/8" fat, choice, raw	333	16.03	29.34	0	1.68	8		
169506		Beef, rib, large end (ribs 6-9), separable lean and fat, trimmed to 1/8" fat, choice, cooked, broiled	370	20.86	31.18	0	2.12	10		piece, cooked, excluding refus=267
169507		Beef, rib, large end (ribs 6-9), separable lean and fat, trimmed to 1/8" fat, choice, cooked, roasted	378	22.5	31.28	0	2.3	10		piece, cooked, excluding refus=296
169508		Beef, rib, large end (ribs 6-9), separable lean and fat, trimmed to 1/8" fat, select, raw	295	16.52	24.85	0	1.74	8		
169509		Beef, rib, small end (ribs 10-12), separable lean and fat, trimmed to 1/8" fat, all grades, raw	254	19.33	19.06	0	1.39	23		
169510		Beef, rib, small end (ribs 10-12), separable lean and fat, trimmed to 1/8" fat, all grades, cooked, broiled	291	25.85	20.04	0	1.66	19	0.3	piece, cooked, excluding refus=268
169511		Beef, rib, small end (ribs 10-12), separable lean and fat, trimmed to 1/8" fat, all grades, cooked, roasted	341	22.54	27.14	0	2.42	13		piece, cooked, excluding refus=282
169512		Beef, rib, small end (ribs 10-12), separable lean and fat, trimmed to 1/8" fat, choice, raw	263	19.09	20.13	0	1.38	24		
169513		Beef, rib, small end (ribs 10-12), separable lean and fat, trimmed to 1/8" fat, select, cooked, roasted	323	22.76	25.02	0	2.44	13		piece, cooked, excluding refus=285
169514		Beef, rib, small end (ribs 10-12), separable lean and fat, trimmed to 1/8" fat, prime, raw	335	16.74	29.18	0.06	1.77	10		
169515		Beef, rib, small end (ribs 10-12), separable lean and fat, trimmed to 1/8" fat, prime, cooked, broiled	354	24.13	27.86	0	2.23	13		piece, cooked, excluding refus=268
169516		Beef, rib, small end (ribs 10-12), separable lean and fat, trimmed to 1/8" fat, prime, cooked, roasted	411	22.15	35.12	0	1.95	13		piece, cooked, excluding refus=276
169517		Beef, round, full cut, separable lean and fat, trimmed to 1/8" fat, select, raw	184	20.56	10.68	0	2	4		
169518		Beef, round, full cut, separable lean and fat, trimmed to 1/8" fat, select, cooked, broiled	218	27.58	11.08	0	2.56	6		piece, cooked, excluding refus=313
169519		Beef, round, bottom round, steak, separable lean and fat, trimmed to 1/8" fat, all grades, raw	192	20.7	11.54	0	1.74	20		
169520		Beef, round, bottom round, steak, separable lean and fat, trimmed to 1/8" fat, all grades, cooked, braised	247	32.76	11.87	0	2.67	8	0.2	piece, cooked, excluding refus=281
169521		Beef, round, bottom round, steak, separable lean and fat, trimmed to 1/8" fat, select, cooked, braised	240	32.67	11.19	0	2.64	8		steak (yield from raw steak we=226
169522		Beef, round, bottom round, roast, separable lean and fat, trimmed to 1/8" fat, select, cooked, roasted	212	26.77	10.85	0	2.16	7		piece, cooked, excluding refus=338|roast (yield from 1 raw roast =636
169523		Beef, round, eye of round, roast, separable lean and fat, trimmed to 1/8" fat, all grades, raw	166	21.49	8.24	0	1.81	20		
169524		Beef, round, eye of round, roast, separable lean and fat, trimmed to 1/8" fat, all grades, cooked, roasted	208	28.31	9.65	0	2.29	7	0.2	piece, cooked, excluding refus=333
169525		Beef, round, tip round, separable lean and fat, trimmed to 1/8" fat, all grades, raw	189	19.6	11.67	0	2	5		
169526		Beef, round, tip round, roast, separable lean and fat, trimmed to 1/8" fat, all grades, cooked, roasted	219	27.45	11.34	0	2.81	6	0.2	piece, cooked, excluding refus=326
169527		Beef, round, tip round, separable lean and fat, trimmed to 1/8" fat, choice, raw	199	19.48	12.83	0	1.99	5		
169528		Beef, round, tip round, roast, separable lean and fat, trimmed to 1/8" fat, choice, cooked, roasted	228	27.27	12.34	0	2.79	6	0.2	piece, cooked, excluding refus=325
169529		Beef, round, top round, steak, separable lean and fat, trimmed to 1/8" fat, all grades, raw	166	22.06	7.93	0	1.85	21		
169530		Beef, round, top round, separable lean and fat, trimmed to 1/8" fat, all grades, cooked, braised	238	34.34	10.13	0	3.16	5	0.2	piece, cooked, excluding refus=286
169531		Beef, round, top round steak, separable lean and fat, trimmed to 1/8" fat, all grades, cooked, broiled	204	30.67	9	0	2.53	7	0.1	piece, cooked, excluding refus=326
169532		Beef, round, top round, steak, separable lean and fat, trimmed to 1/8" fat, choice, raw	168	21.94	8.19	0	1.97	17		
169533		Beef, round, top round, steak, separable lean and fat, trimmed to 1/8" fat, select, cooked, broiled	201	30.63	7.73	0	2.52	8		steak (yield from raw steak we=359|piece, cooked, excluding refus=329
169534		Beef, round, top round, separable lean and fat, trimmed to 1/8" fat, prime, raw	173	22.24	8.67	0	2.04	3		
169535		Beef, round, top round, steak, separable lean and fat, trimmed to 1/8" fat, prime, cooked, broiled	225	31.27	10.1	0	2.84	6		piece, cooked, excluding refus=332
169536		Beef, shoulder top blade steak, boneless, separable lean and fat, trimmed to 0" fat, select, raw	137	20.28	6.21	0	2.49	12	0.1	steak=252
169537		Beef, short loin, t-bone steak, separable lean and fat, trimmed to 1/8" fat, choice, cooked, grilled	294	24.21	21.13	0	3.24	19	0.1	steak=360
169538		Beef, short loin, top loin, steak, separable lean and fat, trimmed to 1/8" fat, all grades, raw	228	20.61	15.49	0	1.47	24		
169539		Beef, loin, top loin, separable lean and fat, trimmed to 1/8" fat, all grades, cooked, grilled	264	26.44	16.78	0	1.69	19	0.3	steak=213
169540		Beef, loin, top loin, separable lean and fat, trimmed to 1/8" fat, choice, raw	237	19.32	17.1	0	1.61	6		steak=301
169541		Beef, short loin, top loin, separable lean and fat, trimmed to 1/8" fat, prime, cooked, broiled	310	25.92	22.12	0	2.26	9		steak, excluding refuse (yield=167
169542		Beef, tenderloin, steak, separable lean and fat, trimmed to 1/8" fat, all grades, raw	247	19.61	18.16	0	1.42	23		steak=164
169543		Beef, tenderloin, steak, separable lean and fat, trimmed to 1/8" fat, all grades, cooked, broiled	267	26.46	17.12	0	1.69	19	0.3	steak, excluding refuse (yield=104
169544		Beef, tenderloin, roast, separable lean and fat, trimmed to 1/8" fat, all grades, cooked, roasted	324	23.9	24.6	0	3.11	9		piece, cooked, excluding refus=330
169545		Beef, tenderloin, steak, separable lean and fat, trimmed to 1/8" fat, choice, raw	246	19.82	17.88	0	1.43	25		steak=177
169546		Beef, tenderloin, roast, separable lean and fat, trimmed to 1/8" fat, select, cooked, roasted	316	23.9	23.7	0	3.11	9		piece, cooked, excluding refus=329
169547		Beef, tenderloin, separable lean and fat, trimmed to 1/8" fat, prime, raw	274	18.15	21.83	0	2.35	7		
169548		Beef, tenderloin, steak, separable lean and fat, trimmed to 1/8" fat, prime, cooked, broiled	308	25.26	22.21	0	3.15	8		steak, excluding refuse (yield=106
169549		Beef, tenderloin, roast, separable lean and fat, trimmed to 1/8" fat, prime, cooked, roasted	343	24.04	26.67	0	3.12	8	0.4	piece, cooked, excluding refus=326
169550		Beef, top sirloin, steak, separable lean and fat, trimmed to 1/8" fat, choice, cooked, pan-fried	313	28.77	21.06	0	3.42	12	0.3	piece, cooked, excluding refus=307
169551		Beef, top sirloin, steak, separable lean and fat, trimmed to 1/8" fat, select, raw	189	20.68	11.13	0	1.51	24		steak=594
169552		Beef, top sirloin, steak, separable lean and fat, trimmed to 1/8" fat, select, cooked, broiled	230	27.12	12.71	0	1.66	22		steak (yield from 1 raw steak =485
169553		Beef, chuck, clod roast, separable lean only, trimmed to 0" fat, choice, cooked, roasted	171	25.95	6.69	0	3.2	7	0.1	
169554		Beef, flank, steak, separable lean and fat, trimmed to 0" fat, select, cooked, broiled	183	27.78	7.15	0	1.68	22		steak (yield from 467 g raw me=379
169555		Beef, brisket, flat half, separable lean and fat, trimmed to 0" fat, select, cooked, braised	205	33.59	6.77	0	2.78	20		steak (yield from 388 g raw me=247
169556		Beef, rib eye, small end (ribs 10-12), separable lean and fat, trimmed to 0" fat, select, cooked, broiled	234	27.95	12.71	0	1.7	22		steak (yield from 294 g raw me=231
169557		Beef, rib eye, small end (ribs 10-12), separable lean and fat, trimmed to 0" fat, all grades, cooked, broiled	249	27.27	14.74	0	1.75	20		steak (yield from 295 g raw me=233
169558		Beef, bottom sirloin, tri-tip roast, separable lean and fat, trimmed to 0" fat, all grades, cooked, roasted	211	26.05	11.07	0	1.66	19		roast (yield from 690g raw mea=569
169559		Beef, bottom sirloin, tri-tip roast, separable lean and fat, trimmed to 0" fat, select, raw	157	20.64	7.68	0	1.51	24		roast=252
169560		Beef, round, top round steak, boneless, separable lean and fat, trimmed to 0" fat, all grades, cooked, grilled	167	29.96	4.28	0	3.24	18	0	steak (yield from 381 g raw me=277
169561		Beef, chuck, mock tender steak, separable lean only, trimmed to 0" fat, choice, cooked, broiled	161	25.74	5.69	0	3.02	8		
169562		Beef, chuck, mock tender steak, separable lean only, trimmed to 0" fat, select, cooked, broiled	157	26.13	5.02	0	2.8	7		
169563		Beef, flank, steak, separable lean and fat, trimmed to 0" fat, all grades, raw	155	21.22	7.17	0	1.55	25		steak=188
169564		Beef, flank, steak, separable lean and fat, trimmed to 0" fat, select, raw	145	21.22	6.06	0	1.54	24		steak=173
169565		Beef, chuck eye roast, boneless, America's Beef Roast, separable lean only, trimmed to 0" fat, all grades, raw	137	20.61	6.01	0	2.18	18	0.1	roast=1289
169566		Beef, chuck eye roast, boneless, America's Beef Roast, separable lean only, trimmed to 0" fat, choice, raw	139	20.67	6.21	0	2.18	17	0.1	roast=1263
169567		Beef, chuck, short ribs, boneless, separable lean only, trimmed to 0" fat, choice, cooked, braised	250	28.84	14.95	0	3.19	14	0.2	piece=272
169568		Beef, chuck, short ribs, boneless, separable lean only, trimmed to 0" fat, select, cooked, braised	224	28.79	12.08	0	3.21	14	0.1	piece=315
169569		Beef, chuck, short ribs, boneless, separable lean only, trimmed to 0" fat, all grades, cooked, braised	240	28.82	13.8	0	3.2	14	0.1	piece=289
169570		Beef, brisket, flat half, boneless, separable lean and fat, trimmed to 0" fat, select, raw	158	20.57	8.45	0	2.02	12	0.1	piece=514
169571		Beef, loin, bottom sirloin butt, tri-tip roast, separable lean only, trimmed to 0" fat, all grades, cooked, roasted	182	26.75	8.34	0	1.69	17		serving=85|roast=569
169572		Alcoholic beverage, beer, light, BUD LIGHT	29	0.25	0	1.3	0	3		
169573		Alcoholic beverage, daiquiri, canned	125	0	0	15.7	0.01	0		can (6.8 fl oz, 200 ml)=207
169574		Alcoholic beverage, daiquiri, prepared-from-recipe	186	0.06	0.06	6.84	0.09	3		cocktail (2 fl oz)=60
169575		Alcoholic beverage, beer, light, low carb	27	0.17	0	0.73	0	4	0	
169576		Candies, milk chocolate coated raisins	390	4.1	14.8	65.3	1.71	86	0	cup=180|pieces=1
169577		Syrups, table blends, pancake, reduced-calorie	165	0	0	44.55	0.03	10	0	serving 1/4 cup=73|tbsp=15|cup=240
169578		Syrups, table blends, pancake	234	0	0	61.47	0.03	3	0	cup=314|tbsp=20
169579		Candies, HERSHEY'S POT OF GOLD Almond Bar	577	12.82	38.46	41.09	1.85	192		bar 2.8 oz=78
169580		Candies, truffles, prepared-from-recipe	510	6.21	33.76	42.38	1.75	157		piece=12|recipe yield, recipe makes 49 =612
169581		Baking chocolate, MARS SNACKFOOD US, M&M's Semisweet Chocolate Mini Baking Bits	517	4.44	26.15	59.26	2.91	34		serving 0.5 oz, about 1 tbsp=14|package (net weight, 12 oz)=340
169582		Candies, MARS SNACKFOOD US, M&M's Peanut Chocolate Candies	515	9.57	26.13	56.78	1.16	102	0	serving 1 singles bag=54|package fun size=18|pieces=2|cup=170
169583		Candies, MARS SNACKFOOD US, M&M's Milk Chocolate Candies	492	4.33	21.13	68.39	1.11	105	0	package (1.69 oz)=48|box (1.48 oz)=42|cup=208|serving=21|pieces=0.7
169584		Baking chocolate, MARS SNACKFOOD US, M&M's Milk Chocolate Mini Baking Bits	502	4.78	23.36	65.7	1.23	116		serving 0.5 oz, about 1 tbsp=14
169585		Candies, peanut bar	522	15.5	33.7	43.3	0.97	78	0	bar (1.4 oz)=40|bar (1.6 oz)=45|bar (1.75 fl oz)=50
169586		Candies, peanut brittle, prepared-from-recipe	486	7.57	18.98	68.74	1.22	27	0	
169587		Candies, NESTLE, RAISINETS Chocolate Covered Raisins	422	4.4	17	68.8	1.2	85		serving 1.58 oz bag=45|serving fun size=48|serving 0.25 cup=45
169588		Candies, sesame crunch	516	11.6	33.3	42.6	4.27	639	0	piece=1.8|pieces=1.75
169589		Candies, MARS SNACKFOOD US, SNICKERS Bar	491	7.53	23.85	59.21	0.72	93	0	bar (2 oz)=57|bar, fun size=15|bar, king size (4 oz)=113
169590		Candies, MARS SNACKFOOD US, STARBURST Fruit Chews, Original fruits	408	0.41	8.21	82.57	0.01	0	0	serving fun size (8 chews)=40|serving 2.07 oz pack=59|piece=5
169591		Candies, MARS SNACKFOOD US, M&M's MINIs Milk Chocolate Candies	502	4.78	23.36	65.7	1.23	116		serving 1.0 oz tube=30|serving 0.50 oz box=15|serving 1 1.94 oz tube=55
169592		Candies, SPECIAL DARK Chocolate Bar	556	5.54	32.4	53.99	2.13	30		bar 1.45 oz=41|bar 2.6 oz=73|blocks=14|bar=17
169593		Cocoa, dry powder, unsweetened	228	19.6	13.7	20.9	13.86	128	0	cup=86|tbsp=5.4
169594		Cocoa, dry powder, unsweetened, processed with alkali	220	18.1	13.1	28.5	15.52	111	0	cup=86|tbsp=5.4
169595		Desserts, egg custard, baked, prepared-from-recipe	104	5.02	4.58	11	0.35	107		cup=282|recipe yield=563
169596		Gelatin desserts, dry mix, prepared with water	60	1.22	0	14.19	0.02	3	0	cup=270|serving=21|package 3 oz, yields 2 cups=540
169597		Gelatin desserts, dry mix, reduced calorie, with aspartame	198	15.67	0	80.11	0.06	8	0	serving=6.4
169598		Gelatin desserts, dry mix, reduced calorie, with aspartame, prepared with water	20	0.83	0	4.22	0.01	3	0	cup=234|package yield (2 cups)=469
169599		Gelatins, dry powder, unsweetened	335	85.6	0.1	0	1.11	55	0	envelope (1 tbsp)=7|package (1 oz)=28
169600		Puddings, chocolate, dry mix, instant, prepared with whole milk	111	3.1	3.1	17.8	0.29	102		cup=294|package yield (2 cups)=587
169601		Desserts, apple crisp, prepared-from-recipe	161	1.75	3.43	29.44	0.82	35		cup=282|recipe yield=844
169602		Flan, caramel custard, dry mix	348	0	0	91.6	0.08	24		package (3 oz)=85|portion, amount to make 1/2 cu=21
169603		Puddings, chocolate, dry mix, regular	362	2.6	2.1	84.8	1.82	53	0	package (3.5 oz)=99|portion, amount to make 1/2 cu=25
169604		Puddings, chocolate, dry mix, regular, prepared with whole milk	120	3.16	3.15	18.84	0.34	106	1.1	cup=284|package yield (2 cups)=570
169605		Puddings, rice, dry mix, prepared with whole milk	121	3.25	2.82	20.58	0.37	103	0.8	cup=256
169606		Puddings, tapioca, dry mix	369	0.1	0.1	94.1	0.12	4	0	package (3.5 oz)=92|portion, amount to make 1/2 cu=23
169607		Puddings, tapioca, dry mix, prepared with whole milk	115	2.84	2.89	19.43	0.06	103	0.9	cup=256
169608		Puddings, vanilla, ready-to-eat	130	1.45	3.78	22.6	0.09	49	0	container refrigerated 4 oz=110|container shelf stable 3.5 oz=97
169609		Puddings, vanilla, dry mix, regular	379	0.3	0.4	92.9	0.08	5	0	package (3.12 oz)=88|portion, amount to make 1/2 cu=22
169610		Puddings, vanilla, dry mix, regular, prepared with whole milk	113	2.8	2.9	18.82	0.04	99	1.1	cup=280|package yield (2 cups)=559
169611		Puddings, rice, dry mix, prepared with 2% milk	111	3.29	1.63	20.71	0.37	105	0.8	cup=256
169612		Puddings, tapioca, dry mix, prepared with 2% milk	105	2.88	1.67	19.56	0.06	105	0.9	cup=256
169613		Frozen novelties, ice type, fruit, no sugar added	24	0.5	0.1	6.2	0.13	2		bar=51
169614		Puddings, tapioca, ready-to-eat	130	1.95	3.88	21.69	0.11	71	0	container refrigerated 4 oz=110|container=97
169615		Puddings, coconut cream, dry mix, regular, prepared with 2% milk	104	3.1	2.5	17.6	0.2	113		cup=280|package yield (2 cups)=559
169616		Desserts, rennin, chocolate, dry mix	363	2.4	3.3	86.4	2.55	166		tbsp=9|package (2 oz)=57
169617		Rennin, chocolate, dry mix, prepared with whole milk	96	3.2	3.34	12.84	0.3	124	0.9	
169618		Frostings, coconut-nut, ready-to-eat	433	1.5	24	50.2	0.54	13	0	package=475|tbsp=17.5|package (16 oz)=462
169619		Frostings, cream cheese-flavor, ready-to-eat	415	0.1	17.3	67.32	0.16	3		tbsp creamy=16.5|tbsp whipped=12
169620		Frostings, vanilla, creamy, ready-to-eat	418	0	16.23	67.89	0.16	3	0	package=475|tbsp creamy=16.5|package (16 oz)=462
169621		Flan, caramel custard, dry mix, prepared with 2% milk	103	2.99	1.72	18.82	0.06	113	0.9	
169622		Candies, HERSHEY'S MILK CHOCOLATE WITH ALMOND BITES	568	9.76	35.73	48.12	1.5			pieces=2.29
169623		Candies, REESE'S BITES	521	11.34	29.85	52.08	0.85	112		pieces=2.44
169624		Candies, REESE'S NUTRAGEOUS Candy Bar	517	11.28	32.09	48.9	1.23	68		bar 1.92 oz=54|bars=17
169625		Frostings, chocolate, creamy, dry mix	389	1.3	5.2	89.6	1.19	11		package=388
169626		Frostings, white, fluffy, dry mix, prepared with water	244	1.5	0	62.6	0.06	4		package yields=315|package=325
169627		Candies, HERSHEY'S, ALMOND JOY BITES	563	5.58	34.5	53.24	1.33	109		pieces=2.22
169628		Candies, HERSHEY, REESESTICKS crispy wafers, peanut butter, milk chocolate	521	9.53	31.34	52.08	1.3	70	0	serving 1.5 oz=42
169629		Candies, HERSHEY, KIT KAT BIG KAT Bar	520	6.24	27.84	61.74	0.84	138		bar 1.94 oz=55|bar king size 2.8 oz=79
169630		Candies, REESE'S, FAST BREAK, milk chocolate peanut butter and soft nougats	474	8.66	23.42	58.7	0.96	61		
169631		Ice creams, vanilla, light, no sugar added	169	3.97	7.45	21.42	0.19	136	0.1	serving 1/2 cup=68
169632		Frozen novelties, fruit and juice bars	87	1.2	0.1	19.2	0.19	5	0	bar (2.5 fl oz)=77|bar (3 fl oz)=92
169633		Ice creams, chocolate, light, no sugar added	173	3.54	5.74	25.89	0.48	121	0.1	serving 1/2 cup=72
169634		Candies, dark chocolate coated coffee beans	540	7.5	30	52.45	2.7	100		serving 28 pieces=40
169635		Snacks, SUNKIST, SUNKIST Fruit Roll, strawberry, with vitamins A, C, and E	342	0.6	1	75				roll=21
169636		Snacks, fruit leather, pieces, with vitamin C	373	0.1	3.5	81.7	0.75	18		serving=21|packet=14.2
169637		Candies, milk chocolate coated coffee beans	549	7.41	33.18	49.55	2.29	169	0	
169638		Frozen novelties, ice type, lime	128	0.4	0	32.6	0.16	2	0	cup (4 fl oz)=198
169639		Candies, MARS SNACKFOOD US, SNICKERS MUNCH bar	536	15.25	36.22	38.94	1.02	54		serving 1.42 oz bar=40
169640		Honey	304	0.3	0	82.2	0.42	6	0	cup=339|tbsp=21|packet (0.5 oz)=14
169641		Jams and preserves	278	0.37	0.07	67.76	0.49	20	0	tbsp=20|packet (0.5 oz)=14
169642		Jellies	266	0.15	0.02	68.95	0.19	7	0	serving 1 tbsp=21|packet (0.5 oz)=14
169643		Candies, MARS SNACKFOOD US, POP'ABLES SNICKERS Brand Bite Size Candies	480	7.15	24.32	58.77	0.72	96		serving 13 pieces=39
169644		Candies, MARS SNACKFOOD US, POP'ABLES MILKY WAY Brand Bite Size Candies	463	3.3	18	70.85	0.5	91		serving 13 pieces=39
169645		Candies, MARS SNACKFOOD US, POP'ABLES 3 MUSKETEERS Brand Bite Size Candies	443	2.59	15.17	74.64	0.58	60		serving 15 pieces=41
169646		Candies, MARS SNACKFOOD US, STARBURST Fruit Chews, Fruit and Creme	408	0.41	8.36	82.43	0.01	0		serving fun size (8 chews)=40
169647		Candies, MARS SNACKFOOD US, STARBURST Sour Fruit Chews	400	0.39	7.78	79.73	0.01	0		serving 2.07 oz pack=59
169648		Puddings, banana, dry mix, instant	367	0	0.6	92.7	0.12	6		package (3.5 oz)=99|portion, amount to make 1/2 cu=25
169649		Puddings, banana, dry mix, instant, prepared with whole milk	115	2.62	2.8	19.76	0.05	94	1.1	cup=254
169650		Puddings, banana, dry mix, regular	366	0	0.4	92.7	0.05	20		package (3.12 oz)=88|portion, amount to make 1/2 cu=22
169651		Candies, MARS SNACKFOOD US, COCOAVIA Chocolate Bar	539	5.81	29.3	54.29	3.47	1164		serving 0.78 oz bar=22
169652		Candies, MARS SNACKFOOD US, COCOAVIA Blueberry and Almond Chocolate Bar	525	6.35	28.68	51.27	3.18	985		serving 0.78 oz bar=22
169653		Candies, MARS SNACKFOOD US, COCOAVIA Crispy Chocolate Bar	517	8.21	26.23	54.26	3.45	1070		serving 0.7 oz bar=20
169654		Puddings, lemon, dry mix, instant	378	0	0.7	95.4	0.08	2		package (3.5 oz)=99|portion, amount to make 1/2 cu=25
169655		Sugars, granulated	387	0	0	99.98	0.05	1	0	serving packet=2.8|tsp=4.2|cup=200|serving 1 cube=2.3
169656		Sugars, powdered	389	0	0	99.77	0.06	1	0	cup unsifted=120|cup sifted=100|tbsp unsifted=8|tsp=2.5
169657		Sweeteners, tabletop, aspartame, EQUAL, packets	365	2.17	0	89.08	0.04	0	0	tsp=3.5|serving 1 packet=1
169658		Sugars, maple	354	0.1	0.2	90.9	1.61	90	0	tsp=3|piece (1-3/4" x 1-1/4" x 1/2")=28
169659		Syrups, corn, high-fructose	281	0	0	76	0.03	0	0	cup=310|tbsp=19
169660		Syrups, malt	318	6.2	0	71.3	0.96	61		cup=332|tbsp=21
169661		Syrups, maple	260	0.04	0.06	67.04	0.11	102	0	tbsp=20|serving 1/4 cup=83|cup=315
169662		Syrups, sorghum	290	0	0	74.9	3.8	150	0	cup=330|tbsp=21
169663		Candies, MARS SNACKFOOD US, SNICKERS CRUNCHER	488	6.86	24.38	60.95	0.68	90		serving 1.66 oz bar=47|bar fun size=15|serving 1.56 oz bar=44
169664		Toppings, marshmallow cream	322	0.8	0.3	78.9	0.22	3	0	jar=198
169665		Toppings, pineapple	253	0.1	0.1	66	0.12	6	0	cup=340|tbsp=21
169666		Toppings, nuts in syrup	448	4.5	22	55.78	1.05	35	0	cup=328|tbsp=20.5
169667		Candies, MARS SNACKFOOD US, SKITTLES Tropical Bite Size Candies	405	0.19	4.34	90.77	0	0		serving 2.1 oz bag=62|serving fun size bag=20
169668		Frostings, glaze, prepared-from-recipe	341	0.44	0.53	83.65	0.03	17		recipe yield=327
169669		Candies, fudge, chocolate marshmallow, prepared-from-recipe	453	2.26	17.48	69.64	0.96	45		piece=20|recipe yield (60 pieces)=1229
169670		Candies, taffy, prepared-from-recipe	397	0.03	3.33	91.56	0.01	8		piece=15
169671		Candies, toffee, prepared-from-recipe	560	1.07	32.75	64.72	0.03	34		piece=12
169672		Snacks, cornnuts, barbecue-flavor	436	9	14.3	63.3	1.7	17		
169673		Snacks, crisped rice bar, almond	458	7	20.4	61	6.35	74		bar (1 oz)=28
169674		Snacks, granola bars, soft, uncoated, chocolate chip	418	5.65	16.57	66.4	2.19	41	0	bar (1.5 oz)=43|bar (1 oz)=28
169675		Snacks, granola bars, soft, uncoated, chocolate chip, graham and marshmallow	427	6.1	15.5	66.8	2.57	89		bar (1 oz)=28
169676		Snacks, granola bars, soft, uncoated, nut and raisin	454	8	20.4	58	2.18	84		bar (1 oz)=28
169677		Snacks, potato chips, plain, salted	532	6.39	33.98	50.73	1.28	21	0	chips=1.27|bag (8 oz)=227
169678		Snacks, potato chips, made from dried potatoes, cheese-flavor	551	7	37	47.2	1.6	110		can (6.25 oz)=191
169679		Snacks, rice cakes, brown rice, corn	385	8.4	3.2	78.3	1.17	9		cake=9|cakes=9
169680		Snacks, rice cakes, brown rice, multigrain	387	8.5	3.5	77.1	1.96	21		cake=9|cakes=9
169681		Snacks, granola bars, hard, peanut butter	483	9.8	23.8	59.4	2.4	41		bar=24
169682		Snacks, potato chips, cheese-flavor	496	8.5	27.2	52.5	1.84	72		bag (6 oz)=170
169683		Snacks, potato chips, reduced fat	471	7.1	20.8	61	1.35	21	0	bag (6 oz)=170
169684		Snacks, potato chips, fat-free, made with olestra	274	7.74	0.7	58.2	2.4	35	0	
169685		Popcorn, sugar syrup/caramel, fat-free	381	2	1.4	87.56	0.8	18	0	
169686		Snacks, potato chips, fat free, salted	379	9.64	0.6	76.26	3.57	35	0	bag (8 oz)=227
169687		Snacks, KELLOGG, KELLOGG'S RICE KRISPIES TREATS Squares	417	3.4	9	80.5	2.2	3	0	serving=22
169688		Snacks, KELLOGG, KELLOGG'S Low Fat Granola Bar, Crunchy Almond/Brown Sugar	390	8	7.4	71.8	8.6	35		bar=37
169689		Snacks, M&M MARS, KUDOS Whole Grain Bar, chocolate chip	420	4.47	13.02	69.71	1.4	1084		bar=28
169690		Candies, semisweet chocolate, made with butter	477	4.2	29.7	57.5	3.13	32		cup chips (6 oz package)=170|cup large chips=182|cup mini chips=173
169691		Gelatin desserts, dry mix, with added ascorbic acid, sodium-citrate and salt	381	7.8	0	90.5	0.15	3		package (3 oz)=85|portion, amount to make 1/2 cu=21
169692		Gelatin desserts, dry mix, reduced calorie, with aspartame, added phosphorus, potassium, sodium, vitamin C	345	55.3	0	33.3	0.02	2		tbsp=9|package (0.35 oz)=10|portion, amount to make 1/2 cu=2.5
169693		Gelatin desserts, dry mix, reduced calorie, with aspartame, no added sodium	345	55.3	0	33.3	0.02	2		tbsp=9|package (0.35 oz)=10|portion, amount to make 1/2 cu=2.5
169694		Corn flour, masa, enriched, white	363	8.46	3.69	70.19	8.5	138	0	cup=114
169695		Corn flour, yellow, degermed, unenriched	375	5.59	1.39	80.85	0.91	2	0	cup=126
169696		Corn flour, masa, unenriched, white	363	8.46	3.69	70.19	1.47	138	0	cup=114
169697		Cornmeal, whole-grain, yellow	362	8.12	3.59	69.59	3.45	6	0	cup=122
169698		Cornstarch	381	0.26	0.05	90.37	0.47	2	0	cup=128
169699		Couscous, dry	376	12.76	0.64	72.43	1.08	24	0	cup=173
169700		Couscous, cooked	112	3.79	0.16	21.82	0.38	8	0	cup, cooked=157|cup, dry, yields=528
169701		Hominy, canned, white	72	1.48	0.88	11.76	0.62	10	0	cup=165
169702		Millet, raw	378	11.02	4.22	64.35	3.01	8	0	cup=200
169703		Rice, brown, long-grain, raw (Includes foods for USDA's Food Distribution Program)	367	7.54	3.2	72.65	1.29	9	0	cup=185
169704		Rice, brown, long-grain, cooked (Includes foods for USDA's Food Distribution Program)	123	2.74	0.97	23.98	0.56	3	0	cup=202
169705		Oats (Includes foods for USDA's Food Distribution Program)	389	16.89	6.9	55.67	4.72	54	0	cup=156
169706		Rice, brown, medium-grain, raw (Includes foods for USDA's Food Distribution Program)	362	7.5	2.68	72.77	1.8	33	0	cup=190
169707		Rice, white, long-grain, parboiled, enriched, dry	374	7.51	1.03	79.09	3.33	71	0	cup=185
169708		Rice, white, long-grain, parboiled, enriched, cooked	123	2.91	0.37	25.15	1.81	19	0	cup=158
169709		Rice, white, long-grain, precooked or instant, enriched, dry	380	7.82	0.94	80.42	6.3	22	0	cup=95
169710		Rice, white, long-grain, precooked or instant, enriched, prepared	124	2.18	0.5	26.16	1.77	8	0	cup=165
169711		Rice, white, glutinous, unenriched, cooked	97	2.02	0.19	20.09	0.14	2	0	cup=174
169712		Rice, white, steamed, Chinese restaurant	151	3.2	0.27	32.98	0.39	5		cup, loosely packed=132
169713		Rice bran, crude	316	13.35	20.85	28.69	18.54	57	0	cup=118
169714		Rice flour, white, unenriched	366	5.95	1.42	77.73	0.35	10	0	cup=158
169715		Semolina, enriched	360	12.68	1.05	68.93	4.36	17	0	cup=167
169716		Sorghum grain	329	10.62	3.46	65.39	3.36	13	0	cup=192
169717		Tapioca, pearl, dry	358	0.19	0.02	87.79	1.58	20	0	cup=152
169718		Triticale	336	13.05	2.09	72.13	2.57	37	0	cup=192
169719		Wheat, hard white	342	11.31	1.71	63.7	4.56	32	0	cup=192
169720		Wheat, soft white	340	10.69	1.99	62.66	5.37	34	0	cup=168
169721		Wheat, durum	339	13.68	2.47	71.13	3.52	34	0	cup=192
169722		Wheat bran, crude	216	15.55	4.25	21.71	10.57	73	0	cup=58
169723		Wheat flour, white, cake, enriched	362	8.2	0.86	76.33	7.32	14	0	cup unsifted, dipped=137
169724		Wheat flour, white, tortilla mix, enriched	405	9.66	10.63	67.14	7.05	205	0	cup=111
169725		Wheat, sprouted	198	7.49	1.27	41.43	2.14	28	0	cup=108
169726		Wild rice, raw	357	14.73	1.08	68.7	1.96	21	0	cup=160
169727		Pasta, fresh-refrigerated, plain, as purchased	288	11.31	2.3	54.73	3.35	15		
169728		Pasta, fresh-refrigerated, plain, cooked	131	5.15	1.05	24.93	1.14	6		
169729		Pasta, fresh-refrigerated, spinach, as purchased	289	11.26	2.1	55.72	3.3	43		
169730		Pasta, fresh-refrigerated, spinach, cooked	130	5.06	0.94	25.04	1.11	18		
169731		Noodles, egg, dry, enriched	384	14.16	4.44	67.97	4.01	35	0.3	cup=38
169732		Noodles, egg, enriched, cooked	138	4.54	2.07	23.96	1.47	12	0.1	cup=160
169733		Noodles, egg, spinach, enriched, dry	382	14.61	4.55	63.52	4.2	56		cup=38
169734		Noodles, egg, spinach, enriched, cooked	132	5.04	1.57	21.95	1.09	19	0.1	cup=160
169735		Noodles, flat, crunchy, Chinese restaurant	521	10.33	31.72	50	1.76	21	0	cup=45
169736		Pasta, dry, enriched	371	13.04	1.51	71.47	3.3	21	0	cup spaghetti=91|cup elbows=122|cup penne=95|cup farfalle=81|cup rotini=96
169737		Pasta, cooked, enriched, without added salt	158	5.8	0.93	29.06	1.28	7	0	cup spaghetti not packed=124|cup spaghetti packed=151|cup elbows not packed=120|cup elbows packed=132|cup penne=107
169738		Pasta, whole-wheat, dry (Includes foods for USDA's Food Distribution Program)	352	13.87	2.93	64.17	3.62	29	0	cup spaghetti=91|cup elbows=122|cup penne=95|cup farfalle=81|cup rotini=96
169739		Barley flour or meal	345	10.5	1.6	64.42	2.68	32	0	cup=148
169740		Barley malt flour	361	10.28	1.84	71.2	4.71	37	0	cup=162
169741		Oat flour, partially debranned	404	14.66	9.12	59.2	4	55	0	cup=104
169742		Rice noodles, dry	364	5.95	0.56	78.58	0.7	18	0	
169743		Wheat, KAMUT khorasan, uncooked	337	14.54	2.13	59.48	3.77	22		cup=186
169744		Wheat, KAMUT khorasan, cooked	132	5.71	0.83	23.3	1.76	9		cup=172
169745		Spelt, uncooked	338	14.57	2.43	59.49	4.44	27		cup=174
169746		Spelt, cooked	127	5.5	0.85	22.54	1.67	10		cup=194
169747		Teff, uncooked	367	13.3	2.38	65.13	7.63	180		cup=193
169748		Corn flour, whole-grain, white	361	6.93	3.86	69.55	2.38	7	0	cup=117
169749		Corn flour, yellow, masa, enriched	363	8.46	3.69	70.19	8.5	138	0	cup=114
169750		Cornmeal, whole-grain, white	362	8.12	3.59	69.59	3.45	6	0	cup=122
169751		Pasta, cooked, enriched, with added salt	157	5.8	0.93	28.79	1.28	7	0	cup spaghetti not packed=124|cup packed=151|cup elbows not packed=120|cup elbows packed=132|cup penne=107
169752		Hominy, canned, yellow	72	1.48	0.88	11.76	0.62	10	0	cup=160
169753		Rice, white, long-grain, regular, cooked, enriched, with salt	130	2.69	0.28	27.77	1.2	10	0	cup=158
169754		Wheat flour, white, all-purpose, enriched, calcium-fortified	364	10.33	0.98	73.61	4.64	252	0	cup=125
169755		Noodles, egg, dry, unenriched	384	14.16	4.44	67.97	1.9	35	0.3	cup=38
169756		Rice, white, long-grain, regular, raw, unenriched	365	7.13	0.66	78.65	0.8	28	0	cup=185
169757		Rice, white, long-grain, regular, unenriched, cooked without salt	130	2.69	0.28	27.77	0.2	10	0	cup=158
169758		Rice, white, long-grain, parboiled, unenriched, dry	374	7.51	1.03	79.09	0.74	71	0	cup=185
169759		Rice, white, long-grain, parboiled, unenriched, cooked	123	2.91	0.37	25.15	0.24	19	0	cup=158
169760		Rice, white, medium-grain, raw, unenriched	360	6.61	0.58	79.34	0.8	9	0	cup=195
169761		Wheat flour, white, all-purpose, unenriched	364	10.33	0.98	73.61	1.17	15	0	cup=125
169762		Noodles, egg, cooked, unenriched, with added salt	138	4.54	2.07	23.96	0.6	12		cup=160
169763		Potatoes, yellow fleshed, roasted, salt added in processing, frozen, unprepared	119	1.99	1.85	20.84	0.45	11		
169764		Potatoes, yellow fleshed, french fried, frozen, unprepared	162	2.47	5.84	22.81	0.48	9		
169765		Ginger root, pickled, canned, with artificial sweetener	20	0.33	0.1	2.23	0.28	74	0	tablespoon=12.5
169766		Peppers, hot pickled, canned	22	0.8	0.4	1.96	0.32	61	0	cup drained=136
169767		Vegetable juice, BOLTHOUSE FARMS, DAILY GREENS	31	0.49	0.04	6.23	3.85	110	0	cup=269
169768		Potatoes, mashed, ready-to-eat	106	1.97	5.01	11.39	0.27	34	0.1	cup=229|container=700
169769		Macaroni and cheese, box mix with cheese sauce, unprepared	334	12.73	10.67	44.86	2.07	145	0	serving (3.5 oz)=25|serving (4 oz)=37
169770		Macaroni and cheese, box mix with cheese sauce, prepared	164	6.68	4.99	21.9	1.17	85		cup prepared=189
169771		Taquitos, frozen, chicken and cheese, oven-heated	284	9.21	12.54	30.73	2.47	104	0.1	piece=42
169772		Taquitos, frozen, beef and cheese, oven-heated	287	9.4	12.79	30.66	2.67	97	0	piece=42
169773		Potsticker or wonton, pork and vegetable, frozen, unprepared	136	8.28	5.52	11.88	0.74	28	0.2	pieces 1 serving=29
169774		Macaroni or noodles with cheese, made from reduced fat packaged mix, unprepared	297	13.1	4.03	50.06	1.81	202	0	serving (3.5 oz)=99
169775		Turnover, cheese-filled, tomato-based sauce, frozen, unprepared	235	10.24	9.45	25.69	1.85	276	0.1	serving 4.5 oz=127
169776		Macaroni or noodles with cheese, microwaveable, unprepared	388	11.48	6.56	69.15	2.36	328	0	serving 1 pouch=61
169777		Spanish rice mix, dry mix, prepared (with canola/vegetable oil blend or diced tomatoes and margarine)	125	3.27	2.38	21.24	1.02	18		cup=198
169778		Rice mix, cheese flavor, dry mix, unprepared	362	8.77	3.51	72.08	4.74	140	0	cup dry rice mix=228
169779		Dumpling, potato- or cheese-filled, frozen	195	5.26	6.14	28.74	1.26	35	0	pieces pierogies=38
169780		Turnover, chicken- or turkey-, and vegetable-filled, reduced fat, frozen	168	7.87	5.51	18.64	2.13	157	0.1	piece turnover 1 serving=127
169781		Sausage, egg and cheese breakfast biscuit	324	9.54	22.13	19.57	1.85	136	0.7	biscuit=126|box=526
169782		HUNGRY MAN, Salisbury Steak With Gravy, frozen, unprepared	136	7.96	8.53	5.66	1.02	29		patty=64
169783		BANQUET, Salisbury Steak With Gravy, family size, frozen, unprepared	155	6.89	11.1	5.96	0.98	51		patty=72
169784		JIMMY DEAN, Sausage, Egg, and Cheese Breakfast Biscuit, frozen, unprepared	328	9.29	22.9	19.07	1.84	137		biscuit=128|box=595
169785		Infant formula, GERBER, GOOD START, PROTECT PLUS, powder	512	11.3	26.1	57	7.7	343	7.7	scoop=9.4
169786		Infant Formula, GERBER GOOD START 2, GENTLE PLUS, powder	492	10.8	25.1	57.1	9.8	935	7.4	scoop=9.4
169787		Infant formula, GERBER, GOOD START 2, PROTECT PLUS, powder	501	11.1	25.7	56.3	10	956	7.7	scoop=9.4
169788		Infant formula, MEAD JOHNSON, ENFAMIL, ENFAGROW, Soy, Toddler transitions, with ARA and DHA, powder	476	15.7	21	56	9.5	930	7	scoop=9.4
169789		Infant formula, MEAD JOHNSON, ENFAMIL, Premature, 24 calories ready-to-feed Low iron	67	1.97	3.34	7.19	0.33	108	3.9	
169790		Infant Formula, MEAD JOHNSON, ENFAMIL, Premium, Infant, ready-to-feed	66	1.38	3.48	7.39	1.18	51	1.2	
169791		Infant Formula, MEAD JOHNSON, ENFAMIL, Premium, Infant, powder	510	10.8	27	57	9.2	390	7.5	scoop=8.7
169792		Babyfood, GERBER, Banana with orange medley	69	1.06	0	18.31	0.23	0	0	jar=113
169793		Bear, black, meat (Alaska Native)	155	20.1	8.3	0	7.2			
169794		Bear, polar, meat, raw (Alaska Native)	130	25.6	3.1	0	6.1	17		
169795		Whale, beluga, meat, dried (Alaska Native)	327	69.86	5.34	0	72.35	22		strip=45
169796		Whale, beluga, eyes (Alaska Native)	291	19.6	23.3	0				
169797		Whale, beluga, meat, raw (Alaska Native)	111	26.5	0.5	0	25.9	7		
169798		Fish, blackfish, whole (Alaska Native)	82	15.5	1.75	0	4.6	236		
169799		Blueberries, wild, frozen (Alaska Native)	44	0.7	0	10.4	1.1	15		
169800		Caribou, bone marrow, raw (Alaska Native)	786	6.7	84.4	0	4.5			
169801		Caribou, eye, raw (Alaska Native)	326	10.8	31.4	0	4.7	19		
169802		Cloudberries, raw (Alaska Native)	51	2.4	0.8	8.6	0.7	18		
169803		Cockles, raw (Alaska Native)	79	13.5	0.7	4.7	16.2	30		
169804		Cranberries, wild, bush, raw (Alaska Native)	55	1.1	0.2	5.6	1	20		
169805		Cranberry, low bush or lingenberry, raw (Alaska Native)	55	0.4	0.5	12.2	0.4	26		
169806		Fish, herring eggs, Pacific, plain (Alaska Native)	74	9.6	1.93	4.47	2.7	19		
169807		Fish, herring, Pacific, flesh, air-dried, packed in oil (Alaska Native)	489	44.5	34.6	0				
169808		Huckleberries, raw (Alaska Native)	37	0.4	0.1	8.7	0.3	15		
169809		Fish, lingcod, meat, raw (Alaska Native)	79	17.9	0.8	0				
169810		Fish, lingcod, liver (Alaska Native)	424	5.6	42	6	1	5		
169811		Tennis Bread, plain (Apache)	258	9	1.05	50.66	3.4	67		
169812		Fish, halibut, cooked, with skin (Alaska Native)	113	22.13	2.73	0	0.36	33		
169813		Salmon, red (sockeye), filets with skin, smoked (Alaska Native)	345	60.62	11.43	0	1.06	58		filet=108|strip=136
169814		Agave, raw (Southwest)	68	0.52	0.15	9.63	1.8	417	0	
169815		Lambsquarters, steamed (Northern Plains Indians)	48	4.06	0.16	2.27	1.15	349		cup=65
169816		Prickly pears, raw (Northern Plains Indians)	42	0.12	0.11	4.87	0.2	180		pad peeled=19|pad=61
169817		Prickly pears, broiled (Northern Plains Indians)	91	0.39	0.31	21.57				pad=7.5
169818		Prairie Turnips, raw (Northern Plains Indians)	156	2.62	0.36	27.67	1.27	130		bulb peeled=12.6
169819		Stinging Nettles, blanched (Northern Plains Indians)	42	2.71	0.11	0.59	1.64	481		cup=89
169820		Plums, wild (Northern Plains Indians)	91	0.43	0.17	15.95	0.17	11		cup=161
169821		Pinon Nuts, roasted (Navajo)	541	7.41	34.08	7.66	3.53	18		
169822		Caribou, hind quarter, meat, cooked (Alaska Native)	159	28.81	4.82	0	4.8	5		cup=132|piece=102
169823		Agutuk, fish with shortening (Alaskan ice cream) (Alaska Native)	470	9	43.5	10.5	0.2			
169824		Sea lion, Steller, meat with fat (Alaska Native)	242	22.1	14.65	5.55	9.55	6	0	
169825		Sea lion, Steller, fat (Alaska Native)	850	0.9	94	0			0	
169826		Wocas, dried seeds, Oregon, yellow pond lily (Klamath)	361	7.9	1.07	60.82	1.47	27		
169827		Hazelnuts, beaked (Northern Plains Indians)	628	14.89	52.99	13.18	3.12	441		nut=0.4
169828		Tea, herbal, brewed, Hohoysi (Hopi)	2	0.12	0.2	0	0.03	5		
169829		Tortilla, blue corn, Sakwavikaviki (Hopi)	276	7.83	1.4	54.72	2.89	174		piece=57
169830		Bread, blue corn, somiviki (Hopi)	186	3.1	1.53	36.24	1.58	34		
169831		APPLEBEE'S, 9 oz house sirloin steak	189	26.85	9.08	0	2.07	16		serving=157
169832		T.G.I. FRIDAY'S, FRIDAY'S Shrimp, breaded	302	11.87	19.02	20.87	0.53	33		serving=175
169833		T.G.I. FRIDAY'S, french fries	296	3.74	14.82	32.8	0.98	19		serving=184
169834		T.G.I. FRIDAY'S, fried mozzarella	333	15.82	18.76	23.13	0.59	351		piece=35|serving=212
169835		T.G.I. FRIDAY'S, macaroni & cheese, from kid's menu	121	5.03	3.45	16.4	0.53	89		cup=144|serving=236
169836		Restaurant, family style, french fries	289	3.49	14.04	33.3	0.91	17		serving=170
169837		Restaurant, family style, chicken fingers, from kid's menu	307	18.68	17.45	17.67	0.76	21		serving=114|piece=37
169838		Restaurant, family style, shrimp, breaded and fried	308	12.67	18.67	20.79	1.16	42	0	serving=169
169839		Restaurant, family style, macaroni & cheese, from kids' menu	151	5.42	6.06	17.7	0.68	99	0.1	cup=136|serving=210
169840		APPLEBEE'S, crunchy onion rings	356	4.58	19.61	37.07	0.67	22		serving=350
169841		APPLEBEE'S, chicken tenders platter	297	19.62	16.24	16.98	0.9	23		serving=209
169842		CRACKER BARREL, chicken tenderloin platter, fried	293	18.06	15.48	19.59	0.59	12		serving=175
169843		CRACKER BARREL, coleslaw	175	0.89	13.22	11.41	0.29	34		serving=167
169844		DENNY'S, onion rings	385	5.29	22.23	38.65	0.74	22		serving=166
169845		DENNY'S, spaghetti and meatballs	170	7.84	8.52	14.01	1.29	45		serving=565|cup=134
169846		Restaurant, family style, fish fillet, battered or breaded, fried	219	13.49	10.79	15.99	0.38	14	0.4	serving=226
169847		Restaurant, family style, chicken tenders	302	18.88	16.63	18.39	0.74	18		serving=201
169848		Restaurant, family style, hash browns	197	2.49	8.99	23.89	0.56	17		cup=94|serving=124
169849		CRACKER BARREL, macaroni n' cheese	194	6.49	11.75	14.51	0.57	145		serving=175|cup=149
169850		Restaurant, Italian, lasagna with meat	185	10.83	10.69	9.86	0.79	197	0	serving=457
169851		OLIVE GARDEN, lasagna classico	184	11.28	10.84	8.73	0.75	211		serving=422
169852		OLIVE GARDEN, spaghetti with pomodoro sauce	102	4.26	1.85	15.44	0.98	11		serving=478
169853		CARRABBA'S ITALIAN GRILL, spaghetti with pomodoro sauce	104	3.42	1.75	16.93	0.74	17		serving=489
169854		ON THE BORDER, cheese enchilada	271	11.67	17.74	14.4	0.71	293		serving serving size varied fr=250|enchilada=120.5
169855		Restaurant, Mexican, cheese enchilada	273	11.24	18.47	13.55	0.66	314		serving serving size varied fr=244|enchilada=137
169856		Restaurant, Mexican, cheese tamales	216	8.99	11.99	15.77	0.87	111		serving serving size varied fr=302|tamale=179
169857		CARRABBA'S ITALIAN GRILL, chicken parmesan without cavatappi pasta	206	19	10.95	6.9	0.78	142		serving=339
169858		OLIVE GARDEN, chicken parmigiana without pasta	211	15.33	11.23	11.38	0.58	95		serving=304
169859		Cereals ready-to-eat, POST, HONEY BUNCHES OF OATS, with almonds	409	7.7	7.3	74.1	33.8	35	3.1	cup (1 NLEA serving)=42.67
169860		Margarine-like, vegetable oil spread, stick or tub, sweetened	534	0	52	16.7	0	0	0	tablespoon=14
169861		Snacks, popcorn, home-prepared, oil-popped, unsalted	500	9	28.1	48.1	2.78	10	0	cup=8
169862		Cereals ready-to-eat, POST, GREAT GRAINS Crunchy Pecan Cereal	403	9	10.5	63.3	17.3	39	1.9	cup (1 NLEA serving)=69.33
169863		Snacks, granola bar, with coconut, chocolate coated	531	5.2	32.2	49	1.75	42	0	
169864		Babyfood, vegetable and brown rice, strained	69	1.9	1.5	11	0.4	14	0	cup=230|tbsp=14.4|jar Earth's Best (4.5 oz)=128
169865		Babyfood, peas and brown rice	64	3.4	0.5	8.99	1.5	14	0	cup=230|tbsp=14.4|jar Earth's Best (4.5 oz)=128
169866		Frankfurter, meat and poultry, low fat	121	15.5	2.8	8.3	0.91	12	0.1	cup, sliced=143
169867		Oil, corn and canola	884	0	100	0	0	0	0	tbsp=14|cup=224|teaspoon=4.5
169868		Milk, fluid, nonfat, calcium fortified (fat free or skim)	35	3.4	0.18	4.85	0.04	204	1.2	cup=247
169869		Peanut butter, reduced sodium	590	24	49.9	15.23	1.9	41	0	tbsp=16
169870		Cereals ready-to-eat, POST GREAT GRAINS Banana Nut Crunch	390	9.8	8.8	59.7	28	44	1.7	cup (1 NLEA serving)=59
169871		Babyfood, carrots, toddler	21	0.6	0.3	2.93	0.2	19	0	
169872		Babyfood, dessert, banana pudding, strained	68	1	0.8	13.34	0.3	11	0.1	tbsp=15|jar NFS=113|jar Beech-Nut Stage 2 (4 oz)=113|jar Heinz Strained-2 (4.25 oz)=120
169873		Babyfood, fruit, tutti frutti, strained	66	0.4	0.3	14.88	0.2	15	0	tbsp=15|jar NFS=113|jar Heinz Strained-2 (4 oz)=113
169874		Babyfood, fruit, tutti frutti, junior	69	0.4	0.4	15.6	0.3	14	0	tbsp=15|jar NFS=170|jar Heinz Junior-3 (6 oz)=170
169875		Salad dressing, sweet and sour	15	0.1	0	3.7	0.04	4	0	tbsp=16|cup=250
169876		Salad dressing, blue or roquefort cheese, low calorie	99	5.1	7.2	2.9	0.5	89	0	tbsp=15|cup=245
169877		Salad dressing, caesar, low calorie	110	0.3	4.4	18.5	0.18	24	0	tbsp=15|cup=240
169878		Syrups, sugar free	51	0.8	0	11.29	0	0	0	cup=240|tbsp=15
169879		Jellies, no sugar (with sodium saccharin), any flavors	121	0.55	0	27.4	0.15	31	0	cup=300|tbsp=19
169880		Candies, hard, dietetic or low calorie (sorbitol)	394	0	0	98.6	0	0	0	piece=3
169881		Candies, chocolate covered, low sugar or low calorie	590	12.39	43.27	34.18	1.45	285	0.1	serving=36
169882		Chewing gum, sugarless	268	0	0.4	92.4	0	20	0	piece=2
169883		Fluid replacement, electrolyte solution (include PEDIALYTE)	10	0	0	2.45	0	10	0	cup (8 fl oz)=250
169884		Vermicelli, made from soy	331	0.1	0.1	78.42	1.81	55	0	cup=140
169885		Beans, liquid from stewed kidney beans	47	1.8	3.2	2.7	1.96	13	0	cup=240
169886		Chicken, meatless	224	23.64	12.73	0.04	3.27	35	0	cup=168
169887		Frankfurter, meatless	233	19.61	13.73	3.8	1.41	33	0	cup, sliced=140|frankfurter=70
169888		Vegetarian meatloaf or patties	197	21	9	3.4	2.1	29	0	slice=56
169889		Radishes, hawaiian style, pickled	28	1.1	0.3	3	0.23	28	0	cup=150
169890		Cabbage, japanese style, fresh, pickled	30	1.6	0.1	2.57	0.49	48	0	cup=150
169891		Cabbage, mustard, salted	28	1.1	0.1	2.53	0.7	67	0	cup=128
169892		Eggplant, pickled	49	0.9	0.7	7.27	0.77	25	0	cup=136
169893		Bacon bits, meatless	476	32	25.9	18.4	0.72	101	0	tbsp=7
169894		Butter replacement, without fat, powder	373	2	1	89	2	23	0	cup=80
169895		Salad dressing, buttermilk, lite	202	1.25	12.42	20.23	0.69	40	0	tablespoon=15|serving (2 tbsp)=30
169896		Sweeteners, tabletop, fructose, dry, powder	368	0	0	100	0.1	0	0	cup=196|tsp=4.2|individual packet=3
169897		Beverage, instant breakfast powder, chocolate, sugar-free, not reconstituted	358	35.8	5.1	39	2.3	500	0	tbsp=5.6|envelope=20
169898		Yogurt, fruit variety, nonfat	95	4.4	0.2	19	0.07	152	0	container (6 oz)=170|container (4.4 oz)=125|cup (8 fl oz)=245|container (8 oz)=227
169899		Whipped cream substitute, dietetic, made from powdered mix	100	0.9	6	10.6	0.01	3	0	cup=80
169900		Frozen novelties, ice cream type, sundae, prepackaged	190	4.3	6	29.34	0.25	120	0.1	serving=74
169901		Cheese, american cheddar, imitation	239	16.7	14	11.6	0.33	562	0	slice=21|cubic inch=18|cup=224
169902		Quail, cooked, total edible	227	25.1	14.1	0	4.43	15	0.2	
169903		Pheasant, cooked, total edible	239	32.4	12.1	0	1.43	16	0.2	cup, chopped or diced=140
169904		Eggs, scrambled, frozen mixture	131	13.1	5.6	7.5	0.23	17	1.8	
169905		Dove, cooked (includes squab)	213	23.9	13	0	5.91	17	0.2	cup, chopped or diced=140
169906		Pork, cured, ham, boneless, low sodium, extra lean and regular, roasted	165	22	7.7	0.5	1.4	8	0.8	cubic inch, boneless=17
169907		Longans, dried	286	4.9	0.4	74	5.4	45		fruit=1.7
169908		Loquats, raw	47	0.43	0.2	10.44	0.28	16		cup, cubed=149|large=20|medium=16|small=13.6
169909		Mammy-apple, (mamey), raw	51	0.5	0.5	9.5	0.7	11		fruit without refuse=846
169910		Mangos, raw	60	0.82	0.38	13.38	0.16	11	0	cup pieces=165|fruit without refuse=336
169911		Melons, honeydew, raw	36	0.54	0.14	8.29	0.17	6	0	cup, diced (approx 20 pieces p=170|cup, balls=177|melon (5-1/4" dia)=1000|melon (6" - 7" dia)=1280|wedge (1/8 of 5-1/4" dia melon=125
169912		Melon balls, frozen	33	0.84	0.25	7.24	0.29	10	0	cup, unthawed=173
169913		Mulberries, raw	43	1.44	0.39	8.1	1.85	39	0	cup=140|fruit=1.5
169914		Nectarines, raw	44	1.06	0.32	8.85	0.28	6	0	cup slices=143|small (2-1/3" dia)=129|medium (2-1/2" dia)=142|large (2-3/4" dia)=156|NLEA serving=140
169915		Oheloberries, raw	28	0.38	0.22	6.84	0.09	7		cup=140|fruit=1.1
169916		Oranges, raw, California, valencias	49	1.04	0.3	9.39	0.09	40	0	cup sections, without membrane=180|fruit (2-5/8" dia)=121
169917		Oranges, raw, navels (Includes foods for USDA's Food Distribution Program)	49	0.91	0.15	10.34	0.13	43	0	cup sections, without membrane=165|fruit (2-7/8" dia)=140|NLEA serving=154
169918		Oranges, raw, Florida	46	0.7	0.21	9.14	0.09	43	0	cup sections, without membrane=185|fruit (2-5/8" dia)=141|fruit (2-11/16" dia)=151
169919		Oranges, raw, with peel	63	1.3	0.3	11	0.8	70		cup=170|fruit without seeds=159
169920		Orange juice, chilled, includes from concentrate, with added calcium	47	0.68	0.12	10.97	0.13	140	0	cup=249
169921		Orange juice, frozen concentrate, unsweetened, diluted with 3 volume water, with added calcium	37	0.6	0.06	8.27	0.08	147	0	cup=249
169922		Orange juice, frozen concentrate, unsweetened, undiluted, with added calcium	147	2.4	0.25	32.86	0.33	578	0	cup=262
169923		Orange juice, frozen concentrate, unsweetened, undiluted	148	2.4	0.25	34.19	0.33	38	0	cup=262
169924		Tangerines, (mandarin oranges), canned, light syrup pack	61	0.45	0.1	15.49	0.37	7	0	cup=252
169925		Tangerine juice, raw	43	0.5	0.2	9.9	0.2	18	0	cup=247
169926		Papayas, raw	43	0.47	0.26	9.12	0.25	20	0	cup 1" pieces=145|cup, mashed=230|fruit, small=157|fruit, large=781
169927		Papaya, canned, heavy syrup, drained	206	0.14	0.55	54.33	0.29	21		piece=39
169928		Peaches, yellow, raw	39	0.91	0.25	8.04	0.25	6	0	cup slices=154|small (2-1/2" dia)=130|medium (2-2/3" dia)=150|large (2-3/4" dia)=175|extra large (3" dia)=224
169929		Peaches, canned, water pack, solids and liquids	24	0.44	0.06	4.81	0.32	2	0	cup, halves or slices=244|half, with liquid=98
169930		Peaches, canned, juice pack, solids and liquids	44	0.63	0.03	10.27	0.27	6	0	cup=250|cup, halves or slices=248|half, with liquid=98
169931		Peaches, canned, extra light syrup, solids and liquids (Includes foods for USDA's Food Distribution Program)	42	0.4	0.1	10.1	0.3	5	0	cup, halves or slices=247
169932		Peaches, dehydrated (low-moisture), sulfured, uncooked	325	4.89	1.03	83.18	5.51	38	0	cup=116
169933		Peaches, dehydrated (low-moisture), sulfured, stewed	133	2.01	0.42	34.14	2.26	16	0	cup=242
169934		Peaches, dried, sulfured, uncooked	239	3.61	0.76	53.13	4.06	28	0	cup, halves=160|half=13
169935		Peaches, dried, sulfured, stewed, without added sugar	77	1.16	0.25	16.99	1.31	9	0	cup=258
169936		Pears, canned, juice pack, solids and liquids	50	0.34	0.07	11.34	0.29	9	0	cup, halves=248|half, with liquid=76
169937		Pears, canned, extra light syrup pack, solids and liquids (Includes foods for USDA's Food Distribution Program)	47	0.3	0.1	10.6	0.2	7	0	cup, halves=247|half, with liquid=76
169938		Pears, canned, light syrup pack, solids and liquids	57	0.19	0.03	13.57	0.28	5	0	cup, halves=251|half, with liquid=76
169939		Pears, canned, heavy syrup pack, solids and liquids	74	0.2	0.13	17.57	0.22	5	0	cup=266|half, with liquid=76
169940		Pear nectar, canned, without added ascorbic acid	60	0.11	0.01	15.16	0.26	5	0	cup=250
169941		Persimmons, japanese, raw	70	0.58	0.19	14.99	0.15	8	0	fruit (2-1/2" dia)=168
169942		Persimmons, japanese, dried	274	1.38	0.59	58.93	0.74	25	0	fruit without refuse=34
169943		Persimmons, native, raw	127	0.8	0.4	33.5	2.5	27		fruit without refuse=25
169944		Pineapple, canned, heavy syrup pack, solids and liquids	78	0.35	0.11	19.4	0.38	14	0	cup, crushed, sliced, or chunk=254|slice or ring (3" dia) with li=49
169945		Pineapple, canned, extra heavy syrup pack, solids and liquids	83	0.34	0.11	20.7	0.38	14	0	cup, crushed, sliced, or chunk=260
169946		Pineapple, frozen, chunks, sweetened	86	0.4	0.1	21.1	0.4	9	0	cup, chunks=245
169947		Pineapple juice, canned or bottled, unsweetened, without added ascorbic acid	53	0.36	0.12	12.67	0.31	13	0	cup=250
169948		Pineapple juice, frozen concentrate, unsweetened, undiluted	179	1.3	0.1	43.6	0.9	39	0	can (6 fl oz)=216
169949		Plums, raw	46	0.7	0.28	10.02	0.17	6	0	cup, sliced=165|fruit (2-1/8" dia)=66|NLEA serving=151
169950		Plums, canned, purple, water pack, solids and liquids	41	0.39	0.01	10.13	0.16	7	0	cup, pitted=249|plum with liquid=46
169951		Plums, canned, purple, juice pack, solids and liquids	58	0.51	0.02	14.25	0.34	10	0	cup, pitted=252|plum with liquid=46
169952		Plums, canned, purple, light syrup pack, solids and liquids	63	0.37	0.1	15.38	0.86	9	0	cup, pitted=252|plum with liquid=46
169953		Lima beans, immature seeds, frozen, fordhook, unprepared	106	6.4	0.35	14.33	1.51	24	0	cup=160|package (10 oz)=284
169954		Lima beans, immature seeds, frozen, fordhook, cooked, boiled, drained, without salt	103	6.07	0.34	14.02	1.82	30	0	cup=170|package (10 oz) yields=311
169955		Lima beans, immature seeds, frozen, baby, unprepared	132	7.59	0.44	19.14	2.21	35	0	cup=164|package (10 oz)=284
169956		Lima beans, immature seeds, frozen, baby, cooked, boiled, drained, without salt	105	6.65	0.3	14.65	1.96	28	0	cup=180|package (10 oz) yields=311
169957		Mung beans, mature seeds, sprouted, raw	30	3.04	0.18	4.14	0.91	13	0	cup=104|package (12 oz)=340
169958		Beans, pinto, immature seeds, frozen, unprepared	170	9.8	0.5	26.8	3	58	0	package (10 oz)=284.85
169959		Beans, pinto, immature seeds, frozen, cooked, boiled, drained, without salt	162	9.31	0.48	25.47	2.71	52	0	package (10 oz) yields=284.85
169960		Beans, shellie, canned, solids and liquids	30	1.76	0.19	2.79	0.99	29	0	cup=245
169961		Beans, snap, green, raw	31	1.83	0.22	4.27	1.03	37	0	cup 1/2" pieces=100|beans (4" long)=5.5
169962		Beans, snap, green, frozen, all styles, unprepared (Includes foods for USDA's Food Distribution Program)	33	1.79	0.21	4.94	0.85	42	0	cup=121|package (10 oz)=284
169963		Beans, snap, green, frozen, cooked, boiled, drained without salt	28	1.49	0.17	3.45	0.66	42	0	cup=135
169964		Beans, snap, green, frozen, all styles, microwaved	33	1.98	0.41	3.58	0.8	61		cup=111
169965		Beans, snap, green, microwaved	33	2.31	0.5	3.01	0.83	55		cup 1/2" pieces=116
169966		Beets, canned, drained solids	31	0.91	0.14	5.41	1.82	15	0	cup, diced=157|cup, shredded=195|cup slices=170|cup, whole=163|slice=8
169967		Broccoli, cooked, boiled, drained, without salt	35	2.38	0.41	3.88	0.67	40	0	cup, chopped=156|stalk, large (11"-12" long)=280|stalk, medium (7-1/2" - 8" lon=180|stalk, small (5" long)=140|spear (about 5" long)=37
169968		Broccoli, frozen, chopped, unprepared	26	2.81	0.29	1.78	0.81	56	0	cup=156|package (10 oz)=284
169969		Broccoli, frozen, chopped, cooked, boiled, drained, without salt	28	3.1	0.12	2.35	0.61	33	0	cup=184
169970		Broccoli, frozen, spears, unprepared (Includes foods for USDA's Food Distribution Program)	29	3.06	0.34	2.35	0.72	41	0	package (10 oz)=287.88|package (2 lb)=907
169971		Brussels sprouts, cooked, boiled, drained, without salt	36	2.55	0.5	4.5	1.2	36	0	sprout=21|cup=156
169972		Brussels sprouts, frozen, unprepared	41	3.78	0.41	4.06	0.93	26	0	package (10 oz)=287.88|package (2 lb)=907
169973		Brussels sprouts, frozen, cooked, boiled, drained, without salt	42	3.64	0.39	4.22	0.48	26	0	cup=155
169974		Burdock root, raw	72	1.53	0.15	14.04	0.8	41	0	cup (1" pieces)=118|root=156
169975		Cabbage, raw	25	1.28	0.1	3.3	0.47	40	0	cup, chopped=89|cup, shredded=70|head, large (about 7" dia)=1248|leaf, large=33|head, medium (about 5-3/4" dia=908
169976		Cabbage, cooked, boiled, drained, without salt	23	1.27	0.06	3.61	0.17	48	0	cup, shredded=150|head=1262
169977		Cabbage, red, raw	31	1.43	0.16	5.27	0.8	45	0	cup, chopped=89|cup, shredded=70|head, large (about 5-1/2" dia)=1134|leaf=23|head, medium (about 5" dia)=839
169978		Cabbage, red, cooked, boiled, drained, without salt	29	1.51	0.09	4.34	0.66	42	0	leaf=22|cup, shredded=150
169979		Cabbage, chinese (pe-tsai), raw	16	1.2	0.2	2.03	0.31	77	0	cup, shredded=76
169980		Cabbage, chinese (pe-tsai), cooked, boiled, drained, without salt	14	1.5	0.17	0.71	0.3	32	0	cup, shredded=119|leaf=14
169981		Cardoon, raw	17	0.7	0.1	2.47	0.7	70	0	cup, shredded=178
169982		Cardoon, cooked, boiled, drained, without salt	22	0.76	0.11	3.63	0.73	72	0	
169983		Carrots, frozen, unprepared (Includes foods for USDA's Food Distribution Program)	36	0.78	0.46	4.6	0.44	36	0	cup slices=128|package (10 oz)=284
169984		Carrots, frozen, cooked, boiled, drained, without salt	37	0.58	0.68	4.43	0.53	35	0	cup, sliced=146
169985		Cassava, raw	160	1.36	0.28	36.26	0.27	16	0	cup=206|root=408
169986		Cauliflower, raw	25	1.92	0.28	2.97	0.42	22	0	cup chopped (1/2" pieces)=107|floweret=13|head large (6-7" dia.)=840|head medium (5-6" dia.)=588|head small (4" dia.)=265
169987		Celeriac, cooked, boiled, drained, without salt	27	0.96	0.19	4.7	0.43	26	0	cup pieces=155
169988		Celery, raw	14	0.69	0.17	1.37	0.2	40	0	cup chopped=101|NLEA serving=110|tbsp=7.5|stalk, large (11"-12" long)=64|stalk, medium (7-1/2" - 8" lon=40
169989		Celery, cooked, boiled, drained, without salt	18	0.83	0.16	2.4	0.42	42	0	cup, diced=150|stalks=37.5
169990		Celtuce, raw	18	0.85	0.3	1.95	0.55	39	0	leaf=8
169991		Chard, swiss, raw	19	1.8	0.2	2.14	1.8	51	0	cup=36|leaf=48
169992		Chicory greens, raw	23	1.7	0.3	0.7	0.9	100	0	cup, chopped=29
169993		Chicory roots, raw	72	1.4	0.2	16.01	0.8	41	0	root=60|cup (1" pieces)=90
169994		Chives, raw	30	3.27	0.73	1.85	1.6	92	0	tbsp chopped=3|tsp chopped=1
169995		Chrysanthemum, garland, raw	24	3.36	0.56	0.02	2.29	117	0	cup (1" pieces)=25|stem (8-3/4" long)=14
169996		Collards, frozen, chopped, cooked, boiled, drained, without salt	36	2.97	0.41	4.3	1.12	210	0	cup, chopped=170
169997		Coriander (cilantro) leaves, raw	23	2.13	0.52	0.87	1.77	67	0	cup=16|sprigs=2.22
169998		Corn, sweet, yellow, raw	86	3.27	1.35	16.7	0.52	2	0	cup=145|ear, large (7-3/4" to 9" long)=143|ear, medium (6-3/4" to 7-1/2" =102|ear, small (5-1/2" to 6-1/2" l=73
169999		Corn, sweet, yellow, cooked, boiled, drained, without salt	96	3.41	1.5	18.58	0.45	3	0	ear small (5-1/2" to 6-1/2" lo=89|ear medium (6-3/4" to 7-1/2" l=103|ear large (7-3/4" to 9" long)=118|cup cut=149|baby ear=8
170000		Onions, raw	40	1.1	0.1	7.64	0.21	23	0	cup, chopped=160|cup, sliced=115|tbsp chopped=10|large=150|slice, large (1/4" thick)=38
170001		Onions, cooked, boiled, drained, without salt	44	1.36	0.19	8.75	0.24	22	0	cup=210|tbsp chopped=15|large=128|slice, large (1/4" thick)=32|medium=94
170002		Onions, dehydrated flakes	349	8.95	0.46	74.08	1.55	257	0	tbsp=5|cup=56
170003		Onions, canned, solids and liquids	19	0.85	0.09	2.82	0.13	45	0	onion=63|cup, chopped or diced=224
170004		Onions, yellow, sauteed	123	0.95	10.8	6.16	0.27	20	0	cup chopped=87
170005		Onions, spring or scallions (includes tops and bulb), raw	32	1.83	0.19	4.74	1.48	72	0	cup, chopped=100|tbsp chopped=6|large=25|medium (4-1/8" long)=15|small (3" long)=5
170006		Onions, young green, tops only	27	0.97	0.47	3.94	0.51	52	0	tbsp=6|stalk=12|cup chopped=71
170007		Onions, welsh, raw	34	1.9	0.4	4.1	1.22	18	0	
170008		Onions, sweet, raw	32	0.8	0.08	6.65	0.26	20	0	NLEA serving=148|onion=331
170009		Parsnips, cooked, boiled, drained, without salt	71	1.32	0.3	13.41	0.58	37	0	cup slices=156|parsnip (9" long)=160
170010		Peas, edible-podded, raw	42	2.8	0.2	4.95	2.08	43	0	cup, chopped=98|cup, whole=63|pea pods=3.4
170011		Peas, edible-podded, boiled, drained, without salt	42	3.27	0.23	4.25	1.97	42	0	cup=160
170012		Peas, edible-podded, frozen, unprepared	42	2.8	0.3	4.1	2	50	0	cup=144|package (10 oz)=284
170013		Peas, green (includes baby and lesuer types), canned, drained solids, unprepared	68	4.47	0.8	6.46	1.18	23	0	cup=175|can (303 x 406)=313
170014		Peas, green, canned, seasoned, solids and liquids	50	3.09	0.27	7.25	1.2	15	0	cup=227
170015		Peas, green, canned, drained solids, rinsed in tap water	71	4.33	0.95	11.82	1.09	24	0	can=257|cup=163
170016		Peas, green, frozen, unprepared (Includes foods for USDA's Food Distribution Program)	77	5.22	0.4	9.12	1.53	22	0	cup=134|package=284
170017		Peas, green, frozen, cooked, boiled, drained, without salt	78	5.15	0.27	9.76	1.52	24	0	cup=160|package (10 oz) yields=253
170018		Peas and carrots, frozen, cooked, boiled, drained, without salt	48	3.09	0.42	7.02	0.94	23	0	package (10 oz) yields=278|cup=160
170019		Peas and onions, canned, solids and liquids	51	3.28	0.38	6.27	0.87	17	0	cup=120
170020		Peas and onions, frozen, unprepared	70	3.98	0.32	10.01	1.54	23	0	cup=138|package (10 oz)=284
170021		Peas and onions, frozen, cooked, boiled, drained, without salt	45	2.54	0.2	6.43	0.94	14	0	cup=180
170022		Peppers, sweet, green, frozen, chopped, unprepared	20	1.08	0.21	2.85	0.62	9	0	package (10 oz)=287.88
170023		Peppers, sweet, green, frozen, chopped, boiled, drained, without salt	18	0.95	0.18	3	0.52	8	0	
170024		Peppers, sweet, green, sauteed	116	0.78	11.85	2.42	0.3	8	0	cup chopped=115
170025		Pigeonpeas, immature seeds, raw	136	7.2	1.64	18.78	1.6	42	0	cup=154|seeds=0.4
170026		Potatoes, flesh and skin, raw	77	2.05	0.09	15.39	0.81	12	0	cup, diced=150|Potato large (3" to 4-1/4" dia=369|Potato medium (2-1/4" to 3-1/4=213|Potato small (1-3/4" to 2-1/2"=170
170027		Potatoes, russet, flesh and skin, raw (Includes foods for USDA's Food Distribution Program)	79	2.14	0.08	16.77	0.86	13	0	cup, diced=150|potato large (3" to 4-1/4" dia=369|Potato medium (2-1/4" to 3-1/4=213|Potato small (1-3/4" to 2-1/4"=170
170028		Potatoes, white, flesh and skin, raw	69	1.68	0.1	13.31	0.52	9	0	cup, diced=150|large (3" to 4-1/4" dia.)=369|medium (2+-1/4" to 3-1/4" dia.=213|small (1-3/4" to 2-1/4" dia.)=92
170029		Potatoes, red, flesh and skin, raw	70	1.89	0.14	14.2	0.73	10	0	cup, diced=150|potato large (3" to 4-1/4" dia=369|potato medium (2-1/4" to 3-1/4=213|potato small (1-3/4" to 2-1/4"=170
170030		Potatoes, Russet, flesh and skin, baked	95	2.63	0.13	19.14	1.07	18	0	potato large (3" to 4-1/4" dia=299|potato medium (2-1/4" to 3-1/4=173|potato small (1-3/4" to 2-1/2"=138
170031		Potatoes, roasted, salt added in processing, frozen, unprepared	127	2.22	1.81	23.55	0.5	15		
170032		Potatoes, raw, skin	58	2.57	0.1	9.94	3.24	30	0	skin=38
170033		Potatoes, baked, flesh, without salt	93	1.96	0.1	20.05	0.35	5	0	cup=122|potato (2-1/3" x 4-3/4")=156
170034		Potatoes, baked, skin, without salt	198	4.29	0.1	38.16	7.04	34	0	skin=58
170035		Potatoes, microwaved, cooked in skin, skin, without salt	132	4.39	0.1	24.13	5.94	46	0	skin=58
170036		Potatoes, hash brown, home-prepared	265	3	12.52	31.91	0.55	14	0	cup=156
170037		Potatoes, mashed, home-prepared, whole milk and margarine added	113	1.96	4.2	15.44	0.26	21	0.2	cup=210
170038		Potatoes, scalloped, home-prepared with butter	88	2.87	3.68	8.88	0.57	57	0	cup=245
170039		Potatoes, mashed, dehydrated, granules without milk, dry form	372	8.22	0.54	78.41	1.09	41	0	cup=200
170040		Potatoes, mashed, dehydrated, prepared from granules without milk, whole milk and butter added	108	2.05	4.96	12.16	0.19	35	0	cup=210
170041		Potatoes, mashed, dehydrated, granules with milk, dry form	357	10.9	1.1	71.1	3.5	142	0	cup=200
170042		Potatoes, mashed, dehydrated, prepared from granules with milk, water and margarine added	116	2.13	4.8	14.83	0.2	35	0.3	cup=210
170043		Potatoes, hash brown, frozen, plain, unprepared	82	2.06	0.62	16.32	0.98	10	0	cup=210|package (12 oz)=340
170044		Potatoes, hash brown, frozen, plain, prepared, pan fried in canola oil	219	2.65	11.59	25.31	0.54	17	0	cup prepared=150|patty, oval (approx 3" x 1-1/2=29|package yield, 12 oz=205
170045		Potatoes, hash brown, frozen, with butter sauce, unprepared	135	1.87	6.66	15.38	0.75	25	0	package (6 oz)=170
170046		Potatoes, hash brown, frozen, with butter sauce, prepared	178	2.46	8.79	20.33	0.99	33	0	
170047		Potato puffs, frozen, unprepared	178	1.93	8.71	22.5	0.47	13	0	cup=120|pieces=9.1
170048		Potato puffs, frozen, oven-heated	192	2.13	9.05	25.29	0.58	14	0	puffs=7.9|Crispy Crowns=6|puff=7|cup=128
170049		Potatoes, frozen, whole, cooked, boiled, drained, without salt	65	1.98	0.13	13.12	0.84	7	0	
170050		Tomatoes, red, ripe, cooked	18	0.95	0.11	3.31	0.68	11	0	cup=240|medium=123
170051		Tomatoes, red, ripe, canned, packed in tomato juice	16	0.79	0.25	1.57	0.57	33	0	cup=240|tbsp=15|can=190|large=164|medium=111
170052		Tomatoes, red, ripe, canned, stewed	26	0.91	0.19	5.19	1.33	34	0	cup=255
170053		Tomatoes, red, ripe, canned, with green chilies	15	0.69	0.08	3.62	0.26	20	0	cup=241
170054		Tomato products, canned, sauce	24	1.2	0.3	3.81	0.96	14	0	cup=245
170055		Tomato products, canned, sauce, with mushrooms	35	1.45	0.13	6.93	0.89	13		cup=245
170056		Tomato products, canned, sauce, with onions	42	1.56	0.19	8.14	0.93	17	0	cup=245
170057		Tomato products, canned, sauce, with herbs and cheese	59	2.13	1.93	8.04	0.87	37	0	cup=244|can, 15 oz (303 x 406)=425
170058		Turnips, cooked, boiled, drained, without salt	22	0.71	0.08	3.06	0.18	33	0	cup, cubes=156|cup, mashed=230
170059		Turnips, frozen, unprepared	16	1.04	0.16	1.14	0.7	23	0	package, mashed (10 oz)=284.85
170060		Turnips, frozen, cooked, boiled, drained, without salt	23	1.53	0.24	2.35	0.98	32	0	cup=156
170061		Turnip greens, raw	32	1.5	0.3	3.93	1.1	190	0	cup, chopped=55
170062		Turnip greens and turnips, frozen, cooked, boiled, drained, without salt	35	2.99	0.38	1.75	1.75	128	0	cup=163
170063		Vegetable juice cocktail, canned	22	0.93	0.31	3.37	0.28	14	0	cup=253
170064		Vegetables, mixed, canned, solids and liquids	36	1.42	0.25	3.33	0.65	21	0	cup=245
170065		Vegetables, mixed, canned, drained solids	49	2.59	0.25	6.26	1.05	27	0	cup=163
170066		Waterchestnuts, chinese, (matai), raw	97	1.4	0.1	20.94	0.06	11	0	cup slices=124|waterchestnuts=9
170067		Waterchestnuts, chinese, canned, solids and liquids	50	0.88	0.06	9.8	0.87	4	0	cup slices=140|waterchestnuts=7
170068		Watercress, raw	11	2.3	0.1	0.79	0.2	120	0	cup, chopped=34|sprig=2.5|sprigs=2.5
170069		Waxgourd, (chinese preserving melon), raw	13	0.4	0.2	0.1	0.4	19	0	cup, cubes=132|waxgourd=5700
170070		Winged bean tuber, raw	148	11.6	0.9	28.1	2	30	0	
170071		Yam, raw	118	1.53	0.17	23.78	0.54	17	0	cup, cubes=150
170072		Yam, cooked, boiled, drained, or baked, without salt	116	1.49	0.14	23.58	0.52	14	0	cup, cubes=136
170073		Yambean (jicama), raw	38	0.72	0.09	3.92	0.6	12	0	cup slices=120|cup=130|large=1200|medium=659|slice=6
170074		Yambean (jicama), cooked, boiled, drained, without salt	38	0.72	0.09	8.82	0.57	11	0	
170075		Chives, freeze-dried	311	21.2	3.5	38.09	20	813	0	tbsp=0.2|cup=3.2
170076		Dock, raw	22	2	0.7	0.3	2.4	44	0	cup, chopped=133
170077		Dock, cooked, boiled, drained, without salt	20	1.83	0.64	0.33	2.08	38	0	
170078		Eppaw, raw	150	4.6	1.8	31.68	1.15	110	0	cup=100
170079		Beans, mung, mature seeds, sprouted, canned, drained solids	12	1.4	0.06	1.34	0.43	14	0	cup=125
170080		Peppers, jalapeno, canned, solids and liquids	27	0.92	0.94	2.14	1.88	23	0	cup, chopped=136|cup, sliced=104|pepper=22
170081		Radishes, white icicle, raw	14	1.1	0.1	1.23	0.8	27	0	cup slices=100|radish (7" long)=17
170082		Shallots, freeze-dried	348	12.3	0.5	65	6	183	0	tbsp=0.9|cup=14.4
170083		Sweet potato, canned, syrup pack, solids and liquids	89	0.98	0.2	18.43	0.8	15	0	cup=228|can (404 x 307)=638
170084		Sweet potato, canned, syrup pack, drained solids	108	1.28	0.32	22.36	0.95	17	0	cup=196
170085		Tomato products, canned, sauce, spanish style	33	1.44	0.27	5.84	3.48	17	0	cup=244|can, 15 oz (303 x 406)=425
170086		Beans, pinto, mature seeds, sprouted, raw	62	5.25	0.9	11.6	1.97	43	0	
170087		Beans, pinto, mature seeds, sprouted, cooked, boiled, drained, without salt	22	1.86	0.32	4.1	0.66	15	0	
170088		Sweet potato, cooked, candied, home-prepared	164	0.89	3.54	30.02	0.79	26	0.1	piece (2-1/2" x 2" dia)=105
170089		Tomatoes, red, ripe, cooked, stewed	79	1.96	2.68	11.35	1.06	26	0	cup=101|recipe yield=604
170090		Seaweed, agar, dried	306	6.21	0.3	73.18	21.4	625	0	
170091		Seaweed, spirulina, raw	26	5.92	0.39	2.02	2.79	12	0	
170092		Potato pancakes	268	6.08	14.76	24.51	1.67	32	0.3	small 2-3/4 in. dia., 5/8 in. =22|medium 3-1/4 in. x 3-5/8 in., =37
170093		Potatoes, baked, flesh and skin, without salt	93	2.5	0.13	18.95	1.08	15	0	NLEA serving=148|potato large=299|potato medium=173|potato small=138
170094		Potatoes, microwaved, cooked in skin, flesh and skin, without salt	105	2.44	0.1	21.94	1.24	11	0	potato (2-3/4" dia by 4-3/4" l=202
170095		Radish seeds, sprouted, raw	43	3.81	2.53	3.6	0.86	51	0	cup=38
170096		Tomatoes, yellow, raw	15	0.98	0.26	2.28	0.49	11	0	cup, chopped=139|tomato=212
170097		Mushrooms, shiitake, cooked, with salt	56	1.56	0.22	12.29	0.44	3	0.7	cup pieces=145|mushrooms=18
170098		Okra, cooked, boiled, drained, with salt	22	1.87	0.21	2.01	0.28	77	0	cup slices=160|pods (3" long)=10.62
170099		Okra, frozen, cooked, boiled, drained, with salt	29	1.63	0.24	4.31	0.52	74	0	cup slices=184|package (10 oz) yields=255
170100		Onions, cooked, boiled, drained, with salt	42	1.36	0.19	8.16	0.24	22	0	cup=210|tbsp chopped=15|large=128|slice large (1/4" thick)=32|medium=94
170101		Onions, frozen, chopped, cooked, boiled, drained, with salt	26	0.77	0.1	4.3	0.3	16	0	tbsp chopped=15|cup, chopped or diced=210
170102		Peas, green, cooked, boiled, drained, with salt	84	5.36	0.22	10.13	1.54	27	0	cup=160
170103		Peas, green, canned, no salt added, solids and liquids	53	3.19	0.3	6.45	1.02	18	0	cup=248|can (303 x 406)=482
170104		Peas, green, canned, no salt added, drained solids	69	4.42	0.35	8.48	0.95	20	0	cup=170|can (303 x 406)=313
170105		Peas, green, frozen, cooked, boiled, drained, with salt	78	5.15	0.27	9.76	1.52	24	0	cup=160|package (10 oz) yields=253
170106		Peppers, hot chili, red, raw	40	1.87	0.44	7.31	1.03	14	0	pepper=45|cup, chopped or diced=150
170107		Peppers, hot chili, red, canned, excluding seeds, solids and liquids	21	0.9	0.1	3.8	0.5	7	0	pepper=73|cup, chopped or diced=136
170108		Peppers, sweet, red, raw	26	0.99	0.3	3.93	0.43	7	0	cup, chopped=149|cup, sliced=92|tablespoon=9.3|large (2-1/4 per pound, approx=164|medium (approx 2-3/4" long, 2-=119
170109		Peppers, sweet, green, cooked, boiled, drained, with salt	26	0.92	0.2	4.91	0.46	9	0	tbsp=11.6|pepper=73|cup, chopped=184
170110		Peppers, sweet, red, cooked, boiled, drained, without salt	28	0.92	0.2	5.5	0.46	9	0	cup, strips=135|tbsp=11.6|cup, chopped=136
170111		Potatoes, baked, flesh and skin, with salt	93	2.5	0.13	18.95	1.08	15	0	cup=122|potato large (3" to 4-1/4" dia=299|potato medium (2-1/4" to 3-1/4=173|potato small (1-3/4" to 2-1/2"=138|NLEA serving=148
170112		Potatoes, baked, flesh, with salt	93	1.96	0.1	20.05	0.35	5	0	cup=122|potato (2-1/3" x 4-3/4")=156
170113		Potatoes, baked, skin only, with salt	198	4.29	0.1	38.16	7.04	34	0	skin=58
170114		Potatoes, boiled, cooked in skin, flesh, with salt	87	1.87	0.1	18.13	0.31	5	0	cup=156|potato (2-1/2" dia, sphere)=136
170115		Potatoes, microwaved, cooked, in skin, skin with salt	132	4.39	0.1	24.13	5.94	46	0	skin=58
170116		Potatoes, frozen, whole, cooked, boiled, drained, with salt	63	1.98	0.13	12.53	0.84	7	0	
170117		Potatoes, frozen, french fried, par fried, cottage-cut, prepared, heated in oven, with salt	218	3.44	8.2	30.83	1.49	10	0	strips=5|package (9 oz) yields=198
170118		Potatoes, french fried, all types, salt not added in processing, frozen, oven-heated	168	2.66	5.22	26.11	0.74	12	0	strip=7.4
170119		Pumpkin, flowers, cooked, boiled, drained, with salt	15	1.09	0.08	2.28	0.88	37	0	cup=134
170120		Pumpkin leaves, cooked, boiled, drained, with salt	21	2.72	0.22	0.69	3.2	43	0	cup=71
170121		Purslane, cooked, boiled, drained, with salt	18	1.49	0.19	3.55	0.77	78	0	cup=115
170122		Radishes, oriental, cooked, boiled, drained, with salt	17	0.67	0.24	1.83	0.15	17	0	cup slices=147
170123		Spinach, canned, no salt added, solids and liquids	19	2.11	0.37	0.72	1.58	83	0	cup=234
170124		Spinach, frozen, chopped or leaf, cooked, boiled, drained, with salt	34	4.01	0.87	1.1	1.96	153	0	cup=190|package (10 oz) yields=220
170125		Squash, summer, all varieties, cooked, boiled, drained, with salt	20	0.91	0.31	2.91	0.36	27	0	cup slices=180
170126		Squash, summer, crookneck and straightneck, cooked, boiled, drained, with salt	19	1.04	0.39	2.69	0.37	22	0	cup slices=180
170127		Squash, winter, all varieties, cooked, baked, with salt	37	0.89	0.35	6.05	0.44	22	0	cup, cubes=205
170128		Squash, winter, acorn, cooked, baked, with salt	56	1.12	0.14	10.18	0.93	44	0	cup, cubes=205
170129		Squash, winter, acorn, cooked, boiled, mashed, with salt	34	0.67	0.08	6.19	0.56	26	0	cup, mashed=245
170130		Squash, winter, butternut, cooked, baked, with salt	40	0.9	0.09	7.29	0.6	41	0	cup, cubes=205
170131		Succotash, (corn and limas), frozen, cooked, boiled, drained, with salt	93	4.31	0.89	15.85	0.89	15	0	cup=170
170132		Water convolvulus, cooked, boiled, drained, with salt	20	2.08	0.24	1.8	1.32	54	0	cup, chopped=98
170133		Sweet potato leaves, cooked, steamed, with salt	35	2.18	0.34	5.48	0.63	33	0	cup=64
170134		Sweet potato, cooked, baked in skin, flesh, with salt	90	2.01	0.15	17.41	0.69	38	0	medium (2" dia, 5" long, raw)=114|cup, mashed=200
170135		Taro, shoots, cooked, with salt	14	0.73	0.08	3.19	0.41	14	0	cup slices=140
170136		Taro, tahitian, cooked, with salt	44	4.16	0.68	6.85	1.56	149	0	cup slices=137
170137		Tomatoes, red, ripe, cooked, with salt	18	0.95	0.11	3.31	0.68	11	0	cup=240|NLEA serving=121
170138		Tomatoes, red, ripe, canned, packed in tomato juice, no salt added	16	0.79	0.25	1.57	0.57	33	0	cup=240|tbsp=15|can=190|large=164|medium=111
170139		Turnip greens, cooked, boiled, drained, with salt	20	1.14	0.23	0.86	0.8	137	0	cup, chopped=144
170140		Turnip greens, frozen, cooked, boiled, drained, with salt	29	3.35	0.42	1.58	1.94	152	0	cup=164|package (10 oz) yields=220
170141		Turnip greens and turnips, frozen, cooked, boiled, drained, with salt	34	2.99	0.38	1.64	1.75	128	0	cup=163
170142		Vegetables, mixed, frozen, cooked, boiled, drained, with salt	60	2.86	0.15	8.69	0.82	25	0	cup=182|package (10 oz) yields=275
170143		Mushrooms, portabella, exposed to ultraviolet light, raw	22	2.11	0.35	2.57	0.31	3	28.4	cup diced=86|piece whole=84
170144		Seeds, breadfruit seeds, raw	191	7.4	5.59	24.04	3.67	36	0	
170145		Seeds, breadfruit seeds, boiled	168	5.3	2.3	27.2	0.6	61	0	
170146		Seeds, cottonseed flour, low fat (glandless)	332	49.83	1.41	36.1	12.58	474	0	
170147		Seeds, cottonseed meal, partially defatted (glandless)	367	49.1	4.77	38.43	13.35	504	0	
170148		Seeds, hemp seed, hulled	553	31.56	48.75	4.67	7.95	70		tbsp=10
170149		Seeds, lotus seeds, dried	332	15.41	1.97	64.47	3.53	163	0	cup=32
170150		Seeds, sesame seeds, whole, dried	573	17.73	49.67	11.65	14.55	975	0	cup=144|tbsp=9
170151		Seeds, sesame seeds, whole, roasted and toasted	565	16.96	48	11.74	14.76	989	0	
170152		Seeds, sesame seed kernels, toasted, without salt added (decorticated)	567	16.96	48	9.14	7.78	131	0	cup=128
170153		Seeds, sesame flour, partially defatted	382	40.32	11.89	35.14	14.3	150	0	
170154		Seeds, sunflower seed kernels, toasted, without salt	619	17.21	56.8	9.09	6.81	57	0	cup=134
170155		Seeds, sunflower seed butter, without salt	617	17.28	55.2	17.62	4.12	64	0	tbsp=16
170156		Seeds, sunflower seed flour, partially defatted	326	48.06	1.61	30.63	6.62	114	0	cup=64|tbsp=4
170157		Nuts, acorns, raw	387	6.15	23.86	40.75	0.79	41		
170158		Nuts, almonds, dry roasted, without salt added	598	20.96	52.54	10.11	3.73	268	0	cup whole kernels=138
170159		Nuts, almonds, oil roasted, without salt added	607	21.23	55.17	7.18	3.68	291	0	cup whole kernels=157
170160		Nuts, almond paste	458	9	27.74	43.01	1.6	172	0	cup, firmly packed=227
170161		Nuts, beechnuts, dried	576	6.2	50	33.5	2.46	1		
170162		Nuts, cashew nuts, raw	553	18.22	43.85	26.89	6.68	37	0	
170163		Nuts, cashew butter, plain, without salt added	587	17.56	49.41	25.57	5.03	43	0	tbsp=16
170164		Nuts, chestnuts, chinese, raw	224	4.2	1.11	49.07	1.41	18	0	
170165		Nuts, chestnuts, chinese, dried	363	6.82	1.81	79.76	2.29	29	0	
170166		Nuts, chestnuts, chinese, boiled and steamed	153	2.88	0.76	33.64	0.97	12	0	
170167		Nuts, chestnuts, european, dried, peeled	369	5.01	3.91	78.43	2.39	64	0	
170168		Nuts, chestnuts, european, boiled and steamed	131	2	1.38	27.76	1.73	46	0	
170169		Nuts, coconut meat, raw	354	3.33	33.49	6.23	2.43	14	0	cup, shredded=80|medium=397|piece (2" x 2" x 1/2")=45
170170		Nuts, coconut meat, dried (desiccated), not sweetened	660	6.88	64.53	7.35	3.32	26	0	
170171		Nuts, coconut cream, canned, sweetened	357	1.17	16.31	53.01	0.13	4	0	tbsp=19|cup=296
170172		Nuts, coconut milk, raw (liquid expressed from grated meat and water)	230	2.29	23.84	3.34	1.64	16	0	cup=240|tbsp=15
170173		Nuts, coconut milk, canned (liquid expressed from grated meat and water)	197	2.02	21.33	2.81	3.3	18	0	cup=226|tbsp=15
170174		Nuts, coconut water (liquid from coconuts)	19	0.72	0.2	2.61	0.29	24	0	cup=240|tbsp=15|coconut yields=206
170175		Nuts, ginkgo nuts, dried	348	10.35	2	72.45	1.6	20	0	
170176		Nuts, ginkgo nuts, canned	111	2.29	1.62	12.8	0.29	4	0	cup (78 kernels)=155
170177		Nuts, hickorynuts, dried	657	12.72	64.37	11.85	2.12	61	0	cup=120|nut=3
170178		Nuts, macadamia nuts, raw	718	7.91	75.77	5.22	3.69	85	0	cup, whole or halves=134
170179		Nuts, macadamia nuts, dry roasted, without salt added	718	7.79	76.08	5.38	2.65	70	0	cup, whole or halves=132
170180		Nuts, formulated, wheat-based, unflavored, with salt added	622	13.82	57.7	18.48	2.4	26	0	
170181		Nuts, mixed nuts, dry roasted, with peanuts, salt added, CHOSEN ROASTER	608	18	53.2	17.52	3.22	106		cup=132
170182		Nuts, pecans	691	9.17	71.97	4.26	2.53	70	0	cup, chopped=109|cup, halves=99
170183		Nuts, pecans, dry roasted, without salt added	710	9.5	74.27	4.15	2.8	72	0	
170184		Nuts, pistachio nuts, raw	560	20.16	45.32	16.57	3.92	105	0	cup=123|kernel=0.7
170185		Nuts, pistachio nuts, dry roasted, without salt added	572	21.05	45.82	17.98	4.03	107	0	cup=123|kernel=0.7
170186		Nuts, walnuts, black, dried	619	24.06	59.33	2.78	3.12	61	0	cup, chopped=125|tbsp=7.8
170187		Nuts, walnuts, english	654	15.23	65.21	7.01	2.91	98	0	cup, chopped=117|cup, ground=80|cup, in shell, edible yield (7=28|cup shelled (50 halves)=100|cup pieces or chips=120
170188		Seeds, pumpkin and squash seeds, whole, roasted, without salt	446	18.55	19.4	35.35	3.31	55	0	cup=64
170189		Seeds, sesame butter, tahini, from roasted and toasted kernels (most common type)	595	17	53.76	11.89	8.95	426	0	tbsp=15
170190		Nuts, chestnuts, european, roasted	245	3.17	2.2	47.86	0.91	29	0	cup=143|kernels=8.4
170191		Seeds, sesame butter, paste	586	18.08	50.87	18.55	19.2	960	0	tbsp=16
170192		Seeds, sesame flour, high-fat	526	30.78	37.1	26.62	15.17	159	0	
170193		Beef, variety meats and by-products, suet, raw	854	1.5	94	0	0.17	2		
170194		Beef, variety meats and by-products, thymus, raw	236	12.18	20.35	0	2.1	7		
170195		Beef, variety meats and by-products, thymus, cooked, braised	319	21.85	24.98	0	1.49	10		piece, cooked, excluding refus=381
170196		Beef, variety meats and by-products, tongue, raw	224	14.9	16.09	3.68	2.95	6		
170197		Beef, cured, breakfast strips, raw or unheated	406	12.5	38.8	0.7	1.23	4		slices=22.67|package (net weight, 12 oz)=340
170198		Beef, cured, breakfast strips, cooked	449	31.3	34.4	1.4	3.14	9	0.2	slices=11.33|package, cooked (yield from 12=170
170199		Beef, cured, corned beef, brisket, raw	198	14.68	14.9	0.14	1.69	7		
170200		Beef, cured, corned beef, brisket, cooked	251	18.17	18.98	0.47	1.86	8	0.1	piece, cooked, excluding refus=320
170201		Beef, chuck, under blade center steak, boneless, Denver Cut, separable lean only, trimmed to 0" fat, choice, cooked, grilled	228	26.49	13.42	0.28	3.32	12	0.1	steak=356
170202		Beef, cured, luncheon meat, jellied	111	19	3.3	0	3.45	10		slice (1 oz) (4" x 4" x 3/32" =28
170203		Beef, chuck, under blade center steak, boneless, Denver Cut, separable lean only, trimmed to 0" fat, select, cooked, grilled	209	26.53	11.46	0	3.37	16	0.1	steak=349
170204		Beef, cured, pastrami	147	21.8	5.82	0.36	2.22	10	0.1	package, 2.5 oz=71|slice (1 oz)=28
170205		Beef, chuck, under blade center steak, boneless, Denver Cut, separable lean only, trimmed to 0" fat, all grades, raw	170	19.42	9.99	0.49	2.42	11	0.1	steak=473
170206		Beef, composite of trimmed retail cuts, separable lean and fat, trimmed to 0" fat, choice, cooked	233	28.17	12.53	0	2.79	15	0.1	
170207		Beef, composite of trimmed retail cuts, separable lean and fat, trimmed to 0" fat, select, cooked	203	28.61	9.18	0	2.69	15	0.1	
170208		Beef, composite of trimmed retail cuts, separable lean only, trimmed to 0" fat, all grades, cooked	203	29.9	8.37	0	2.98	14	0.1	
170209		Beef, composite of trimmed retail cuts, separable lean only, trimmed to 0" fat, choice, cooked	206	29.51	8.87	0	2.98	14	0.1	
170210		Beef, brisket, flat half, separable lean only, trimmed to 0" fat, all grades, cooked, braised	205	33.26	6.99	0	2.82	16		steak (yield from 418g raw mea=270
170211		Beef, brisket, point half, separable lean and fat, trimmed to 0" fat, all grades, cooked, braised	358	23.53	28.5	0	2.34	8		piece, cooked, excluding refus=314
170212		Beef, brisket, point half, separable lean only, trimmed to 0" fat, all grades, cooked, braised	244	28.05	13.8	0	2.79	6		piece, cooked, excluding refus=232
170213		Beef, chuck, arm pot roast, separable lean and fat, trimmed to 0" fat, all grades, cooked, braised	297	28.94	19.17	0	2.42	16	0.2	roast (yield from 1601 g raw m=1166
170214		Beef, chuck, under blade pot roast, boneless, separable lean and fat, trimmed to 0" fat, select, cooked, braised	288	27.17	19.02	0	2.67	14	0.1	roast=629
170215		Beef, chuck, blade roast, separable lean only, trimmed to 0" fat, all grades, cooked, braised	253	31.06	13.3	0	3.68	13	0.2	piece, cooked, excluding refus=191
170216		Beef, chuck, under blade pot roast, boneless, separable lean only, trimmed to 0" fat, choice, cooked, braised	231	30.45	11.14	0	3.2	14	0.1	roast=658
170217		Beef, chuck, under blade pot roast, boneless, separable lean only, trimmed to 0" fat, select, cooked, braised	216	30.68	9.44	0	3.18	14	0.1	roast=629
170218		Beef, rib, large end (ribs 6-9), separable lean only, trimmed to 0" fat, select, cooked, roasted	220	27.53	11.4	0	2.82	8		piece, cooked, excluding refus=217
170219		Beef, rib, small end (ribs 10-12), separable lean and fat, trimmed to 0" fat, all grades, cooked, broiled	249	27.27	14.74	0	1.75	20	0.2	steak (yield from 233 g raw me=233
170220		Beef, rib, small end (ribs 10-12), separable lean and fat, trimmed to 0" fat, choice, cooked, broiled	312	24.73	22.84	0	2.28	13		piece, cooked, excluding refus=272
170221		Beef, rib, small end (ribs 10-12), separable lean and fat, trimmed to 0" fat, select, cooked, broiled	285	24.91	19.79	0	2.3	13		piece, cooked, excluding refus=265
170222		Beef, round, bottom round, roast, separable lean and fat, trimmed to 0" fat, all grades, cooked, roasted	187	27.42	7.72	0	2.24	7		roast (yield from 600 g raw me=489
170223		Beef, round, bottom round, steak, separable lean and fat, trimmed to 0" fat, choice, cooked, braised	230	32.73	10	0	2.71	7		steak (yield from 299 g raw me=191
170224		Beef, round, bottom round, roast, separable lean and fat, trimmed to 0" fat, choice, cooked, roasted	199	26.76	9.37	0	2.2	6		roast (yield from 627 g raw me=515
170225		Beef, round, bottom round, steak, separable lean and fat, trimmed to 0" fat, select, cooked, braised	217	34.39	7.72	0	2.74	9		steak (yield from 281 g raw me=179
170226		Beef, round, bottom round, steak, separable lean only, trimmed to 0" fat, select, cooked, braised	206	34.93	6.3	0	2.85	7		steak (yield from 281 g raw me=179
170227		Beef, round, bottom round roast, separable lean only, trimmed to 0" fat, select, cooked, roasted	169	28.29	5.33	0	2.35	6		roast (yield from 572 g raw me=464
170228		Beef, round, eye of round roast, boneless, separable lean and fat, trimmed to 0" fat, all grades, cooked, roasted	167	29.66	4.46	0	1.84	16	0	roast (yield from 436 g raw me=346|piece, cooked, excluding refus=333
170229		Beef, round, eye of round roast, boneless, separable lean and fat, trimmed to 0" fat, choice, cooked, roasted	171	29.79	4.83	0	1.86	16	0	roast (yield from 445 g raw me=355
170230		Beef, round, tip round, roast, separable lean and fat, trimmed to 0" fat, all grades, cooked, roasted	188	26.79	8.21	0	2.18	6	0.2	piece, cooked, excluding refus=330
170231		Beef, round, tip round, roast, separable lean and fat, trimmed to 0" fat, choice, cooked, roasted	196	27.01	8.9	0	2.22	6		roast (yield from 1405 g raw m=1138
170232		Beef, round, tip round, roast, separable lean and fat, trimmed to 0" fat, select, cooked, roasted	181	26.57	7.53	0	2.15	7		roast (yield from 1388 g raw m=1141
170233		Beef, round, tip round, roast, separable lean only, trimmed to 0" fat, all grades, cooked, roasted	174	27.53	6.2	0	2.3	6	0.1	piece, cooked, excluding refus=320
170234		Beef, round, top round, separable lean and fat, trimmed to 0" fat, select, cooked, braised	200	35.62	5.33	0	3.27	4		piece, cooked, excluding refus=267
170235		Beef, round, top round, separable lean only, trimmed to 0" fat, choice, cooked, braised	207	36.12	5.8	0	3.32	4		piece, cooked, excluding refus=261
170236		Beef, round, top round, separable lean only, trimmed to 0" fat, select, cooked, braised	190	36.12	4	0	3.32	4		piece, cooked, excluding refus=261
170237		Beef, loin, tenderloin steak, boneless, separable lean and fat, trimmed to 0" fat, all grades, cooked, grilled	211	30.5	8.91	0	3.24	13	0.1	steak=117
170238		Beef, loin, tenderloin steak, boneless, separable lean and fat, trimmed to 0" fat, choice, cooked, grilled	217	30.21	9.71	0	3.32	14	0.1	steak (yield from 161 g raw me=126
170239		Beef, loin, top loin steak, boneless, lip off, separable lean and fat, trimmed to 0" fat, all grades, cooked, grilled	223	28.57	11.15	0	3.41	14	0.1	steak=119
170240		Beef, loin, top loin steak, boneless, lip off, separable lean and fat, trimmed to 0" fat, choice, cooked, grilled	233	28.19	12.51	0	3.37	14	0.1	steak (yield from 203 g raw me=164
170241		Puddings, banana, dry mix, regular, with added oil	387	0	5	88.1	0.05	20		package (3.12 oz)=88|portion, amount to make 1/2 cu=22
170242		Puddings, lemon, dry mix, regular, with added oil, potassium, sodium	366	0.1	1.5	90.2	0.17			package (3 oz)=85|portion, amount to make 1/2 cu=21
170243		Puddings, tapioca, dry mix, with no added salt	369	0.1	0.1	94.1	0.12	4		package (3.5 oz)=92|portion, amount to make 1/2 cu=23
170244		Snacks, corn-based, extruded, puffs or twists, cheese-flavor, unenriched	558	5.76	35.76	51.9	1.1	58	0	bag (8 oz)=227
170245		Snacks, corn-based, extruded, chips, barbecue-flavor, made with enriched masa flour	523	7	32.7	56.2	4.9	131		
170246		Snacks, popcorn, air-popped (Unsalted)	382	12	4.2	62.8	2.66	10		cup=8
170247		Snacks, popcorn, oil-popped, white popcorn, salt added	500	9	28.1	47.2	2.78	10		cup=11
170248		Snacks, potato chips, plain, made with partially hydrogenated soybean oil, salted	536	7	34.6	48.1	1.63	24		bag (8 oz)=227
170249		Snacks, pretzels, hard, plain, made with enriched flour, unsalted	381	9.1	3.5	76.4	4.32	36	0	twists=6
170250		Snacks, rice cakes, brown rice, plain, unsalted	387	8.2	2.8	77.3	1.49	11	0	cake=9|cakes=9
170251		Snacks, rice cakes, brown rice, buckwheat, unsalted	380	9	3.5	80.1	1.14	11		cake=9|cakes=9
170252		Snacks, rice cakes, brown rice, multigrain, unsalted	387	8.5	3.5	80.1	1.96	21		cake=9|cakes=9
170253		Potato chips, without salt, reduced fat	487	7.1	20.8	61.7	1.35	21	0	
170254		Snacks, tortilla chips, low fat, unsalted	416	11	5.7	74.8	1.6	159	0	
170255		Frozen novelties, juice type, POPSICLE SCRIBBLERS	81	0	0.24	19.68	0.3	5		serving 1.2 fl oz pop=33
170256		Snacks, tortilla chips, nacho-flavor, made with enriched masa flour	511	7.8	25.6	57	3.7	147		
170257		Sweeteners, tabletop, sucralose, SPLENDA packets	336	0	0	91.17	0	0	0	serving 1 packet=1
170258		Frozen novelties, No Sugar Added, FUDGSICLE pops	124	3.67	1.87	21.61	1.58	231	0	serving=84
170259		Frozen novelties, ice type, sugar free, orange, cherry, and grape POPSICLE pops	21	0	0	5.14	0.67	0		serving 1.75 fl oz pop=55
170260		Frozen novelties, KLONDIKE, SLIM-A-BEAR Fudge Bar, 98% fat free, no sugar added	124	4.31	1.88	24.07	0.71	138		serving 3.5 fl oz bar=74
170261		Ice creams, BREYERS, All Natural Light Vanilla	162	4.84	4.59	25.1	0.06	169		serving 1/2 cup=68
170262		Ice creams, BREYERS, No Sugar Added, Butter Pecan	180	3.99	10.3	20.4	0.19	130		serving 1/2 cup=68
170263		Ice creams, BREYERS, No Sugar Added, French Vanilla	154	4.5	7.05	20.25	0.19	151		serving 1/2 cup=68
170264		Ice creams, BREYERS, No Sugar Added, Vanilla	143	3.68	6.2	21.42	0.09	133		serving 1/2 cup=69
170265		Ice creams, BREYERS, No Sugar Added, Vanilla Fudge Twirl	153	3.53	5.68	24.83	0.36	121		serving 1/2 cup=72
170266		Frozen novelties, No Sugar Added CREAMSICLE Pops	72	3.69	0.61	9.28	0.28	137		serving 1 pop=44
170267		Frozen novelties, Sugar Free, CREAMSICLE Pops	49	1.37	2.33	4.45	0.03	23		serving 2 pops=80
170268		Ice creams, BREYERS, All Natural Light French Chocolate	201	5.3	7.28	28.68	0.85	158		serving 1/2 cup=68
170269		Ice creams, BREYERS, 98% Fat Free Chocolate	136	3.89	2.17	24.38	0.84	126		serving 1/2 cup=68
170270		Ice creams, regular, low carbohydrate, chocolate	237	3.8	12.7	22	0.93	109	0.2	individual (3.5 fl oz)=58
170271		Chocolate, dark, 45- 59% cacao solids	546	4.88	31.28	54.17	8.02	56		bar=162
170272		Chocolate, dark, 60-69% cacao solids	579	6.12	38.31	44.42	6.32	62		bar=112
170273		Chocolate, dark, 70-85% cacao solids	598	7.79	42.63	35	11.9	73		bar=101
170274		Candies, chocolate, dark, NFS (45-59% cacao solids 90%; 60-69% cacao solids 5%; 70-85% cacao solids 5%)	550	5.09	32.2	52.77	8.13	57	0	bar=127
170275		Candies, crispy bar with peanut butter filling	542	9.53	31.34	52.23	1.3	70	0	serving 1.5 oz=42
170276		Syrup, maple, Canadian	270	0	0	67.38	0.11	109		milliliter=1.33
170277		Sweetener, syrup, agave	310	0.09	0.45	76.17	0.09	1	0	tsp=6.9|cup=220
170278		Candies, NESTLE, BUTTERFINGER Crisp	465	6.67	18.33	66.75	0.6	33	0	piece=60
170279		Candies, fruit snacks, with high vitamin C	352	0.08	0	87.97	0	0	0	serving=44
170280		Jams, preserves, marmalades, sweetened with fruit juice	212	0	0	52.03	0.34	11	0	tablespoon=19
170281		Candies, Tamarind	331	0	0	89.46	0	0	0	serving=14
170282		Candies, coconut bar, not chocolate covered	481	2.13	27.65	49.47	0.77	43	0	bar=47
170283		Barley, hulled	354	12.48	2.3	56.18	3.6	33	0	cup=184
170284		Barley, pearled, raw	352	9.91	1.16	62.12	2.5	29	0	cup=200
170285		Barley, pearled, cooked	123	2.26	0.44	24.42	1.33	11	0	cup=157
170286		Buckwheat	343	13.25	3.4	61.5	2.2	18	0	cup=170
170287		Bulgur, cooked	83	3.08	0.24	14.08	0.96	10	0	cup=182|tbsp=8.4
170288		Corn grain, yellow	365	9.42	4.74	66.96	2.71	7	0	cup=166
170289		Corn bran, crude	224	8.36	0.92	6.64	2.79	42	0	cup=76
170290		Corn flour, whole-grain, yellow	361	6.93	3.86	69.55	2.38	7	0	cup=117
170291		Fast foods, nachos, with cheese	343	4.32	21.5	31.71	0.75	63	0	serving=80
170292		Fast foods, nachos, with cheese, beans, ground beef, and tomatoes	219	6.21	12.48	17.69	1.01	47	0.1	serving=222
170293		Fast foods, cheeseburger, double, regular patty and bun, with condiments	282	16.24	16.18	16.97	2.35	150	0.2	sandwich=155
170294		Fast foods, cheeseburger; single, large patty; plain	310	17.29	15.97	22.37	2.57	114	0.1	sandwich=182
170295		Fast foods, chicken fillet sandwich, plain with pickles	250	16.28	11.19	19.49	1.77	58	0.1	sandwich=187
170296		Fast foods, fish sandwich, with tartar sauce	257	10.29	12.45	25.69	1.5	37	0.2	sandwich=220
170297		Fast foods, fish sandwich, with tartar sauce and cheese	279	11.26	14.64	25.59	1.56	120	0.9	sandwich=134
170298		Fast foods, submarine sandwich, roast beef on white bread with lettuce and tomato	156	12.17	2.73	19.64	2.09	164	0	inch sub=31.67
170299		Fast foods, submarine sandwich, tuna on white bread with lettuce and tomato	218	12.33	12.04	15.25	1.57	136	0.5	inch sub=39.5
170300		Fast foods, coleslaw	153	0.95	9.91	12.99	0.22	30		cup=191|package=116
170301		Fast foods, hush puppies	296	6.16	13.25	37.31	2.55	100	0	piece=22
170302		Fast food, biscuit	370	7.08	18.92	40.32	2.76	70	0	biscuit=55
170303		CHICK-FIL-A, Chick-n-Strips	228	21.4	11.2	9.49	0.97	25		strip=50|serving 4 pieces=201
170304		CHICK-FIL-A, hash browns	301	3	18.5	27.31	0.65	22		piece=5.5|serving=77
170305		School Lunch, pizza, BIG DADDY'S LS 16" 51% Whole Grain Rolled Edge Cheese Pizza, frozen	243	13.89	8.81	24.4	2.5	183		slice 1/8 per pizza=155|slice 1/10 per pizza=124
170306		Fast foods, submarine sandwich, sweet onion chicken teriyaki on white bread with lettuce, tomato and sweet onion sauce	155	10.91	2.37	21.34	1.52	142	0	inch sub=38
170307		SUBWAY, SUBWAY CLUB sub on white bread with lettuce and tomato	146	10.66	2.42	18.96	1.93	153		inch sub=34.5
170308		Fast foods, submarine sandwich, turkey, roast beef and ham on white bread with lettuce and tomato	146	10.66	2.42	18.96	1.93	153	0.1	inch sub=34.42
170309		Fast foods, submarine sandwich, oven roasted chicken on white bread with lettuce and tomato	157	10.84	3.15	20.15	1.72	154	0	inch sub=33
170310		SUBWAY, steak & cheese sub on white bread with American cheese, lettuce and tomato	183	12.29	5.34	20.29	2.02	183		inch sub=33.5
170311		Fast foods, submarine sandwich, steak and cheese on white bread with cheese, lettuce and tomato	183	12.29	5.34	20.29	2.02	183	0.2	inch sub=33.5
170312		SUBWAY, B.L.T. sub on white bread with bacon, lettuce and tomato	205	10.06	6.41	25.06	2.14	210		inch sub=24.67
170313		Fast foods, submarine sandwich, bacon, lettuce, and tomato on white bread	205	10.06	6.41	25.06	2.14	210	0	inch sub=24.67
170314		SUBWAY, oven roasted chicken sub on white bread with lettuce and tomato	157	10.84	3.15	20.15	1.72	154		inch sub=33
170315		SUBWAY, cold cut sub on white bread with lettuce and tomato	214	10.52	10.04	19.23	1.81	171		inch sub=32.67
170316		SUBWAY, tuna sub on white bread with lettuce and tomato	221	12.33	12.04	15.25	1.57	136		inch sub=39.5
170317		Pizza, cheese topping, regular crust, frozen, cooked	268	10.36	12.28	26.82	2.27	179	0	serving 9 servings per 24 oz p=81|serving 3 servings per 15.1 oz=151|serving 2 servings per 9.8 oz =146|serving 1 serving per 8 oz box=199|package 24 oz pizza=727
170318		Fast Foods, crispy chicken filet sandwich, with lettuce and mayonnaise	276	10.94	13.59	26	1.71	72	0.2	sandwich=152
170319		McDONALD'S, FILET-O-FISH	282	11.26	14.64	24.99	1.56	120		sandwich=134
170320		McDONALD'S, Cheeseburger	263	12.97	11.79	26.71	2.35	167		item 4 oz=119
170321		McDONALD'S, QUARTER POUNDER	244	14.1	11.55	20.57	2.41	84		item=171
170322		WENDY'S, CLASSIC SINGLE Hamburger, with cheese	221	14.87	11.6	12.8	2.34	75		item=236
170323		WENDY'S, Jr. Hamburger, without cheese	243	12.62	8.75	26.75	3.35	45		item=117
170324		WENDY'S, Jr. Hamburger, with cheese	256	13.06	11.5	23.57	2.78	92		item=129
170325		WENDY'S, CLASSIC DOUBLE, with cheese	241	16.52	14.2	10.61	2.94	58		item=310
170326		WENDY'S, Frosty Dairy Dessert	132	3.49	2.6	20.32	1.04	128		junior 6 oz. cup=113|small 12 oz. cup=227|medium 16 oz. cup=298
170327		BURGER KING, french fries	280	3.23	12.48	35.8	0.73	17		small serving=74|medium serving=117|large serving=160
170328		BURGER KING, Hamburger	261	14.85	10.55	25.76	2.87	76		sandwich=99
170329		BURGER KING, Cheeseburger	286	14.57	14.81	22.71	2.5	93		item=133
170330		BURGER KING, Premium Fish Sandwich	260	10.29	12.45	25.79	1.5	37		sandwich=220
170331		BURGER KING, Original Chicken Sandwich	286	12.14	14.69	23.82	1.79	46		sandwich=199
170332		TACO BELL, Original Taco with beef, cheese and lettuce	229	8.86	12.7	15.95	1.19	89		each taco=69
170333		TACO BELL, Soft Taco with beef, cheese and lettuce	206	9.25	9.75	17.33	1.67	123		each taco=102
170334		TACO BELL, BURRITO SUPREME with chicken	179	9.84	6.42	18.11	1.56	94		item=248
170335		TACO BELL, BURRITO SUPREME with steak	183	9.13	7.27	17.92	2	101		item=248
170336		TACO BELL, Nachos	350	4.32	21.5	31.71	0.75	63		serving=80
170337		TACO BELL, Nachos Supreme	223	6.21	12.48	17.69	1.01	47		serving=222
170338		POPEYES, Spicy Chicken Strips, analyzed 2006	253	19.61	11.2	17.32	1.01	12		strip=53
170339		KFC, biscuit	358	7.5	17.05	41.55	2.86	55		biscuit=49
170340		KFC, Coleslaw	144	0.91	8.64	13.65	0.21	28		package=112|cup=191
170341		KFC, Crispy Chicken Strips	274	20.25	15.42	12.26	0.69	25		strip=47
170342		KFC, Fried Chicken, ORIGINAL RECIPE, Wing, meat only, skin and breading removed	216	28.65	10.49	1.76	0.98	40		wing wing without skin=39|wing bone and skin removed=23
170343		KFC, Fried Chicken, EXTRA CRISPY, Skin and Breading	464	10.96	36.61	21.04	0.67	41		
170344		KFC, Fried Chicken, EXTRA CRISPY, Breast, meat only, skin and breading removed	153	27.25	4.82	0.25	0.51	20		breast, without skin=140|breast, bone and skin removed=121
170345		KFC, Fried Chicken, EXTRA CRISPY, Drumstick, meat only, skin and breading removed	170	25.9	7.43	0	1.05	16		drumstick, bone and skin remov=41|drumstick, without skin=57
170346		KFC, Fried Chicken, ORIGINAL RECIPE, Thigh, meat and skin with breading	269	18.9	17.73	8.46	0.88	64		thigh, with skin=135|thigh, without skin=86|thigh, bone and skin removed=60
170347		KFC, Fried Chicken, ORIGINAL RECIPE, Wing, meat and skin with breading	297	21.7	18.9	9.93	0.93	77		wing, with skin=60|wing, without skin=39|wing, bone and skin removed=23
170348		KFC, Fried Chicken, EXTRA CRISPY, Breast, meat and skin with breading	268	21.24	16.55	8.47	0.57	27		breast, with skin=212|breast, without skin=140|breast, bone and skin removed=121
170349		KFC, Fried Chicken, EXTRA CRISPY, Drumstick, meat and skin with breading	274	20.62	17.73	7.96	0.91	25		drumstick, with skin=81|drumstick, without skin=57|drumstick, bone and skin remov=41
170350		POPEYES, Fried Chicken, Mild, Skin and Breading	433	13.96	32.32	20.54	1.73	26		
170351		POPEYES, Fried Chicken, Mild, Thigh, meat only, skin and breading removed	188	24.31	9.66	0.85	1.03	34		thigh thigh without skin=83|thigh bone and skin removed=54
170352		POPEYES, Fried Chicken, Mild, Wing, meat only, skin and breading removed	212	28.94	9.42	2.9	0.92	38		wing without skin, bone and br=16
170353		POPEYES, Fried Chicken, Mild, Breast, meat and skin with breading	274	21.67	16.47	9.43	0.74	23		breast, with skin=194|breast, without skin=132|breast, bone and skin removed=99
170354		POPEYES, Fried Chicken, Mild, Drumstick, meat and skin with breading	293	20.44	19.14	9.84	1.06	20		drumstick, with skin=76|drumstick, without skin=59|drumstick, bone and skin remov=44
170355		Yogurt parfait, lowfat, with fruit and granola	84	3.36	1.01	14.76	0.49	105	0.1	item=149
170356		Fast Foods, Fried Chicken, Breast, meat only, skin and breading removed	153	27.93	4.54	0	0.54	23	0.1	breast without skin=142|breast bone and skin removed=107
170357		Fast Foods, Fried Chicken, Drumstick, meat only, skin and breading removed	172	26.24	7.41	0	1.03	16	0.1	drumstick, bone and skin remov=40|drumstick, drumstick without s=56
170358		Fast Foods, Fried Chicken, Thigh, meat only, skin and breading removed	178	23.21	9.41	0.24	0.91	24	0.2	thigh without skin=84|thigh bone and skin removed=66
170359		Fast Foods, Fried Chicken, Thigh, meat and skin and breading	274	19.23	18.07	8.58	1	54	0.2	thigh with skin=136|thigh without skin=84|thigh bone and skin removed=66
170360		Fast Foods, Fried Chicken, Wing, meat and skin and breading	310	21.14	20.09	11.09	1.04	67	0.1	wing, with skin=58|wing, without skin=37|wing, bone and skin removed=20
170361		DIGIORNO Pizza, cheese topping, cheese stuffed crust, frozen, baked	279	13.48	11.68	27.96	2.35	235		slice 1/4 of pie=164|pie 12" diameter=688
170362		DIGIORNO Pizza, cheese topping, rising crust, frozen, baked	256	12.8	8.6	29.38	0.77	192		slice 1/4 of pie=183|pie 12" diameter=729
170363		DIGIORNO Pizza, supreme topping, rising crust, frozen, baked	255	11.74	10.68	25.63	1.01	139		slice 1/4 of pie=227|pie 12" diameter=876
170364		DIGIORNO Pizza, supreme topping, thin crispy crust, frozen, baked	255	11.41	10.8	25.25	0.92	161		slice 1/4 of pie=155|pie 24.8 oz=595
170365		Fast Food, Pizza Chain, 14" pizza, sausage topping, thick crust	282	11.06	12.94	28.06	2.45	143	0	slice=127|pizza=1017
170366		Fast Food, Pizza Chain, 14" pizza, sausage topping, thin crust	321	13.36	17.71	24.5	1.73	213	0	slice=88|pizza=670
170367		Fast Food, Pizza Chain, 14" pizza, sausage topping, regular crust	280	11.5	12.35	28.32	2.41	144	0	slice=116|pizza=932
170368		Fast Foods, grilled chicken filet sandwich, with lettuce, tomato and spread	182	17.34	4.57	15.88	1.58	62	0.1	sandwich=230
170369		PIZZA HUT 14" Pepperoni Pizza, THIN 'N CRISPY Crust	333	14.13	16.17	30.56	2.78	196		slice=80|pizza=634
170370		DOMINO'S 14" Pepperoni Pizza, Crunchy Thin Crust	328	13.88	19.05	22.75	1.13	236		slice=79|pizza=563
170371		DOMINO'S 14" Sausage Pizza, Crunchy Thin Crust	319	12.77	18.52	22.7	1.07	234		slice=78|pizza=597
170372		PIZZA HUT 14" Sausage Pizza, Pan Crust	287	11.08	13.85	27.56	2.39	132		slice=125|pizza=1003
170373		Pizza, cheese topping, thin crust, frozen, cooked	263	11.91	11.07	25.8	2.14	228	0	slice=69|pie=556
170374		BURGER KING, Double Cheeseburger	282	16.83	16.13	17.43	2.33	120		sandwich=162
170375		Beet greens, raw	22	2.2	0.13	0.63	2.57	117	0	cup=38|leaf=32|cup (1" pieces)=38
170376		Beet greens, cooked, boiled, drained, without salt	27	2.57	0.2	2.56	1.9	114	0	cup (1" pieces)=144
170377		Broadbeans, immature seeds, raw	72	5.6	0.6	7.5	1.9	22	0	cup=109|broadbean=8
170378		Broadbeans, immature seeds, cooked, boiled, drained, without salt	62	4.8	0.5	6.5	1.5	18	0	
170379		Broccoli, raw	34	2.82	0.37	4.04	0.73	47	0	cup chopped=91|bunch=608|spear (about 5" long)=31|stalk=151|cup, chopped or diced=88
170380		Broccoli, frozen, spears, cooked, boiled, drained, without salt	28	3.1	0.11	2.36	0.61	51	0	cup=184|package (10 oz) yields=250
170381		Broccoli raab, raw	22	3.17	0.49	0.15	2.14	108	0	cup chopped=40|stalk=19
170382		Broccoli raab, cooked	25	3.83	0.52	0.32	1.27	118	0	NLEA serving=85|bunch cooked=437
170383		Brussels sprouts, raw	43	3.38	0.3	5.15	1.4	42	0	cup=88|sprout=19
170384		Burdock root, cooked, boiled, drained, without salt	88	2.09	0.14	19.35	0.77	49	0	cup (1" pieces)=125|root=166
170385		Butterbur, (fuki), raw	14	0.39	0.04	3.61	0.1	103	0	cup=94|petiole=5
170386		Butterbur, cooked, boiled, drained, without salt	8	0.23	0.02	2.16	0.1	59	0	
170387		Butterbur, canned	3	0.11	0.13	0.38	0.63	34	0	cup, chopped=124|stalks=15
170388		Cabbage, savoy, raw	27	2	0.1	3	0.4	35	0	cup, shredded=70
170389		Cabbage, savoy, cooked, boiled, drained, without salt	24	1.8	0.09	2.61	0.38	30	0	cup, shredded=145
170390		Cabbage, chinese (pak-choi), raw	13	1.5	0.2	1.18	0.8	105	0	cup, shredded=70|head=840|leaf=14
170391		Cabbage, chinese (pak-choi), cooked, boiled, drained, without salt	12	1.56	0.16	0.78	1.04	93	0	cup, shredded=170
170392		Cabbage, kimchi	15	1.1	0.5	0.8	2.5	33	0	cup=150
170393		Carrots, raw	41	0.93	0.24	6.78	0.3	33	0	cup chopped=128|cup grated=110|cup strips or slices=122|large (7-1/4" to 8-/1/2" long)=72|medium=61
170394		Carrots, cooked, boiled, drained, without salt	35	0.76	0.18	5.22	0.34	30	0	tbsp=9.7|cup slices=156|carrot=46
170395		Carrots, canned, regular pack, solids and liquids	23	0.58	0.14	3.57	0.52	31	0	cup slices=246|can (303 x 406)=454
170396		Carrots, canned, regular pack, drained solids	25	0.64	0.19	4.04	0.64	25	0	cup, sliced=146|cup, mashed=228|slice=2.8|can (303 x 406)=284
170397		Cauliflower, cooked, boiled, drained, without salt	23	1.84	0.45	1.81	0.32	16	0	cup (1" pieces)=124|flowerets=18
170398		Cauliflower, frozen, unprepared	24	2.01	0.27	2.38	0.54	22	0	cup (1" pieces)=132|package (10 oz)=284
170399		Cauliflower, frozen, cooked, boiled, drained, without salt	19	1.61	0.22	1.05	0.41	17	0	cup (1" pieces)=180
170400		Celeriac, raw	42	1.5	0.3	7.4	0.7	43	0	cup=156
170401		Chard, swiss, cooked, boiled, drained, without salt	20	1.88	0.08	2.03	2.26	58	0	cup, chopped=175
170402		Chayote, fruit, raw	19	0.82	0.13	2.81	0.34	17	0	cup (1" pieces)=132|chayote (5-3/4")=203
170403		Chayote, fruit, cooked, boiled, drained, without salt	24	0.62	0.48	2.29	0.22	13	0	cup (1" pieces)=160
170404		Chicory, witloof, raw	17	0.9	0.1	0.9	0.24	19	0	head=53|cup=90
170405		Chrysanthemum, garland, cooked, boiled, drained, without salt	20	1.64	0.09	2.01	3.74	69	0	cup (1" pieces)=100
170406		Collards, raw	32	3.02	0.61	1.42	0.47	232	0	cup, chopped=36
170407		Collards, cooked, boiled, drained, without salt	33	2.71	0.72	1.65	1.13	141	0	cup, chopped=190
170408		Collards, frozen, chopped, unprepared	33	2.69	0.37	2.86	1.07	201	0	package (10 oz)=287.88|package (3 lb)=1361
170409		Corn, sweet, yellow, canned, brine pack, regular pack, solids and liquids	61	1.95	0.77	12.16	0.36	4	0	cup=256|can (303 x 406)=482
170410		Onions, frozen, chopped, unprepared	29	0.79	0.1	5.02	0.33	17	0	package (10 oz)=287.88
170411		Onions, frozen, chopped, cooked, boiled, drained, without salt	28	0.77	0.1	4.79	0.3	16	0	tbsp chopped=15|cup, chopped or diced=210
170412		Onions, frozen, whole, unprepared	35	0.89	0.06	6.75	0.46	36	0	package (10 oz)=287.88
170413		Onions, frozen, whole, cooked, boiled, drained, without salt	28	0.71	0.05	5.3	0.34	27	0	cup=210
170414		Onion rings, breaded, par fried, frozen, unprepared	258	3.15	14.1	28.73	0.93	46	0	rings=14.17|package (16 oz)=454|package (9 oz)=255
170415		Onion rings, breaded, par fried, frozen, prepared, heated in oven	276	4.14	14.3	31.59	1.25	31	0	cup=48|rings, large (3-4" dia)=7.1|rings, medium (2-3" dia)=6|rings, small (1-2" dia)=4.8
170416		Parsley, fresh	36	2.97	0.79	3.03	6.2	138	0	cup chopped=60|tbsp=3.8|sprigs=1
170417		Parsnips, raw	75	1.2	0.3	13.09	0.59	36	0	cup slices=133
170418		Peas, edible-podded, frozen, cooked, boiled, drained, without salt	52	3.5	0.38	5.92	2.4	59	0	cup=160|package (10 oz) yields=253
170419		Peas, green, raw	81	5.42	0.4	8.75	1.47	25	0	cup=145
170420		Peas, green, cooked, boiled, drained, without salt	84	5.36	0.22	10.13	1.54	27	0	cup=160
170421		Peas, green, canned, regular pack, solids and liquids	58	3.01	0.48	7.3	1.29	20	0	cup=248|can (303 x 406)=482
170422		Peas, mature seeds, sprouted, raw	124	8.8	0.68	27.11	2.26	36	0	cup=120
170423		Peas, mature seeds, sprouted, cooked, boiled, drained, without salt	98	7.05	0.51	17.08	1.67	26	0	
170424		Peas and carrots, canned, regular pack, solids and liquids	38	2.17	0.27	6.48	0.75	23	0	cup=255
170425		Peas and carrots, frozen, unprepared	53	3.4	0.47	7.75	1.09	27	0	cup=140|package (10 oz)=284
170426		Peppers, hot chili, green, canned, pods, excluding seeds, solids and liquids	21	0.9	0.1	3.8	0.5	7	0	pepper=73|cup, chopped or diced=136
170427		Peppers, sweet, green, raw	20	0.86	0.17	2.94	0.34	10	0	cup, chopped=149|cup, sliced=92|tbsp=9.3|large (2-1/4 per lb, approx 3-=164|medium (approx 2-3/4" long, 2-=119
170428		Peppers, sweet, green, cooked, boiled, drained, without salt	28	0.92	0.2	5.5	0.46	9	0	cup, chopped or strips=135|tablespoon, chopped=11.6
170429		Peppers, sweet, green, canned, solids and liquids	18	0.8	0.3	2.7	0.8	41	0	cup, halves=140
170430		Pigeonpeas, immature seeds, cooked, boiled, drained, without salt	111	5.96	1.36	15.29	1.57	41	0	cup=153
170431		Poi	112	0.38	0.14	26.83	0.88	16	0	cup=240
170432		Pokeberry shoots, (poke), raw	23	2.6	0.4	2	1.7	53	0	cup=160
170433		Pokeberry shoots, (poke), cooked, boiled, drained, without salt	20	2.3	0.4	1.6	1.2	53	0	cup=165|tbsp=10
170434		Potatoes, white, flesh and skin, baked	92	2.1	0.15	18.98	0.64	10	0	potato large (3" to 4-1/4" dia=299|potato medium (2-1/4" to 3-1/4=173|potato small (1-3/4" to 2-1/2"=138
170435		Potatoes, red, flesh and skin, baked	87	2.3	0.15	17.79	0.7	9	0	potato large (3" to 4-1/4" dia=299|potato medium (2-1/4" to 3-1/4=173|potato small (1-3/4" to 2-1/2"=138
170436		Potatoes, french fried, crinkle or regular cut, salt added in processing, frozen, as purchased	146	2.34	4.99	21.96	0.62	13	0	strip=8.2
170437		Potatoes, french fried, crinkle or regular cut, salt added in processing, frozen, oven-heated	161	2.51	5.13	25.2	0.75	13	0	strip=6.9
170438		Potatoes, boiled, cooked in skin, flesh, without salt	87	1.87	0.1	18.33	0.31	5	0	cup=156|potato (2-1/2" dia, sphere)=136
170439		Potatoes, boiled, cooked in skin, skin, without salt	78	2.86	0.1	13.91	6.07	45	0	skin=34
170440		Potatoes, boiled, cooked without skin, flesh, without salt	86	1.71	0.1	18.21	0.31	8	0	cup=156|large (3" to 4-1/4" dia.)=300|medium (2-1/4" to 3-1/4" dia.)=167|small (1-3/4" to 2-1/2" dia.)=125
170441		Potatoes, microwaved, cooked in skin, flesh, without salt	100	2.1	0.1	21.68	0.41	5	0	cup=156|potato (2-1/3" x 4-3/4")=156
170442		Potatoes, au gratin, home-prepared from recipe using butter	134	5.06	7.59	9.46	0.64	119	0	cup=245
170443		Potatoes, canned, solids and liquids	44	1.2	0.11	8.49	0.72	39	0	cup, whole=300|can (303 x 406)=454
170444		Potatoes, canned, drained solids	60	1.41	0.21	11.31	1.26	5	0	cup=180|potato=35
170445		Potatoes, mashed, dehydrated, flakes without milk, dry form	354	8.34	0.41	74.57	1.21	27	0	cup=60
170446		Potatoes, mashed, dehydrated, prepared from flakes without milk, whole milk and butter added	97	1.77	5.13	10.07	0.16	32	0.3	cup=210
170447		Potatoes, au gratin, dry mix, unprepared	314	8.9	3.7	70.21	1.63	311	0	package (5.5 oz)=162.5
170448		Potatoes, au gratin, dry mix, prepared with water, whole milk and butter	93	2.3	4.12	11.94	0.32	83	0	package (5.5 oz) yields=856.25|package yield, 5.5 oz=822
170449		Potatoes, scalloped, dry mix, unprepared	358	7.77	4.59	65.33	2.01	62	0	package (5.5 oz)=162.5
170450		Potatoes, scalloped, dry mix, prepared with water, whole milk and butter	93	2.12	4.3	11.67	0.38	36	0	cup (unprepared)=245|package (5.5 oz) yields=856.25|package yield, 5.5 oz=822
170451		Potatoes, french fried, shoestring, salt added in processing, frozen, as purchased	163	2.16	6.24	23.29	0.72	11	0	strip=3
170452		Potatoes, french fried, shoestring, salt added in processing, frozen, oven-heated	194	2.9	6.76	28.86	0.8	12	0	strip=2.1
170453		Potatoes, o'brien, frozen, unprepared	76	1.83	0.14	15.57	1.03	13	0	
170454		Potatoes, o'brien, frozen, prepared	204	2.22	13.21	20.16	0.96	20	0	
170455		Taro, tahitian, cooked, without salt	44	4.16	0.68	6.85	1.56	149	0	cup slices=137
170456		Tomatoes, green, raw	23	1.2	0.2	4	0.51	13	0	cup=180|large=182|medium=123|slice or wedge=20|small=91
170457		Tomatoes, red, ripe, raw, year round average	18	0.88	0.2	2.69	0.27	10	0	cup cherry tomatoes=149|cup, chopped or sliced=180|Italian tomato=62|cherry=17|large whole (3" dia)=182
170458		Tomato juice, canned, with salt added	17	0.85	0.29	3.13	0.39	10	0	cup=243
170459		Tomato products, canned, paste, without salt added (Includes foods for USDA's Food Distribution Program)	82	4.32	0.47	14.81	2.98	36	0	cup=264|tbsp=16|can (6 oz)=170
170460		Tomato products, canned, puree, without salt added	38	1.65	0.21	7.08	1.78	18	0	cup=250|can (29 oz) (401 x 411)=822
170461		Tomato powder	302	12.91	0.44	58.18	4.56	166	0	
170462		Tomato products, canned, sauce, with onions, green peppers, and celery	41	0.94	0.74	7.37	0.76	13	0	cup=250|can, 15 oz (303 x 406)=411
170463		Tomato products, canned, sauce, with tomato tidbits	32	1.32	0.39	5.69	0.68	10	0	cup=244|can, 15 oz (303 x 406)=425
170464		Tree fern, cooked, without salt	40	0.29	0.07	7.28	0.16	8	0	cup, chopped=142|frond (6-1/2" long)=31
170465		Turnips, raw	28	0.9	0.1	4.63	0.3	30	0	cup, cubes=130|large=183|medium=122|slice=15|small=61
170466		Turnip greens, cooked, boiled, drained, without salt	20	1.14	0.23	0.86	0.8	137	0	cup, chopped=144
170467		Turnip greens, canned, solids and liquids	14	1.36	0.3	0.72	1.51	118	0	cup=234|can, 15 oz (303 x 406)=425
170468		Turnip greens, frozen, unprepared	22	2.47	0.31	1.17	1.51	118	0	cup, chopped or diced=164|package (10 oz)=284
170469		Turnip greens, frozen, cooked, boiled, drained, without salt	29	3.35	0.42	1.58	1.94	152	0	cup=164|package (10 oz) yields=220
170470		Turnip greens and turnips, frozen, unprepared	21	2.46	0.19	0.99	1.63	114	0	package (10 oz)=287.88|package (3 lb)=1361
170471		Vegetables, mixed, frozen, unprepared	72	3.33	0.52	9.47	0.95	25	0	package (10 oz)=287.88|pack (2-1/2 lb)=1134
170472		Vegetables, mixed, frozen, cooked, boiled, drained, without salt	65	2.86	0.15	8.69	0.82	25	0	cup=182|package (10 oz) yields=275
170473		Vegetable juice cocktail, low sodium, canned	19	0.91	0.32	3.33	0.29	15	0	cup=254
170474		Vinespinach, (basella), raw	19	1.8	0.3	3.4	1.2	109	0	
170475		Waxgourd, (chinese preserving melon), cooked, boiled, drained, without salt	14	0.4	0.2	2.04	0.38	18	0	cup, cubes=175
170476		Winged beans, immature seeds, raw	49	6.95	0.87	4.31	1.5	84	0	cup slices=44|pod=16
170477		Winged beans, immature seeds, cooked, boiled, drained, without salt	38	5.31	0.66	3.21	1.09	61	0	cup=62
170478		Winged bean leaves, raw	74	5.85	1.1	14.1	4	224	0	
170479		Beets, harvard, canned, solids and liquids	73	0.84	0.06	15.68	0.36	11	0	cup slices=246
170480		Beets, pickled, canned, solids and liquids	65	0.8	0.08	15.48	0.41	11	0	cup slices=227
170481		Borage, raw	21	1.8	0.7	3.06	3.3	93	0	cup (1" pieces)=89
170482		Borage, cooked, boiled, drained, without salt	25	2.09	0.81	3.55	3.64	102	0	
170483		Drumstick pods, raw	37	2.1	0.2	5.33	0.36	30	0	cup slices=100|pod (15-1/3" long)=11
170484		Drumstick pods, cooked, boiled, drained, without salt	36	2.09	0.19	3.98	0.45	20	0	cup slices=118
170485		Leeks, (bulb and lower-leaf portion), freeze-dried	321	15.2	2.1	64.25	7.6	360	0	tbsp=0.2|cup=3.2
170486		Parsley, freeze-dried	271	31.3	5.2	9.68	53.9	176	0	tbsp=0.4|cup=5.6
170487		Squash, summer, all varieties, raw	16	1.21	0.18	2.25	0.35	15	0	cup, sliced=113|large=323|medium=196|slice=9.9|small=118
170488		Squash, summer, all varieties, cooked, boiled, drained, without salt	20	0.91	0.31	2.91	0.36	27	0	cup, sliced=180
170489		Squash, winter, all varieties, raw	34	0.95	0.13	7.09	0.58	28	0	cup, cubes=116
170490		Squash, winter, all varieties, cooked, baked, without salt	37	0.89	0.35	6.05	0.44	22	0	cup, cubes=205
170491		Carrot juice, canned	40	0.95	0.15	8.48	0.46	24	0	cup=236
170492		Corn pudding, home prepared	131	4.42	5.04	15.77	0.53	39	0.5	cup=250|cup (#6 scoop)=253.03
170493		Potatoes, mashed, home-prepared, whole milk added	83	1.91	0.57	16.07	0.27	24	0.2	cup=210
170494		Spinach souffle	172	7.89	12.95	5.2	1.19	165	0.8	cup=136|recipe yield=813
170495		Seaweed, spirulina, dried	290	57.47	7.72	20.3	28.5	120	0	cup=112|tablespoon=7
170496		Seaweed, wakame, raw	45	3.03	0.64	8.64	2.18	150	0	tbsp (1/8 cup)=5
170497		Peppers, hot chili, green, raw	40	2	0.2	7.96	1.2	18	0	pepper=45|cup, chopped or diced=150
170498		Potatoes, o'brien, home-prepared	81	2.35	1.28	15.47	0.47	36	0	cup=194|recipe yield=1162
170499		Shallots, raw	72	2.5	0.1	13.6	1.2	37	0	tbsp chopped=10
170500		Carrot, dehydrated	341	8.1	1.49	55.97	3.93	212	0	cup=74
170501		Tomatoes, crushed, canned	32	1.64	0.28	5.39	1.3	34	0	cup=242
170502		Tomatoes, orange, raw	16	1.16	0.19	2.28	0.47	5	0	cup, chopped=158|tomato=111
170503		Mustard greens, cooked, boiled, drained, with salt	26	2.56	0.47	2.51	0.87	118	0	cup, chopped=140
170504		Mustard greens, frozen, cooked, boiled, drained, with salt	19	2.27	0.25	0.31	1.12	101	0	cup, chopped or diced=150|package (10 oz) yields=212
170505		Mustard spinach, (tendergreen), cooked, boiled, drained, with salt	16	1.7	0.2	0.8	0.8	158	0	cup, chopped=180
170506		New zealand spinach, cooked, boiled, drained, with salt	12	1.3	0.17	0.73	0.66	48	0	cup, chopped=180
170507		Onions, frozen, whole, cooked, boiled, drained, with salt	26	0.71	0.05	4.71	0.34	27	0	cup=210
170508		Parsnips, cooked, boiled, drained, with salt	71	1.32	0.3	13.01	0.58	37	0	cup slices=156|parsnip (9" long)=160
170509		Peas, edible-podded, cooked, boiled, drained, with salt	40	3.27	0.23	3.66	1.97	42	0	cup=160
170510		Peas, edible-podded, frozen, cooked, boiled, drained, with salt	50	3.5	0.38	5.33	2.4	59	0	cup=160|package (10 oz) yields=253
170511		Peas, mature seeds, sprouted, cooked, boiled, drained, with salt	98	7.05	0.51	17.08	1.67	26	0	
170512		Peas and carrots, canned, no salt added, solids and liquids	38	2.17	0.27	5.18	0.75	23	0	cup=255
170513		Peas and carrots, frozen, cooked, boiled, drained, with salt	48	3.09	0.42	7.02	0.94	23	0	cup=160|package (10 oz) yields=278
170514		Peas and onions, frozen, cooked, boiled, drained, with salt	45	2.54	0.2	6.43	0.94	14	0	cup=180
170515		Peppers, sweet, red, cooked, boiled, drained, with salt	26	0.92	0.2	4.91	0.46	9	0	tbsp=12|pepper=73|cup, chopped=184
170516		Peppers, sweet, green, frozen, chopped, cooked, boiled, drained, with salt	16	0.95	0.18	2.41	0.52	8	0	cup, chopped or strips=135|tablespoon, chopped=11.6
170517		Pigeonpeas, immature seeds, cooked, boiled, drained, with salt	111	5.96	1.36	15.29	1.57	41	0	cup=153
170518		Pokeberry shoots, (poke), cooked, boiled, drained, with salt	20	2.3	0.4	1.6	1.2	53	0	cup=165
170519		Potatoes, boiled, cooked in skin, skin, with salt	78	2.86	0.1	13.9	6.07	45	0	skin=34
170520		Potatoes, boiled, cooked without skin, flesh, with salt	86	1.71	0.1	18.01	0.31	8	0	cup=156|large (3" to 4-1/4" dia.)=300|medium (2-1/4" to 2-1/4" dia.)=167|small (1-3/4" to 2-1/2" dia.)=125
170521		Potatoes, microwaved, cooked, in skin, flesh and skin, with salt	105	2.44	0.1	21.94	1.24	11	0	potato (2-1/3" x 4-3/4")=202
170522		Potatoes, microwaved, cooked in skin, flesh, with salt	100	2.1	0.1	21.68	0.41	5	0	cup=156|potato (2-1/3" x 4-3/4")=156
170523		Potatoes, french fried, all types, salt not added in processing, frozen, as purchased	147	2.24	4.66	22.91	0.62	9	0	strips=6.5|package (9 oz)=255
170524		Potatoes, au gratin, home-prepared from recipe using margarine	132	5.06	7.59	9.47	0.64	119	0	cup=245
170525		Potatoes, scalloped, home-prepared with margarine	88	2.87	3.68	8.88	0.57	57	0	cup=245
170526		Pumpkin, cooked, boiled, drained, with salt	18	0.72	0.07	3.21	0.57	15	0	cup, mashed=245
170527		Pumpkin, canned, with salt	34	1.1	0.28	5.19	1.39	26	0	cup=245
170528		Rutabagas, cooked, boiled, drained, with salt	30	0.93	0.18	5.04	0.18	18	0	cup, mashed=240
170529		Salsify, cooked, boiled, drained, with salt	68	2.73	0.17	12.26	0.55	47	0	cup slices=135
170530		Soybeans, green, cooked, boiled, drained, with salt	141	12.35	6.4	6.85	2.5	145	0	cup=180
170531		Spinach, cooked, boiled, drained, with salt	23	2.97	0.26	1.35	3.57	136	0	cup=180
170532		Squash, summer, crookneck and straightneck, frozen, cooked, boiled, drained, with salt	25	1.28	0.2	4.14	0.52	20	0	cup slices=192
170533		Squash, summer, scallop, cooked, boiled, drained, with salt	16	1.03	0.17	1.4	0.33	15	0	cup slices=180|cup, mashed=240
170534		Squash, summer, zucchini, includes skin, cooked, boiled, drained, with salt	15	1.14	0.36	1.69	0.37	18	0	cup slices=180|cup, mashed=240
170535		Squash, summer, zucchini, includes skin, frozen, cooked, boiled, drained, with salt	14	1.15	0.13	1.67	0.48	17	0	cup=223
170536		Squash, winter, butternut, frozen, cooked, boiled, with salt	39	1.23	0.07	10.04	0.58	19	0	cup, mashed=240
170537		Squash, winter, hubbard, baked, with salt	50	2.48	0.62	5.91	0.47	17	0	cup, cubes=205
170538		Squash, winter, hubbard, cooked, boiled, mashed, with salt	30	1.48	0.37	3.56	0.28	10	0	cup, mashed=236
170539		Squash, winter, spaghetti, cooked, boiled, drained, or baked, with salt	27	0.66	0.26	5.06	0.34	21	0	cup=155
170540		Succotash, (corn and limas), cooked, boiled, drained, with salt	111	5.07	0.8	24.37	1.52	17	0	cup=192
170541		Sweet potato, cooked, boiled, without skin, with salt	76	1.37	0.14	15.22	0.72	27	0	cup, mashed=328|medium=151
170542		Sweet potato, frozen, cooked, baked, with salt	100	1.71	0.12	21.6	0.54	35	0	cup, cubes=176
170543		Taro, cooked, with salt	142	0.52	0.11	29.5	0.72	18	0	cup slices=132
170544		Taro, leaves, cooked, steamed, with salt	24	2.72	0.41	1.89	1.18	86	0	cup=145
170545		Tomato juice, canned, without salt added	17	0.85	0.29	3.13	0.39	10	0	cup=243
170546		Tomato products, canned, puree, with salt added	38	1.65	0.21	7.08	1.78	18	0	cup=250|can (29 oz) (401 x 411)=822
170547		Turnips, cooked, boiled, drained, with salt	22	0.71	0.08	3.06	0.22	22	0	cup, cubes=156|cup, mashed=230
170548		Turnips, frozen, cooked, boiled, drained, with salt	21	1.53	0.24	1.73	0.98	32	0	cup=156
170549		Waxgourd, (chinese preserving melon), cooked, boiled, drained, with salt	11	0.4	0.2	1.45	0.38	18	0	cup, cubes=175
170550		Winged bean, immature seeds, cooked, boiled, drained, with salt	37	5.31	0.66	3.21	1.09	61	0	cup=62
170551		Yam, cooked, boiled, drained, or baked, with salt	114	1.49	0.14	23.09	0.52	14	0	cup, cubes=136
170552		Seeds, breadnut tree seeds, raw	217	5.97	0.99	46.28	2.09	98	0	
170553		Seeds, breadnut tree seeds, dried	367	8.62	1.68	64.49	4.6	94	0	cup=160
170554		Seeds, chia seeds, dried	486	16.54	30.74	7.72	7.72	631		
170555		Seeds, cottonseed flour, partially defatted (glandless)	359	40.96	6.2	37.54	12.66	478	0	cup=94|tbsp=5
170556		Seeds, pumpkin and squash seed kernels, dried	559	30.23	49.05	4.71	8.82	46	0	cup=129
170557		Seeds, pumpkin and squash seed kernels, roasted, without salt	574	29.84	49.05	8.21	8.07	52	0	cup=118
170558		Seeds, safflower seed kernels, dried	517	16.18	38.45	34.29	4.9	78	0	
170559		Seeds, safflower seed meal, partially defatted	342	35.62	2.39	48.73	4.86	77	0	
170560		Seeds, sesame flour, low-fat	333	50.14	1.75	35.51	14.22	149	0	
170561		Seeds, sesame meal, partially defatted	567	16.96	48	26.04	14.55	153	0	
170562		Seeds, sunflower seed kernels, dried	584	20.78	51.46	11.4	5.25	78	0	cup, with hulls, edible yield=46|cup=140
170563		Seeds, sunflower seed kernels, dry roasted, without salt	582	19.33	49.8	12.97	3.8	70	0	cup=128
170564		Seeds, sunflower seed kernels, oil roasted, without salt	592	20.06	51.3	12.29	4.28	87	0	cup=135
170565		Nuts, acorns, dried	509	8.1	31.41	53.66	1.04	54		
170566		Nuts, acorn flour, full fat	501	7.49	30.17	54.65	1.21	43		
170567		Nuts, almonds	579	21.15	49.93	9.05	3.71	269	0	cup, whole=143|cup, sliced=92|cup, slivered=108|cup, ground=95|almond=1.2
170568		Nuts, almonds, blanched	590	21.4	52.52	8.77	3.28	236	0	cup whole kernels=145|tbsp=9.1
170569		Nuts, brazilnuts, dried, unblanched	659	14.32	67.1	4.24	2.43	160	0	cup, whole=133|kernel=5
170570		Nuts, butternuts, dried	612	24.9	56.98	7.35	4.02	53	0	cup=120|nutmeat=3
170571		Nuts, cashew nuts, dry roasted, without salt added	574	15.31	46.35	29.69	6	45	0	cup, halves and whole=137|tbsp=8.6
170572		Nuts, cashew nuts, oil roasted, without salt added	580	16.84	47.77	26.57	6.05	43	0	cup, whole=129|cup, halves and pieces=129
170573		Nuts, chestnuts, chinese, roasted	239	4.48	1.19	52.36	1.5	19	0	
170574		Nuts, chestnuts, european, raw, unpeeled	213	2.42	2.26	37.44	1.01	27	0	cup=145
170575		Nuts, chestnuts, european, raw, peeled	196	1.63	1.25	44.17	0.94	19	0	
170576		Nuts, chestnuts, european, dried, unpeeled	374	6.39	4.45	65.61	2.38	67	0	
170577		Nuts, coconut meat, dried (desiccated), sweetened, flaked, packaged	456	3.13	27.99	41.95	1.51	11	0	cup=85
170578		Nuts, coconut meat, dried (desiccated), sweetened, flaked, canned	443	3.35	31.69	36.41	1.84	14	0	cup=77
170579		Nuts, coconut meat, dried (desiccated), toasted	592	5.3	47	44.4	3.39	27	0	
170580		Nuts, coconut cream, raw (liquid expressed from grated meat)	330	3.63	34.68	4.45	2.28	11	0	tbsp=15|cup=240
170581		Nuts, hazelnuts or filberts	628	14.95	60.75	7	4.7	114	0	cup, chopped=115|cup, ground=75|cup, whole=135|nuts=1.4
170582		Nuts, hazelnuts or filberts, blanched	629	13.7	61.15	6	3.3	149	0	
170583		Nuts, hazelnuts or filberts, dry roasted, without salt added	646	15.03	62.4	8.2	4.38	123	0	
170584		Nuts, ginkgo nuts, raw	182	4.32	1.68	37.6	1	2	0	
170585		Nuts, mixed nuts, dry roasted, with peanuts, without salt added	607	19.5	53.5	16.02	3.73	87	0	cup=131
170586		Nuts, mixed nuts, dry roasted, with peanuts, salt added, PLANTERS pistachio blend	572	23.28	47.52	14.97	3.43	129		cup=147
170587		Nuts, mixed nuts, oil roasted, with peanuts, without salt added	607	20.04	53.95	14.05	2.61	117	0	cup=134
170588		Nuts, mixed nuts, oil roasted, without peanuts, without salt added	615	15.52	56.17	16.77	2.57	106	0	cup=144
170589		Nuts, pecans, oil roasted, without salt added	715	9.2	75.23	3.51	2.47	67	0	cup=110
170590		Nuts, pilinuts, dried	719	10.8	79.55	3.98	3.53	145		cup=120
170591		Nuts, pine nuts, dried	673	13.69	68.37	9.38	5.53	16	0	cup=135|nuts=0.17
170592		Nuts, pine nuts, pinyon, dried	629	11.57	60.98	8.6	3.06	8	0	nuts=0.1
170593		Nuts, walnuts, glazed	500	8.28	35.71	43.99	1.29	71		
170594		Nuts, walnuts, dry roasted, with salt added	643	14.29	60.71	10.76	2.57	71	0	
170595		Seeds, breadfruit seeds, roasted	207	6.2	2.7	34.1	0.9	86	0	
170596		Seeds, cottonseed kernels, roasted (glandless)	506	32.59	36.29	16.4	5.4	100	0	cup=149|tbsp=10
170597		Beef, variety meats and by-products, spleen, cooked, braised	145	25.1	4.2	0	39.36	12		piece, cooked, excluding refus=308
170598		Beef, variety meats and by-products, tongue, cooked, simmered	284	19.29	22.3	0	2.61	5	0.4	
170599		Beef, variety meats and by-products, tripe, raw	85	12.07	3.69	0	0.59	69	0	
170600		Beef, sandwich steaks, flaked, chopped, formed and thinly sliced, raw	309	16.5	27	0	1.86	12	0.4	steak=56|package=396
170601		Beef, brisket, flat half, separable lean only, trimmed to 0" fat, choice, cooked, braised	212	32.62	8.07	0	2.83	14		steak=293
170602		Beef, cured, corned beef, canned	250	27.1	14.93	0	2.08	12	0.2	slice (3/4 oz)=21
170603		Beef, chuck, under blade pot roast or steak, boneless, separable lean only, trimmed to 0" fat, select, raw	134	21.03	5.41	0.19	2.43	12	0.1	steak=732|roast=977
170604		Beef, cured, dried	153	31.1	1.94	2.76	2.42	8	0	slices=2.8
170605		Beef, chuck, under blade center steak, boneless, Denver Cut, separable lean only, trimmed to 0" fat, all grades, cooked, grilled	220	26.5	12.64	0.14	3.31	14	0.1	steak=353
170606		Sausage, beef, cured, cooked, smoked	312	14.11	26.91	2.42	1.76	7		sausage=43
170607		Beef, chopped, cured, smoked	133	20.19	4.42	1.86	2.85	8		slice (1 oz)=28
170608		Beef, chuck, under blade center steak, boneless, Denver Cut, separable lean only, trimmed to 0" fat, choice, raw	178	19.23	10.96	0.67	2.4	12	0.1	steak=483
170609		Beef, composite of trimmed retail cuts, separable lean and fat, trimmed to 0" fat, all grades, cooked	230	28.4	12.42	0	2.82	14	0.1	
170610		Beef, composite of trimmed retail cuts, separable lean only, trimmed to 0" fat, select, cooked	188	29.88	7.12	0	2.88	14	0.1	
170611		Beef, brisket, whole, separable lean and fat, trimmed to 0" fat, all grades, cooked, braised	291	26.79	19.52	0	2.53	7	0.3	piece, cooked, excluding refus=314
170612		Beef, brisket, whole, separable lean only, trimmed to 0" fat, all grades, cooked, braised	218	29.75	10.08	0	2.81	6	0.2	piece, cooked, excluding refus=264
170613		Beef, brisket, flat half, separable lean and fat, trimmed to 0" fat, all grades, cooked, braised	213	32.9	8.01	0	2.76	19		steak (Yield from 418 g raw me=270
170614		Beef, chuck, arm pot roast, separable lean and fat, trimmed to 0" fat, select, cooked, braised	283	29.23	17.56	0	2.38	17		roast (yield from 1675 g raw m=1236
170615		Beef, chuck, arm pot roast, separable lean only, trimmed to 0" fat, choice, cooked, braised	212	33.36	7.67	0	2.89	14		roast (yield from 1528g raw me=1095
170616		Beef, chuck, arm pot roast, separable lean only, trimmed to 0" fat, select, cooked, braised	195	33.37	5.8	0	2.77	17		roast (yield from 1675 g raw m=1236
170617		Beef, chuck, blade roast, separable lean and fat, trimmed to 0" fat, all grades, cooked, braised	334	27.18	24.14	0	3.18	13	0.4	piece, cooked, excluding refus=235
170618		Beef, chuck, under blade pot roast, boneless, separable lean and fat, trimmed to 0" fat, choice, cooked, braised	306	26.39	21.48	0	2.68	14	0.2	roast=658
170619		Beef, rib, large end (ribs 6-9), separable lean and fat, trimmed to 0" fat, choice, cooked, roasted	372	22.8	30.49	0	2.33	10		piece, cooked, excluding refus=290
170620		Beef, rib, large end (ribs 6-9), separable lean and fat, trimmed to 0" fat, select, cooked, roasted	331	23.48	25.54	0	2.4	9		piece, cooked, excluding refus=286
170621		Beef, rib, large end (ribs 6-9), separable lean only, trimmed to 0" fat, all grades, cooked, roasted	238	27.53	13.4	0	2.82	8	0.2	piece, cooked, excluding refus=214
170622		Beef, rib, large end (ribs 6-9), separable lean only, trimmed to 0" fat, choice, cooked, roasted	253	27.53	15	0	2.82	8		piece, cooked, excluding refus=207
170623		Beef, rib, small end (ribs 10-12), separable lean only, trimmed to 0" fat, all grades, cooked, broiled	193	29.41	7.53	0	1.87	19	0.1	steak (yield from 296 g raw me=233
170624		Beef, rib, small end (ribs 10-12), separable lean only, trimmed to 0" fat, choice, cooked, broiled	225	28.04	11.7	0	2.57	13		piece, cooked, excluding refus=220
170625		Beef, rib, small end (ribs 10-12), separable lean only, trimmed to 0" fat, select, cooked, broiled	198	28.04	8.7	0	2.57	13		piece, cooked, excluding refus=220
170626		Beef, round, bottom round, steak, separable lean and fat, trimmed to 0" fat, all grades, cooked, braised	223	33.56	8.86	0	2.72	8	0.2	steak (yield from 290 g raw me=185
170627		Beef, round, bottom round, roast, separable lean and fat, trimmed to 0" fat, select, cooked, roasted	175	28.08	6.06	0	2.28	7		roast (yield from 572 g raw me=464
170628		Beef, round, bottom round, steak, separable lean only, trimmed to 0" fat, all grades, cooked, braised	214	34	7.67	0	2.83	7	0.1	steak (yield from 290 g raw me=185
170629		Beef, round, bottom round, roast, separable lean only, trimmed to 0" fat, all grades, cooked, roasted	177	27.76	6.48	0	2.33	6		roast (yield from 600 g raw me=489
170630		Beef, round, bottom round, steak, separable lean only, trimmed to 0" fat, choice, cooked, braised	223	33.08	9.03	0	2.93	7		steak (yield from 299 g raw me=191
170631		Beef, round, bottom round, roast, separable lean only, trimmed to 0" fat, choice, cooked, roasted	185	27.23	7.63	0	2.4	6		roast (yield from 627 g raw me=515
170632		Beef, round, eye of round roast, boneless, separable lean and fat, trimmed to 0" fat, select, cooked, roasted	162	29.45	3.97	0	1.74	16	0	roast (yield from 426 g raw me=337
170633		Beef, round, eye of round roast, boneless, separable lean only, trimmed to 0" fat, all grades, cooked, roasted	163	29.85	3.9	0	1.84	16	0	roast (yield from 436 g raw me=346|piece, cooked, excluding refus=330
170634		Beef, round, eye of round roast, boneless, separable lean only, trimmed to 0" fat, choice, cooked, roasted	166	29.94	4.26	0	1.86	16	0	roast (yield from 445 g raw me=355|piece, cooked, excluding refus=331
170635		Beef, round, eye of round roast, boneless, separable lean only, trimmed to 0" fat, select, cooked, roasted	157	29.52	3.43	0	1.74	16	0	roast (yield from 426 g raw me=337|piece, cooked, excluding refus=296
170636		Beef, round, tip round, roast, separable lean only, trimmed to 0" fat, choice, cooked, roasted	176	27.68	6.42	0	2.43	6		roast (yield from 1405 g raw m=1138
170637		Beef, round, tip round, roast, separable lean only, trimmed to 0" fat, select, cooked, roasted	149	27.37	4.38	0	2.26	6		roast (yield from 1388 g raw m=1141
170638		Beef, round, top round, separable lean and fat, trimmed to 0" fat, all grades, cooked, braised	209	35.62	6.31	0	3.27	4	0.1	piece, cooked, excluding refus=267
170639		Beef, round, top round, separable lean and fat, trimmed to 0" fat, choice, cooked, braised	216	35.62	7.09	0	3.27	4		piece, cooked, excluding refus=267
170640		Beef, loin, tenderloin steak, boneless, separable lean and fat, trimmed to 0" fat, select, cooked, grilled	202	30.93	7.7	0	3.02	13	0.1	steak (yield from 136 g raw me=108
170641		Beef, loin, tenderloin steak, boneless, separable lean only, trimmed to 0" fat, all grades, cooked, grilled	198	30.7	8.32	0	3.59	15	0.1	steak=119
170642		Beef, loin, tenderloin steak, boneless, separable lean only, trimmed to 0" fat, choice, cooked, grilled	211	30.45	9.03	0	4.12	17	0.1	steak=121
170643		Beef, loin, tenderloin steak, boneless, separable lean only, trimmed to 0" fat, select, cooked, grilled	198	31.09	7.25	0	3.11	13	0.1	steak=117
170644		Puddings, vanilla, dry mix, regular, with added oil	369	0.3	1.1	92.4	0.05	15		package (3.12 oz)=88|portion, amount to make 1/2 cu=22
170645		Jams and preserves, apricot	242	0.7	0.2	64.1	0.49	20	0	tbsp=20|packet (0.5 oz)=14
170646		Syrups, table blends, pancake, with 2% maple, with added potassium	265	0	0.1	69.6	0.07	5		cup=315|tbsp=20
170647		Snacks, corn cakes, very low sodium	387	8.1	2.4	83.4	1.4	19		cake=9|cakes=9
170648		Snacks, potato chips, plain, made with partially hydrogenated soybean oil, unsalted	536	7	34.6	48.1	1.63	24		bag (8 oz)=227
170649		Snacks, potato chips, plain, unsalted	536	7	34.6	48.1	1.63	24	0	bag (8 oz)=227
170650		Snacks, pretzels, hard, plain, made with unenriched flour, salted	381	9.1	3.5	76.4	1.67	36		twists=6
170651		Snacks, pretzels, hard, plain, made with unenriched flour, unsalted	381	9.1	3.5	76.4	1.67	36		twists=6
170652		Snacks, rice cakes, brown rice, sesame seed, unsalted	392	7.6	3.8	81.5	1.58	12		cake=9|cakes=9
170653		Snacks, sesame sticks, wheat-based, unsalted	541	10.9	36.7	46.5	0.74	170		
170654		Snacks, trail mix, regular, unsalted	462	13.8	29.4	44.9	3.05	78		cup=150
170655		Snacks, trail mix, regular, with chocolate chips, unsalted nuts and seeds	484	14.2	31.9	44.9	3.39	109		cup=146
170656		Candies, sugar-coated almonds	465	10	17.93	65.76	1.9	100	0	piece=3.5
170657		Cocoa, dry powder, hi-fat or breakfast, processed with alkali	479	16.8	23.71	15.81	14.5	122	0	tablespoon Ghirardelli label 2=6|tablespoon Hershey's label 201=5|container Ghirardelli label 20=283
170658		Candies, soft fruit and nut squares	390	2.31	9.52	71.41	0.93	17	0	pieces=14
170659		Ice creams, vanilla, fat free	138	4.48	0	29.06	0	149	0	cup=134
170660		Ice creams, BREYERS, All Natural Light French Vanilla	173	4.82	5.56	25.83	0.21	155		serving 1/2 cup=68
170661		Ice creams, BREYERS, 98% Fat Free Vanilla	137	3.3	2.2	25.11	0.09	122		serving 1/2 cup=68
170662		Ice creams, BREYERS, All Natural Light Vanilla Chocolate Strawberry	161	4.69	4.35	25.66	0.31	158		serving 1/2 cup=68
170663		Ice creams, BREYERS, All Natural Light Mint Chocolate Chip	196	4.69	7.09	27.79	0.52	160		serving 1/2 cup=68
170664		Ice creams, BREYERS, No Sugar Added, Vanilla Chocolate Strawberry	143	3.71	6.26	21	0.27	132		serving 1/2 cup=68
170665		Frozen novelties, KLONDIKE, SLIM-A-BEAR Chocolate Cone	224	4.09	4.1	41.02	0.75	125		serving 1 cone=79
170666		Frozen novelties, KLONDIKE, SLIM-A-BEAR Vanilla Sandwich	239	3.9	5.85	38.45	0.38	142		serving 1 sandwich=64
170667		Frozen novelties, KLONDIKE, SLIM-A-BEAR, No Sugar Added, Stickless Bar	242	5.2	13	22.08	0.41	289		serving 1 bar=78
170668		Ice creams, BREYERS, No Sugar Added, Chocolate Caramel	151	3.54	5.8	24.17	0.59	121		serving 1/2 cup=71
170669		Candies, REESE's Fast Break, milk chocolate, peanut butter, soft nougats, candy bar	495	8.93	23.21	60.3	0.64	36	0	serving 1 bar=56
170670		Candies, MARS SNACKFOOD US, COCOAVIA Chocolate Covered Almonds	573	9.51	37.07	39.82	3.56	840		serving 1oz pack=28
170671		Ice creams, regular, low carbohydrate, vanilla	216	3.17	12.7	17.43	0.09	128	0.2	individual (3.5 fl oz)=58|cup (4 fl oz)=132
170672		Sweeteners, for baking, brown, contains sugar and sucralose	388	0	0	97.11	1.64	63		tbsp=12.9|cup=189
170673		Sweeteners, for baking, contains sugar and sucralose	398	0	0	99.53	0.06	1		tbsp=14.5|cup=202
170674		Sugar, turbinado	399	0	0	99.8	0.37	12		tsp=4.6|cup=202
170675		Sweeteners, sugar substitute, granulated, brown	347	2.06	0	84.17	0.16	879		tsp=0.5|cup=23
170676		Candies, M&M MARS 3 MUSKETEERS Truffle Crisp	538	6.41	28.85	63.15	1.88	150	0	serving=31
170677		Syrups, chocolate, HERSHEY'S Sugar free, Genuine Chocolate Flavored, Lite Syrup	43	2.87	2.03	11.3	2.06	0	0	tbsp=17.5
170678		Candies, M&M MARS Pretzel Chocolate Candies	447	5	15	70.44	0.9	50	0	cup=160
170679		Sweetener, herbal extract powder from Stevia leaf	0	0	0	100	0	0	0	package=1
170680		Candies, HERSHEYS, PAYDAY Bar	490	13.44	25	49.08	1.92	94	0	serving=52
170681		Syrup, NESTLE, chocolate	269	0	0	67.21	0	0	0	tablespoon=20
170682		Amaranth grain, uncooked	371	13.56	7.02	58.55	7.61	159	0	cup=193
170683		Amaranth grain, cooked	102	3.8	1.58	16.59	2.1	47		cup=246
170684		Arrowroot flour	357	0.3	0.1	84.75	0.33	40	0	cup=128
170685		Buckwheat groats, roasted, dry	346	11.73	2.71	64.65	2.47	17	0	cup=164
170686		Buckwheat groats, roasted, cooked	92	3.38	0.62	17.24	0.8	7	0	cup=168
170687		Buckwheat flour, whole-groat	335	12.62	3.1	60.59	4.06	41	0	cup=120
170688		Bulgur, dry	342	12.29	1.33	63.37	2.46	35	0	cup=140
170689		Fast foods, taco with beef, cheese and lettuce, hard shell	226	8.86	12.7	15.95	1.19	89	0.1	each taco=69
170690		Fast foods, cheeseburger; single, regular patty; plain	308	16.51	14.72	26.03	2.71	119	0.1	sandwich=91
170691		Fast foods, cheeseburger; single, regular patty, with condiments	270	13.49	12.9	23.56	2.25	123	0.1	item=127
170692		Fast foods, cheeseburger; single, regular patty, with condiments and vegetables	254	13.06	11.5	23.57	2.78	92	0.1	sandwich=115
170693		Fast foods, hamburger; single, regular patty; plain	297	16.52	12.01	29.8	3.06	62	0.1	sandwich=78
170694		Fast foods, hamburger; single, regular patty; with condiments	263	13.3	10.18	27.77	2.87	116	0.1	sandwich=97
170695		Fast foods, roast beef sandwich, plain	244	15.17	10.3	20.91	2.64	55	0	sandwich=149
170696		Fast foods, submarine sandwich, cold cut on white bread with lettuce and tomato	213	10.52	10.04	19.23	1.81	171	0.2	inch sub=32.67
170697		Fast foods, onion rings, breaded and fried	411	3.86	25.23	40.88	0.78	115	0	package (18 onion rings)=117
170698		Fast foods, potato, french fried in vegetable oil	312	3.43	14.73	37.64	0.81	18	0	serving small=71|serving medium=117|serving large=154
170699		Fast foods, potato, mashed	89	1.65	2.82	13.35	0.31	18	0	cup=242
170700		BURGER KING, Vanilla Shake	168	3.19	8.74	19.03	0.42	104		small 12 fl oz=298|medium 16 fl oz=397
170701		School Lunch, pizza, BIG DADDY'S LS 16" 51% Whole Grain Rolled Edge Turkey Pepperoni Pizza, frozen	248	13.63	9.33	23.25	2.4	147		slice 1/8 per pizza=156|slice 1/10 per pizza=124
170702		School Lunch, pizza, TONY'S SMARTPIZZA Whole Grain 4x6 Cheese Pizza 50/50 Cheese, frozen	233	12.08	7.51	25.47	2.4	207		piece 4" x 6"=130
170703		School Lunch, pizza, TONY'S SMARTPIZZA Whole Grain 4x6 Pepperoni Pizza 50/50 Cheese, frozen	238	12.14	8.19	24.74	2.6	192		piece 4"x6"=127
170704		School Lunch, pizza, TONY'S Breakfast Pizza Sausage, frozen	240	10.39	10.04	24.99	2.1	176		piece 3.2 oz=91
170705		SUBWAY, sweet onion chicken teriyaki sub on white bread with lettuce, tomato and sweet onion sauce	155	10.91	2.37	21.34	1.52	142		inch sub=38
170706		Fast foods, submarine sandwich, turkey breast on white bread with lettuce and tomato	147	9.12	2.31	21.12	1.84	169	0	inch sub=30.67
170707		Fast foods, submarine sandwich, ham on white bread with lettuce and tomato	151	9.12	2.53	21.61	1.78	169	0.2	inch sub=30.67
170708		SUBWAY, meatball marinara sub on white bread (no toppings)	219	9.77	8.45	23.91	2.32	176		inch sub=34.83
170709		Fast foods, submarine sandwich, meatball marinara on white bread	219	9.77	8.45	23.91	2.32	176	0	inch sub=34.83
170710		Fast foods, hamburger, large, single patty, with condiments	256	15.68	11.6	21.04	1.73	87	0.1	item=171
170711		SUBWAY, turkey breast sub on white bread with lettuce and tomato	147	9.12	2.31	21.12	1.84	169		inch sub=30.67
170712		SUBWAY, black forest ham sub on white bread with lettuce and tomato	151	9.12	2.53	21.61	1.78	169		inch sub=30.67
170713		SUBWAY, roast beef sub on white bread with lettuce and tomato	155	12.17	2.73	19.64	2.09	164		inch sub=31.67
170714		Pizza, cheese topping, rising crust, frozen, cooked	260	12.37	8.78	30.41	1.77	177	0	serving 6 servings per 29.25 o=139|serving 4 servings per 19.7 oz=149|package 29.25 oz pizza=834|package 19.7 oz pizza=595
170715		Pizza, meat and vegetable topping, regular crust, frozen, cooked	276	11.28	14.43	22.94	1.36	152	0	serving 5 servings per 24.2 oz=143|serving 5 servings per 22.85 o=129|serving 2 servings per 10.9 oz=177|package 24.2 oz pizza=713|package 22.85 oz pizza=644
170716		Pizza, meat and vegetable topping, rising crust, frozen, cooked	271	12.63	11.75	26.48	1.36	155	0	serving 6 servings per 34.98 o=170|serving 6 servings per 30.7 oz=149|serving 3 servings per 14.3 oz=138|package 34.98 oz pizza=1020|package 30.7 oz pizza=891
170717		McDONALD'S, Hamburger	264	12.92	10.09	28.98	2.87	127		sandwich=95
170718		Fast foods, chicken, breaded and fried, boneless pieces, plain	307	15.92	20.36	14.03	0.83	11	0.2	pieces=16
170719		McDONALD'S, QUARTER POUNDER with Cheese	258	14.59	14.22	18.55	2.1	144		item 7.1 oz=199
170720		McDONALD'S, BIG MAC	257	11.82	14.96	18.48	2	116		item 7.6 oz=219
170721		McDONALD'S, french fries	323	3.41	15.47	38.68	0.8	19		small serving=71|medium serving=117|large serving=154|kids serving=31
170722		WENDY'S, CLASSIC SINGLE Hamburger, no cheese	213	12.63	10.6	15.52	2.73	34		item=218
170723		WENDY'S, Homestyle Chicken Fillet Sandwich	214	13.78	8.1	20.25	1.5	23		item=230
170724		WENDY'S, Ultimate Chicken Grill Sandwich	179	14.73	5	17.78	1.55	25		item=225
170725		WENDY'S, Chicken Nuggets	326	16.46	22.55	14.31	0.62	11		pieces=13.6
170726		WENDY'S, french fries	301	3.73	14.1	35.73	0.93	16		kid's meal Serving=71|small Serving=113|medium Serving=142|large Serving=184
170727		BURGER KING, WHOPPER, no cheese	233	10.74	12.84	16.75	4.37	39		item=291
170728		BURGER KING, WHOPPER, with cheese	250	11.19	15.33	15.7	2	82		item=316
170729		BURGER KING, DOUBLE WHOPPER, no cheese	252	13.94	15.66	12.34	2.8	35		item=374
170730		BURGER KING, DOUBLE WHOPPER, with cheese	266	14.47	17.06	11.92	5.3	78		item=399
170731		BURGER KING, Chicken Strips	292	18.2	15.25	19.19	0.62	13		strip=36|serving 5 pieces=173
170732		TACO BELL, Soft Taco with chicken, cheese and lettuce	189	13.3	6.35	18.49	1.59	122		each taco=98
170733		TACO BELL, Soft Taco with steak	225	11.81	12.1	15.62	2.22	117		item=127
170734		TACO BELL, Bean Burrito	209	7.35	6.05	27.03	2.37	124		each burrito=185
170735		TACO BELL, BURRITO SUPREME with beef	183	7.03	6.8	19.67	1.82	90		burrito=241
170736		TACO BELL, Taco Salad	170	6.69	9.17	12.1	1.77	95		item=533
170737		KFC, Popcorn Chicken	351	17.67	21.74	20.18	1.42	32		piece=6.4|pieces=5.6
170738		KFC, Fried Chicken, ORIGINAL RECIPE, Skin and Breading	384	14.17	28.01	18.79	0.88	117		
170739		KFC, Fried Chicken, ORIGINAL RECIPE, Breast, meat only, skin and breading removed	149	26.89	4.56	0	0.53	25		breast without skin=152|breast bone and skin removed=115
170740		KFC, Fried Chicken, ORIGINAL RECIPE, Drumstick, meat only, skin and breading removed	175	26.3	7.66	0.11	1.04	16		drumstick, bone and skin remov=40|drumstick, without skin=57
170741		KFC, Fried Chicken, ORIGINAL RECIPE, Thigh, meat only, skin and breading removed	175	22.78	9.31	0.01	0.87	20		thigh without skin=86|thigh bone and skin removed=60
170742		KFC, Fried Chicken, EXTRA CRISPY, Thigh, meat only, skin and breading removed	179	22.41	9.96	0	0.96	21		thigh, without skin=91|thigh, bone and skin removed=72
170743		KFC, Fried Chicken, EXTRA CRISPY, Wing, meat only, skin and breading removed	236	28.67	12.13	2.97	0.89	30		wing, without skin=44|wing, bone and skin removed=29
170744		KFC, Fried Chicken, ORIGINAL RECIPE, Breast, meat and skin with breading	231	21.94	13.11	6.28	0.6	33		breast, with skin=212|breast, without skin=152|breast, bone and skin removed=115
170745		KFC, Fried Chicken, ORIGINAL RECIPE, Drumstick, meat and skin with breading	239	22.3	14.22	5.39	0.97	29		drumstick, with skin=75|drumstick, without skin=57|drumstick, bone and skin remov=40
170746		KFC, Fried Chicken, EXTRA CRISPY, Thigh, meat and skin with breading	309	17.17	22.14	10.3	0.83	30		thigh, with skin=152|thigh, without skin=91|thigh, bone and skin removed=72
170747		KFC, Fried Chicken, EXTRA CRISPY, Wing, meat and skin with breading	337	20.8	23	11.66	0.79	35		wing, with skin=68|wing, without skin=44|wing, bone and skin removed=29
170748		POPEYES, Fried Chicken, Mild, Breast, meat only, skin and breading removed	157	28.98	4.52	0	0.55	20		breast without skin=132|breast bone and skin removed=99
170749		POPEYES, Fried Chicken, Mild, Drumstick, meat only, skin and breading removed	170	26.51	7.14	0.04	1.06	16		drumstick, bone and skin remov=44|drumstick, without skin=59
170750		POPEYES, Fried Chicken, Mild, Thigh, meat and skin with breading	310	19.14	20.99	10.7	1.38	30		thigh with skin=138|thigh without skin=83|thigh bone and skin removed=54
170751		POPEYES, Fried Chicken, Mild, Wing, meat and skin with breading	338	20.4	22.48	12.92	1.38	31		wing, with skin=57|wing, without skin=35|wing, bone and skin removed=17
170752		Fast foods, grilled chicken, bacon and tomato club sandwich, with cheese, lettuce, and mayonnaise	220	17.19	8.05	18.67	1.37	95	0.1	sandwich=268
170753		Fast foods, crispy chicken, bacon, and tomato club sandwich, with cheese, lettuce, and mayonnaise	257	15.38	11.76	21.41	1.32	92	0.2	sandwich=271
170754		Fast Foods, Fried Chicken, Wing, meat only, skin and breading removed	215	28.77	10.2	2.13	0.96	40	0.1	wing without skin=37|wing bone and skin removed=20
170755		Fast Foods, Fried Chicken, Skin and breading from all pieces	398	14.11	29.22	19.26	1.12	92	0.2	
170756		Fast Foods, Fried Chicken, Breast, meat and skin and breading	230	23.51	12.44	5.93	0.72	45	0.1	breast, with skin=203|breast, without skin=142|breast, bone and skin removed=107
170757		Fast Foods, Fried Chicken, Drumstick, meat and skin with breading	267	21.13	16.92	7.09	0.99	24	0.1	drumstick, with skin=75|drumstick, without skin=56|drumstick, bone and skin remov=40
170758		DIGIORNO Pizza, cheese topping, thin crispy crust, frozen, baked	247	12.96	9.91	23.47	0.68	275		slice 1/4 of pie=161|pie 23 oz=643
170759		DIGIORNO Pizza, pepperoni topping, cheese stuffed crust, frozen, baked	279	13.92	11.71	27.36	2.3	226		slice 1/4 of pie=179|pie 12" diameter=732
170760		DIGIORNO Pizza, pepperoni topping, rising crust, frozen, baked	265	12.46	10.11	28.85	0.95	157		slice 1/4 of pie=207|pie 12" diameter=759
170761		DIGIORNO Pizza, pepperoni topping, thin crispy crust, frozen, baked	283	13.22	12.86	25.87	0.9	209		slice 1/4 of pie=145|pie 22.1 oz=548
170762		Fast Food, Pizza Chain, 14" pizza, pepperoni topping, thin crust	331	14.01	17.61	26.7	1.95	216	0	slice=79|pizza=597
170763		Fast foods, taco with beef, cheese and lettuce, soft	206	9.25	9.75	17.33	1.67	123	0.1	each taco=102
170764		Fast foods, taco with chicken, lettuce and cheese, soft	189	13.3	6.35	18.49	1.59	122	0.1	each taco=98
170765		Fast foods, quesadilla, with chicken	294	15.05	15.25	22.34	1.77	269	0.2	each quesadilla=180
170766		DOMINO'S 14" Sausage Pizza, Classic Hand-Tossed Crust	273	11.08	11.2	29.44	2.36	137		slice=114|pizza=913
170767		DOMINO'S 14" Sausage Pizza, Ultimate Deep Dish Crust	277	11.03	12.03	28.57	2.5	154		slice=129|pizza=1032
170768		PIZZA HUT 14" Sausage Pizza, THIN 'N CRISPY Crust	323	13.95	16.9	26.3	2.38	193		slice=92|pizza=737
170769		PIZZA HUT 14" Sausage Pizza, Hand-Tossed Crust	287	11.92	13.5	27.09	2.45	150		slice=119|pizza=952
170770		WEND'YS, Crispy Chicken Sandwich	278	11.72	13.93	26.36	1.49	37		sandwich=126
170771		BURGER KING, Onion Rings	417	3.86	25.23	40.88	0.78	115		small=91|medium=117|large=142
170772		WENDY'S, DAVE'S Hot 'N Juicy 1/4 LB, single	268	13.69	15.8	16.63	2.3	73		sandwich=215
170773		Fast Food, Pizza Chain, 14" pizza, cheese topping, stuffed crust	274	12.23	11.63	28.3	2.04	238	0	slice 1/8 pizza=117|pizza whole=937
170774		PIZZA HUT 14" Cheese Pizza, Stuffed Crust	274	12.23	11.63	28.3	2.04	238		slice=117|pizza=937
170775		Fast foods, strawberry banana smoothie made with ice and low-fat yogurt	65	0.86	0.14	14.15	0.14	20	0	
170776		McDONALD'S, Southern Style Chicken Biscuit	304	11.93	14.93	29.16	1.76	44		biscuit regular size biscuit=132
170777		McDONALD'S, RANCH SNACK WRAP, Crispy	275	11.48	15.1	21.92	1.47	88		wrap=133
170778		McDONALD'S, RANCH SNACK WRAP, Grilled	222	13.77	10.31	17.53	1.45	93		wrap=123
170779		School Lunch, pizza, cheese topping, thick crust, whole grain, frozen, cooked	254	14.62	9.27	25.18	2.63	193	0	slice per 1/10 pizza=124|slice per 1/8 pizza=155
170780		School Lunch, pizza, pepperoni topping, thin crust, whole grain, frozen, cooked	254	12.78	8.62	26.94	2.74	202	0	piece 4"x6"=127
170781		School Lunch, pizza, pepperoni topping, thick crust, whole grain, frozen, cooked	259	14.35	9.82	24	2.53	155	0	slice per 1/10 pizza=124|slice per 1/8 pizza=156
170782		School Lunch, pizza, sausage topping, thin crust, whole grain, frozen, cooked	250	12.63	7.83	28.34	2.09	238	0	piece 4" x 6"=133
170783		Beef, chuck, short ribs, boneless, separable lean only, trimmed to 0" fat, choice, raw	175	19.38	10.7	0.29	2.53	11	0.1	piece=434
170784		WENDY'S, Double Stack, with cheese	285	18.53	16.6	15.35	2.75	73		sandwich=146
170785		Fast foods, crispy chicken in tortilla, with lettuce, cheese, and ranch sauce	275	11.48	15.1	21.92	1.47	88	0.1	item=133
170786		Fast foods, grilled chicken in tortilla, with lettuce, cheese, and ranch sauce	222	13.77	10.31	17.53	1.45	93	0	item=123
170787		Fast foods, breakfast burrito, with egg, cheese, and sausage	277	11.1	15.63	21.77	2.28	132	0.8	burrito=109
170788		Fast foods, breadstick, soft, prepared with garlic and parmesan cheese	343	12.2	12.88	42.08	4.65	87	0	breadstick=43
170789		PIZZA HUT, breadstick, parmesan garlic	343	12.2	12.88	42.08	4.65	87		breadstick=43
170790		CHICK-FIL-A, chicken sandwich	249	16.28	11.19	19.49	1.77	58		sandwich=187
170791		ARBY'S, roast beef sandwich, classic	242	15.17	10.3	20.91	2.64	55		sandwich=149
170792		School Lunch, pizza, cheese topping, thin crust, whole grain, frozen, cooked	247	12.72	7.91	27.31	2.53	218	0	piece 4"x6"=130
170793		School Lunch, pizza, sausage topping, thick crust, whole grain, frozen, cooked	257	13.26	9.07	26.58	2.21	168	0	slice per 1/10 pizza=129
170794		School Lunch, chicken patty, whole grain breaded	246	17.64	13.93	10.2	3.77	34	0.3	patty=86
170795		School Lunch, chicken nuggets, whole grain breaded	270	15.67	12.9	20.66	1.99	32	0.3	pieces=17.6
170796		Beef, chuck, short ribs, boneless, separable lean only, trimmed to 0" fat, all grades, raw	169	19.68	10.02	0.05	2.45	12	0.1	piece=432
170797		Beef, chuck eye Country-Style ribs, boneless, separable lean only, trimmed to 0" fat, choice, cooked, braised	234	30.95	12.22	0	2.97	17	0.2	piece=224
170798		Beef, chuck eye Country-Style ribs, boneless, separable lean only, trimmed to 0" fat, select, cooked, braised	221	32.1	10.24	0	2.86	16	0.1	piece=231
170799		Beef, chuck eye Country-Style ribs, boneless, separable lean only, trimmed to 0" fat, all grades, cooked, braised	228	31.41	11.43	0	2.93	17	0.1	piece=227
170800		Beef, chuck eye Country-Style ribs, boneless, separable lean only, trimmed to 0" fat, choice, raw	152	20.87	7.67	0	2.31	15	0.1	piece=325
170801		Beef, chuck eye steak, boneless, separable lean only, trimmed to 0" fat, all grades, cooked, grilled	209	27.94	10.79	0	2.87	17	0.1	steak=308
170802		Beef, chuck eye steak, boneless, separable lean only, trimmed to 0" fat, choice, raw	160	21.31	8.29	0	2.27	15	0.1	steak=382
170803		Beef, chuck eye steak, boneless, separable lean only, trimmed to 0" fat, select, raw	143	21.28	6.47	0	2.33	15	0.1	steak=386
170804		Beef, chuck eye steak, boneless, separable lean only, trimmed to 0" fat, all grades, raw	153	21.29	7.56	0	2.28	15	0.1	steak=384
170805		Beef, chuck, mock tender steak, boneless, separable lean only, trimmed to 0" fat, select, cooked, braised	181	32.96	5.44	0	3.32	15	0.1	steak=141
170806		Beef, chuck, mock tender steak, boneless, separable lean only, trimmed to 0" fat, all grades, cooked, braised	190	33.31	6.34	0	3.42	15	0.1	steak=141
170807		Beef, chuck, mock tender steak, boneless, separable lean only, trimmed to 0" fat, choice, raw	127	21.36	4.6	0	2.51	11	0.1	steak=204
170808		Beef, chuck, mock tender steak, boneless, separable lean only, trimmed to 0" fat, select, raw	117	21.22	3.53	0	2.26	11	0.1	steak=191
170809		Beef, chuck for stew, separable lean and fat, select, raw	124	21.9	3.99	0.21	2.2	14	0.1	
170810		Beef, chuck for stew, separable lean and fat, choice, raw	130	21.64	4.81	0.12	2.09	13	0.1	
170811		Beef, chuck, under blade steak, boneless, separable lean only, trimmed to 0" fat, choice, cooked, braised	222	30.91	10.91	0	3.25	14	0.2	steak=445
170812		Beef, chuck, under blade steak, boneless, separable lean only, trimmed to 0" fat, select, cooked, braised	215	32.01	9.66	0	3.15	14	0.1	
170813		Beef, chuck, under blade pot roast or steak, boneless, separable lean and fat, trimmed to 0" fat, all grades, raw	196	19.17	13.26	0	2.19	12	0.1	steak=679|roast=960
170814		Beef, chuck, under blade pot roast or steak, boneless, separable lean and fat, trimmed to 0" fat, choice, raw	202	19.15	13.93	0	2.13	12	0.1	steak=648|roast=949
170815		Beef, chuck, under blade pot roast or steak, boneless, separable lean and fat, trimmed to 0" fat, select, raw	187	19.2	12.27	0	2.27	12	0.1	steak=732|roast=977
170816		Beef, chuck, under blade center steak, boneless, Denver Cut, separable lean and fat, trimmed to 0" fat, all grades, cooked, grilled	227	26.18	13.54	0.21	3.26	13	0.1	steak=353
170817		Beef, chuck, under blade center steak, boneless, Denver Cut, separable lean and fat, trimmed to 0" fat, select, raw	172	19.2	10.5	0.09	2.38	11	0.1	steak=458
170818		Beef, shoulder pot roast or steak, boneless, separable lean and fat, trimmed to 0" fat, choice, raw	133	21.17	5.33	0.07	2.66	12	0	steak=361|roast=1173
170819		Beef, shoulder pot roast or steak, boneless, separable lean and fat, trimmed to 0" fat, select, raw	127	21.72	4.44	0	2.56	12	0	steak=381|roast=1139
170820		Beef, chuck eye roast, boneless, America's Beef Roast, separable lean and fat, trimmed to 0" fat, all grades, cooked, roasted	236	24.63	15.29	0	2.22	18	0.1	roast=609
170821		Beef, chuck, mock tender steak, boneless, separable lean and fat, trimmed to 0" fat, all grades, cooked, braised	220	32.07	10.18	0	3.29	14	0.1	steak=141
170822		Beef, chuck, mock tender steak, boneless, separable lean and fat, trimmed to 0" fat, choice, cooked, braised	225	32.21	10.74	0	3.38	15	0.1	steak=141
170823		Beef, chuck, mock tender steak, boneless, separable lean and fat, trimmed to 0" fat, select, cooked, braised	211	31.86	9.34	0	3.21	15	0.1	steak=141
170824		Beef, chuck, mock tender steak, boneless, separable lean and fat, trimmed to 0" fat, all grades, raw	128	21.13	4.79	0	2.43	11	0.1	steak=198
170825		Beef, chuck, short ribs, boneless, separable lean and fat, trimmed to 0" fat, select, cooked, braised	287	25.81	20.38	0	2.76	14	0.1	piece=315
170826		Beef, chuck, short ribs, boneless, separable lean and fat, trimmed to 0" fat, all grades, raw	235	17.48	18.33	0	2.24	12	0.1	piece=432
170827		Beef, chuck, short ribs, boneless, separable lean and fat, trimmed to 0" fat, choice, raw	240	17.22	19.03	0	2.3	11	0.1	piece=434
170828		Beef, chuck, short ribs, boneless, separable lean and fat, trimmed to 0" fat, select, raw	227	17.87	17.28	0	2.15	12	0.1	piece=429
170829		Beef, chuck eye Country-Style ribs, boneless, separable lean and fat, trimmed to 0" fat, choice, cooked, braised	303	27.16	21.56	0	2.51	16	0.2	piece=224
170830		Beef, chuck eye Country-Style ribs, boneless, separable lean and fat, trimmed to 0" fat, select, cooked, braised	285	28.47	19.03	0	2.46	15	0.1	piece=231
170831		Beef, chuck eye Country-Style ribs, boneless, separable lean and fat, trimmed to 0" fat, all grades, raw	205	18.97	14.32	0	2.1	14	0.1	piece=331
170832		Beef, chuck eye Country-Style ribs, boneless, separable lean and fat, trimmed to 0" fat, choice, raw	210	18.87	14.99	0	2.16	15	0.1	piece=325
170833		Beef, chuck eye Country-Style ribs, boneless, separable lean and fat, trimmed to 0" fat, select, raw	196	19.1	13.33	0	1.97	14	0.1	piece=340
170834		Beef, chuck eye steak, boneless, separable lean and fat, trimmed to 0" fat, choice, raw	227	18.86	16.85	0	2.1	14	0.1	steak=382
170835		Beef, chuck eye steak, boneless, separable lean and fat, trimmed to 0" fat, select, raw	216	18.86	15.6	0	2.14	14	0.1	steak=386
170836		Beef, rib eye roast, bone-in, lip-on, separable lean only, trimmed to 1/8" fat, all grades, cooked, roasted	231	27.12	13.64	0	2.36	11	0.1	roast=2130
170837		Beef, rib eye roast, bone-in, lip-on, separable lean only, trimmed to 1/8" fat, select, cooked, roasted	219	27.03	12.29	0	2.35	11	0.1	roast=2259
170838		Beef, rib eye steak/roast, bone-in, lip-on, separable lean only, trimmed to 1/8" fat, select, raw	155	21.65	7.64	0	1.99	10	0.1	steak=471|roast=2557
170839		Beef, rib eye steak/roast, boneless, lip-on, separable lean only, trimmed to 1/8" fat, all grades, raw	156	21.99	7.54	0	1.94	6	0.1	steak=361|roast=2155
170840		Beef, rib eye steak/roast, boneless, lip-on, separable lean only, trimmed to 1/8" fat, choice, raw	161	21.62	8.29	0	2.04	7	0.1	steak=350|roast=2124
170841		Beef, rib eye steak/roast, boneless, lip-on, separable lean only, trimmed to 1/8" fat, select, raw	148	22.55	6.41	0	1.8	5	0.1	steak=376|roast=2203
170842		Beef, rib eye roast, boneless, lip-on, separable lean only, trimmed to 1/8" fat, choice, cooked, roasted	229	27.87	13.01	0	2.2	8	0.1	roast=1555
170843		Cheese, fontina	389	25.6	31.14	1.55	0.23	550	0.6	cup, diced=132|cup, shredded=108|cubic inch=15|slice (1 oz)=28|package (8 oz)=227
170844		Cheese, monterey	373	24.48	30.28	0.68	0.72	746	0.6	cup, diced=132|cup, shredded=113|cubic inch=17|slice (1 oz)=28|package (6 oz)=170
170845		Cheese, mozzarella, whole milk	299	22.17	22.14	2.4	0.44	505	0.4	cup, shredded=112|slices=28.33
170846		Cheese, mozzarella, whole milk, low moisture	318	21.6	24.64	2.47	0.2	575	0.5	cubic inch=18
170847		Cheese, mozzarella, part skim milk	254	24.26	15.92	2.77	0.22	782	0.3	
170848		Cheese, parmesan, hard	392	35.75	25	3.22	0.82	1184	0.5	cubic inch=10.3|package (5 oz)=28.4
170849		Cheese, port de salut	352	23.78	28.2	0.57	0.43	650	0.5	cup, diced=132|cup, shredded=113|cubic inch=17|slice (1 oz)=28|package (6 oz)=170
170850		Cheese, provolone	351	25.58	26.62	2.14	0.52	756	0.5	cup, diced=132|cubic inch=17|slice (1 oz)=28|package (6 oz)=170
170851		Cheese, ricotta, whole milk	150	7.54	10.18	7.27	0.13	206	0.2	cup=248
170852		Cheese, tilsit	340	24.41	25.98	1.88	0.23	700		package (6 oz)=170
170853		Cheese, pasteurized process, American, fortified with vitamin D	366	18.13	30.71	4.78	0.63	1045	7.5	slice (1 oz)=28|slice (3/4 oz)=21|cubic inch=18|cup, shredded=113|cup, diced=140
170854		Cheese, pasteurized process, pimento	375	22.13	31.2	1.63	0.42	614	0.5	cup, diced=140|cup, melted=244|cup, shredded=113|cubic inch=18|slice (3/4 oz)=21
170855		Cheese, pasteurized process, swiss	334	24.73	25.01	2.1	0.61	772	0.5	cup, diced=140|cup, shredded=113|cubic inch=18|slice (3/4 oz)=21
170856		Cheese food, cold pack, American	331	19.66	24.46	8.32	0.84	497		package (8 oz)=227
170857		Cream, fluid, light (coffee cream or table cream)	195	2.96	19.1	3.66	0.05	91	1.1	tbsp=15|cup=240|container, individual=11.1
170858		Cream, fluid, light whipping	292	2.17	30.91	2.96	0.03	69	0.6	cup, whipped=120|cup, fluid (yields 2 cups whip=239|tbsp=15
170859		Cream, fluid, heavy whipping	340	2.84	36.08	2.84	0.1	66	1.6	cup, whipped=120|cup, fluid (yields 2 cups whip=238|tbsp=15
170860		Cream, whipped, cream topping, pressurized	257	3.2	22.22	12.49	0.05	101	0.4	cup=60|tbsp=3
170861		Milk, filled, fluid, with blend of hydrogenated vegetable oils	63	3.33	3.46	4.74	0.05	128		cup=244|quart=976
170862		Milk, filled, fluid, with lauric acid oil	63	3.33	3.4	4.74	0.05	128	0	cup=244|quart=976
170863		Cheese, American, nonfat or fat free	126	21.05	0	10.53	0	789	0.1	serving=19
170864		Yogurt, Greek, 2% fat, apricot, CHOBANI	93	7.22	1.71	11.55	0.03	87		
170865		Dessert topping, powdered	577	4.9	39.92	52.54	0.03	17	0	portion, amount to make 1 tbsp=1.3
170866		Dessert topping, powdered, 1.5 ounce prepared with 1/2 cup milk	194	3.61	12.72	17.13	0.04	90	0.9	cup=80|tbsp=4|package yields=160
170867		Dessert topping, pressurized	264	0.98	22.3	16.07	0.02	5	0	cup=70|tbsp=4
170868		Dessert topping, semi solid, frozen	318	1.25	25.31	23.05	0.12	6	0	cup=75|tbsp=4
170869		Sour cream, imitation, cultured	208	2.4	19.52	6.63	0.39	3	0	cup=230
170870		Milk, reduced fat, fluid, 2% milkfat, with added nonfat milk solids and vitamin A and vitamin D	51	3.48	1.92	4.97	0.05	128	1	cup=245|quart=980
170871		Milk, reduced fat, fluid, 2% milkfat, protein fortified, with added vitamin A and vitamin D	56	3.95	1.98	5.49	0.06	143	1	cup=246|quart=984
170872		Milk, lowfat, fluid, 1% milkfat, with added vitamin A and vitamin D	42	3.37	0.97	4.99	0.03	125	1.2	cup=244|quart=976
170873		Milk, lowfat, fluid, 1% milkfat, with added nonfat milk solids, vitamin A and vitamin D	43	3.48	0.97	4.97	0.05	128	1	cup=245|quart=980
170874		Milk, buttermilk, fluid, cultured, lowfat	40	3.31	1.07	4.79	0.05	116	0	cup=245|quart=980
170875		Milk, low sodium, fluid	61	3.1	3.46	4.46	0.05	101	1.3	cup=244|quart=976
170876		Milk, dry, whole, with added vitamin D	496	26.32	26.71	38.42	0.47	912	10.5	cup=128
170877		Milk, dry, nonfat, regular, without added vitamin A and vitamin D	362	36.16	0.77	51.98	0.32	1257	0	cup=120|tbsp=4.6
170878		Milk, canned, evaporated, nonfat, with added vitamin A and vitamin D	78	7.55	0.2	11.35	0.29	290	2	cup=256
170879		Milk, chocolate, fluid, commercial, whole, with added vitamin A and vitamin D	83	3.17	3.39	9.54	0.24	112	1.3	cup=250|quart=1000
170880		Milk, chocolate, fluid, commercial, reduced fat, with added vitamin A and vitamin D	76	2.99	1.9	11.43	0.24	109	1.2	cup=250|quart=1000
170881		Milk, chocolate, lowfat, with added vitamin A and vitamin D	64	3.46	1.11	10.05	0.23	129	1.1	cup=250|quart=1000
170882		Milk, sheep, fluid	108	5.98	7	5.36	0.1	193		cup=245|quart=980
170883		Milk shakes, thick chocolate	119	3.05	2.7	20.85	0.31	132	1	container (10.6 oz)=300
170884		Milk shakes, thick vanilla	112	3.86	3.03	17.75	0.1	146	1.2	container (11 oz)=313
170885		Whey, acid, fluid	24	0.76	0.09	5.12	0.08	103		cup=246|quart=984
170886		Yogurt, plain, low fat	63	5.25	1.55	7.04	0.08	183	0	container (6 oz)=170|container (8 oz)=227|container (4 oz)=226|cup (8 fl oz)=245
170887		Yogurt, plain, skim milk	56	5.73	0.18	7.68	0.09	199	0	container (6 oz)=170|container (8 oz)=227|cup (8 fl oz)=245
170888		Yogurt, vanilla, low fat.	85	4.93	1.25	13.8	0.07	171	0	container (6 oz)=170|container (8 oz)=227|cup (8 fl oz)=245
170889		Yogurt, fruit, low fat,9 g protein/8 oz	99	3.98	1.15	18.64	0.06	138	0	container (6 oz)=170|container (4.4 oz)=125|container (5 oz)=142|cup (8 fl oz)=245|container (8 oz)=227
170890		Milk dessert bar, frozen, made from lowfat milk	147	4.41	1.47	25.4	0.53	184	0.1	bar=68
170891		Yogurt, Greek, 2% fat,mixed berry blend, CHOBANI	93	8.26	1.83	10.34	0.03	94		
170892		Nutritional supplement for people with diabetes, liquid	88	4.4	3.08	9.68	1.98	110	1.1	can=227
170893		Egg, whole, raw, frozen, salted, pasteurized	138	10.97	10.07	0.83	1.71	55	1.5	
170894		Yogurt, Greek, plain, nonfat (Includes foods for USDA's Food Distribution Program)	59	10.19	0.39	3.6	0.07	110	0	container=170
170895		Egg, white, dried, stabilized, glucose reduced	357	84.08	0.32	4.51	0.18	101	0	cup, sifted=107|tbsp=7
170896		Cheese spread, American or Cheddar cheese base, reduced fat	176	13.41	8.88	10.71	0.36	557	0	piece=21|package=566
170897		Cheese, Swiss, nonfat or fat free	127	28.4	0	3.4	0.17	961	0.1	serving=28
170898		Cheese, mexican, queso cotija	366	20	30	3.97	0	800	0.5	tsp=2.5
170899		Cheese, cheddar, sharp, sliced	410	24.25	33.82	2.13	0.16	711	1	slice (2/3 oz)=19|slice (3/4 oz)=21|slice (1 oz)=28
170900		Cheese, mozzarella, low moisture, part-skim, shredded	304	23.63	19.72	8.06	0.23	716	0.4	cup=86
170901		Yogurt, Greek, strawberry, nonfat	82	8.05	0.15	11.47	0.09	97	1	container (5.3 oz)=150
170902		Yogurt, Greek, vanilla, nonfat	78	8.64	0.18	9.87	0.04	99	0.9	container (5.3 oz)=150
170903		Yogurt, Greek, plain, lowfat	73	9.95	1.92	3.94	0.04	115	0	container (7 oz)=200
170904		Kefir, lowfat, plain, LIFEWAY	43	3.79	1.02	4.77	0.04	130	1	cup=243|bottle=971
170905		Yogurt, Greek, fruit, whole milk	106	7.33	3	12.29	0	100	0	
170906		Yogurt, vanilla, non-fat	78	2.94	0	17.04	0	118	0.9	cup (8 fl oz)=245|container (8 oz)=227|container (4 oz)=226
170907		Yogurt, Greek, vanilla, lowfat	95	8.64	2.5	9.54	0.04	100	0.9	
170908		Yogurt, frozen, flavors other than chocolate, lowfat	139	8	2.5	21	0	200	0	
170909		Yogurt, Greek, 2% fat, pineapple, CHOBANI	94	7.05	1.82	11.57	0.03	92		
170910		Milk, chocolate, lowfat, reduced sugar	57	3.43	1.04	7.68	0.16	122	1.5	
170911		Ice cream, lowfat, no sugar added, cone, added peanuts and chocolate sauce	265	5.33	9.33	30.71	0.48	133	0.2	
170912		Yogurt, Greek, 2% fat, strawberry banana, CHOBANI	88	8	1.71	9.54	0.2	88		
170913		Yogurt, Greek, nonfat, Fruit on Bottom, Pomegranate, CHOBANI	80	7.45	0.18	11.33	0.15	93		
170914		Yogurt, Greek, Blueberry, CHOBANI	82	7.23	0.24	12.28	0.15	90	0	
170915		Yogurt, Greek, nonfat, Fruit on Bottom, Strawberry, CHOBANI	79	7.28	0.23	11.46	0.15	93	0	
170916		Yogurt, Greek, nonfat, Fruit on Bottom, Blackberry, CHOBANI	95	7.54	0.37	15.03	0	94		
170917		Spices, bay leaf	313	7.61	8.36	48.67	43	834	0	tsp, crumbled=0.6|tbsp, crumbled=1.8
170918		Spices, caraway seed	333	19.77	14.59	11.9	16.23	689	0	tsp=2.1|tbsp=6.7
170919		Spices, cardamom	311	10.76	6.7	40.47	13.97	383	0	tsp, ground=2|tbsp, ground=5.8
170920		Spices, celery seed	392	18.07	25.27	29.55	44.9	1767	0	tsp=2|tbsp=6.5
170921		Spices, coriander leaf, dried	279	21.93	4.78	41.7	42.46	1246	0	tsp=0.6|tbsp=1.8
170922		Spices, coriander seed	298	12.37	17.77	13.09	16.32	709	0	tsp=1.8|tbsp=5
170923		Spices, cumin seed	375	17.81	22.27	33.74	66.36	931	0	tsp, whole=2.1|tbsp, whole=6
170924		Spices, curry powder	325	14.29	14.01	2.63	19.1	525	0	tsp=2|tbsp=6.3
170925		Spices, dill seed	305	15.98	14.54	34.07	16.33	1516	0	tsp=2.1|tbsp=6.6
170926		Spices, ginger, ground	335	8.98	4.24	57.52	19.8	114	0	tsp=1.8|tbsp=5.2
170927		Spices, mace, ground	475	6.71	32.38	30.3	13.9	252	0	tsp=1.7|tbsp=5.3
170928		Spices, marjoram, dried	271	12.66	7.04	20.26	82.71	1990	0	tsp=0.6|tbsp=1.7
170929		Spices, mustard seed, ground	508	26.08	36.24	15.89	9.21	266	0	tsp=2|tbsp=6.3
170930		Spices, parsley, dried	292	26.63	5.48	23.94	22.04	1140	0	tsp=0.5|tbsp=1.6
170931		Spices, pepper, black	251	10.39	3.26	38.65	9.71	443	0	tsp, ground=2.3|tbsp, ground=6.9|tsp, whole=2.9|dash=0.1
170932		Spices, pepper, red or cayenne	318	12.01	17.27	29.43	7.8	148	0	tsp=1.8|tbsp=5.3
170933		Spices, pepper, white	296	10.4	2.12	42.41	14.31	265	0	tsp, ground=2.4|tbsp, ground=7.1
170934		Spices, saffron	310	11.43	5.85	61.47	11.1	111	0	tsp=0.7|tbsp=2.1
170935		Spices, sage, ground	315	10.63	12.75	20.43	28.12	1652	0	tsp=0.7|tbsp=2
170936		Spices, savory, ground	272	6.73	5.91	23.03	37.88	2132	0	tsp=1.4|tbsp=4.4
170937		Spices, tarragon, dried	295	22.77	7.24	42.82	32.3	1139	0	tsp, leaves=0.6|tbsp, leaves=1.8|tsp, ground=1.6|tbsp, ground=4.8
170938		Spices, thyme, dried	276	9.11	7.43	26.94	123.6	1890	0	tsp, leaves=1|tbsp, leaves=2.7|tsp, ground=1.4|tbsp, ground=4.3
170939		Babyfood, vegetables, peas, strained	50	3.27	0.43	6.36	0.95	18	0	tbsp=16|jar=95|cup=240|container=91
170940		Babyfood, peas, dices, toddler	64	3.9	0.8	6.4	1	21	0	
170941		Babyfood, vegetables, spinach, creamed, strained	37	2.5	1.3	3.9	0.62	89	0	cup=240|tbsp=15|jar=113|jar Gerber Second Food (4 oz)=113
170942		Babyfood, fruit, apricot with tapioca, junior	63	0.3	0	15.8	0.27	8	0	tbsp=15|jar=170|jar Gerber Third Foods (6 oz)=170|jar Heinz Junior-3 (6 oz)=170
170943		Babyfood, fruit, pears, junior	44	0.3	0.1	8.8	0.25	8	0	tbsp=16|jar=170|jar Beech-Nut Stage 3 (6 oz)=170|jar Gerber Third Foods (6 oz)=170|jar Heinz Junior-3 (6 oz)=170
170944		Babyfood, fruit, plums with tapioca, without ascorbic acid, strained	71	0.1	0	18.5	0.2	6	0	tbsp=15|jar=113|jar Gerber Second Food (4 oz)=113|jar Heinz Strained-2 (4 oz)=113
170945		Babyfood, fruit, plums with tapioca, without ascorbic acid, junior	74	0.1	0	19.3	0.22	6	0	tbsp=15|jar=170|jar Gerber Third Foods (6 oz)=170
170946		Babyfood, fruit, prunes with tapioca, without ascorbic acid, strained	69	0.6	0.1	15.8	0.35	15	0	tbsp=15|jar=113|jar Gerber Second Food (4 oz)=113|jar Heinz Strained-2 (4.25 oz)=120
170947		Babyfood, fruit, applesauce and apricots, strained	44	0.2	0.2	9.84	0.25	6	0	tbsp=16|jar=113|jar Earth's Best (4.5 oz)=128|jar Gerber Second Food (4 oz)=113|jar Beech-Nut Stage 2 (4 oz)=113
170948		Babyfood, fruit, applesauce and apricots, junior	47	0.2	0.2	10.6	0.26	6	0	tbsp=16|jar=170|jar Heinz Junior-3 (6 oz)=170
170949		Babyfood, fruit, applesauce and cherries, strained	51	0	0	13	0.3	1	0	jar=113
170950		Babyfood, fruit, applesauce and cherries, junior	51	0	0	13	0.3	1	0	jar=170
170951		Babyfood, fruit, applesauce with banana, junior	66	0.37	0.1	14.56	0.24	5	0	tbsp=16|jar NFS=170|jar Beech-Nut Stage 3 (6 oz)=170
170952		Babyfood, fruit and vegetable, apple and sweet potato	64	0.3	0.22	13.9	0.2	8	0	jar, Gerber (4 oz)=113
170953		Babyfood, fruit, bananas and pineapple with tapioca, junior	68	0.2	0.1	16.8	0.13	7	0	tbsp=15|jar=170|jar Gerber Third Foods (6 oz)=170|jar Heinz Junior-3 (6 oz)=170
170954		Babyfood, fruit, bananas and pineapple with tapioca, strained	65	0.2	0	16.2	0.23	7	0	tbsp=15|jar=113|jar Gerber Second Food (4 oz)=113|jar Heinz Strained-2 (4.25 oz)=120
170955		Babyfood, fruit, pears and pineapple, strained	41	0.3	0.1	8.3	0.25	10	0	tbsp=16|jar=113|jar Gerber Second Food (4 oz)=113|jar Beech-Nut Stage 2 (4 oz)=113|jar Heinz Strained-2 (4 oz)=113
170956		Babyfood, fruit, bananas with apples and pears, strained	83	0.9	0.22	17.91	0.3	5	0	tbsp=15|jar NFS=113|jar Gerber Second Food (4 oz)=113
170957		Babyfood, fruit, apple and blueberry, strained	61	0.2	0.2	14.5	0.2	4	0	jar=113
170958		Babyfood, fruit, apple and blueberry, junior	62	0.2	0.2	14.8	0.4	5	0	jar=170
170959		Babyfood, juice, apple	47	0	0.1	11.6	0.57	4	0	jar=127|bottle Earth's Best (4.2 fl oz=131|bottle Heinz Strained (4 fl oz=125|bottle Gerber First Food (4 fl=125|bottle Beech-Nut Stage I (4 fl=125
170960		Babyfood, juice, orange and apple and banana	47	0.4	0.1	11.4	0.35	5	0	jar=127|bottle Heinz Strained (4 fl oz=125
170961		Babyfood, juice, orange and apricot	46	0.8	0.1	10.8	0.38	6		jar=127
170962		Babyfood, juice, orange and banana	50	0.7	0.1	11.9	0.11	17		jar=127
170963		Babyfood, juice, orange and pineapple	48	0.5	0.1	11.6	0.42	8		jar=127
170964		Babyfood, cereal, mixed, dry fortified	399	6.66	6.66	71.51	30	800	0	tbsp=2.5
170965		Babyfood, cereal, mixed, with bananas, dry	391	10.7	4.6	69.3	47.5	696	0	tbsp=2.5
170966		Babyfood, cereal, mixed, with applesauce and bananas, strained	82	0.71	0.51	17.38	6.81	91	0	jar=113
170967		Babyfood, cereal, mixed, with applesauce and bananas, junior, fortified	84	0.71	0.51	17.79	6.81	91	0	jar=170
170968		Babyfood, cereal, oatmeal, with honey, dry	391	13.5	7	69.3	67.23	1154		tbsp=2.4
170969		Babyfood, cereal, rice, dry fortified	390	6.65	2.19	81.84	53.01	860	8.5	tbsp=2.5
170970		Babyfood, cereal, rice, with applesauce and bananas, strained	80	1.2	0.4	16.1	6.73	17	0	tbsp=16|jar=113|jar Gerber Second Food (4 oz)=113|jar Heinz Strained-2 (4.25 oz)=120
170971		Babyfood, cereal, with egg yolks, strained	51	1.9	1.8	6.1	0.47	24		jar=113
170972		Babyfood, crackers, vegetable	477	8.4	19.6	62.85	4.2	41	0	cracker=0.7
170973		Babyfood, cereal, high protein, with apple and orange, dry	374	25.4	6.5	50.5	47.5	751		tbsp=2.4
170974		Babyfood, cereal, rice, with bananas, dry	404	8.7	4.2	78.9	47.5	691	0	tbsp=2.5
170975		Babyfood, cookies	433	11.8	13.2	66.9	4.18	101	0	cookie=6.5
170976		Babyfood, dessert, dutch apple, strained	75	0.2	0.4	18.34	0.2	5	0	jar=113
170977		Babyfood, dessert, dutch apple, junior	79	0.2	0.16	17.78	0.11	3	0	jar=170
170978		Babyfood, cherry cobbler, junior	78	0.3	0.1	19	0.1	5	0	
170979		Babyfood, dessert, cherry vanilla pudding, strained	68	0.2	0.3	17.5	0.19	5	0	jar=113
170980		Babyfood, dessert, peach melba, strained	60	0.2	0	16.5	0.33	10		jar=113
170981		Babyfood, dessert, peach melba, junior	60	0.3	0	16.4	0.3	11		jar=220
170982		Babyfood, dessert, fruit pudding, pineapple, strained	81	1.3	0.3	19.6	0.18	31	0	tbsp=15|jar=113|jar Gerber Second Food (4 oz)=113
170983		Babyfood, dessert, fruit dessert, without ascorbic acid, strained	59	0.3	0	15.4	0.22	9	0	tbsp=15|jar=113|jar Gerber Second Food (4 oz)=113|jar Heinz Strained-2 (4.25 oz)=120
170984		Babyfood, juice, fruit punch, with calcium	52	0.2	0.1	12.3	0.3	64	0	
170985		Babyfood, juice, apple, with calcium	46	0.06	0.1	10.7	0.2	127	0	serving=189
170986		Infant Formula, MEAD JOHNSON, ENFAMIL, ENFACARE, ready-to-feed, with ARA and DHA	73	2	3.8	7.73	1.28	86	1.4	
170987		Babyfood, yogurt, whole milk, with fruit, multigrain cereal and added DHA fortified	98	3.4	3.53	12.92	0.15	107	0.1	container=113
170988		Infant formula, ABBOTT NUTRITION, ALIMENTUM ADVANCE, with iron, powder, not reconstituted, with DHA and ARA	517	13.99	28.19	51.91	9.16	534	5.7	scoop=8.7
170989		Babyfood, mashed cheddar potatoes and broccoli, toddlers	48	1.11	1.47	6.27	0.16	20	0	container=170
170990		Babyfood, yogurt, whole milk, with fruit, multigrain cereal and added iron fortified	92	3.05	3.08	12.4	4.18	98	0	tbsp=16|container=69
170991		Infant formula, NESTLE, GOOD START SOY, with DHA and ARA, liquid concentrate	132	3.31	6.67	14.71	2.38	139	2	
170992		Toddler formula, MEAD JOHNSON, ENFAGROW, Toddler Transitions, with ARA and DHA, powder	505	12.9	26.9	52.8	7.4	970	7.5	scoop=9
170993		Toddler formula, MEAD JOHNSON, ENFAGROW PREMIUM (formerly ENFAMIL, LIPIL, NEXT STEP), ready-to-feed	64	1.78	3.63	7.18	1.37	133	1	
170994		Infant Formula, MEAD JOHNSON, ENFAMIL, Newborn, with DHA and ARA, ready-to-feed	68	1.38	3.48	7.81	1.18	51	1.2	
170995		Infant formula, GERBER, GOOD START 2 Soy, with iron, ready-to-feed	65	1.84	3.28	7.15	1.31	125	1	
170996		Infant formula, GERBER, GOOD START, PROTECT PLUS, ready-to-feed	65	1.44	3.36	7.17	0.98	44	1	
170997		Infant Formula, GERBER GOOD START 2, GENTLE PLUS, ready-to-feed	66	1.44	3.34	7.61	1.31	125	1	
170998		Babyfood, fruit, banana and strawberry, junior	109	0.71	0.37	24.38	0.14	0	0	bottle=140
170999		Babyfood, banana with mixed berries, strained	92	1.01	0.36	20.31	0	0	0	packet=99
171000		Babyfood, Multigrain whole grain cereal, dry fortified	407	6.67	6.67	73.36	30	800	0	tbsp=5.33
171001		Babyfood, Baby MUM MUM Rice Biscuits	391	12.5	0.87	83.21	0	0	0	biscuit=2
171002		Salad dressing, KRAFT Mayo Light Mayonnaise	334	0.6	32.9	8.4	0.2	6		tbsp=15
171003		Salad dressing, KRAFT Mayo Fat Free Mayonnaise Dressing	64	0.2	0	13.8	0.1	6	0	tbsp=16
171004		Salad dressing, KRAFT MIRACLE WHIP FREE Nonfat Dressing	84	0.2	2.7	13.6	0.12	6		tbsp=16
171005		Salad dressing, russian dressing	355	0.69	26.18	31.2	0.6	13	0	tbsp=15|cup=245|serving (2 tbsp)=30
171006		Salad dressing, sesame seed dressing, regular	443	3.1	45.2	7.6	0.6	19	0	tablespoon=15|cup=245
171007		Salad dressing, russian dressing, low calorie	141	0.5	4	27.3	0.6	19	0	tablespoon=16|cup=260
171008		Salad dressing, thousand island dressing, reduced fat	195	0.83	11.32	22.86	0.9	27	0	tablespoon=15|cup=245|serving (2 tbsp)=15
171009		Salad dressing, mayonnaise, regular	680	0.96	74.85	0.57	0.21	8	0.2	tbsp=13.8|cup=220|packet=10
171010		Salad dressing, mayonnaise, soybean and safflower oil, with salt	717	1.1	79.4	2.7	0.5	18		tablespoon=13.8|cup=220
171011		Shortening, household, soybean (partially hydrogenated)-cottonseed (partially hydrogenated)	884	0	100	0	0	0	0	tbsp=12.8|cup=205
171012		Oil, soybean, salad or cooking, (partially hydrogenated)	884	0	100	0	0	0	0	tbsp=13.6|cup=218|tsp=4.5
171013		Oil, rice bran	884	0	100	0	0.07	0		tablespoon=13.6|cup=218|tsp=4.5
171014		Oil, wheat germ	884	0	100	0	0	0	0	tsp=4.5|tablespoon=13.6|cup=218
171015		Oil, palm	884	0	100	0	0.01	0		tbsp=13.6|cup=216|tsp=4.5
171016		Oil, sesame, salad or cooking	884	0	100	0	0	0	0	tablespoon=13.6|cup=218|tsp=4.5
171017		Oil, sunflower, linoleic (less than 60%)	884	0	100	0	0.03	0		tbsp=13.6|cup=218|tsp=4.5
171018		Margarine, regular, hard, soybean (hydrogenated)	719	0.9	80.5	0.9	0	30		tsp=4.7|stick=113
171019		Salad dressing, italian dressing, commercial, regular	240	0.41	21.12	12.12	0.26	13	0	tbsp=14.7|cup=235
171020		Salad dressing, french dressing, commercial, regular, without salt	459	0.77	44.81	15.58	0.8	24		tablespoon=15
171021		Salad dressing, french dressing, reduced fat, without salt	233	0.58	13.46	28.18	0.87	11		tablespoon=16|cup=260
171022		Salad dressing, italian dressing, commercial, regular, without salt	292	0.38	28.37	10.43	0.63	7		tablespoon=14.7|cup=235
171023		Salad dressing, italian dressing, reduced fat, without salt	76	0.47	6.38	4.57	0.65	9		tablespoon=15|cup=240
171024		Oil, cottonseed, salad or cooking	884	0	100	0	0	0	0	tablespoon=13.6|cup=218|tsp=4.5
171025		Oil, sunflower, linoleic, (approx. 65%)	884	0	100	0	0	0	0	tbsp=13.6|cup=218|tsp=4.5
171026		Oil, safflower, salad or cooking, linoleic, (over 70%)	884	0	100	0	0	0		tbsp=13.6|cup=218|tsp=4.5
171027		Oil, safflower, salad or cooking, high oleic (primary safflower oil of commerce)	884	0	100	0	0	0	0	tablespoon=13.6|cup=218|tsp=4.5
171028		Oil, grapeseed	884	0	100	0	0	0		tablespoon=13.6|cup=218|tsp=4.5
171029		Oil, corn, industrial and retail, all purpose salad or cooking	900	0	100	0	0	0	0	tbsp=13.6|cup=218|tsp=4.5
171030		Oil, walnut	884	0	100	0	0	0	0	tbsp=13.6|cup=218|tsp=4.5
171031		Oil, almond	884	0	100	0	0	0	0	tablespoon=13.6|cup=218|tsp=4.5
171032		Oil, apricot kernel	884	0	100	0	0	0		tablespoon=13.6|cup=218|tsp=4.5
171033		Oil, vegetable, Natreon canola, high stability, non trans, high oleic (70%)	884	0	100	0			0	tbsp=14
171034		Salad dressing, honey mustard dressing, reduced calorie	207	0.98	10	27.46	0.41	67	0	tbsp (1 serving)=15
171035		Margarine-like spread, BENECOL Light Spread	357	0	38.71	5.71	0	4		tablespoon (1 NLEA serving)=14
171036		Salad dressing, spray-style dressing, assorted flavors	165	0.16	10.75	16.3	0.18	6		serving (approximately 10 spra=8
171037		Salad Dressing, mayonnaise, light, SMART BALANCE, Omega Plus light	333	1.53	34.18	9.19	0.31	13		tbsp (1 NLEA serving)=14
171038		Margarine-like, vegetable oil spread, 60% fat, tub, with salt, with added vitamin D	533	0.17	59.81	0.86	0	21	10.7	tbsp=14|cup=229|teaspoon=4.8
171039		Margarine-like vegetable-oil spread, stick/tub/bottle, 60% fat, with added vitamin D	535	0.6	59.17	0	0	21	10.7	tbsp=14|cup=229|teaspoon=4.8
171040		Margarine, regular, 80% fat, composite, stick, without salt, with added vitamin D	717	0.16	80.71	0.7	0.06	3	10.7	tbsp=14|cup=229|teaspoon=4.8
171041		Margarine-like, vegetable oil spread, 60% fat, stick/tub/bottle, without salt, with added vitamin D	542	0.17	59.81	0.86	0	21	10.7	tbsp=14
171042		Oil, industrial, canola, high oleic	900	0	100	0	0	0	0	tablespoon=14|cup=218|teaspoon=4.5
171043		Salad dressing, honey mustard, regular	464	0.87	40.83	22.93	0.29	12	0.1	tbsp=15
171044		Salad dressing, poppyseed, creamy	399	0.92	33.33	23.43	0.25	59	0.1	tbsp=16.5
171045		Salad dressing, caesar, fat-free	131	1.47	0.23	30.53	0.29	33	0	tbsp (1 NLEA serving)=17
171046		Dressing, honey mustard, fat-free	169	1.07	1.47	37.23	0.36	24	0	tbsp (1 NLEA serving)=15
171047		Chicken, broilers or fryers, meat and skin and giblets and neck, raw	213	18.33	14.83	0.13	1.31	11		chicken=1046
171048		Chicken, broilers or fryers, meat and skin and giblets and neck, cooked, fried, batter	291	22.84	17.53	9.03	1.79	21		unit (yield from 1 lb ready-to=308|chicken=1028
171049		Chicken, broilers or fryers, meat and skin and giblets and neck, cooked, fried, flour	272	28.57	15.27	3.27	1.99	17		unit (yield from 1 lb ready-to=212|chicken=708
171050		Chicken, broilers or fryers, meat and skin and giblets and neck, roasted	234	26.78	13.27	0.06	1.66	15	0	unit (yield from 1 lb ready-to=205|chicken=682
171051		Chicken, broilers or fryers, meat and skin, cooked, stewed	219	24.68	12.56	0	1.16	13	0	cup, chopped or diced=140|unit (yield from 1 lb ready-to=200|chicken, bone removed=668
171052		Chicken, broilers or fryers, meat only, raw	119	21.39	3.08	0	0.89	12	0.1	unit (yield from 1 lb ready-to=197|chicken, bone and skin removed=658
171053		Chicken, broilers or fryers, meat only, cooked, fried	219	30.57	9.12	1.59	1.35	17	0.1	cup, chopped or diced=140|unit (yield from 1 lb ready-to=155|chicken, bone and skin removed=516
171054		Chicken, broilers or fryers, meat only, cooked, roasted	190	28.93	7.41	0	1.21	15	0.1	cup, chopped or diced=140|tbsp=8.7|unit (yield from 1 lb ready-to=146
171055		Chicken, broilers or fryers, skin only, cooked, roasted	454	20.36	40.68	0	1.51	14	0.2	unit (yield from 1 lb ready-to=34|chicken, skin only=112
171056		Chicken, broilers or fryers, skin only, cooked, stewed	363	15.22	33.04	0	1.13	12	0.2	unit (yield from 1 lb ready-to=88
171057		Chicken, broilers or fryers, giblets, raw	124	17.88	4.47	1.8	5.86	10		unit (yield from 1 lb ready-to=23|giblets=75
171058		Chicken, broilers or fryers, giblets, cooked, fried	277	32.54	13.46	4.35	10.32	18		cup, chopped or diced=145|unit (yield from 1 lb ready-to=13
171059		Chicken, heart, all classes, cooked, simmered	185	26.41	7.92	0.1	9.03	19		cup, chopped or diced=145|unit (yield from 1 lb ready-to=1
171060		Chicken, liver, all classes, raw	119	16.92	4.83	0.73	8.99	8	0	liver=44
171061		Chicken, liver, all classes, cooked, simmered	167	24.46	6.51	0.87	11.63	11	0	liver=44
171062		Chicken, broilers or fryers, light meat, meat and skin, raw	186	20.27	11.07	0	0.79	11		unit (yield from 1 lb ready-to=232
171063		Chicken, broilers or fryers, dark meat, meat and skin, cooked, fried, batter	298	21.85	18.64	9.38	1.44	21		unit (yield from 1 lb ready-to=167|chicken, bone removed=556
171064		Chicken, broilers or fryers, dark meat, meat and skin, cooked, fried, flour	285	27.22	16.91	4.08	1.5	17		unit (yield from 1 lb ready-to=110|chicken, bone removed=368
171065		Chicken, broilers or fryers, dark meat, meat and skin, cooked, roasted	253	25.97	15.78	0	1.36	15		unit (yield from 1 lb ready-to=101|chicken, bone removed=334
171066		Chicken, broilers or fryers, dark meat, meat and skin, cooked, stewed	233	23.5	14.66	0	1.31	14		unit (yield from 1 lb ready-to=110|chicken, bone removed=368
171067		Chicken, broilers or fryers, dark meat, meat only, raw	125	20.08	4.31	0	1.03	12		unit (yield from 1 lb ready-to=109|chicken, bone and skin removed=364
171068		Chicken, broilers or fryers, dark meat, meat only, cooked, fried	239	28.99	11.62	2.59	1.49	18		cup=140|unit (yield from 1 lb ready-to=91
171069		Chicken, broilers or fryers, dark meat, meat only, cooked, roasted	205	27.37	9.73	0	1.33	15	0.1	cup, chopped or diced=140|unit (yield from 1 lb ready-to=81|chicken, bone and skin removed=272
171070		Chicken, broilers or fryers, dark meat, meat only, cooked, stewed	192	25.97	8.98	0	1.36	14	0.1	cup, chopped or diced=140|unit (yield from 1 lb ready-to=86|chicken, bone and skin removed=286
171071		Chicken, broilers or fryers, back, meat and skin, cooked, roasted	300	25.95	20.97	0	1.42	21	0.1	unit (yield from 1 lb ready-to=32|back, bone removed=106
171072		Chicken, broilers or fryers, back, meat and skin, cooked, stewed	258	22.18	18.14	0	1.22	18	0.1	unit (yield from 1 lb ready-to=36|cup, chopped or diced=160
171073		Chicken, broilers or fryers, back, meat only, raw	137	19.56	5.92	0	1.04	17		unit (yield from 1 lb ready-to=62
171074		Chicken, broilers or fryers, back, meat only, cooked, fried	288	29.99	15.32	5.68	1.65	26		unit (yield from 1 lb ready-to=35|back, bone and skin removed=116
171075		Chicken, broilers or fryers, breast, meat and skin, cooked, roasted	197	29.8	7.78	0	1.07	14	0.1	cup, chopped or diced=140|unit (yield from 1 lb ready-to=58|breast, bone removed=196
171076		Chicken, broilers or fryers, breast, meat and skin, cooked, stewed	184	27.39	7.42	0	0.92	13	0.1	cup, chopped or diced=140|unit (yield from 1 lb ready-to=66|breast, bone removed=220
171077		Chicken, broiler or fryers, breast, skinless, boneless, meat only, raw	120	22.5	2.62	0	0.37	5	0	piece=272|package=926
171078		Chicken, broilers or fryers, breast, meat only, cooked, fried	187	33.44	4.71	0.51	1.14	16	0.1	unit (yield from 1 lb ready-to=52|breast, bone and skin removed=172
171079		Squab, (pigeon), meat only, raw	142	17.5	7.5	0	4.51	13		unit (yield from 1 lb ready-to=251|squab=168
171080		Squab, (pigeon), light meat without skin, raw	134	21.76	4.52	0	2.31	10		breast, bone removed=101|unit (yield from 1 lb ready-to=151
171081		Turkey, whole, meat and skin, raw	144	21.64	5.64	0.14	0.86	11	0.3	bird=5002
171082		Turkey, whole, skin (light and dark), roasted	459	23.94	39.31	0.57	1.63	21	1.4	
171083		Turkey, whole, giblets, raw	124	18.18	5.09	0.07	5.92	18	0.8	giblets=157
171084		Turkey, whole, giblets, cooked, simmered	173	26.44	6.61	0	3.39	18	0	giblets=95
171085		Turkey, gizzard, all classes, raw	111	18.8	3.37	0	2.78	16	0.5	raw gizzard=63
171086		Turkey, whole, neck, meat only, raw	125	16.51	6.04	0	1.01	24	0.3	
171087		Turkey, whole, neck, meat only, cooked, simmered	162	22.48	7.36	0	1.18	58	0.3	
171088		Turkey, whole, light meat, meat and skin, raw	161	21.96	7.43	0.15	0.75	11	0.3	
171089		Turkey, whole, light meat, meat and skin, cooked, roasted	177	29.55	5.57	0.05	0.8	11	0.4	
171090		Turkey, whole, dark meat, meat only, raw	108	21.28	2.5	0.15	1.04	11	0.3	serving=85
171091		Turkey, whole, dark meat, cooked, roasted	173	27.71	6.04	0	1.43	17	0.3	
171092		Turkey, all classes, back, meat and skin, cooked, roasted	244	26.59	14.38	0.16	2.19	33	0	cup, chopped or diced=140|back, bone removed=524|unit (yield from 1 lb ready-to=34
171093		Turkey, all classes, breast, meat and skin, raw	157	21.89	7.02	0	1.2	13		unit (yield from 1 lb ready-to=146|breast, bone removed=2264
171094		Turkey, all classes, wing, meat and skin, cooked, roasted	229	27.38	12.43	0	1.46	24	0.1	unit (yield from 1 lb ready-to=24|wing, bone removed=186
171095		Turkey, fryer-roasters, meat and skin, cooked, roasted	172	28.26	5.72	0	1.95	22	0	turkey, bone removed=1616|unit (yield from 1 lb ready-to=229
171096		Turkey, whole, back, meat only, raw	113	21.28	2.5	0.15	1.04	11	0.3	back=1124
171097		Turkey, whole, back, meat only, cooked, roasted	173	27.71	6.04	0	1.43	17	0.3	back=911
171098		Turkey, whole, breast, meat only, raw	114	23.66	1.48	0.14	0.73	11	0.1	breast=1769
171099		Chicken, canned, meat only, with broth	165	21.77	7.95	0	1.58	14	0.1	can (5 oz)=142
171100		Pate de foie gras, canned (goose liver pate), smoked	462	11.4	43.84	4.67	5.5	70		tbsp=13
171101		Turkey, canned, meat only, with broth	169	23.68	6.86	1.47	1.86	12	0.3	cup, drained=135|can (5 oz)=142|can (5 oz) yields=125
171102		Turkey, diced, light and dark meat, seasoned	138	18.7	6	1	1.8	1		
171103		Turkey sticks, breaded, battered, fried	279	14.2	16.9	17	2.2	14		stick (2.25 oz)=64
171104		Poultry, mechanically deboned, from backs and necks with skin, raw	272	11.39	24.73	0	1.57	138		
171105		Poultry, mechanically deboned, from backs and necks without skin, raw	199	13.79	15.48	0	1.73	123		
171106		Poultry, mechanically deboned, from mature hens, raw	243	14.72	19.98	0	1.22	187		
171107		Chicken, cornish game hens, meat and skin, cooked, roasted	259	22.27	18.21	0	0.91	13	0.1	bird=258|bird whole=257
171108		Chicken, cornish game hens, meat only, raw	116	20.04	3.33	0	0.74	12		bird=240|bird whole=239
171109		Chicken, cornish game hens, meat only, cooked, roasted	134	23.3	3.87	0	0.77	13	0.1	bird=220|bird whole=220
171110		Chicken, canned, no broth	185	25.3	8.1	0.9	1.3	14	0.1	cup=205|can (5 oz) yields=125
171111		Chicken, wing, frozen, glazed, barbecue flavored	211	19.67	12.67	2.74	2.41	28		piece=29|serving=86
171112		Duck, young duckling, domesticated, White Pekin, leg, meat and skin, bone in, cooked, roasted	217	26.75	11.4	0	2.08	10		leg, bone removed (yield after=92|unit (yield from 1 lb ready-to=43
171113		Duck, young duckling, domesticated, White Pekin, leg, meat only, bone in, cooked without skin, braised	178	29.1	5.96	0	2.33	10		cup chopped or diced, cooked=174|unit (yield from 1 lb ready-to=35|leg, bone and skin removed=75
171114		Chicken, broiler, rotisserie, BBQ, drumstick, meat only	172	27.71	6.76	0	1.05	20	0	drumstick=71
171115		Chicken, wing, frozen, glazed, barbecue flavored, heated (conventional oven)	242	22.24	14.87	2.86	1.97	28		serving=96
171116		Chicken, ground, raw	143	17.44	8.1	0.04	0.82	6		
171117		Chicken, ground, crumbles, cooked, pan-browned	189	23.28	10.92	0	0.93	8		
171118		Chicken, broiler, rotisserie, BBQ, thigh, meat only	193	24.09	10.74	0	0.97	13	0	thigh=95
171119		Chicken, feet, boiled	215	19.4	14.6	0.2	0.91	88	0.2	
171120		Chicken, broilers or fryers, rotisserie, original seasoning, thigh, meat only, cooked	196	24.06	11.09	0	0.97	13		thigh=89|serving (3 oz)=85
171121		Chicken, broilers or fryers, rotisserie, original seasoning, wing, meat only, cooked	197	27.69	9.53	0	0.97	32		wing=53|serving (3 oz)=85
171122		Chicken, broilers or fryers, rotisserie, original seasoning, back, meat and skin, cooked	260	23.23	18.59	0.03	0.97	35		back=102|serving (3 oz)=85
171123		Chicken, broilers or fryers, rotisserie, original seasoning, breast, meat and skin, cooked	184	27.48	8.18	0.02	0.55	15		serving (3 oz)=85|breast=343
171124		Chicken, broiler, rotisserie, BBQ, back, meat and skin	251	20.29	18.86	0.4	0.83	33	0.1	back=182
171125		Chicken, broiler, rotisserie, BBQ, breast, meat and skin	175	26.37	7.67	0.09	0.51	16	0	breast=384
171126		Chicken, broiler, rotisserie, BBQ, drumstick, meat and skin	206	25.65	11.46	0.12	1.02	22	0	drumstick=71
171127		Chicken, broiler, rotisserie, BBQ, thigh, meat and skin	226	22.51	15.08	0.12	0.95	16	0	thigh=95
171128		Turkey, drumstick, from whole bird, meat only, with added solution, roasted	158	26.1	6	0	1.07	16	0.3	drumstick=217
171129		Turkey, thigh, from whole bird, meat only, with added solution, raw	115	19.27	4.12	0.15	0.9	15	0.3	thigh=424
171130		Turkey, retail parts, breast, meat and skin, with added solution, raw	144	20.79	6.75	0.03	0.43	9	0.3	breast=1171
171131		Turkey, thigh, from whole bird, meat only, with added solution, roasted	158	26.1	6	0	1.07	16	0.3	thigh=327
171132		Turkey, retail parts, wing, meat and skin, raw	202	19.53	13.79	0.05	0.68	8	0.5	wing=518
171133		Turkey, retail parts, wing, meat and skin, cooked, roasted	235	28.74	13.29	0.13	1	14	0.8	wing=375
171134		Turkey, retail parts, drumstick, meat and skin, raw	141	19.96	6.84	0	1.14	9	0.5	drumstick=356
171135		Turkey, retail parts, drumstick, meat and skin, cooked, roasted	197	28.21	9.37	0	1.58	16	0.3	drumstick=275
171136		Turkey, drumstick, from whole bird, meat only, raw	109	23.66	1.48	0.14	0.73	11	0.1	drumstick=337
171137		Turkey, retail parts, thigh, meat and skin, cooked, roasted	183	23.95	9.5	0.41	1.5	4	0.3	thigh=348
171138		Turkey, back, from whole bird, meat and skin, with added solution, raw	206	16.86	15.41	0.15	0.78	14	0.6	back=1245
171139		Turkey, back, from whole bird, meat and skin, with added solution, roasted	205	25.8	11.36	0	0.68	15	0.5	back=949
171140		Chicken, broiler or fryers, breast, skinless, boneless, meat only, cooked, braised	157	32.06	3.24	0	0.49	6	0	piece=181
171141		Soup, black bean, canned, condensed	91	4.83	1.32	8.62	1.5	35		cup (8 fl oz)=257|can (11 oz), undiluted=312
171142		Soup, bean with pork, canned, condensed	129	5.88	4.42	11.07	1.53	60	0	cup=260|can 11.5 oz=326
171143		Soup, bean with frankfurters, canned, condensed	142	7.6	5.31	12.15	1.78	66		cup (8 fl oz)=263|can (11.25 oz)=319
171144		Soup, bean with ham, canned, chunky, ready-to-serve	95	5.19	3.5	6.56	1.33	32		cup (8 fl oz)=243|can (19.25 oz)=546
171145		Soup, chicken, canned, chunky, ready-to-serve	71	5.06	2.64	6.28	0.69	10	0	cup=245
171146		Soup, cream of chicken, canned, condensed	90	2.38	5.77	7.16	1.06	14	0	cup (4 fl oz)=252|can (10.75 oz)=305
171147		Soup, chicken gumbo, canned, condensed	45	2.1	1.14	5.07	0.71	19		cup (4 fl oz)=252|can (10.75 oz)=305
171148		Soup, chunky chicken noodle, canned, ready-to-serve	41	3.09	1.16	3.66	0.35	11	0	can=530|cup=243
171149		Soup, chicken vegetable, canned, condensed	61	2.94	2.32	6.31	0.71	14	0	cup=242|can (10.7 oz)=303
171150		Soup, chili beef, canned, condensed	117	5.09	2.53	16.36	1.62	33		cup (8 fl oz)=263|can (11.25 oz)=319
171151		Soup, clam chowder, manhattan style, canned, chunky, ready-to-serve	56	3.02	1.41	6.64	1.1	28	0	cup (8 fl oz)=240|can (19 oz)=539
171152		Soup, clam chowder, manhattan, canned, condensed	61	1.74	1.76	8.54	1.3	19		cup (4 fl oz)=252|can (10.75 oz)=305
171153		Soup, minestrone, canned, condensed	68	3.48	2.05	8.37	0.75	28	0	cup (4 fl oz)=246|can (10.5 oz)=298
171154		Soup, mushroom barley, canned, condensed	61	1.5	1.8	9.6	0.4	10		cup (4 fl oz)=252|can (10.75 oz)=305
171155		Soup, cream of mushroom, canned, condensed	79	1.35	5.3	6.1	0.18	12	0.2	cup=252
171156		Soup, mushroom with beef stock, canned, condensed	68	2.51	3.21	7.31	0.67	8	0	cup (4 fl oz)=252|can (10.75 oz)=305
171157		Soup, pea, split with ham, canned, condensed	141	7.68	3.28	19.11	1.7	16		cup (4 fl oz)=270|can (11.5 oz)=326
171158		Soup, cream of potato, canned, condensed	74	1.51	1.88	11.49	0.34	17	0	cup=248
171159		Soup, cream of shrimp, canned, condensed	72	2.22	4.14	6.33	0.42	14		cup=252|can=305
171160		Soup, tomato beef with noodle, canned, condensed	112	3.55	3.42	15.67	0.89	14		cup (8 fl oz)=251|can (10.75 oz)=305
171161		Soup, vegetarian vegetable, canned, condensed	59	1.72	1.58	9.28	0.88	17	0	cup=252|can (10.5 oz)=298
171162		Soup, chunky beef, canned, ready-to-serve	66	3.97	1.11	9.48	0.97	13	0	cup=245|can (19 oz)=539
171163		Soup, vegetable beef, canned, condensed	63	4.45	1.51	6.51	0.89	13	0	cup=252|can (10.75 oz)=305
171164		Soup, vegetable with beef broth, canned, condensed	66	2.42	1.56	9.4	0.79	14	0	cup=246|can (10.5 oz)=298
171165		Soup, onion, dry, mix	293	7.48	0.34	58.47	1.25	143	0	serving 1 tbsp=7.5|packet=39
171166		Soup, cream of vegetable, dry, powder	446	8	24.1	49.1	2.6	134	0	packet=18
171167		Sauce, teriyaki, ready-to-serve	89	5.93	0.02	15.46	1.7	25	0	tbsp=18|cup=288
171168		Gravy, au jus, canned	16	1.2	0.2	2.5	0.6	4		cup=236|can=298
171169		Gravy, au jus, dry	313	9.2	9.63	47.49	9.3	140		tsp=3
171170		Gravy, mushroom, canned	50	1.26	2.71	5.07	0.66	7		cup=238|can=298
171171		Gravy, mushroom, dry, powder	328	10	4	59.86	1	230	0	cup (8 fl oz)=21
171172		Gravy, onion, dry, mix	322	9	3	61.64	1	280		cup (8 fl oz)=24
171173		Gravy, pork, dry, powder	367	8.78	8.63	61.17	3.94	139	0	serving=6.7
171174		Sauce, sofrito, prepared from recipe	237	12.8	18.2	3.76	0.94	20		cup=206
171175		Soup, beef mushroom, canned, condensed	61	4.6	2.4	5	0.7	4		cup (4 fl oz)=252|can (10.75 oz)=305
171176		Soup, tomato, canned, prepared with equal volume water, commercial	32	0.71	0.21	6.95	0.29	8	0	serving 1 cup=248
171177		Soup, ramen noodle, any flavor, dry	440	10.17	17.59	57.36	4.11	21	0	package without flavor packet=81|packet=5.8
171178		Soup, broccoli cheese, canned, condensed, commercial	87	2.1	5.3	5.9	0.3	41	0	serving 1/2 cup=121|can 10.7 oz (10.75 oz)=303
171179		Soup, SWANSON, beef broth, lower sodium	6	1.2	0.08	0.21	0.04	2		cup=213|can 14.5 oz=413|carton 32 oz=925
171180		Soup, SWANSON, vegetable broth	6	0.23	0.07	1.02	0.08	3		cup=220|carton 32 oz=928
171181		SMART SOUP, Indian Bean Masala	57	3.3	0.88	7.9	1	22		
171182		SMART SOUP, Moroccan Chick Pea	51	2	1.06	6.6	1	23		
171183		SMART SOUP, Thai Coconut Curry	36	0.8	1.06	5.5	0	19		
171184		SMART SOUP, Vietnamese Carrot Lemongrass	44	1.3	1.06	6.7	0	23		
171185		Sauce, pesto, MEZZETTA, NAPA VALLEY BISTRO, basil pesto, ready-to-serve	496	6.69	49.88	3.82	0.99	202		cup=240
171186		Sauce, hot chile, sriracha	93	1.93	0.93	16.96	1.64	18		tsp=6.5
171187		Sauce, hot chile, sriracha, CHA! BY TEXAS PETE	108	2.02	0.98	20.63	1.46	15		tsp=6.9
171188		Sauce, hot chile, sriracha, TUONG OT SRIRACHA	79	1.86	0.9	13.67	1.92	20		tsp=6.2
171189		Soup, vegetable beef, microwavable, ready-to-serve, single brand	44	6.2	0.7	1.8				serving=292|package yields=292
171190		Soup, beef and vegetables, canned, ready-to-serve	48	3.18	1.16	4.96	0.51	18	0	cup=250|can=528
171191		Sauce, cheese, ready-to-serve	174	6.71	13.29	6.33	0.21	184		cup=252
171192		Sauce, pasta, spaghetti/marinara, ready-to-serve	50	1.39	1.61	5.63	0.73	26	0	serving 1/2 cup=132
171193		Beef, chuck, short ribs, boneless, separable lean only, trimmed to 0" fat, select, raw	161	20.14	8.99	0	2.34	12	0.1	piece=429
171194		Beef, chuck eye Country-Style ribs, boneless, separable lean only, trimmed to 0" fat, select, raw	137	21.1	5.89	0	2.08	15	0.1	piece=340
171195		Beef, chuck eye Country-Style ribs, boneless, separable lean only, trimmed to 0" fat, all grades, raw	146	20.96	6.95	0	2.24	15	0.1	piece=331
171196		Beef, chuck eye steak, boneless, separable lean only, trimmed to 0" fat, choice, cooked, grilled	215	27.97	11.47	0	2.88	16	0.1	steak=307
171197		Beef, chuck eye steak, boneless, separable lean only, trimmed to 0" fat, select, cooked, grilled	199	27.88	9.77	0	2.81	19	0.1	steak=309
171198		Beef, shoulder pot roast, boneless, separable lean only, trimmed to 0" fat, choice, cooked, braised	200	31.32	8.3	0	3.76	13	0.1	roast=793
171199		Beef, shoulder pot roast, boneless, separable lean only, trimmed to 0" fat, select, cooked, braised	190	31.71	7.02	0	3.36	13	0.1	roast=779
171200		Beef, shoulder pot roast, boneless, separable lean only, trimmed to 0" fat, all grades, cooked, braised	196	31.48	7.78	0	3.6	13	0.1	roast=787
171201		Beef, chuck, mock tender steak, boneless, separable lean only, trimmed to 0" fat, choice, cooked, braised	197	33.55	6.94	0	3.53	15	0.1	steak=141
171202		Beef, chuck, mock tender steak, boneless, separable lean only, trimmed to 0" fat, all grades, raw	123	21.3	4.17	0	2.44	11	0.1	steak=198
171203		Beef, chuck for stew, separable lean and fat, all grades, cooked, braised	191	32.41	6.82	0	2.96	16	0.1	
171204		Beef, chuck for stew, separable lean and fat, select, cooked, braised	186	32.29	6.34	0	2.84	15	0.1	
171205		Beef, chuck for stew, separable lean and fat, choice, cooked, braised	194	32.49	7.14	0	3.06	17	0.1	
171206		Beef, chuck for stew, separable lean and fat, all grades, raw	128	21.75	4.48	0.16	2.12	13	0.1	
171207		Beef, chuck, under blade steak, boneless, separable lean only, trimmed to 0" fat, all grades, cooked, braised	219	31.35	10.41	0	3.21	14	0.1	
171208		Beef, chuck, under blade pot roast, boneless, separable lean and fat, trimmed to 0" fat, all grades, cooked, braised	291	26.7	20.49	0	2.68	14	0.1	
171209		Beef, rib eye steak, boneless, lip-on, separable lean only, trimmed to 1/8" fat, all grades, cooked, grilled	207	27.97	10.57	0	2.53	7	0.1	steak=291
171210		Beef, rib eye roast, bone-in, lip-on, separable lean only, trimmed to 1/8" fat, choice, cooked, roasted	240	27.18	14.55	0	2.37	11	0.1	roast=2044
171211		Beef, chuck, under blade center steak, boneless, Denver Cut, separable lean and fat, trimmed to 0" fat, choice, cooked, grilled	236	26.1	14.41	0.4	3.27	12	0.1	steak=356
171212		Beef, chuck, under blade center steak, boneless, Denver Cut, separable lean and fat, trimmed to 0" fat, select, cooked, grilled	215	26.3	12.25	0	3.31	16	0.1	steak=349
171213		Beef, chuck, under blade center steak, boneless, Denver Cut, separable lean and fat, trimmed to 0" fat, all grades, raw	182	18.99	11.64	0.36	2.38	11	0.1	steak=473
171214		Beef, chuck, under blade center steak, boneless, Denver Cut, separable lean and fat, trimmed to 0" fat, choice, raw	189	18.85	12.4	0.53	2.37	11	0.1	steak=483
171215		Beef, chuck eye roast, boneless, America's Beef Roast, separable lean and fat, trimmed to 0" fat, choice, cooked, roasted	241	24.47	15.87	0	2.28	18	0.1	roast=586
171216		Beef, chuck eye roast, boneless, America's Beef Roast, separable lean and fat, trimmed to 0" fat, select, cooked, roasted	229	24.86	14.41	0	2.16	19	0.1	roast=645
171217		Beef, chuck, under blade steak, boneless, separable lean and fat, trimmed to 0" fat, all grades, cooked, braised	275	28.23	18	0	2.8	14	0.1	steak=449
171218		Beef, chuck, under blade steak, boneless, separable lean and fat, trimmed to 0" fat, choice, cooked, braised	284	27.6	19.3	0	2.82	14	0.2	steak=445
171219		Beef, chuck, under blade steak, boneless, separable lean and fat, trimmed to 0" fat, select, cooked, braised	261	29.18	16.05	0	2.76	14	0.1	steak=454
171220		Beef, chuck, mock tender steak, boneless, separable lean and fat, trimmed to 0" fat, choice, raw	131	21.19	5.18	0	2.5	11	0.1	steak=204
171221		Beef, chuck, mock tender steak, boneless, separable lean and fat, trimmed to 0" fat, select, raw	122	21.05	4.2	0	2.25	11	0.1	steak=191
171222		Beef, chuck, short ribs, boneless, separable lean and fat, trimmed to 0" fat, all grades, cooked, braised	305	25.48	22.58	0	2.7	14	0.1	piece=289
171223		Beef, chuck, short ribs, boneless, separable lean and fat, trimmed to 0" fat, choice, cooked, braised	317	25.26	24.05	0	2.67	14	0.2	piece=272
171224		Beef, shoulder pot roast, boneless, separable lean and fat, trimmed to 0" fat, all grades, cooked, braised	204	31.03	8.92	0	3.53	13	0.1	roast=787
171225		Beef, shoulder pot roast, boneless, separable lean and fat, trimmed to 0" fat, choice, cooked, braised	207	30.93	9.25	0	3.7	13	0.1	roast=793
171226		Beef, shoulder pot roast, boneless, separable lean and fat, trimmed to 0" fat, select, cooked, braised	200	31.18	8.41	0	3.29	13	0.1	roast=779
171227		Beef, chuck eye Country-Style ribs, boneless, separable lean and fat, trimmed to 0" fat, all grades, cooked, braised	296	27.69	20.55	0	2.49	16	0.1	piece=227
171228		Beef, chuck eye steak, boneless, separable lean and fat, trimmed to 0" fat, all grades, cooked, grilled	277	24.98	19.64	0	2.45	16	0.1	steak=308
171229		Beef, chuck eye steak, boneless, separable lean and fat, trimmed to 0" fat, choice, cooked, grilled	283	24.95	20.35	0	2.46	15	0.1	steak=307
171230		Beef, chuck eye steak, boneless, separable lean and fat, trimmed to 0" fat, select, cooked, grilled	267	25.03	18.57	0	2.42	17	0.1	steak=309
171231		Beef, chuck eye steak, boneless, separable lean and fat, trimmed to 0" fat, all grades, raw	223	18.86	16.35	0	2.1	14	0.1	steak=384
171232		Beef, rib eye steak, boneless, lip-on, separable lean only, trimmed to 1/8" fat, choice, cooked, grilled	217	27.3	11.97	0	2.65	8	0.1	steak=281
171233		Beef, rib eye steak, boneless, lip-on, separable lean only, trimmed to 1/8" fat, select, cooked, grilled	192	28.98	8.48	0	2.34	6	0.1	steak=306
171234		Beef, rib eye steak/roast, bone-in, lip-on, separable lean only, trimmed to 1/8" fat, all grades, raw	166	21.22	9.04	0	1.96	9	0.1	steak=462|roast=2627
171235		Beef, rib eye steak/roast, bone-in, lip-on, separable lean only, trimmed to 1/8" fat, choice, raw	173	20.93	9.97	0	1.95	9	0.1	steak=456|roast=2674
171236		Beef, rib eye steak, bone-in, lip-on, separable lean only, trimmed to 1/8" fat, all grades, cooked, grilled	221	27.4	12.43	0	2.62	22	0.1	steak=381
171237		Beef, rib eye steak, bone-in, lip-on, separable lean only, trimmed to 1/8" fat, choice, cooked, grilled	229	27.03	13.44	0	2.61	22	0.1	steak=378
171238		Beef, rib eye steak, bone-in, lip-on, separable lean only, trimmed to 1/8" fat, select, cooked, grilled	210	27.96	10.91	0	2.63	22	0.1	steak=385
171239		Beef, rib eye roast, boneless, lip-on, separable lean only, trimmed to 1/8" fat, all grades, cooked, roasted	218	28.21	11.68	0	2.13	8	0.1	roast=1601
171240		Cheese, gjetost	466	9.65	29.51	42.65	0.52	400		package (8 oz)=227
171241		Cheese, gouda	356	24.94	27.44	2.22	0.24	700	0.5	package (7 oz)=198
171242		Cheese, gruyere	413	29.81	32.34	0.36	0.17	1011	0.6	slice (1 oz)=28|cubic inch=15|cup, diced=132|cup, shredded=108|package (6 oz)=170
171243		Cheese, limburger	327	20.05	27.25	0.49	0.13	497	0.5	cup=134|cubic inch=18|box=113|package (8 oz)=227
171244		Cheese, mozzarella, low moisture, part-skim	295	23.75	19.78	5.58	0.22	697	0.4	cup, diced=132|cup, shredded=113|cubic inch=18|slice (1 oz)=28
171245		Cheese, muenster	368	23.41	30.04	1.12	0.41	717	0.6	cup, diced=132|cup, shredded=113|cubic inch=18|slice (1 oz)=28|package (6 oz)=170
171246		Cheese, neufchatel	253	9.15	22.78	3.59	0.13	117		package (3 oz)=85
171247		Cheese, parmesan, grated	420	28.42	27.84	13.91	0.49	853	0.5	cup=100|tbsp=5
171248		Cheese, ricotta, part skim milk	138	11.39	7.91	5.14	0.44	272	0.1	cup=248
171249		Cheese, romano	387	31.8	26.94	3.63	0.77	1064	0.5	package (5 oz)=28.4
171250		Cheese, roquefort	369	21.54	30.64	2	0.56	662		package (3 oz)=85
171251		Cheese, swiss	393	26.96	30.99	1.44	0.13	890	0	cup, diced=132|cup, melted=244|cup, shredded=108|cubic inch=15|slice (1 oz)=28
171252		Cheese food, pasteurized process, American, vitamin D fortified	330	16.86	25.63	8.56	0.26	682	2.5	cup=113|slice (3/4 oz)=21|package (8 oz)=227
171253		Cheese food, pasteurized process, swiss	323	21.92	24.14	4.5	0.6	723		package (8 oz)=227
171254		Cheese spread, pasteurized process, American	290	16.41	21.23	8.73	0.33	562	0.4	cup, diced=140|cup=244|jar (5 oz)=128|cubic inch=18|slice=34
171255		Cream, fluid, half and half	131	3.13	11.5	4.3	0.05	107	0	tbsp=15|cup=242|container, individual (.5 fl o=15
171256		Cream, sour, reduced fat, cultured	135	2.94	12	4.26	0.07	104	0.2	tbsp=15|cup=242
171257		Cream, sour, cultured	198	2.44	19.35	4.63	0.07	101	0	tbsp=12|cup=230
171258		Eggnog	88	4.55	4.19	8.05	0.2	130	1.2	cup=254|quart=1016
171259		Sour dressing, non-butterfat, cultured, filled cream-type	178	3.25	16.57	4.68	0.03	113	0	tbsp=12|cup=235
171260		Yogurt, Greek, 2%fat, coconut blend, CHOBANI	92	8.11	1.71	10.54	0.03	93		
171261		Cream substitute, liquid, with hydrogenated vegetable oil and soy protein	136	1	9.97	11.38	0.03	9	0	container, individual=15|cup=240
171262		Cream substitute, liquid, with lauric acid oil and sodium caseinate	136	1	9.97	11.38	0.03	9		container, individual=15|cup=240
171263		Cream substitute, powdered	529	2.48	32.92	59.29	0.26	2	0	cup=94|tsp=2|packet=3
171264		Milk substitutes, fluid, with lauric acid oil	61	1.75	3.41	6.16	0.39	33		cup=244|quart=976
171265		Milk, whole, 3.25% milkfat, with added vitamin D	61	3.15	3.25	4.8	0.03	113	1.3	cup=244|tbsp=15|quart=976
171266		Milk, producer, fluid, 3.7% milkfat	64	3.28	3.66	4.65	0.05	119		cup=244|quart=976
171267		Milk, reduced fat, fluid, 2% milkfat, with added vitamin A and vitamin D	50	3.3	1.98	4.8	0.02	120	1.2	cup=244|quart=976
171268		Milk, lowfat, fluid, 1% milkfat, protein fortified, with added vitamin A and vitamin D	48	3.93	1.17	5.52	0.06	142	1	cup=246|quart=984
171269		Milk, nonfat, fluid, with added vitamin A and vitamin D (fat free or skim)	34	3.37	0.08	4.96	0.03	122	1.2	cup=245|quart=980
171270		Milk, nonfat, fluid, with added nonfat milk solids, vitamin A and vitamin D (fat free or skim)	37	3.57	0.25	5.02	0.05	129	1.2	cup=245|quart=980
171271		Milk, nonfat, fluid, protein fortified, with added vitamin A and vitamin D (fat free and skim)	41	3.96	0.25	5.56	0.06	143	1	cup=246|quart=984
171272		Milk, dry, nonfat, instant, with added vitamin A and vitamin D	358	35.1	0.72	52.19	0.31	1231	11	cup=68|envelope (1-1/3 cup)=91|cup (makes 1 cup reconstituted=69.7
171273		Milk, dry, nonfat, calcium reduced	354	35.5	0.2	51.8	0.32	280		
171274		Milk, buttermilk, dried	387	34.3	5.78	49	0.3	1184	0.5	cup=120|tbsp=6.5
171275		Milk, canned, condensed, sweetened	321	7.91	8.7	54.4	0.19	284	0.2	cup=306
171276		Milk, canned, evaporated, with added vitamin D and without added vitamin A	134	6.81	7.56	10.04	0.19	261	2	cup=252|can (13 oz)=369
171277		Milk, chocolate beverage, hot cocoa, homemade	77	3.52	2.34	9.74	0.42	114	1.1	cup=250
171278		Milk, goat, fluid, with added vitamin D	69	3.56	4.14	4.45	0.05	134	1.3	cup=244|quart=976
171279		Milk, human, mature, fluid	70	1.03	4.38	6.89	0.03	32	0.1	cup=246
171280		Milk, indian buffalo, fluid	97	3.75	6.89	5.18	0.12	169		cup=244|quart=976
171281		Whey, acid, dried	339	11.73	0.54	73.45	1.24	2054	0	cup=57|tbsp=2.9
171282		Whey, sweet, fluid	27	0.85	0.36	5.14	0.06	47		cup=246|quart=984
171283		Whey, sweet, dried	353	12.93	1.07	74.46	0.88	796	0	cup=145|tbsp=7.5
171284		Yogurt, plain, whole milk	61	3.47	3.25	4.66	0.05	121	0.1	container (6 oz)=170|container (8 oz)=227|container (4 oz)=226|cup (8 fl oz)=245
171285		Yogurt, fruit, low fat, 10 grams protein per 8 ounce	102	4.37	1.08	19.05	0.07	152	0	container (6 oz)=170|cup (8 fl oz)=245|container (8 oz)=227|container, Dannon Sprinkl'ins =116|container (4 oz)=226
171286		Yogurt, fruit, low fat, 11g protein/8 oz	105	4.86	1.41	18.6	0.07	169		container (6 oz)=170|container (4 oz)=226|container (8 oz)=227
171287		Egg, whole, raw, fresh	143	12.56	9.51	0.72	1.75	56	2	large=50|extra large=56|jumbo=63|cup (4.86 large eggs)=243|medium=44
171288		Cheese, Mexican blend	384	23.54	32.14	0.13	0.59	659	0.5	cup shredded=112
171289		Cheese product, pasteurized process, American, vitamin D fortified	307	16.09	23.06	8.85	0.95	1375	6.5	slice (2/3 oz)=19|slice (3/4 oz)=21
171290		Cheese, pasteurized process, American, without added vitamin D	371	18.13	31.79	3.7	0.63	1045	0.6	slice (3/4 oz)=21|slice (1 oz)=28|cubic inch=18|cup, diced=140|cup, shredded=113
171291		Cheese food, pasteurized process, American, without added vitamin D	330	16.86	25.63	8.56	0.26	682	2.5	cup=113|slice (3/4 oz)=21|package (8 oz)=227
171292		Cheese, cheddar, reduced fat (Includes foods for USDA's Food Distribution Program)	316	27.35	20.41	2.67	0.12	761	0.3	slice=21
171293		Ice cream, light, soft serve, chocolate	141	3.36	3.69	23.15	0.6	134	0.7	medium=298
171294		Ice cream bar, stick or nugget, with crunch coating	358	2.11	25.26	36.02	0	63	0.1	pieces=3.65
171295		Cheese, cheddar, nonfat or fat free	157	32.14	0	7.14	0	893	0.1	serving=28
171296		Yogurt, Greek, nonfat, vanilla, CHOBANI	71	9.07	0.22	7.79	0.05	106		
171297		Yogurt, Greek, strawberry, DANNON OIKOS	106	8.25	2.92	10.67	0.07	86	0	
171298		Yogurt, Greek, nonfat, vanilla, DANNON OIKOS	85	8.12	0.14	12.22	0.04	89	0.9	
171299		Yogurt, Greek, nonfat, strawberry, DANNON OIKOS	84	8.03	0.22	12.13	0.06	94	1	
171300		Yogurt, Greek, strawberry, lowfat	105	8.17	2.57	11.29	0.07	88	0	container (5.3 oz)=150|cup (8 fl oz)=245|container (6 oz)=170|container (8 oz)=227|container, Dannon Sprinkl'ins =116
171301		Kefir, lowfat, strawberry, LIFEWAY	62	3.39	0.9	10.2	0.04	119	1.1	cup=247|bottle=989
171302		Milk, evaporated, 2% fat, with added vitamin A and vitamin D	107	6.67	2	15.74	0.19	267	4	cup=252|can (13 oz)=369
171303		Milk, chocolate, fat free, with added vitamin A and vitamin D	67	3.39	0	13.46	0.27	127	1.1	cup=250|quart=1000
171304		Yogurt, Greek, plain, whole milk	97	9	5	3.98	0	100	0	
171305		Ice cream bar, covered with chocolate and nuts	303	5.62	25.84	10.79	1.21	90	0.2	
171306		Ice cream sundae cone	254	3	14	27.89	0.36	60	0.1	
171307		Light ice cream, Creamsicle	165	1.54	3.08	32.75	0	62	0.1	
171308		Cream, half and half, lowfat	72	3.33	5	3.33	0	133	0	
171309		Yogurt, Greek, whole, plain, CHOBANI	82	8.24	4.01	2.44	0.03	111		
171310		Yogurt, Greek, nonfat, lemon blend, CHOBANI	78	8.62	0.15	10.16	0.03	96		
171311		Yogurt, Greek, nonfat, peach, CHOBANI	80	7.76	0.11	11.2	0.03	89		
171312		Yogurt, Greek, nonfat, plain, CHOBANI	54	9.53	0.24	3.23	0.03	112		
171313		Yogurt, Greek, nonfat, raspberry, CHOBANI	81	7.65	0.22	11.48	0.03	98		
171314		Butter, Clarified butter (ghee)	900	0	100	0	0	0		
171315		Spices, allspice, ground	263	6.09	8.69	50.52	7.06	661	0	tsp=1.9|tbsp=6
171316		Spices, anise seed	337	17.6	15.9	35.42	36.96	646	0	tsp, whole=2.1|tbsp, whole=6.7
171317		Spices, basil, dried	233	22.98	4.07	10.05	89.8	2240	0	tsp, leaves=0.7|tbsp, leaves=2.1|tsp, ground=1.4|tbsp, ground=4.5
171318		Spices, chervil, dried	237	23.2	3.9	37.8	31.95	1346	0	tsp=0.6|tbsp=1.9
171319		Spices, chili powder	282	13.46	14.28	14.9	17.3	330	0	tsp=2.7|tbsp=8
171320		Spices, cinnamon, ground	247	3.99	1.24	27.49	8.32	1002	0	tsp=2.6|tbsp=7.8
171321		Spices, cloves, ground	274	5.97	13	31.63	11.83	632	0	tsp=2.1|tbsp=6.5
171322		Spices, dill weed, dried	253	19.96	4.36	42.22	48.78	1784	0	tsp=1|tbsp=3.1
171323		Spices, fennel seed	345	15.8	14.87	12.49	18.54	1196	0	tsp, whole=2|tbsp, whole=5.8
171324		Spices, fenugreek seed	323	23	6.41	33.75	33.53	176	0	tsp=3.7|tbsp=11.1
171325		Spices, garlic powder	331	16.55	0.73	63.73	5.65	79	0	tsp=3.1|tbsp=9.7
171326		Spices, nutmeg, ground	525	5.84	36.31	28.49	3.04	184	0	tsp=2.2|tbsp=7
171327		Spices, onion powder	341	10.41	1.04	63.92	3.9	384	0	tsp=2.4|tbsp=6.9
171328		Spices, oregano, dried	265	9	4.28	26.42	36.8	1597	0	tsp, leaves=1|tsp, ground=1.8
171329		Spices, paprika	282	14.14	12.89	19.09	21.14	229	0	tsp=2.3|tbsp=6.8
171330		Spices, poppy seed	525	17.99	41.56	8.63	9.76	1438	0	tsp=2.8|tbsp=8.8
171331		Spices, poultry seasoning	307	9.59	7.53	54.29	35.3	996	0	tsp=1.5|tbsp=4.4
171332		Spices, pumpkin pie spice	342	5.76	12.6	54.48	19.71	682	0	tsp=1.7|tbsp=5.6
171333		Spices, rosemary, dried	331	4.88	15.22	21.46	29.25	1280	0	tsp=1.2|tbsp=3.3
171334		Babyfood, vegetables, corn, creamed, junior	65	1.4	0.4	14.15	0.27	4	0	cup=240|tbsp=15|jar=170|jar Heinz Junior-3 (6 oz)=170
171335		Babyfood, fruit, bananas with tapioca, strained	56	0.4	0.1	13.7	0.2	5	0	tbsp=15|jar=113|jar Gerber Second Food (4 oz)=113|jar Heinz Strained-2 (4.25 oz)=120
171336		Babyfood, fruit, peaches, strained	65	0.94	0.33	13.18	0.23	4	0	tbsp=17|jar=95|container=67
171337		Babyfood, fruit, peaches, junior	65	0.94	0.33	13.18	0.23	4	0	tbsp=17|jar=95|container=67
171338		Babyfood, fruit, pears, strained	42	0.3	0.2	8	0.24	8	0	tbsp=16|jar=113|jar Beech-Nut Baby's First (2.=71|jar Beech-Nut Stage I (4 oz)=113|jar Gerber First Foods (2.5 oz=71
171339		Babyfood, fruit, prunes with tapioca, without ascorbic acid, junior	70	0.6	0.1	16	0.33	15		jar=170
171340		Babyfood, prunes, without vitamin c, strained	100	1	0.2	20.82	0.4	21	0	tbsp=15|jar Gerber First Foods (2.5 oz=71
171341		Babyfood, fruit dessert, mango with tapioca	70	0.3	0.2	17.9	0.2	8	0	tbsp=15|jar, Gerber (4 oz)=113|jar=113
171342		Babyfood, pears, dices, toddler	57	0.3	0.1	12.4	0.2	10	0	jar Gerber=128
171343		Babyfood, fruit, applesauce and pineapple, strained	37	0.1	0.1	8.6	0.1	4		jar=113
171344		Babyfood, fruit, applesauce and pineapple, junior	39	0.1	0.1	9	0.1	4		jar=170
171345		Babyfood, fruit, apple and raspberry, strained	58	0.2	0.2	13.5	0.22	5	0	jar=113
171346		Babyfood, fruit, apple and raspberry, junior	58	0.2	0.2	13.3	0.22	5	0	jar=170
171347		Babyfood, fruit, pears and pineapple, junior	44	0.3	0.2	8.8	0.21	10	0	tbsp=16|jar=170|jar Gerber Third Foods (6 oz)=170
171348		Babyfood, fruit, guava and papaya with tapioca, strained	63	0.2	0.1	17	0.2	7		jar=113
171349		Babyfood, peaches, dices, toddler	51	0.5	0.2	11	0.2	6	0	jar Gerber=128
171350		Babyfood, fruit, papaya and applesauce with tapioca, strained	70	0.2	0.1	17.5	0.44	7		jar=113
171351		Babyfood, apple-banana juice	51	0.2	0.1	12.1	0.2	7	0	bottle Earth's Best (4.2 fl oz=131|bottle Heinz Strained (4 fl oz=125|bottle NFS=125|bottle Beech-Nut Stage 2 (4 fl=125|bottle Gerber Second Foods (4 =125
171352		Babyfood, juice, apple and peach	43	0.2	0.1	10.4	0.56	3	0	jar=127
171353		Babyfood, juice, apple and prune	72	0.2	0.1	18	0.95	9	0	jar=127|bottle (4 fl oz)=125
171354		Babyfood, juice, orange	45	0.6	0.3	10.1	0.17	12	0	jar=127|bottle Heinz Strained (4 fl oz=125|bottle Gerber Second Foods (4 =125|bottle Beech-Nut Stage 3 (4 fl=125
171355		Babyfood, juice, orange and apple	43	0.4	0.2	10.1	0.2	10		jar=127
171356		Babyfood, juice, prune and orange	70	0.6	0.3	16.8	0.87	12		jar=127
171357		Babyfood, juice, mixed fruit	47	0.1	0.1	11.6	0.34	8	0	jar=127|bottle (4 fl oz)=125
171358		Babyfood, cereal, barley, dry fortified	376	13.2	6.6	62.8	48.21	643	7.1	tbsp=2.4
171359		Babyfood, cereal, whole wheat, with apples, dry fortified	402	6.6	4.8	76.5	45	600	0	
171360		Babyfood, cereal, oatmeal, dry fortified	394	10.99	6.36	66.18	64.1	1160	12.7	tbsp=3.2|cup=48.8|box=223
171361		Babyfood, cereal, oatmeal, with bananas, dry	399	6.67	6.67	72.87	45	800	0	serving=15|tbsp=2.5
171362		Babyfood, cereal, oatmeal, with applesauce and bananas, strained	75	0.89	0.89	14.72	7.5	6	0	jar=113
171363		Babyfood, cereal, oatmeal, with applesauce and bananas, junior, fortified	76	0.89	0.89	15.13	7.5	6	0	jar=170
171364		Babyfood, cereal, with egg yolks, junior	52	1.9	1.8	6.2	0.51	24		jar=170
171365		Babyfood, cereal, with eggs, strained	58	2.2	1.5	8	0.54	27		jar=113
171366		Babyfood, cereal, egg yolks and bacon, junior	79	2.5	5	5.3	0.47	28		jar=170
171367		Babyfood, oatmeal cereal with fruit, dry, instant, toddler fortified	402	10.5	7.05	66.3	14.3	286	0	tbsp=5.3|packet (.75 oz)=21
171368		Babyfood, cookie, baby, fruit	435	6.8	12.6	70.3	2.9	83	0	cookie=8
171369		Babyfood, cookies, arrowroot	424	7.6	10	75.2	3	32	0	cookie=5
171370		Babyfood, pretzels	397	10.8	2	79.9	3.77	25	0	pretzel=6
171371		Babyfood, GERBER, GRADUATES Lil Biscuits Vanilla Wheat	407	7.97	9.27	66.58	18.87	1278	0.5	biscuit=7
171372		Zwieback	426	10.1	9.7	71.7	0.6	20	0	piece=7|rusk=10|toast, Gerber Zwieback=7
171373		Babyfood, dessert, cherry vanilla pudding, junior	69	0.2	0.2	18.1	0.17	5	0	jar=170
171374		Babyfood, dessert, fruit pudding, orange, strained	80	1.1	0.9	17.1	0.1	32		jar=113
171375		Babyfood, dessert, peach cobbler, strained	65	0.3	0	17.1	0.1	4	0	tbsp=15|jar=113|jar Gerber Second Food (4 oz)=113|jar Heinz Strained-2 (4 oz)=113
171376		Babyfood, dessert, peach cobbler, junior	67	0.3	0	17.6	0.1	4	0	tbsp=15|jar=220|jar Gerber Third Foods (6 oz)=170
171377		Babyfood, dessert, fruit dessert, without ascorbic acid, junior	63	0.3	0	16.6	0.21	9	0	tbsp=15|jar=170|jar Gerber Third Foods (6 oz)=170|jar Heinz Junior-3 (6 oz)=170
171378		Babyfood, dessert, tropical fruit, junior	60	0.2	0	16.4	0.26	10		jar=113
171379		Babyfood, dessert, custard pudding, vanilla, strained	85	1.6	2	16	0.24	55	0.5	cup=229|tbsp=14|jar=113|jar Gerber Second Food (4 oz)=113|jar Beech-Nut Stage 2 (4 oz)=113
171380		Babyfood, dessert, custard pudding, vanilla, junior	86	1.76	0.98	17.38	0.22	54	0.5	cup=229|tbsp=14|jar=170|jar Beech-Nut Stage 3 (6 oz)=170|jar Gerber Third Foods (6 oz)=170
171381		Babyfood, juice, apple and grape	46	0.1	0.2	11.24	0.39	6	0	jar=127|bottle Earth's Best (4.2 fl oz=131|bottle Heinz Strained (4 fl oz=125|bottle Beech-Nut Stage 2 (4 fl=125|bottle Gerber Second Foods (4 =125
171382		Infant formula, ABBOTT NUTRITION, SIMILAC, ISOMIL, ADVANCE with iron, liquid concentrate	128	3.13	6.98	13.21	2.3	134	1.9	
171383		Infant formula, ABBOTT NUTRITION, SIMILAC, ISOMIL, ADVANCE with iron, ready-to-feed	66	1.61	3.59	6.7	1.18	69	1	
171384		Infant formula, ABBOTT NUTRITION, SIMILAC, ISOMIL, ADVANCE with iron, powder, not reconstituted	517	12.6	28.09	53.57	9.26	540	7.7	scoop=8.7
171385		Infant formula, NESTLE, GOOD START SUPREME, with iron, DHA and ARA, ready-to-feed	66	1.45	3.37	7.39	0.99	42	1.1	
171386		Infant formula, NESTLE, GOOD START SUPREME, with iron, DHA and ARA, prepared from liquid concentrate	66	1.45	3.37	7.39	0.99	42	1.1	
171387		Infant Formula, MEAD JOHNSON, ENFAMIL GENTLEASE, with iron, prepared from powder	68	1.51	3.5	7.6	1.18	54	1	scoop=8.7
171388		Babyfood, fortified cereal bar, fruit filling	344	5.43	5.3	66.93	13.16	1053	0	bar=19
171389		Infant Formula, MEAD JOHNSON, ENFAMIL, GENTLEASE, with ARA and DHA powder not reconstituted	516	11.7	27	56.5	9.2	420	7.8	scoop=8.7
171390		Infant formula, MEAD JOHNSON, ENFAMIL, Enfagrow, Soy, Toddler ready-to-feed	65	2.17	2.89	7.64	1.31	128	1	
171391		Infant formula, MEAD JOHNSON, ENFAMIL, NUTRAMIGEN AA, ready-to-feed	66	1.84	3.48	6.76	1.18	62	0.8	
171392		Infant formula, MEAD JOHNSON, ENFAMIL, Premature, with iron, 20 calories, ready-to-feed	63	2.2	3.3	6.2	1.18	108	5	
171393		Infant formula, MEAD JOHNSON, ENFAMIL, Premature, with iron, 24 calories, ready-to-feed	81	2.6	3.9	8.88	1.4	129	3.9	
171394		Infant formula, GERBER, GOOD START 2, PROTECT PLUS, ready-to-feed	66	1.44	3.37	7.39	0.98	44	1	
171395		Infant formula, ABBOTT NUTRITION, SIMILAC, GO AND GROW, ready-to-feed, with ARA and DHA	66	1.97	3.54	6.69	1.31	128	1	
171396		Infant formula, ABBOTT NUTRITION, SIMILAC, Expert Care, Diarrhea, ready- to- feed with ARA and DHA	66	1.76	3.6	5.97	1.18	69	1	
171397		Infant formula, ABBOTT NUTRITION, SIMILAC, For Spit Up, ready-to-feed, with ARA and DHA	66	1.4	3.54	7.19	1.18	55	1	
171398		Babyfood, Snack, GERBER, GRADUATES, LIL CRUNCHIES, baked whole grain corn snack	503	0	28.57	61.59	6.4	285	0.1	piece=0.39
171399		Infant formula, ABBOTT NUTRITION, SIMILAC, For Spit Up, powder, with ARA and DHA	514	11	27.75	55	9.3	432	7.7	scoop=9.5
171400		Fat, beef tallow	902	0	100	0	0	0	0.7	tbsp=12.8|cup=205
171401		Lard	902	0	100	0	0	0	2.5	tbsp=12.8|cup=205
171402		Salad dressing, thousand island, commercial, regular	379	1.09	35.06	13.84	1.18	17	0	tbsp=16|cup=250|serving (2 tbsp)=30
171403		Salad dressing, mayonnaise type, regular, with salt	250	0.65	21.6	14.78	0.12	5	0	tbsp=14.7|cup=235
171404		Salad dressing, french dressing, reduced fat	222	0.58	11.52	29.72	0.73	11	0	tablespoon=16|cup=260|serving (2 tbsp)=30
171405		Salad dressing, italian dressing, commercial, reduced fat	102	0.39	6.68	9.99	0.25	15	0	tablespoon=15|cup=240
171406		Salad dressing, mayonnaise, imitation, soybean	232	0.3	19.2	16	0	0	0	tbsp=15|cup=240
171407		Salad dressing, mayonnaise, imitation, milk cream	97	2.1	5.1	11.1	0.5	72		tablespoon=15|cup=240
171408		Salad dressing, mayonnaise, imitation, soybean without cholesterol	482	0.1	47.7	15.8	0.01	0	0	tablespoon=14.1|cup=225
171409		Sandwich spread, with chopped pickle, regular, unspecified oils	389	0.9	34	22	0.2	14	0.1	tablespoon=15|cup=245
171410		Oil, peanut, salad or cooking	884	0	100	0	0.03	0	0	tbsp=13.5|cup=216|tsp=4.5
171411		Oil, soybean, salad or cooking	884	0	100	0	0.05	0	0	tbsp=13.6|cup=218|tsp=4.5
171412		Oil, coconut	892	0	99.06	0	0.05	1	0	tbsp=13.6|cup=218|tsp=4.5
171413		Oil, olive, salad or cooking	884	0	100	0	0.56	1	0	tablespoon=13.5|cup=216|tsp=4.5
171414		Salad dressing, french dressing, commercial, regular	419	0.87	39.07	16.39	0.32	27	0	cup=250|tbsp=16|individual packet=12.3
171415		Margarine,spread, 35-39% fat, tub	349	0.23	37.98	1.52	0.04	6	17.5	cup=232|tsp=4.8
171416		Salad dressing, french, home recipe	631	0.1	70.2	3.4	0.2	6		tablespoon=14|cup=220
171417		Salad dressing, home recipe, vinegar and oil	449	0	50.1	2.5	0	0	0	tablespoon=16|cup=250
171418		Salad dressing, mayonnaise, soybean oil, without salt	717	1.1	79.4	2.7	0.5	18		tablespoon=13.8|cup=220
171419		Salad dressing, french, cottonseed, oil, home recipe	631	0.1	70.2	3.4	0.2	6		tablespoon=14|cup=220
171420		Salad dressing, french dressing, fat-free	132	0.2	0.27	29.94	0.58	5	0	tablespoon=16|cup=256
171421		Oil, cocoa butter	884	0	100	0	0	0		tablespoon=13.6|cup=218|tsp=4.5
171422		Vegetable oil, palm kernel	862	0	100	0	0	0	0	tablespoon=13.6|cup=218|tbsp (1/8 cup)=13.5
171423		Oil, poppyseed	884	0	100	0	0	0		tablespoon=13.6|cup=218|tsp=4.5
171424		Oil, tomatoseed	884	0	100	0	0	0		tablespoon=13.6|cup=218|tsp=4.5
171425		Oil, teaseed	884	0	100	0	0	0		tablespoon=13.6|cup=218|tsp=4.5
171426		Oil, soybean lecithin	763	0	100	0	0	0	0	tablespoon=13.6|cup=218|tsp=4.5
171427		Oil, hazelnut	884	0	100	0	0	0		tablespoon=13.6|cup=218|tsp=4.5
171428		Oil, babassu	884	0	100	0	0	0		tbsp=13.6|cup=218|tsp=4.5
171429		Oil, sheanut	884	0	100	0	0	0		tablespoon=13.6|cup=218|tsp=4.5
171430		Oil, PAM cooking spray, original	792	0.26	78.69	20.69	0	0	0	spray , about 1/3 second (1 NL=0.3
171431		Margarine, margarine-like vegetable oil spread, 67-70% fat, tub	606	0.07	68.29	0.59				tbsp (1 NLEA serving)=14
171432		Margarine, 80% fat, tub, CANOLA HARVEST Soft Spread (canola, palm and palm kernel oils)	730	0.41	80.32	1.39				tablespoon (1 NLEA serving)=14
171433		Oil, cooking and salad, ENOVA, 80% diglycerides	884	0	100	0				tbsp (1 NLEA serving)=14|cup=214
171434		Margarine-like, vegetable oil spread, approximately 37% fat, unspecified oils, with salt, with added vitamin D	339	0.51	37.77	0.66	0.02	6	10.7	tbsp=14.9
171435		Margarine, regular, 80% fat, composite, stick, with salt, with added vitamin D	717	0.16	80.71	0.7	0.06	3	10.7	tablespoon=14|cup=227|teaspoon=4
171436		Margarine, regular, 80% fat, composite, tub, with salt, with added vitamin D	713	0.22	80.17	0.75	0	3	10.7	tbsp=14
171437		Margarine-like, vegetable oil spread, 60% fat, stick, with salt, with added vitamin D	537	0.12	60.39	0.69	0	21	10.7	tbsp=14
171438		Oil, industrial, soy, low linolenic	900	0	100	0	0.05	0	0	tablespoon=14|cup=218|teaspoon=4.5
171439		Oil, industrial, soy, ultra low linolenic	884	0	100	0	0.05	0	0	tablespoon=13.6|cup=218|teaspoon=4.5
171440		Oil, industrial, soy, fully hydrogenated	884	0	100	0	0.05	0	0	tablespoon=13.6|cup=218|teaspoon=4.5
171441		Oil, industrial, cottonseed, fully hydrogenated	884	0	100	0	0	0	0	tablespoon=13.6|cup=218|teaspoon=4.5
171442		Oil, flaxseed, contains added sliced flaxseed	878	0.37	99.01	0.39	0.34	9		tablespoon=13.7|cup=219
171443		Mayonnaise, reduced fat, with olive oil	361	0.37	40	0	0	0	0	tbsp=15|cup=232
171444		Salad dressing, mayonnaise-type, light	158	0.65	10	16.4	0.12	5	0	
171445		Chicken, broiler, rotisserie, BBQ, breast, meat only	144	28.04	3.57	0	0.46	13	0	breast=384
171446		Chicken, broilers or fryers, meat and skin and giblets and neck, stewed	216	24.49	12.37	0.06	1.53	14		unit (yield from 1 lb ready-to=225|chicken=751
171447		Chicken, broilers or fryers, meat and skin, raw	215	18.6	15.06	0	0.9	11	0.2	unit (yield from 1 lb ready-to=276|chicken, bone removed=920
171448		Chicken, broilers or fryers, meat and skin, cooked, fried, batter	289	22.54	17.35	9.12	1.37	21	0.2	unit (yield from 1 lb ready-to=280|chicken, bone removed=932
171449		Chicken, broilers or fryers, meat and skin, cooked, fried, flour	269	28.56	14.92	3.05	1.38	17	0.1	unit (yield from 1 lb ready-to=188|chicken, bone removed=628
171450		Chicken, broilers or fryers, meat and skin, cooked, roasted	239	27.3	13.6	0	1.26	15	0	cup, chopped or diced=140|unit (yield from 1 lb ready-to=356
171451		Chicken, broilers or fryers, meat only, cooked, stewed	177	27.29	6.71	0	1.17	14	0.1	cup, chopped or diced=140|tbsp=8.7|unit (yield from 1 lb ready-to=157
171452		Chicken, broilers or fryers, skin only, raw	349	13.33	32.35	0	1.08	11	0.6	unit (yield from 1 lb ready-to=94
171453		Chicken, broilers or fryers, skin only, cooked, fried, batter	394	10.32	28.83	23.15	1.43	26	0.2	unit (yield from 1 lb ready-to=228
171454		Chicken, broilers or fryers, skin only, cooked, fried, flour	502	19.09	42.58	9.34	1.52	14		unit (yield from 1 lb ready-to=33|chicken, skin only=112
171455		Chicken, broilers or fryers, giblets, cooked, simmered	157	27.15	4.5	0	7.04	14	0	cup chopped or dice=145
171456		Chicken, gizzard, all classes, raw	94	17.66	2.06	0	2.49	11		
171457		Chicken, gizzard, all classes, cooked, simmered	154	30.39	2.68	0	3.19	17	0	cup chopped or dice=145
171458		Chicken, heart, all classes, raw	153	15.55	9.33	0.71	5.96	12		heart=6.1|unit (yield from 1 lb ready-to=1.8
171459		Chicken, broilers or fryers, light meat, meat and skin, cooked, fried, batter	277	23.55	15.44	9.5	1.26	20		unit (yield from 1 lb ready-to=113|chicken, bone removed=376
171460		Chicken, broilers or fryers, light meat, meat and skin, cooked, fried, flour	246	30.45	12.09	1.72	1.21	16	0.1	unit (yield from 1 lb ready-to=78|chicken, bone removed=260
171461		Chicken, broilers or fryers, light meat, meat and skin, cooked, roasted	222	29.02	10.85	0	1.14	15		unit (yield from 1 lb ready-to=79|chicken, bone removed=264
171462		Chicken, broilers or fryers, light meat, meat and skin, cooked, stewed	201	26.14	9.97	0	0.98	13		unit (yield from 1 lb ready-to=90|chicken, bone removed=300
171463		Chicken, broilers or fryers, dark meat, meat and skin, raw	237	16.69	18.34	0	0.98	11		unit (yield from 1 lb ready-to=160|chicken, bone removed=532
171464		Chicken, broilers or fryers, light meat, meat only, raw	114	23.2	1.65	0	0.73	12		unit (yield from 1 lb ready-to=88|chicken, bone and skin removed=294
171465		Chicken, broilers or fryers, light meat, meat only, cooked, fried	192	32.82	5.54	0.42	1.14	16		cup=140|unit (yield from 1 lb ready-to=64
171466		Chicken, broilers or fryers, light meat, meat only, cooked, roasted	173	30.91	4.51	0	1.06	15	0.1	cup, chopped or diced=140|unit (yield from 1 lb ready-to=64|chicken, bone and skin removed=214
171467		Chicken, broilers or fryers, light meat, meat only, cooked, stewed	159	28.88	3.99	0	0.93	13	0.1	cup, chopped or diced=140|unit (yield from 1 lb ready-to=71|chicken, bone and skin removed=238
171468		Chicken, broilers or fryers, separable fat, raw	629	3.73	67.95	0	0.7	7	3.3	tbsp=12.8|unit (yield from 1 lb ready-to=32|chicken, separable fat=104
171469		Chicken, broilers or fryers, back, meat and skin, raw	319	14.05	28.74	0	0.94	13		unit (yield from 1 lb ready-to=59|back, bone removed=198
171470		Chicken, broilers or fryers, back, meat and skin, cooked, fried, batter	331	21.97	21.91	10.25	1.49	26		unit (yield from 1 lb ready-to=72|back, bone removed=240
171471		Chicken, broilers or fryers, back, meat and skin, cooked, fried, flour	331	27.79	20.74	6.5	1.62	24		unit (yield from 1 lb ready-to=44|back, bone removed=144
171472		Chicken, broilers or fryers, back, meat only, cooked, roasted	239	28.19	13.16	0	1.39	24	0.1	unit (yield from 1 lb ready-to=48
171473		Chicken, broilers or fryers, back, meat only, cooked, stewed	209	25.31	11.19	0	1.27	21	0.1	unit (yield from 1 lb ready-to=26|back, bone and skin removed=84
171474		Chicken, broilers or fryers, breast, meat and skin, raw	172	20.85	9.25	0	0.74	11	0.4	breast, bone removed (yield fr=174|breast, bone removed=290
171475		Chicken, broilers or fryers, breast, meat and skin, cooked, fried, batter	260	24.84	13.2	8.69	1.25	20	0.1	unit (yield from 1 lb ready-to=168
171476		Chicken, broilers or fryers, breast, meat and skin, cooked, fried, flour	222	31.84	8.87	1.54	1.19	16		unit (yield from 1 lb ready-to=59|breast, bone removed=196
171477		Chicken, broilers or fryers, breast, meat only, cooked, roasted	165	31.02	3.57	0	1.04	15	0.1	cup, chopped or diced=140|unit (yield from 1 lb ready-to=52|breast, bone and skin removed=172
171478		Chicken, broilers or fryers, breast, meat only, cooked, stewed	151	28.98	3.03	0	0.88	13	0.1	cup, chopped or diced=140|unit (yield from 1 lb ready-to=57|breast, bone and skin removed=190
171479		Turkey, whole, meat and skin, cooked, roasted	189	28.55	7.39	0.06	1.09	14	0.4	bird=3812
171480		Turkey, whole, meat only, raw	115	22.64	1.93	0.14	0.86	11	0.2	bird=5002
171481		Turkey, whole, meat only, cooked, roasted	159	29.06	3.84	0	1.03	13	0.3	bird=3812
171482		Turkey, whole, skin (light and dark), raw	407	12.96	38.93	0.16	0.85	13	1.1	
171483		Turkey, all classes, gizzard, cooked, simmered	155	26.45	4.64	0	3.68	17	0	gizzard cooked=45
171484		Turkey, all classes, heart, raw	140	16.7	7.44	0.4	3.7	18	0.4	piece=24
171485		Turkey, all classes, heart, cooked, simmered	174	24.88	7.52	0	6.96	21	0	heart=20
171486		Turkey, all classes, liver, raw	128	18.26	5.5	0	8.94	20	1.3	raw liver=78
171487		Turkey, all classes, liver, cooked, simmered	189	27	8.18	0	1.79	19		liver cooked=53
171488		Turkey, dark meat, meat and skin, raw	166	19.81	8.97	0.15	1	11	0.5	
171489		Turkey, whole, dark meat, meat and skin, cooked, roasted	206	27.27	9.95	0.07	1.45	17	0.4	
171490		Turkey, whole, light meat, raw	114	23.66	1.48	0.14	0.73	11	0.1	serving=85
171491		Turkey, all classes, light meat, cooked, roasted	147	30.13	2.08	0	0.71	9	0.3	
171492		Turkey, all classes, breast, meat and skin, cooked, roasted	189	28.71	7.41	0	1.4	21		unit (yield from 1 lb ready-to=224
171493		Turkey, all classes, leg, meat and skin, raw	144	19.54	6.72	0	1.72	17		unit (yield from 1 lb ready-to=105|leg, bone removed=816
171494		Turkey, all classes, leg, meat and skin, cooked, roasted	208	27.87	9.82	0	2.3	32	0.1	unit (yield from 1 lb ready-to=71|leg, bone removed=546
171495		Turkey, all classes, wing, meat and skin, raw	197	20.22	12.32	0	1.26	14		unit (yield from 1 lb ready-to=33|wing, bone removed=256
171496		Turkey, whole, breast, meat only, cooked, roasted	147	30.13	2.08	0	0.71	9	0.3	breast=1413
171497		Turkey, whole, wing, meat only, raw	115	23.66	1.48	0.14	0.73	11	0.1	wing=346
171498		Turkey, whole, wing, meat only, cooked, roasted	147	30.13	2.08	0	0.71	9	0.3	wing=213
171499		Turkey, young hen, skin only, cooked, roasted	482	19.03	44.45	0	1.82	32		unit (yield from 1 lb ready-to=31|turkey, skin only=392
171500		Turkey and gravy, frozen	67	5.88	2.63	4.61	0.93	14		package (net weight, 5 oz)=142
171501		Turkey breast, pre-basted, meat and skin, cooked, roasted	126	22.16	3.46	0	0.66	9		breast, bone removed=1728
171502		Turkey thigh, pre-basted, meat and skin, cooked, roasted	157	18.8	8.54	0	1.51	8		thigh, bone removed=314
171503		Turkey roast, boneless, frozen, seasoned, light and dark meat, raw	120	17.6	2.2	6.4	2.1	1		box (net weight, 2.5 lb)=1134
171504		Turkey, mechanically deboned, from turkey frames, raw	201	13.29	15.96	0	1.61	145		
171505		Turkey, Ground, raw	148	19.66	7.66	0	1.09	19	0.4	patty, 4 oz=114
171506		Turkey, Ground, cooked	203	27.37	10.4	0	1.52	28	0.2	patty (4 oz, raw) (yield after=82|unit, yield from 1 lb raw=330
171507		Chicken, cornish game hens, meat and skin, raw	200	17.15	14.02	0	0.78	11		bird=336
171508		Chicken, wing, frozen, glazed, barbecue flavored, heated (microwave)	248	25.34	13.9	2.94	2.74	38		serving=74
171509		Chicken, broilers or fryers, breast, skinless, boneless, meat only, with added solution, raw	108	20.32	3	0	0.34	5	0	piece=263|breast=236
171510		Duck, young duckling, domesticated, White Pekin, breast, meat and skin, boneless, cooked, roasted	202	24.5	10.85	0	3.26	8		unit (yield from 1 lb ready-to=56|breast, bone removed=240
171511		Duck, young duckling, domesticated, White Pekin, breast, meat only, boneless, cooked without skin, broiled	140	27.6	2.5	0	4.49	9		breast, bone and skin removed=190|cup, chopped or diced=174|unit (yield from 1 lb ready-to=44
171512		Chicken patty, frozen, uncooked	292	14.33	20.04	12.41	0.93	20		patty=60
171513		Chicken patty, frozen, cooked	287	14.85	19.58	12.54	0.95	19	0.3	patty=60
171514		Chicken breast tenders, breaded, cooked, microwaved	252	16.35	12.89	17.56	1	14		piece=15|pieces=15.5
171515		Chicken breast tenders, breaded, uncooked	263	14.73	15.75	13.91	1.11	19	0.2	piece=15|pieces=15.5
171516		Chicken, broiler, rotisserie, BBQ, wing, meat only	186	28.34	7.79	0.54	0.97	32	0	wing=51
171517		Chicken, broilers or fryers, rotisserie, original seasoning, back, meat only, cooked	205	25.34	11.54	0	0.97	38		serving (3 oz)=85|back=102
171518		Chicken, broilers or fryers, rotisserie, original seasoning, breast, meat only, cooked	137	28	2.79	0	0.45	13	0	breast breast with skin and bo=483
171519		Chicken, broilers or fryers, drumstick, rotisserie, original seasoning, meat only, cooked	176	28.74	6.81	0	1.09	21		drumstick=53|serving (3oz)=85
171520		Chicken, broilers or fryers, rotisserie, original seasoning, skin only, cooked	406	17.66	37.24	0.11	0.98	25		
171521		Chicken, broilers or fryers, rotisserie, original seasoning, drumstick, meat and skin, cooked	215	26.86	11.98	0.02	1.07	21		drumstick=53|serving (3 oz)=85
171522		Chicken, broilers or fryers, rotisserie, original seasoning, thigh, meat and skin, cooked	233	22.93	15.7	0.02	0.97	15		thigh=89|serving=85
171523		Chicken, broilers or fryers, rotisserie, original seasoning, wing, meat and skin, cooked	266	24.34	18.77	0.04	0.97	29		wing=53|serving (3 oz)=85
171524		Chicken, broiler, rotisserie, BBQ, skin	378	15.19	35.15	0.7	0.86	34	0	serving=85
171525		Turkey, drumstick, from whole bird, meat only, with added solution, raw	115	19.27	4.12	0.15	0.9	15	0.3	drumstick=359
171526		Turkey, wing, from whole bird, meat only, with added solution, raw	102	21.54	1.66	0.14	0.54	14	0.1	wing=358
171527		Turkey, wing, from whole bird, meat only, with added solution, roasted	127	26.97	2.08	0	0.55	13	0.3	wing=219
171528		Turkey, retail parts, breast, meat and skin, raw	155	21.88	7.45	0	0.77	9	0.3	breast=1150
171529		Turkey, retail parts, breast, meat and skin, cooked, roasted	164	29.01	5.33	0.05	1.03	15	0.3	breast=863
171530		Turkey, drumstick, from whole bird, meat only, roasted	139	30.13	2.08	0	0.71	9	0.3	drumstick=206
171531		Turkey, thigh, from whole bird, meat only, raw	108	21.28	2.5	0.15	1.04	11	0.3	thigh=367
171532		Turkey, thigh, from whole bird, meat only, roasted	165	27.71	6.04	0	1.43	17	0.3	thigh=319
171533		Turkey, retail parts, thigh, meat and skin, raw	161	19.54	9.16	0	1.31	4	0.5	thigh=454
171534		Chicken, broiler or fryers, breast, skinless, boneless, meat only, cooked, grilled	151	30.54	3.17	0	0.45	5	0	piece=196
171535		Chicken, broiler or fryers, breast, skinless, boneless, meat only, with added solution, cooked, braised	145	28.24	3.61	0	0.43	5	0	piece=195
171536		Chicken, broiler or fryers, breast, skinless, boneless, meat only, with added solution, cooked, grilled	148	29.5	3.39	0	0.43	6	0	piece=192
171537		Soup, cream of asparagus, canned, condensed	69	1.82	3.26	8.12	0.64	23	0	cup (4 fl oz)=252|can (10.75 oz)=305
171538		Soup, beef broth or bouillon canned, ready-to-serve	7	1.14	0.22	0.04	0.17	6	0	cup=240|can 14.5 oz=435|container 32 oz=960
171539		Soup, beef noodle, canned, condensed	67	3.85	2.46	6.56	0.88	12	0	cup=250|can (10.75 oz)=305
171540		Soup, cream of celery, canned, condensed	72	1.32	4.46	6.43	0.5	32	0	cup=252|can (10.75 oz)=305
171541		Soup, cheese, canned, condensed	82	0.8	3.92	9.1	0.15	36	0	cup=248
171542		Soup, chicken broth, canned, condensed	31	4.42	1.04	0.75	0.41	6	0	cup (4 fl oz)=252|can (10.75 oz)=305
171543		Soup, chicken noodle, canned, condensed	48	2.37	1.55	5.17	0.67	6	0	cup=248
171544		Soup, chicken rice, canned, chunky, ready-to-serve	53	5.11	1.33	5.01	0.78	14	0	cup=240|can 19 oz=539
171545		Soup, chicken with rice, canned, condensed	68	1.84	1.56	10.67	0.25	41	0	cup=252
171546		Soup, chicken and vegetable, canned, ready-to-serve	33	1.97	0.73	3.78	0.25	14	0	cup=255
171547		Soup, clam chowder, new england, canned, condensed	72	3.17	2.06	9.62	2.48	16	0	cup=252|can (10.7 oz)=303
171548		Soup, beef broth bouillon and consomme, canned, condensed	11	2.52	0	0.32	0.43	7		cup=248|can (10.5 oz)=310
171549		Soup, lentil with ham, canned, ready-to-serve	56	3.74	1.12	8.16	1.07	17		cup (8 fl oz)=248|can (20 oz)=567
171550		Soup, minestrone, canned, chunky, ready-to-serve	53	2.13	1.17	6.24	0.74	25	0	cup=240|can (19 oz)=539
171551		Soup, onion, canned, condensed	46	3.06	1.42	5.98	0.55	22	0	cup (4 fl oz)=246|can (10.5 oz)=298
171552		Soup, cream of onion, canned, condensed	88	2.2	4.2	10	0.5	27	0	cup=252|can (10.75 oz)=305
171553		Soup, oyster stew, canned, condensed	48	1.72	3.13	3.32	0.8	18		cup (4 fl oz)=246|can (10.5 oz)=298
171554		Soup, pea, green, canned, condensed	125	6.54	2.23	16.28	1.48	21	0	cup=256|can (11.2 oz)=319
171555		Soup, pea, split with ham, canned, chunky, ready-to-serve	77	4.62	1.66	9.47	0.89	14	0	cup=240|can (19 oz)=539
171556		CAMPBELL'S, Chicken Noodle Soup, condensed	47	2.37	1.53	5.97	0.69	6		cup=246
171557		Soup, tomato rice, canned, condensed	93	1.64	2.12	15.78	0.62	18	0	cup (4 fl oz)=258|can (11 oz), undiluted=312
171558		Soup, turkey, chunky, canned, ready-to-serve	57	4.33	1.87	5.96	0.81	21		cup (8 fl oz)=236|can (18.75 oz)=532
171559		Soup, chunky vegetable, canned, ready-to-serve	39	1.14	0.36	6.8	0.51	18	0	cup=230
171560		Soup, beef broth or bouillon, powder, dry	213	15.97	8.89	17.4	1	60	0	cube=3.6|packet=6
171561		Soup, beef broth, cubed, dry	170	17.3	4	16.1	2.23	60	0	cube=3.6
171562		Soup, chicken broth or bouillon, dry	267	16.66	13.88	18.01	1.03	187	0	cube=4|teaspoon=2
171563		Soup, chicken broth cubes, dry	198	14.6	4.7	23.5	1.87	190		cube=4.8
171564		Gravy, beef, canned, ready-to-serve	53	3.75	2.36	4.41	0.7	6	0	cup=233|can=291
171565		Gravy, brown, dry	367	10.74	9.61	57.38	1.72	132		tbsp=6
171566		Gravy, chicken, canned or bottled, ready-to-serve	48	0.71	2.62	5.19	0.09	10	0	cup=228|jar 10.5 oz=273|jar 12 oz=324
171567		Gravy, chicken, dry	381	11.27	9.73	62.09	1.33	146		tbsp=8|serving=8
171568		Gravy, turkey, canned, ready-to-serve	51	2.6	2.1	4.7	0.7	4	0	cup=238|tbsp=14.9|tsp=5|can=298
171569		Gravy, turkey, dry	367	10.42	7.19	65.12	3.29	146		serving=7
171570		Gravy, unspecified type, dry	344	13	8	58	1	150		cup (8 fl oz)=25
171571		Soup, chicken noodle, dry, mix	377	15.42	6.51	59.12	2.44	55	0	packet=74|packet (6 fl oz)=11.1
171572		Soup, beef mushroom, canned, prepared with equal volume water	30	2.37	1.23	2.5	0.36	2		cup (8 fl oz)=244|can (10.75 oz), prepared=593
171573		Soup, chicken mushroom, canned, prepared with equal volume water	54	1.8	3.75	3.7	0.36	12		cup (8 fl oz)=244|can (10.75 oz), prepared=593
171574		Soup, tomato bisque, canned, prepared with equal volume water	50	0.92	1.02	9.4	0.33	16		cup (8 fl oz)=247|can (11 oz), prepared=600
171575		Sauce, peanut, made from coconut, water, sugar, peanuts	179	2.02	6.34	27.36	0.38	9	0	tbsp=17
171576		SMART SOUP, Santa Fe Corn Chowder	55	2	0.71	9.2	1	23		
171577		SMART SOUP, French Lentil	53	2.9	1.06	6.6	1	23		
171578		SMART SOUP, Greek Minestrone	40	1.7	0.53	5.7	1	21		
171579		Sauce, pesto, ready-to-serve, refrigerated	418	9.83	37.6	8.29	0.57	306		cup=252
171580		Sauce, pesto, ready-to-serve, shelf stable	426	5	42.42	4.44	0.88	173		cup=244
171581		Sauce, pesto, BUITONI, pesto with basil, ready-to-serve, refrigerated	418	9.83	37.6	8.29	0.57	306		cup=252
171582		Sauce, pesto, CLASSICO, basil pesto, ready-to-serve	372	4.16	36.38	4.83	0.71	166		cup=248
171583		Soup, vegetable broth, ready to serve	5	0.24	0.07	0.93	0.06	3	0	cup=221|can=390|carton (32 oz)=926
171584		Sauce, cheese sauce mix, dry	438	7.68	18.33	59.52	0.5	204		
171585		Soup, chicken corn chowder, chunky, ready-to-serve, single brand	99	3.1	6.3	6.6				serving=240|package yields=539
171586		Soup, bean with bacon, condensed, single brand	117	6.5	2.1	13.4	1.37			serving 1/2 cup=128
171587		Soup, tomato, canned, condensed, reduced sodium	65	1.61	0.56	12.21	1.11	13	0	serving 1/2 cup=121|can 10.7 oz=303
171588		Gravy, brown instant, dry	380	8.53	11.85	56.58	7.4	116	0	serving=6.7|package=454
171589		Gravy, instant beef, dry	369	9.8	9.48	56.8	6.27	141	0	serving=6.7|package (16 oz)=454
171590		Gravy, instant turkey, dry	409	11.72	14.66	53.76	9.57	115	0	serving=6.7|package (16 oz)=454
171591		Soup, tomato, low sodium, with water	30	0.79	0.28	5.97	0.54	8	0	serving 1 cup=248
171592		Soup, pea, low sodium, prepared with equal volume water	62	3.2	1.09	7.98	0.73	12	0	cup=259
171593		Soup, chicken noodle, low sodium, canned, prepared with equal volume water	25	1.27	0.95	2.75	0.66	6	0	serving 1 cup=248
171594		Soup, vegetable soup, condensed, low sodium, prepared with equal volume water	33	1.1	0.45	4.96	0.33	12	0	cup=253
171595		Sauce, tomato chili sauce, bottled, with salt	92	2.5	0.3	17.39	0.8	20	0	packet=6|cup=273
171596		Soup, vegetable chicken, canned, prepared with water, low sodium	69	5.1	2	8.36	0.61	11	0	cup=241
171597		Sauce, pasta, spaghetti/marinara, ready-to-serve, low sodium	51	1.41	1.48	6.26	0.78	27	0	serving 1/2 cup=128|cup=257
171598		Gravy, meat or poultry, low sodium, prepared	53	3.8	2.4	5.86	0.7	6	0	cup=236
171599		Gravy, HEINZ Home Style, savory beef	39	1.09	1.13	5.54	0.13	6		serving 1/4 cup 2 oz=57
171600		Gravy, CAMPBELL'S, chicken	51	0.79	2.73	5.87	0.12	12		cup=224|can 10.5 oz=273
171601		Barbecue loaf, pork, beef	173	15.84	8.9	6.4	1.16	55	0.9	slice (5-7/8" x 3-1/2" x 1/16"=23
171602		Soup, cream of chicken, canned, condensed, reduced sodium	58	1.8	1.3	9.1	0.2	11	0	cup=248
171603		Sauce, alfredo mix, dry	535	15.32	36.35	34.52	0.94	467		
171604		Sauce, peppers, hot, chili, mature red, canned	21	0.9	0.6	3.2	0.5	9	0	tbsp=15|cup=245
171605		Sauce, chili, peppers, hot, immature green, canned	20	0.7	0.1	3.1	0.4	5	0	tbsp=15|cup=245
171606		Fish broth	16	2	0.6	0.4	0.21	30	0	cup=244
171607		Soup, cream of mushroom, low sodium, ready-to-serve, canned	53	1	3.7	4.33	0.21	19	0	cup=244|can (10.75 oz)=305
171608		Potato soup, instant, dry mix	343	9.2	3.1	68.54	2.38	172	0	serving 1/3 cup=39
171609		Soup, chicken broth, low sodium, canned	16	2	0.6	1.2	0.21	4	0	cup=240
171610		Sauce, worcestershire	77	0	0	19.17	5.3	107	0	tbsp=17|cup=275
171611		Soup, beef and mushroom, low sodium, chunk style	69	4.3	2.3	9.38	0.97	13	0	cup=251
171612		Soup, beef stroganoff, canned, chunky style, ready-to-serve	98	5.1	4.6	8.4	0.88	20	0	cup=240
171613		Soup, bouillon cubes and granules, low sodium, dry	438	16.7	13.89	64.68	1.03	187	0	tsp=2.6|cube=3.6
171614		Soup, ramen noodle, beef flavor, dry	441	10.06	17.73	57.34	3.93	21		package without flavor packet=82|packet=5.6
171615		Soup, ramen noodle, chicken flavor, dry	439	10.22	17.52	57.33	4.21	22		package without flavor packet=81|packet=6
171616		Beerwurst, beer salami, pork	238	14.24	18.8	2.06	0.76	8	0.9	slice (4" dia x 1/8" thick)=23|slice (2-3/4" dia x 1/16")=6
171617		Sausage, Berliner, pork, beef	230	15.27	17.2	2.59	1.15	12	0.3	slice=23
171618		Blood sausage	379	14.6	34.5	1.29	6.4	6	1.3	slices=25
171619		Bockwurst, pork, veal, raw	301	14.03	25.87	1.95	1.15	41	0	sausage=91
171620		Bratwurst, pork, cooked	333	13.72	29.18	2.85	0.53	28	1.1	link cooked=85
171621		Braunschweiger (a liver sausage), pork	327	14.5	28.5	3.1	11.2	9	1.2	slice (2-1/2" dia x 1/4" thick=18
171622		Bratwurst, pork, beef, link	323	14.3	27.8	2.98	1.03	48	0.3	link=70
171623		Cheesefurter, cheese smokie, pork, beef	328	14.1	29	1.51	1.08	58	0.3	links=42.92
171624		Frankfurter, chicken	223	15.51	16.19	2.74	1.17	74	0.5	link=45
171625		Frankfurter, turkey	223	12.23	17.29	3.81	1.47	148	0.6	frankfurter=45
171626		Ham, chopped, canned	239	16.06	18.83	0.26	0.95	7	0.6	slice (4-1/4" x 4-1/4" x 1/16"=21
171627		Ham, chopped, not canned	221	16.5	16.7	0	0.83	7	0.7	slice (1 oz) (4" x 4" x 3/32" =28|slice (4-1/4" x 4-1/4" x 1/16"=21
171628		Ham and cheese loaf or roll	241	13.6	18.7	4	0.91	58	1.1	slice (1 oz) (4" x 4" x 3/32" =28|slices=28.5
171629		Ham and cheese spread	245	16.18	18.53	2.28	0.76	217		tbsp=15
171630		Headcheese, pork	157	13.83	10.9	0	1.5	16	0.9	slice (1 oz) (4" x 4" x 3/32" =28|g=1
171631		Sausage, Italian, pork, mild, raw	290	13.9	24.26	2.97	1.77	12		link=101
171632		Sausage, pork and turkey, pre-cooked	342	12.05	30.64	3.63	1.3	74		serving=57
171633		Frankfurter, meat and poultry, cooked, boiled	298	10.31	26.28	4.96	1.12	107	0.6	frankfurter=50
171634		Frankfurter, meat and poultry, cooked, grilled	302	10.67	26.43	5.24	1.15	118	0.7	frankfurter=48
171635		Pork sausage, link/patty, reduced fat, unprepared	217	16.75	16.55	0.2	1.46	15	0.4	package=343
171636		Pork sausage, link/patty, reduced fat, cooked, pan-fried	267	20.94	20.32	0.15	1.91	19	1.4	package=343
171637		Bologna, meat and poultry	281	10.34	23.77	6.31	1.24	125	0.8	slice=33
171638		Meatballs, frozen, Italian style	286	14.4	22.21	5.76	1.77	80	0.1	pieces=18.67
171639		Bacon, turkey, microwaved	368	29.5	25.87	4.24	2.63	163	1.2	slice=8.1
171640		Bacon, turkey, low sodium	253	13.33	20	4.8	0.72	10	0.2	serving=15
171641		Cereals ready-to-eat, POST, ALPHA-BITS	389	10	4.6	73.2	30	35	6.7	cup (1 NLEA serving for adults=30|cup (1 serving for children un=29.85
171642		Cereals ready-to-eat, QUAKER, CAP'N CRUNCH	398	4.39	5.12	83.01	19.42	11	0	cup (1 NLEA serving)=36
171643		Cereals ready-to-eat, QUAKER, CAP'N CRUNCH with CRUNCHBERRIES	397	4.45	4.83	83.33	19.8	11	0	cup (1 NLEA serving)=34.67
171644		Cereals ready-to-eat, QUAKER, CAP'N CRUNCH'S PEANUT BUTTER CRUNCH	417	7.1	9.23	75.95	18.36	9	0	cup (1 NLEA serving)=36
171645		Cereals ready-to-eat, POST, FRUITY PEBBLES	402	4.62	4.02	85.3	6.67	19	7.4	cup (1 NLEA serving)=36
171646		Cereals ready-to-eat, granola, homemade	489	13.67	24.31	44.98	3.95	76	0	cup=122
171647		Cereals ready-to-eat, POST, GRAPE-NUTS Cereal	361	11.22	1.81	67.49	28	32	0	cup (1 NLEA serving)=116
171648		Cereals ready-to-eat, POST, GRAPE-NUTS Flakes	376	9.4	3.7	71.8	27.9	36	3.4	cup (1 NLEA serving)=38.67
171649		Cereals ready-to-eat, QUAKER, SWEET CRUNCH/QUISP	406	4.51	6.08	82.73	18.35	9	0	cup (1 NLEA serving)=27
171650		Cereals ready-to-eat, POST Raisin Bran Cereal	324	7.6	1.6	65.2	18.3	44	1.7	cup (1 NLEA serving)=59
171651		Cereals ready-to-eat, QUAKER, QUAKER Puffed Rice	383	7.01	0.9	86.38	2.86	9	0	cup (1 NLEA serving)=18.67
171652		Cereals ready-to-eat, POST, GOLDEN CRISP	380	5.5	1.7	85.1	6.7	15	7.4	cup (1 NLEA serving)=36
171653		Cereals ready-to-eat, SUN COUNTRY, KRETSCHMER Honey Crunch Wheat Germ	372	26.55	7.78	47.91	8.05	50	0	tbsp (1 NLEA serving)=7
171654		Cereals, corn grits, white, regular and quick, enriched, dry	370	7.65	1.75	74.49	3.05	4	0	tbsp=9.7|cup=156
171655		Cereals, corn grits, white, regular and quick, enriched, cooked with water, without salt	71	1.71	0.46	13.96	0.57	1	0	cup=257|tbsp=16
171656		Cereals, QUAKER, corn grits, instant, plain, dry	343	7.31	2.14	74.22	38.75	378	0	packet=29|tbsp=7
171657		Cereals, CREAM OF WHEAT, regular (10 minute), cooked with water, without salt	50	1.44	0.21	10.02	3.74	87	0	cup (1 serving)=251|tbsp=16
171658		Cereals, farina, enriched, assorted brands including CREAM OF WHEAT, quick (1-3 minutes), dry	360	11.6	1.41	68.99	33.39	711	0	tbsp=11|cup=176
171659		Cereals, farina, enriched, assorted brands including CREAM OF WHEAT, quick (1-3 minutes), cooked with water, without salt	55	1.82	0.34	10.12	5.33	97		cup=240|tbsp=14.9
171660		Cereals, CREAM OF WHEAT, instant, dry	366	10.6	1.4	72.2	28.6	357	0	tbsp=11.5|cup=178
171661		Cereals, oats, instant, fortified, plain, dry	362	11.92	6.9	59.52	24.72	351	0	packet=28
171662		Cereals, oats, instant, fortified, plain, prepared with water (boiling water added or microwaved)	68	2.37	1.36	9.97	5.96	80	0	cup, cooked=234|cup, dry, yields=501|packet, dry, yields=177
171663		Cereals, QUAKER, Instant Oatmeal, apples and cinnamon, dry	366	8.62	4.61	68.44	8.78	243		packet (1 NLEA serving)=43
171664		Cereals, oats, instant, fortified, with cinnamon and spice, dry	369	9.53	4.84	68.08	8.46	234	0	packet=45
171665		Cereals, WHEATENA, dry	357	13.1	2.9	62.8	3.57	500		cup (1 NLEA serving)=121.21|cup=141
171666		Cereals, WHEATENA, cooked with water	56	2	0.5	9.1	0.56	80		cup=243
171667		Cereals, whole wheat hot natural cereal, dry	342	11.2	2	65.7	3.39	40	0	cup=94
171668		Cereals, whole wheat hot natural cereal, cooked with water, without salt	62	2	0.4	12.1	0.62	7		cup=242
171669		Cereals ready-to-eat, QUAKER, QUAKER Puffed Wheat	366	16.26	2.15	66.99	4.41	24	0	cup (1 NLEA serving)=15
171670		Cereals, corn grits, yellow, regular and quick, unenriched, dry	371	8.8	1.2	78	1	2		tbsp=9.7|cup=156
171671		Cereals, corn grits, white, regular and quick, enriched, cooked with water, with salt	71	1.71	0.46	13.96	0.57	1	0	cup=257|tablespoon=16
171672		Cereals, corn grits, yellow, regular and quick, enriched, cooked with water, without salt	65	1.23	0.39	13.16	0.57	1		cup=233
171673		Cereals, corn grits, yellow, regular, quick, enriched, cooked with water, with salt	65	1.23	0.39	13.16	0.57	1	0	cup=233
171674		Cereals, MALT-O-MEAL, chocolate, dry	363	10.6	0.82	76.75	42.88	375	0	tbsp (1 NLEA serving)=11.67
171675		Cereals, oats, regular and quick and instant, unenriched, cooked with water (includes boiling and microwaving), with salt	71	2.54	1.52	10.3	0.9	9		cup=234
171676		Cereals, WHEATENA, cooked with water, with salt	59	2.03	0.45	9.74	0.56	80		cup=243
171677		Cereals, whole wheat hot natural cereal, cooked with water, with salt	62	2	0.4	12.1	0.62	7		cup=242
171678		Cereals, ready-to-eat, MALT-O-MEAL, Blueberry Mini SPOONERS	350	8.81	1.92	69.1	29.45	33	0	cup (1 NLEA serving)=55
171679		Cereals ready-to-eat, MALT-O-MEAL, OAT BLENDERS with honey	396	6.78	4.17	79.94	27	23	3.3	cup (1 NLEA serving)=40
171680		Cereals ready-to-eat, MALT-O-MEAL, OAT BLENDERS with honey & almonds	379	7.8	4.88	71.16	41.38	33	3.6	cup (1 NLEA serving)=40
171681		Cereals ready-to-eat, MALT-O-MEAL, Honey Nut SCOOTERS	387	8.59	4.51	73.32	30	333	3.3	cup (1 NLEA serving)=30
171682		Cereals, QUAKER, Instant Oatmeal, Cinnamon Swirl, high fiber	366	8.79	4.8	53.37	9.41	278		packet (1 NLEA serving)=45
171683		Cereals, QUAKER, oatmeal, REAL MEDLEYS, blueberry hazelnut, dry	386	9.81	9.8	61.77	3.08	64		package (1 NLEA serving)=70
171684		Cereals, QUAKER, oatmeal, REAL MEDLEYS, apple walnut, dry	390	8.18	10.36	63.53	2.77	57		package (1 NLEA serving)=75
171685		Cereals, QUAKER, oatmeal, REAL MEDLEYS, summer berry, dry	353	11.31	4.4	64.08	3.13	124		package (1 NLEA serving)=70
171686		Acerola, (west indian cherry), raw	32	0.4	0.3	6.59	0.2	12		cup=98|fruit without refuse=4.8
171687		Acerola juice, raw	23	0.4	0.3	4.5	0.5	10		cup=242
171688		Apples, raw, with skin (Includes foods for USDA's Food Distribution Program)	52	0.26	0.17	11.41	0.12	6	0	cup, quartered or chopped=125|cup slices=109|large (3-1/4" dia)=223|medium (3" dia)=182|small (2-3/4" dia)=149
171689		Apples, raw, without skin	48	0.27	0.13	11.46	0.07	5	0	cup slices=110|large (3-1/4" dia)=216|medium (3" dia)=161|small (2-3/4" dia)=132
171690		Apples, dehydrated (low moisture), sulfured, stewed	74	0.28	0.12	17.31	0.43	4	0	cup=193
171691		Apples, dried, sulfured, uncooked	243	0.93	0.32	57.19	1.4	14	0	cup=86|ring=6.4
171692		Apples, dried, sulfured, stewed, without added sugar	57	0.22	0.07	13.32	0.33	3	0	cup=255
171693		Apples, dried, sulfured, stewed, with added sugar	83	0.2	0.07	18.83	0.31	3	0	cup=280
171694		Apples, frozen, unsweetened, unheated (Includes foods for USDA's Food Distribution Program)	48	0.28	0.32	11.01	0.18	4	0	cup slices=173
171695		Applesauce, canned, unsweetened, without added ascorbic acid (Includes foods for USDA's Food Distribution Program)	42	0.17	0.1	10.17	0.23	4	0	cup=244
171696		Applesauce, canned, sweetened, without salt	68	0.16	0.17	16.29	0.12	3	0	cup=246
171697		Apricots, raw	48	1.4	0.39	9.12	0.39	13	0	cup, halves=155|cup, sliced=165|apricot=35
171698		Apricots, canned, water pack, with skin, solids and liquids	27	0.71	0.16	4.79	0.32	8	0	cup, halves=243|apricot half with liquid=36
171699		Apricots, canned, heavy syrup pack, with skin, solids and liquids	83	0.53	0.08	19.87	0.3	9	0	cup, halves=258|cup, whole=240|apricot half with liquid=40
171700		Apricots, canned, heavy syrup pack, without skin, solids and liquids	83	0.51	0.09	19.85	0.43	9	0	cup, whole, without pits=258
171701		Apricots, canned, extra heavy syrup pack, without skin, solids and liquids	96	0.55	0.04	23.25	0.62	8	0	cup, whole, without pits=246
171702		Apricots, dehydrated (low-moisture), sulfured, uncooked	320	4.9	0.62	82.89	6.31	61	0	cup=119
171703		Apricots, frozen, sweetened	98	0.7	0.1	22.9	0.9	10	0	cup=242
171704		Apricot nectar, canned, with added ascorbic acid	56	0.17	0.45	13.53	0.1	11	0	cup=266
171705		Avocados, raw, all commercial varieties	160	2	14.66	1.83	0.55	12	0	cup, cubes=150|cup, pureed=230|cup, sliced=146|avocado, NS as to Florida or C=201|NLEA Serving=50
171706		Avocados, raw, California	167	1.96	15.41	1.84	0.61	13	0	cup, pureed=230|fruit, without skin and seed=136|NLEA serving=50
171707		Avocados, raw, Florida	120	2.23	10.06	2.22	0.17	10	0	cup, pureed=230|fruit without skin and seeds=304|NLEA Serving=50
171708		Cherries, tart, dried, sweetened (Includes foods for USDA's Food Distribution Program)	333	1.25	0.73	77.95	0.68	38	0	cup=160
171709		Blackberries, canned, heavy syrup, solids and liquids	92	1.31	0.14	19.7	0.65	21	0	cup=256
171710		Blackberries, frozen, unsweetened	64	1.18	0.43	10.67	0.8	29	0	cup, unthawed=151|package (18 oz)=510
171711		Blueberries, raw	57	0.74	0.33	12.09	0.28	6	0	cup=148|berries=1.36
171712		Boysenberries, canned, heavy syrup	88	0.99	0.12	19.71	0.43	18	0	cup=256
171713		Boysenberries, frozen, unsweetened	50	1.1	0.26	6.89	0.85	27	0	cup, unthawed=132|package (10 oz)=284
171714		Breadfruit, raw	103	1.07	0.23	22.22	0.54	17	0	cup=220|fruit, small=384
171715		Carambola, (starfruit), raw	31	1.04	0.33	3.93	0.08	3	0	cup, cubes=132|cup, sliced=108|large (4-1/2" long)=124|medium (3-5/8" long)=91|small (3-1/8" long)=70
171716		Cherries, sour, red, canned, heavy syrup pack, solids and liquids	91	0.73	0.1	22.17	1.3	10	0	cup=256
171717		Cherries, sour, red, canned, extra heavy syrup pack, solids and liquids	114	0.71	0.09	28.43	1.26	10	0	cup=261
171718		Cherries, sour, red, frozen, unsweetened (Includes foods for USDA's Food Distribution Program)	46	0.92	0.44	9.42	0.53	13	0	cup, unthawed=155|package (18 oz)=510
171719		Cherries, sweet, raw	63	1.06	0.2	13.91	0.36	13	0	cup, with pits, yields=138|cup, without pits=154|cherry=8.2|NLEA serving=140
171720		Cherries, sweet, canned, extra heavy syrup pack, solids and liquids	102	0.59	0.15	24.73	0.35	9	0	cup, pitted=261
171721		Crabapples, raw	76	0.4	0.3	19.95	0.36	18		cup slices=110
171722		Cranberries, raw	46	0.46	0.13	8.37	0.23	8	0	cup, chopped=110|cup, whole=100
171723		Cranberries, dried, sweetened (Includes foods for USDA's Food Distribution Program)	308	0.17	1.09	77.5	0.39	9	0	cup=160
171724		Currants, zante, dried	290	3.43	0.22	72.58	1.88	88	0	cup=144
171725		Custard-apple, (bullock's-heart), raw	101	1.7	0.6	22.8	0.71	30		
171726		Dates, deglet noor	282	2.45	0.39	67.03	1.02	39	0	cup, chopped=147|date, pitted=7.1
171727		Elderberries, raw	73	0.66	0.5	11.4	1.6	38		cup=145
171728		Beef, Australian, imported, grass-fed, external fat, raw	509	11.32	51.36	0.39	0.95	6		
171729		Beef, Australian, imported, grass-fed, seam fat, raw	562	9.58	57.73	1.06	0.89	3		
171730		Beef, Australian, imported, Wagyu, external fat, Aust. marble score 4/5, raw	596	6.54	63.27	0	1	2		
171731		Beef, Australian, imported, Wagyu, seam fat, Aust. marble score 4/5, raw	594	6	63.3	0	0.97	2		
171732		Beef, Australian, imported, Wagyu, loin, tenderloin steak/roast, boneless, separable lean and fat, Aust. marble score 4/5, raw	206	19.71	14.09	0	2.2	4		steak=152
171733		Beef, Australian, imported, grass-fed, loin, top loin steak/roast, boneless, separable lean and fat, raw	199	19.9	13.17	0.11	1.46	5		roast=339
171734		Beef, Australian, imported, grass-fed, loin, top sirloin cap-off steak/roast, boneless, separable lean only, raw	122	21.9	3.87	0	2.53	5		roast=449
171735		Beef, Australian, imported, grass-fed, rib, ribeye steak/roast lip-on, boneless, separable lean only, raw	160	21.47	8.2	0	1.88	5		roast=350
171736		Beef, Australian, imported, Wagyu, loin, top loin steak/roast, boneless, separable lean only, Aust. marble score 9, raw	331	16.92	29.15	0.13	1.71	4		roast=359
171737		Beef, Australian, imported, Wagyu, rib, small end rib steak/roast, boneless, separable lean only, Aust. marble score 4/5, raw	234	20.35	16.93	0	1.89	4		roast=342
171738		Beef, Australian, imported, Wagyu, rib, small end rib steak/roast, boneless, separable lean only, Aust. marble score 9, raw	330	17.61	28.61	0.46	2.14	4		roast=377
171739		Beef, Australian, imported, grass-fed, loin, top sirloin cap-off steak/roast, boneless, separable lean and fat, raw	127	21.77	4.45	0.01	2.51	5		roast=449
171740		Beef, Australian, imported, Wagyu, rib, small end rib steak/roast, boneless, separable lean and fat, Aust. marble score 4/5, raw	317	17.07	27.64	0	1.68	4		roast=342
171741		Beef, Australian, imported, Wagyu, rib, small end rib steak/roast, boneless, separable lean and fat, Aust. marble score 9, raw	404	14.54	38.3	0.28	1.82	3		roast=377
171742		Beef, Australian, imported, Wagyu, loin, tenderloin steak/roast, boneless, separable lean and fat, Aust. marble score 9, raw	248	18.5	19.11	0.58	2.37	4		steak=173
171743		Beef, round, top round steak, boneless, separable lean and fat, trimmed to 0" fat, all grades, raw	124	23.49	3.34	0	2.33	13	0	steak=344
171744		Beef, round, top round roast, boneless, separable lean and fat, trimmed to 0" fat, select, raw	121	23.44	3.04	0	2.34	13	0	roast=740
171745		Beef, round, eye of round roast, boneless, separable lean and fat, trimmed to 0" fat, all grades, raw	124	23.27	3.44	0	1.45	13	0	roast=675
171746		Beef, round, eye of round roast, boneless, separable lean and fat, trimmed to 0" fat, choice, raw	127	23.26	3.74	0	1.47	13	0	roast=658
171747		Beef, round, eye of round roast, boneless, separable lean and fat, trimmed to 0" fat, select, raw	120	23.28	3	0	1.37	13	0	roast=699
171748		Beef, loin, tenderloin roast, boneless, separable lean and fat, trimmed to 0" fat, choice, raw	153	21.5	7.4	0	2.52	14	0.1	roast=625
171749		Beef, loin, tenderloin roast, boneless, separable lean and fat, trimmed to 0" fat, select, raw	144	21.91	6.21	0	2.46	14	0.1	roast=673
171750		Beef, loin, top loin steak, boneless, lip off, separable lean and fat, trimmed to 0" fat, all grades, raw	163	22.43	8.17	0	1.83	15	0.1	steak=267
171751		Beef, loin, top loin steak, boneless, lip off, separable lean and fat, trimmed to 0" fat, choice, raw	171	22.19	9.16	0	1.91	15	0.1	steak=266
171752		Beef, loin, top loin steak, boneless, lip off, separable lean and fat, trimmed to 0" fat, select, raw	151	22.79	6.67	0	1.73	14	0.1	steak=268
171753		Beef, loin, tenderloin roast, boneless, separable lean and fat, trimmed to 0" fat, choice, cooked, roasted	188	27.26	8.82	0	3.24	14	0.1	roast=478
171754		Beef, loin, tenderloin roast, boneless, separable lean and fat, trimmed to 0" fat, select, cooked, roasted	174	27.38	7.12	0	3.03	13	0.1	roast=487
171755		Beef, round, top round roast, boneless, separable lean and fat, trimmed to 0" fat, all grades, cooked, roasted	160	29.9	4.49	0	2.88	16	0	
171756		Beef, round, top round roast, boneless, separable lean and fat, trimmed to 0" fat, choice, cooked, roasted	163	30.08	4.79	0	2.9	16	0	
171757		Beef, round, top round steak, boneless, separable lean only, trimmed to 0" fat, all grades, raw	121	23.59	2.94	0	2.34	13	0	steak=344
171758		Beef, round, top round steak, boneless, separable lean only, trimmed to 0" fat, choice, raw	124	23.59	3.26	0	2.35	13	0	steak=344
171759		Beef, round, top round steak, boneless, separable lean only, trimmed to 0" fat, select, raw	116	23.59	2.45	0	2.34	13	0	steak=344
171760		Beef, round, top round roast, boneless, separable lean only, trimmed to 0" fat, all grades, raw	121	23.59	2.94	0	2.34	13	0	roast=758
171761		Beef, round, eye of round roast, boneless, separable lean only, trimmed to 0" fat, select, raw	116	23.41	2.52	0	1.37	13	0	roast=699
171762		Beef, round, eye of round steak, boneless, separable lean only, trimmed to 0" fat, all grades, raw	121	23.37	3.04	0	1.45	13	0	steak=140
171763		Beef, round, eye of round steak, boneless, separable lean only, trimmed to 0" fat, choice, raw	124	23.35	3.38	0	1.47	13	0	steak=133
171764		Beef, round, eye of round steak, boneless, separable lean only, trimmed to 0" fat, select, raw	116	23.41	2.52	0	1.37	13	0	steak=151
171765		Beef, loin, tenderloin roast, boneless, separable lean only, trimmed to 0" fat, all grades, raw	139	21.94	5.74	0	2.5	13	0.1	roast=644
171766		Beef, loin, top loin steak, boneless, lip off, separable lean only, trimmed to 0" fat, select, raw	135	23.3	4.66	0	1.73	14	0.1	steak=268
171767		Beef, loin, tenderloin steak, boneless, separable lean only, trimmed to 0" fat, all grades, raw	139	21.94	5.74	0	2.5	13	0.1	steak=170
171768		Beef, loin, tenderloin steak, boneless, separable lean only, trimmed to 0" fat, choice, raw	143	21.78	6.16	0	2.55	13	0.1	steak=168
171769		Beef, loin, tenderloin steak, boneless, separable lean only, trimmed to 0" fat, select, raw	135	22.16	5.1	0	2.48	14	0.1	steak=172
171770		Beef, round, top round roast, boneless, separable lean only, trimmed to 0" fat, choice, cooked, roasted	158	30.24	4.11	0.06	2.91	16	0	
171771		Beef, round, top round roast, boneless, separable lean only, trimmed to 0" fat, select, cooked, roasted	150	29.81	3.37	0	2.89	17	0	
171772		Beef, round, eye of round steak, boneless, separable lean only, trimmed to 0" fat, all grades, cooked, grilled	155	29.85	3.9	0	1.88	17	0	
171773		Beef, round, eye of round steak, boneless, separable lean only, trimmed to 0" fat, choice, cooked, grilled	158	29.94	4.26	0	1.91	17	0	
171774		Beef, loin, top loin steak, boneless, lip-on, separable lean and fat, trimmed to 1/8" fat, select, raw	191	21.54	11.65	0	1.71	15	0.1	steak=304
171775		Beef, loin, top loin steak, boneless, lip-on, separable lean and fat, trimmed to 1/8" fat, all grades, raw	199	21.29	12.68	0	1.8	16	0.1	steak=302
171776		Beef, composite of trimmed retail cuts, separable lean only, trimmed to 0" fat, select, raw	133	22.03	4.99	0	2.14	12	0.1	
171777		Beef, composite of trimmed retail cuts, separable lean and fat, trimmed to 0" fat, select, raw	157	21.2	8	0	2.06	13	0.1	
171778		Beef, composite of trimmed retail cuts, separable lean only, trimmed to 1/8" fat, select, cooked	167	27.51	6.37	0	2.17	11	0.1	
171779		Beef, composite of trimmed retail cuts, separable lean only, trimmed to 1/8" fat, select, raw	130	22.37	4.55	0	1.81	17	0	
171780		Beef, chuck, clod roast, separable lean only, trimmed to 1/4" fat, all grades, cooked, roasted	173	26.36	6.75	0	3.09	7		
171781		Beef, shoulder steak, boneless, separable lean only, trimmed to 0" fat, all grades, cooked, grilled	175	28.6	5.82	0	2.94	12	0.1	
171782		Beef, chuck, clod steak, separable lean only, trimmed to 1/4" fat, all grades, cooked, braised	189	29.34	7.04	0	3.79	8		
171783		Beef, chuck, mock tender steak, separable lean and fat, trimmed to 0" fat, USDA choice, cooked, broiled	161	25.73	5.72	0	3.02	8		
171784		Beef, chuck, clod roast, separable lean and fat, trimmed to 0" fat, select, cooked, roasted	196	27.3	8.76	0	3.09	7	0.1	
171785		Beef, shoulder steak, boneless, separable lean and fat, trimmed to 0" fat, choice, cooked, grilled	186	28.22	7.25	0	2.9	12	0.1	
171786		Beef, shoulder steak, boneless, separable lean and fat, trimmed to 0" fat, select, cooked, grilled	177	28.41	6.14	0	2.89	12	0.1	steak=297
171787		Beef, plate, inside skirt steak, separable lean and fat, trimmed to 0" fat, all grades, cooked, broiled	220	26.13	12.05	0	2.77	11		
171788		Beef, plate, outside skirt steak, separable lean and fat, trimmed to 0" fat, all grades, cooked, broiled	255	23.51	17.13	0	2.58	11		
171789		Beef, shoulder steak, boneless, separable lean and fat, trimmed to 0" fat, all grades, cooked, grilled	182	28.29	6.8	0	2.9	12	0.1	steak=287
171790		Beef, ground, 95% lean meat / 5% fat, raw	137	21.41	5	0	2.38	9	0.1	
171791		Beef, ground, 95% lean meat / 5% fat, patty, cooked, broiled	174	26.29	6.8	0	2.83	7	0	
171792		Beef, ground, 95% lean meat / 5% fat, patty, cooked, pan-broiled	164	25.8	5.94	0	2.85	9	0	
171793		Beef, ground, 90% lean meat / 10% fat, patty, cooked, pan-broiled	204	25.21	10.68	0	2.77	15	0	
171794		Beef, ground, 90% lean meat / 10% fat, crumbles, cooked, pan-browned	230	28.45	12.04	0	3.08	16	0	portion ( yield from 1/2 lb ra=154
171795		Beef, ground, 90% lean meat / 10% fat, loaf, cooked, baked	214	26.62	11.1	0	2.89	13	0	
171796		Beef, ground, 85% lean meat / 15% fat, raw (Includes foods for USDA's Food Distribution Program)	215	18.59	15	0	2.09	15	0.1	
171797		Beef, ground, 80% lean meat / 20% fat, patty, cooked, broiled	270	25.75	17.78	0	2.48	24	0	
171798		Beef, ground, 80% lean meat / 20% fat, patty, cooked, pan-broiled	246	24.04	15.94	0	2.59	26	0	
171799		Beef, ground, 80% lean meat / 20% fat, crumbles, cooked, pan-browned	272	27	17.36	0	2.78	28	0	
171800		Beef, ground, 80% lean meat / 20% fat, loaf, cooked, baked	254	25.25	16.17	0	2.58	23	0	
171801		Beef, ground, 75% lean meat / 25% fat, loaf, cooked, baked	254	24.56	16.5	0	2.43	28	0	
171802		Beef, rib, small end (ribs 10-12), separable lean only, trimmed to 1/8" fat, select, raw	134	22.53	4.2	0	1.59	22		
171803		Beef, tenderloin, steak, separable lean only, trimmed to 1/8" fat, select, raw	148	22.06	5.93	0	1.6	22		
171804		Beef, top sirloin, steak, separable lean only, trimmed to 1/8" fat, select, raw	127	22.27	3.54	0	1.61	22	0	
171805		Beef, short loin, top loin, steak, separable lean only, trimmed to 1/8" fat, select, cooked, grilled	177	29.44	5.73	0	1.81	21		
171806		Beef, round, bottom round , roast, separable lean only, trimmed to 1/8" fat, select, cooked, roasted	164	28.45	4.67	0	2.35	6	0.1	
171807		Beef, round, eye of round, roast, separable lean only, trimmed to 1/8" fat, select, cooked, roasted	163	29.59	4.11	0	2.42	6		
171808		Beef, round, top round, steak, separable lean only, trimmed to 1/8" fat, select, cooked, broiled	177	31.61	4.65	0	2.66	7		
171809		Beef, round, eye of round, roast, separable lean only, trimmed to 1/8" fat, all grades, cooked, roasted	169	29.73	4.71	0	2.46	6	0.1	
171810		Beef, rib, small end (ribs 10-12), separable lean only, trimmed to 1/8" fat, all grades, raw	141	22.33	5.04	0	1.6	24		
171811		Beef, tenderloin, steak, separable lean only, trimmed to 1/8" fat, all grades, cooked, broiled	200	29.04	8.39	0	1.84	19	0.1	
171812		Beef, tenderloin, steak, separable lean only, trimmed to 1/8" fat, all grades, raw	153	22.12	6.52	0	1.6	24		
171813		Beef, short loin, top loin, steak, separable lean only, trimmed to 1/8" fat, all grades, cooked, broiled	189	29.3	7.09	0	1.85	19	0.1	
171814		Beef, short loin, top loin steak, separable lean only, trimmed to 1/8" fat, all grades, raw	138	22.93	5.15	0	1.64	25		
171815		Beef, round, top round, steak, separable lean only, trimmed to 1/8" fat, all grades, cooked, broiled	185	31.82	5.45	0	2.7	7	0.1	
171816		Beef, round, top round, steak, separable lean only, trimmed to 1/8" fat, all grades, raw	135	22.91	4.09	0	1.99	20		
171817		Beef, chuck, arm pot roast, separable lean only, trimmed to 1/8" fat, choice, cooked, braised	224	34.72	8.37	0	3.04	15	0.1	
171818		Beef, brisket, flat half, separable lean only, trimmed to 1/8" fat, choice, cooked, braised	203	33.13	6.79	0	2.88	14		
171819		Beef, round, eye of round, roast, separable lean only, trimmed to 1/8" fat, choice, raw	128	22.88	3.38	0	2.12	20	0	
171820		Beef, round, top round, steak, separable lean only, trimmed to 1/8" fat, choice, raw	140	22.69	4.78	0	2.12	20	0.1	
171821		Soup, wonton, Chinese restaurant	32	2.08	0.26	5.05	0.21	5	0	cup=223
171822		Soup, ramen noodle, dry, any flavor, reduced fat, reduced sodium	350	10.89	2.5	68.25	4.52	22	0	
171823		Sauce, duck, ready-to-serve	245	0.36	0.13	60.06	0.39	11	0	Tbsp=16.5
171824		Sauce, salsa, verde, ready-to-serve	38	1.13	0.89	4.46	0.65	9	0	Tbsp=15
171825		Sauce, steak, tomato based	95	1.25	0.23	20.54	1.37	19	0	Tbsp=17
171826		Sauce, tartar, ready-to-serve	211	1	16.7	12.8	0.25	26	0	tablespoons=15
171827		Sauce, barbecue, SWEET BABY RAY'S, original	192	0.95	0.43	44.78	0.33	11		tbsp=18|cup=288
171828		Sauce, barbecue, BULL'S-EYE, original	170	0.91	0.67	38.95	0.69	43		tbsp=16|cup=296
171829		Sauce, barbecue, KC MASTERPIECE, original	160	1	0.52	36.52	1.09	40		tbsp=18|cup=276
171830		Sauce, barbecue, OPEN PIT, original	132	0.44	1.41	28.95	0.15	20		tbsp=17|cup=274
171831		Wasabi	292	2.23	10.9	40.03	0.5	41	0	tablespoon=20|teaspoon=6.5
171832		Dip, bean, original flavor	119	5.44	3.7	10.99	1.6	26	0	tbsp=18|container (9 oz)=259
171833		Sauce, horseradish	503	1.09	50.89	9.05	0.23	12	0.2	tsp=5.6
171834		Dip, FRITO'S, bean, original flavor	119	5.44	3.7	10.99	1.6	26		tbsp=18|container (9oz)=259
171835		Cookie, vanilla with caramel, coconut, and chocolate coating	489	3.5	25.8	59.7	3.2	40	0	cookies=14.5
171836		Cookie, with peanut butter filling, chocolate-coated	562	8.1	35.3	49.4	2.1	35	0	cookies=12.5
171837		Cookies, animal, with frosting or icing	509	3	24.1	69.19	1.57	6	0	cookies 1 serving=3.88|package (40 g)=40
171838		Crackers, multigrain	482	7.1	20.4	64.1	2.59	14	0	crackers=3.5
171839		Cake, snack cakes, not chocolate, with icing or filling, low-fat, with added fiber	412	3.71	11.14	59.4	1.34	223	0.3	cake 1 serving=27
171840		Cookies, brownies, commercially prepared, reduced fat, with added fiber	345	2.77	9.68	50.48	1.99	0	0	brownie 1 serving=36
171841		Cookies, chocolate sandwich, with creme filling, reduced fat	436	2.94	13.24	73.27	3.18	0	0	serving=34
171842		Cookies, oatmeal sandwich, with creme filling	398	2.61	18.29	53.02	1.88	0	0	cookie 1 serving=38
171843		Cookies, peanut butter, commercially prepared, sugar free	523	10.34	31.03	47.12	2.48	0	0	serving 3 cookies=29
171844		Bread, chapati or roti, plain, commercially prepared	297	11.25	7.45	41.46	3.01	93		piece=68
171845		Bread, naan, plain, commercially prepared, refrigerated	291	9.62	5.65	48.23	3.25	84		piece=90
171846		Crackers, standard snack-type, with whole wheat	463	7.29	17.84	63.47	3.65	167	0	crackers 1 serving=3
171847		Cookies, coconut macaroon	460	3.02	22.55	56.12	0.82	5	0	cookie 1 serving=18
171848		Crackers, sandwich-type, peanut butter filled, reduced fat	437	8.33	16.67	60.69	3	0	0	package=36
171849		Bread, cinnamon	253	7.05	5.29	40.88	2.54	71	0	slice 1 serving=28
171850		Bread, wheat, sprouted	188	13.16	0	28.58	1.89	0	0	slice 1 serving=38
171851		Bread, wheat, sprouted, toasted	205	14.3	0	31.12	2.06	0	0	slice 1 serving=38
171852		Bagels, multigrain	241	9.9	1.24	41.27	2.23	124	0	piece bagel=81
171853		Pancakes, whole wheat, dry mix, incomplete	350	10.53	1.32	66.21	7.11	158	0	cup mix 1 serving=152
171854		Crackers, toast thins, low sodium	442	6.45	16.13	57.96	3.48	0	0	serving=31
171855		Crackers, whole grain, sandwich-type, with peanut butter filling	465	14.12	21.18	45.19	3.07	33	0	cracker 1 serving=7.17
171856		Crackers, water biscuits	384	7.14	7.14	65.71	0	0	0	cracker 1 serving=3.5
171857		Cookies, gluten-free, chocolate sandwich, with creme filling	474	2.19	17.89	73.53	2.81	19	0	cookies=14.67
171858		Cookies, gluten-free, chocolate wafer	541	4.06	30.42	61.22	3.67	109		cookies=7.67
171859		Cookies, gluten-free, lemon wafer	515	0	24.18	74.39	0.18	9		cookies=10
171860		Cookies, gluten-free, vanilla sandwich, with creme filling	493	2.66	20.47	74.11	0.34	14		cookies=14.67
171861		Rolls, gluten-free, white, made with brown rice flour, tapioca starch, and potato starch	310	7.99	6.4	51.5	0.78	82		roll=36
171862		Rolls, gluten-free, white, made with rice flour, rice starch, and corn starch	239	3.34	2.65	45.37	3.57	180	0	roll=78
171863		Rolls, gluten-free, white, made with brown rice flour, tapioca starch, and sorghum flour	257	5.65	8.2	37.34	0.89	41		roll=69
171864		Rolls, gluten-free, whole grain, made with tapioca starch and brown rice flour	329	11.8	11.6	33.09	1.64	118		roll=44
171865		Cookies, oatmeal, reduced fat	365	4.02	10.04	48.52	1.45	0	0	cookie=25
171866		Cookies, chocolate cream covered biscuit sticks	447	10	22.5	46.08	0.9	50	0	serving=40
171867		Cookies, Marie biscuit	406	7.05	10.58	67.04	0	0	0	cookie=5.6
171868		Cookies, vanilla sandwich with creme filling, reduced fat	423	4.17	10.42	76.06	2.25	42	0	serving cookie=48
171869		Beverages, carbonated, tonic water	34	0	0	8.8	0.01	1	0	bottle (11 fl oz)=336|can or bottle (16 fl oz)=488|can or bottle (12 fl oz)=366
171870		Beverages, Energy drink, RED BULL, sugar free, with added caffeine, niacin, pantothenic acid, vitamins B6 and B12	5	0.25	0.08	0.7	0.02	13	0	serving 8.3 fl oz can=250
171871		Beverages, carbonated, root beer	41	0	0	10.6	0.05	5	0	can or bottle (16 fl oz)=493|can or bottle (12 fl oz)=370
171872		Alcoholic Beverage, wine, table, red, Gamay	78	0.07	0	2.38				serving 5 fl oz=147
171873		Beverages, chocolate drink, milk and soy based, ready to drink, fortified	101	4.22	1.69	16	1.9	127	2.5	
171874		Beverages, chocolate malt powder, prepared with 1% milk, fortified	57	3.32	0.97	8.81	1.14	160	2.5	cup dry mix=98|cup prepared=251
171875		Beverages, carbonated, limeade, high caffeine	17	0	0.11	4.11	0.03	2	0	cup=253
171876		Beverages, carbonated, low calorie, cola or pepper-types, with sodium saccharin, contains caffeine	0	0	0	0.1	0.02	4		bottle (16 fl oz)=474|can (12 fl oz)=355
171877		Beverages, coffee, ready to drink, vanilla, light, milk based, sweetened	36	2.14	1.07	4.27	0	71	0	
171878		Beverages, Lemonade fruit juice drink light, fortified with vitamin E and C	21	0	0	5	0	2	0	
171879		Beverages, chocolate-flavor beverage mix, powder, prepared with whole milk	85	3.23	3.24	11.56	0.3	95		cup (8 fl oz)=266
171880		Beverages, coffee, ready to drink, milk based, sweetened	71	1.98	1.38	12.6	0.04	74	0	cup=262
171881		Beverages, coffee, brewed, breakfast blend	2	0.3	0	0.17	0.02	2	0	cup=248
171882		Beverages, Clam and tomato juice, canned	48	0.6	0.2	10.55	0.15	8		can (5.5 oz)=166
171883		Beverages, tea, green, ready to drink, ginseng and honey, sweetened	30	0	0.18	7.16	0.02	3	0	cup=260
171884		Beverages, The COCA-COLA company, Minute Maid, Lemonade	46	0	0	12.08	0	2	0	
171885		Beverages, tea, green, ready-to-drink, diet	4	0	0	0.93	0	1	0	cup=269
171886		Beverages, Cocoa mix, no sugar added, powder	377	15.49	3	64.43	4.96	576	0	envelope Alba (.675 oz)=19|envelope Swiss Miss (.53 oz)=15
171887		Cocoa mix, NESTLE, Rich Chocolate Hot Cocoa Mix	400	3	15	71	1.8	100		serving 1 envelope=20
171888		Beverages, tea, black, ready-to-drink, lemon, sweetened	45	0	0.22	10.8	0	4	0	cup=271
171889		Beverages, coffee, brewed, prepared with tap water, decaffeinated	0	0.1	0	0	0.05	2	0	cup (8 fl oz)=237
171890		Beverages, coffee, brewed, prepared with tap water	1	0.12	0.02	0	0.01	2	0	cup (8 fl oz)=237
171891		Beverages, coffee, brewed, espresso, restaurant-prepared	9	0.12	0.18	1.67	0.13	2	0	
171892		Beverages, tea, black, ready-to-drink, lemon, diet	1	0	0	0.22	0	0	0	cup=265
171893		Beverages, coffee, instant, regular, powder	353	12.2	0.5	75.4	4.41	141	0	tsp=1|packet=2
171894		Beverages, coffee, instant, decaffeinated, prepared with water	2	0.12	0	0.43	0.04	4		serving 6 fl oz=179
171895		Beverages, OCEAN SPRAY, Cranberry-Apple Juice Drink, bottled	56	0.29	0	13.08	0.04	2	0	
171896		Beverages, OCEAN SPRAY, Diet Cranberry Juice	4	0.07	0	0.2	0.04	3	0	
171897		Beverages, coffee, instant, with chicory	355	9.3	0.2	78.4	4.76	103		tsp, rounded=1.8
171898		Beverages, KRAFT, coffee, instant, French Vanilla Cafe	481	2.5	19.2	73.2	0.33	12		NLEA Serving=14
171899		Beverages, OCEAN SPRAY, Cran Raspberry Juice Drink	49	0.28	0	11.36	0.04	2	0	
171900		Beverages, OCEAN SPRAY, Cran Lemonade	45	0.07	0	10.52	0.03	2	0	
171901		Beverages, OCEAN SPRAY, Diet Cran Cherry	4	0.21	0	0.1	0.04	1	0	
171902		Beverages, cranberry-grape juice drink, bottled	56	0.2	0.1	13.9	0.01	8		cup (8 fl oz)=245
171903		Cranberry juice cocktail, bottled	54	0	0.1	13.52	0.1	3	0	cup (8 fl oz)=253
171904		Cranberry juice cocktail, bottled, low calorie, with calcium, saccharin and corn sweetener	19	0.02	0.01	4.6	0.04	9	0	cup (8 fl oz)=237
171905		Beverages, Eggnog-flavor mix, powder, prepared with whole milk	95	2.93	3.02	14.2	0.12	92		cup (8 fl oz)=272
171906		Alcoholic beverages, beer, higher alcohol	58	0.9	0	0.27	0.03	8	0	bottle=355
171907		Beverages, Malt liquor beverage	40	0.35	0	0	0.03	3	0	bottle=1184
171908		Alcoholic beverages, wine, rose	83	0.36	0	3.8	0.2	10	0	
171909		Beverages, OCEAN SPRAY, Cran Pomegranate	47	0.07	0.01	11.96	0.12	2	0	
171910		Beverages, tea, green, brewed, decaffeinated	0	0	0	0	0	0	0	ml=1
171911		Beverages, tea, green, ready to drink, unsweetened	0	0	0	0	0	1	0	
171912		Beverages, citrus fruit juice drink, frozen concentrate	162	1.2	0.1	40	3.94	25	0	can (12 fl oz)=423
171913		Beverages, citrus fruit juice drink, frozen concentrate, prepared with water	46	0.34	0.03	11.32	1.12	9		serving 8 fl oz=248
171914		Beverages, fruit punch drink, without added nutrients, canned	48	0	0	11.97	0.09	8	0	cup (8 fl oz)=248
171915		Beverages, Tropical Punch, ready-to-drink	10	0	0	2.5	0	0	0	NLEA Serving=210|ml=1
171916		Beverages, grape drink, canned	61	0	0	15.72	0.07	52	0	cup (8 fl oz)=250
171917		Beverages, tea, green, brewed, regular	1	0.22	0	0	0.02	0	0	cup=245
171918		Beverages, tea, instant, lemon, with added ascorbic acid	385	0.6	0.3	97.6	0.16	3		serving (3 heaping tsp)=23|cup=182
171919		Alcoholic beverage, distilled, all (gin, rum, vodka, whiskey) 86 proof	250	0	0	0.1	0.04	0	0	Jigger 1.5 fl oz=42
171920		Alcoholic beverage, distilled, all (gin, rum, vodka, whiskey) 90 proof	263	0	0	0	0.04	0	0	
171921		Carbonated beverage, chocolate-flavored soda	42	0	0	10.7	0.1	4	0	can or bottle (16 fl oz)=492|can (12 fl oz)=369
171922		Beverages, water, bottled, non-carbonated, EVIAN	0	0	0	0	0	8		bottle 11.2 fl oz=331|bottle 16.9 fl oz=500
171923		Beverages, Powerade Zero Ion4, calorie-free, assorted flavors	0	0	0	0	0.05	2	0	
171924		Beverages, WENDY'S, tea, ready-to-drink, unsweetened	1	0.22	0	0	0	2		
171925		Alcoholic Beverage, wine, table, red, Merlot	83	0.07	0	2.51	0.46	8		serving 5 fl oz=147
171926		Water, non-carbonated, bottles, natural fruit flavors, sweetened with low calorie sweetener	1	0	0	0.13	0	1	0	serving (8 fl oz)=237|ml=1.1
171927		Beverages, V8 SPLASH Juice Drinks, Diet Tropical Blend	4	0	0	1.26				serving 8 oz=238
171928		Beverages, V8 SPLASH Juice Drinks, Berry Blend	29	0	0	7.41				serving 8 oz=243
171929		Beverages, V8 SPLASH Juice Drinks, Fruit Medley	33	0	0	7.82				serving 8 oz=243
171930		Beverages, V8 SPLASH Juice Drinks, Guava Passion Fruit	33	0	0	7.82				serving 8 oz=243
171931		Beverages, V8 SPLASH Juice Drinks, Strawberry Kiwi	29	0	0	7.41				serving 8 oz=243
171932		Beverages, V8 SPLASH Juice Drinks, Tropical Blend	29	0	0	7.41				serving 8 oz=243
171933		Beverages, V8 V-FUSION Juices, Peach Mango	49	0.41	0	11.38	0.15	8		serving 8 oz=246
171934		Beverages, V8 V-FUSION Juices, Strawberry Banana	49	0.41	0	11.79	0.15	8		serving 8 oz=246
171935		Beverages, Energy Drink, Monster, fortified with vitamins C, B2, B3, B6, B12	47	0.47	0	11.28	0.04	0	0	serving=240
171936		Beverages, Energy drink, AMP, sugar free	2	0	0	1.03	0	0	0	
171937		Beverages, Energy drink, ROCKSTAR	58	0.34	0.22	12.7	0.05	1	0	can=480
171938		Beverages, Energy drink, ROCKSTAR, sugar free	4	0.25	0.08	0.7	0.02	13	0	
171939		Beverages, Meal supplement drink, canned, peanut flavor	101	3.5	3.07	14.74	2.2	110		cup=158|can=391
171940		Water, with corn syrup and/or sugar and low calorie sweetener, fruit flavored	18	0	0	4.5	0	17	0	pouch=200
171941		Beverages, Horchata, as served in restaurant	54	0.48	0.71	11.52	0.01	18		cup=228
171942		Beverages, rice milk, unsweetened	47	0.28	0.97	8.87	0.2	118	1	
171943		Beverages, Energy drink, VAULT, citrus flavor	49	0	0	12.99	0.02	2	0	
171944		Beverages, Fruit flavored drink, reduced sugar, greater than 3% fruit juice, high vitamin C, added calcium	29	0	0.37	6.67	0	42	0.3	
171945		Beverages, fruit juice drink, greater than 3% fruit juice, high vitamin C and added thiamin	54	0.13	0	13.06	0.25	3	0	
171946		Beverages, tea, hibiscus, brewed	0	0	0	0	0.08	8	0	
171947		Beverages, fruit juice drink, greater than 3% juice, high vitamin C	46	0.13	0.11	11.25	0.25	3	0	cup (8 fl oz)=238
171948		Fish, bass, striped, raw	97	17.73	2.33	0	0.84	15		fillet=159
171949		Fish, bluefish, raw	124	20.04	4.24	0	0.48	7		fillet=150
171950		Fish, burbot, raw	90	19.31	0.81	0	0.9	50		fillet=116
171951		Fish, butterfish, raw	146	17.28	8.02	0	0.5	22		fillet=32
171952		Fish, carp, raw	127	17.83	5.6	0	1.24	41	24.7	fillet=218
171953		Fish, cisco, raw	98	18.99	1.91	0	0.4	12		fillet=79
171954		Fish, cisco, smoked	177	16.36	11.9	0	0.49	26	13.3	
171955		Fish, cod, Atlantic, raw	82	17.81	0.67	0	0.38	16	0.9	fillet=231
171956		Fish, cod, Atlantic, cooked, dry heat	105	22.83	0.86	0	0.49	14	1.2	fillet=180
171957		Fish, croaker, Atlantic, cooked, breaded and fried	221	18.2	12.67	7.14	0.86	32		fillet=87
171958		Fish, cusk, raw	87	18.99	0.69	0	0.83	10		fillet=122
171959		Fish, mahimahi, raw	85	18.5	0.7	0	1.13	15		fillet=204
171960		Fish, drum, freshwater, raw	119	17.54	4.93	0	0.9	60		fillet=198
171961		Fish, gefiltefish, commercial, sweet recipe	84	9.07	1.73	7.41	2.48	23		piece=42
171962		Fish, grouper, mixed species, raw	92	19.38	1.02	0	0.89	27		fillet=259
171963		Fish, grouper, mixed species, cooked, dry heat	118	24.84	1.3	0	1.14	21		fillet=202
171964		Fish, haddock, raw	74	16.32	0.45	0	0.17	11	0.5	fillet=193
171965		Fish, halibut, Greenland, raw	186	14.37	13.84	0	0.66	3	27.4	fillet=408
171966		Crustaceans, crab, blue, canned	83	17.88	0.74	0	0.5	91	0	cup=135|can (6.5 oz), drained=125
171967		Crustaceans, crab, blue, crab cakes, home recipe	155	20.21	7.52	0.48	1.08	105		cake=60
171968		Crustaceans, crab, dungeness, raw	86	17.41	0.97	0.74	0.37	46		crab=163
171969		Crustaceans, crab, queen, raw	90	18.5	1.18	0	2.5	26		
171970		Crustaceans, shrimp, mixed species, cooked, breaded and fried	242	21.39	12.28	11.07	1.26	67	0.1	large=7.5
171971		Crustaceans, shrimp, mixed species, cooked, moist heat (may contain additives to retain moisture)	119	22.78	1.7	1.52	0.32	91	0.1	large=5.5
171972		Crustaceans, shrimp, mixed species, canned	100	20.42	1.36	0	2.13	145	0	cup=128|can (4.5 oz), drained=128|shrimp=3.2
171973		Crustaceans, shrimp, mixed species, imitation, made from surimi	101	12.39	1.47	9.13	0.6	19		
171974		Mollusks, clam, mixed species, cooked, breaded and fried	202	14.24	11.15	10.33	13.91	63		small=9.4
171975		Mollusks, clam, mixed species, cooked, moist heat	148	25.55	1.95	5.13	2.81	92		small=9.5
171976		Mollusks, clam, mixed species, canned, drained solids	142	24.25	1.59	5.9	2.68	65	0.1	cup=160
171977		Mollusks, clam, mixed species, canned, liquid	2	0.4	0.02	0.1	0.3	13	0	cup=240
171978		Mollusks, oyster, eastern, wild, raw	51	5.71	1.71	2.72	4.61	59	0	medium=14|cup=248
171979		Mollusks, oyster, eastern, cooked, breaded and fried	199	8.77	12.58	11.62	6.95	62		medium=14.67
171980		Mollusks, oyster, eastern, wild, cooked, moist heat	102	11.42	3.42	5.45	9.21	116	0	medium=7
171981		Mollusks, oyster, eastern, canned	68	7.06	2.47	3.91	6.7	45	0	cup, undrained=248|can (12 oz), oysters and liqui=272|oyster=8|cup, drained=162
171982		Mollusks, squid, mixed species, cooked, fried	175	17.94	7.48	7.79	1.01	39		
171983		Mollusks, whelk, unspecified, raw	137	23.84	0.4	7.76	5.03	57	0	
171984		Mollusks, whelk, unspecified, cooked, moist heat	275	47.68	0.8	15.52	10.06	113		
171985		Fish, salmon, chinook, smoked, (lox), regular	117	18.28	4.32	0	0.85	11		
171986		Fish, tuna, light, canned in water, without salt, drained solids	116	25.51	0.82	0	1.53	11		can=165
171987		Fish, tuna, white, canned in oil, without salt, drained solids	186	26.53	8.08	0	0.65	4		can=178
171988		Fish, tuna, white, canned in water, without salt, drained solids	128	23.62	2.97	0	0.97	14		can=172
171989		Fish, bass, freshwater, mixed species, cooked, dry heat	146	24.18	4.73	0	1.91	103		fillet=62
171990		Fish, cod, Pacific, cooked, dry heat (may contain additives to retain moisture)	85	18.73	0.5	0	0.2	10	0.6	fillet=90
171991		Fish, cusk, cooked, dry heat	112	24.35	0.88	0	1.06	13		fillet=95
171992		Fish, mahimahi, cooked, dry heat	109	23.72	0.9	0	1.45	19		fillet=159
171993		Fish, drum, freshwater, cooked, dry heat	153	22.49	6.32	0	1.15	77		fillet=154
171994		Fish, mackerel, Pacific and jack, mixed species, cooked, dry heat	201	25.73	10.12	0	1.49	29	11.4	cubic inch, boneless=17|fillet=176
171995		Fish, milkfish, cooked, dry heat	190	26.32	8.63	0	0.41	65		
171996		Fish, monkfish, cooked, dry heat	97	18.56	1.95	0	0.41	10		
171997		Fish, pike, walleye, cooked, dry heat	119	24.54	1.56	0	1.67	141		fillet=124
171998		Fish, salmon, Atlantic, wild, cooked, dry heat	182	25.44	8.13	0	1.03	15		fillet=308
171999		Fish, salmon, chinook, cooked, dry heat	231	25.72	13.38	0	0.91	28		fillet=308
172000		Fish, salmon, chum, cooked, dry heat	154	25.82	4.83	0	0.71	14		fillet=308
172001		Fish, salmon, pink, cooked, dry heat	153	24.58	5.28	0	0.45	8	13	fillet=248
172002		Fish, sucker, white, cooked, dry heat	119	21.49	2.97	0	1.67	90		fillet=124
172003		Fish, sunfish, pumpkin seed, cooked, dry heat	114	24.87	0.9	0	1.54	103		fillet=37
172004		Fish, trout, mixed species, cooked, dry heat	190	26.63	8.47	0	1.92	55		fillet=62
172005		Fish, tuna, skipjack, fresh, cooked, dry heat	132	28.21	1.29	0	1.6	37		fillet=308
172006		Fish, tuna, yellowfin, fresh, cooked, dry heat	130	29.15	0.59	0	0.92	4	2	
172007		Crustaceans, crab, dungeness, cooked, moist heat	110	22.32	1.24	0.95	0.43	59		crab=127
172008		Crustaceans, crab, queen, cooked, moist heat	115	23.72	1.51	0	2.88	33		
172009		Crustaceans, spiny lobster, mixed species, cooked, moist heat	143	26.41	1.94	3.12	1.41	63		lobster=163
172010		Mollusks, cuttlefish, mixed species, cooked, moist heat	158	32.48	1.4	1.64	10.84	180		
172011		Beerwurst, beer salami, pork and beef	277	14	22.53	2.86	1.73	27	0.9	
172012		Bologna, beef	299	10.91	26.13	4.29	1.29	21	0.7	slice=30|serving=28
172013		Bologna, beef and pork	308	15.2	24.59	5.49	1.21	85	0.8	
172014		Pasta, cooked, unenriched, with added salt	157	5.8	0.93	28.79	0.5	7	0	cup spaghetti not packed=124|cup spaghetti packed=151|cup elbows not packed=120|cup elbows packed=132|cup penne=107
172015		Cornmeal, degermed, unenriched, white	370	7.11	1.75	75.55	1.1	3	0	cup=157
172016		Wheat flour, white (industrial), 9% protein, bleached, enriched	367	8.89	1.43	77.32	5.06	20	0	
172017		Wheat flour, white (industrial), 9% protein, bleached, unenriched	367	8.89	1.43	74.92	1.26	20	0	
172018		Wheat flour, white (industrial), 10% protein, bleached, enriched	366	9.71	1.48	73.82	5.06	20	0	
172019		Wheat flour, white (industrial), 10% protein, bleached, unenriched	366	9.71	1.48	73.82	1.26	20	0	
172020		Wheat flour, white (industrial), 13% protein, bleached, unenriched	362	13.07	1.38	69.8	1.26	24	0	
172021		Wheat flour, white (industrial), 15% protein, bleached, enriched	362	15.33	1.41	67.48	5.06	17	0	
172022		Wheat flour, white (industrial), 15% protein, bleached, unenriched	362	15.33	1.41	67.48	1.26	17	0	
172023		Millet flour	382	10.75	4.25	71.62	3.94	14		cup=119
172024		Pasta, whole grain, 51% whole wheat, remaining enriched semolina, cooked (Includes foods for USDA's Food Distribution Program)	156	5.67	1.48	26.37	1.58	11		cup spaghetti not packed=116|cup spaghetti packed=151|cup elbows=117|cup farfalle=107|cup penne=97
172025		Pasta, whole grain, 51% whole wheat, remaining enriched semolina, dry (Includes foods for USDA's Food Distribution Program)	361	13.2	2.55	62	3.41	25		cup spaghetti=91|cup elbows=122|cup penne=95|cup farfalle=81|cup rotini=96
172026		Pasta, gluten-free, brown rice flour, cooked, TINKYADA	138	3.46	1.67	30.5	0.53	5	0	cup spaghetti not packed=169|cup penne not packed=131|cup fettucini not packed=153|cup spirals not packed=136|cup elbows not packed=131
172027		Pasta, gluten-free, corn flour and quinoa flour, cooked, ANCIENT HARVEST	152	3.23	2.07	27.81	0.72	7	0	cup spaghetti packed=166|cup(not packed) not packed=132|cup elbows not packed not pack=111
172028		Fast Foods, biscuit, with egg and sausage	312	11.13	20.77	20.85	1.9	51	0.5	item=162
172029		Fast foods, biscuit, with egg, cheese, and bacon	301	12.01	17.48	24.24	1.57	103	0.5	item=145
172030		Fast foods, biscuit, with ham	342	11.85	16.3	38.05	2.41	142	0.3	biscuit=162
172031		Fast foods, biscuit, with sausage	371	9.67	24.42	29.59	1.86	47	0.3	item=111
172032		Fast foods, english muffin, with cheese and sausage	338	13.28	20.67	24.78	3.14	210	0.4	item=108
172033		Fast foods, english muffin, with egg, cheese, and canadian bacon	228	13.64	9.66	21.27	2.3	192	0.6	sandwich=126
172034		Fast foods, english muffin, with egg, cheese, and sausage	286	13.38	18.1	17.24	2.63	168	0.6	item=165
172035		Fast foods, french toast sticks	340	6	17.74	39.81	1.92	53	0	pieces=21.67
172036		Fast foods, sundae, strawberry	175	4.09	5.13	29.18	0.21	105		sundae=153
172037		Fast foods, shrimp, breaded and fried	308	7.84	18.9	27.29	0.86	29	0	pieces shrimp=13
172038		Fast foods, burrito, with beans	206	6.48	6.22	32.92	2.08	52		pieces=108.5
172039		Fast foods, burrito, with beans and cheese	205	7.35	6.05	27.03	2.37	124	0.1	each burrito=185
172040		PIZZA HUT 12" Cheese Pizza, Hand-Tossed Crust	271	11.93	10.89	29.42	1.95	209		slice=96|pizza=738
172041		PIZZA HUT 12" Cheese Pizza, Pan Crust	280	11.73	12.56	28.23	1.86	208		slice=100|pizza=728
172042		PIZZA HUT 12" Cheese Pizza, THIN 'N CRISPY Crust	303	15.29	14.1	27.04	1.71	278		slice=69|pizza=573
172043		DOMINO'S 14" Cheese Pizza, Crunchy Thin Crust	298	12.33	15.1	25.68	0.91	292		slice=70|pizza=540
172044		DOMINO'S 14" Pepperoni Pizza, Classic Hand-Tossed Crust	273	11.25	11.18	29.76	2.33	141	0	slice=113|pizza=907
172045		DOMINO'S 14" Pepperoni Pizza, Ultimate Deep Dish Crust	283	11.52	12.1	29.49	2.54	149		slice=123|pizza=984
172046		DOMINO'S 14" EXTRAVAGANZZA FEAST Pizza, Classic Hand-Tossed Crust	244	10.33	11.1	23.72	2.32	113		slice=151|pizza=1224
172047		LITTLE CAESARS 14" Original Round Cheese Pizza, Regular Crust	265	13.39	9.54	29.8	2.34	233	0	slice=89|pie=758
172048		LITTLE CAESARS 14" Original Round Pepperoni Pizza, Regular Crust	273	13.59	10.5	29.31	2.34	210	0	slice=90|pie=852
172049		LITTLE CAESARS 14" Original Round Meat and Vegetable Pizza, Regular Crust	243	12.12	11.35	21	2.11	167		slice=115|pie=1043
172050		LITTLE CAESARS 14" Cheese Pizza, Large Deep Dish Crust	263	12.63	10.22	28.8	2.31	224		slice=102|pie=919
172051		PIZZA HUT 14" Cheese Pizza, THIN 'N CRISPY Crust	306	13.37	12.8	31.82	2.52	284		slice=79|pizza=641
172052		PIZZA HUT 14" Pepperoni Pizza, Hand-Tossed Crust	291	12.23	12.63	29.51	2.71	166	0	slice=110|pizza=883
172053		PIZZA HUT 14" Pepperoni Pizza, Pan Crust	291	11.47	13.07	29.79	2.57	147	0	slice=113|pizza=909
172054		PIZZA HUT 14" Super Supreme Pizza, Hand-Tossed Crust	248	11.34	10.95	23.71	1.53	104		slice=123|pizza=1313
172055		Fast Food, Pizza Chain, 14" pizza, meat and vegetable topping, regular crust	244	11.02	10.9	23.18	1.86	120	0	slice=136|pie=1168
172056		Fast foods, griddle cake sandwich, egg, cheese, and sausage	291	10.77	17.73	21.44	1.51	96	0.5	item=199
172057		Fast foods, griddle cake sandwich, sausage	318	8.41	17.76	30.25	1.42	63	0.2	item=135
172058		Fast foods, griddle cake sandwich, egg, cheese, and bacon	272	12.03	13.19	25.39	1.65	109	0.3	item 6.1 oz=174
172059		McDONALD'S, Sausage McGRIDDLES	312	8.41	17.76	30.25	1.42	63		item=135
172060		McDONALD'S, Sausage, Egg & Cheese McGRIDDLES	283	10.77	17.73	21.44	1.51	96		item 7 oz=199
172061		McDONALD'S, Vanilla Reduced Fat Ice Cream Cone	162	4.24	4.86	26.26	0.35	129		item (3.2 oz)=90
172062		McDONALD'S, Strawberry Sundae	158	3.19	3.95	28.09	0.1	110		item (6.3 oz)=178
172063		McDONALD'S, Sausage Burrito	277	11.1	15.63	21.77	2.28	132		burrito=109
172064		McDONALD'S, BIG BREAKFAST	285	10.16	19.37	16.4	1.74	51		item 9.5 oz=269
172065		McDONALD'S, Double Cheeseburger	282	15.5	16.09	17.99	2.24	178		sandwich=155
172066		McDONALD'S, DOUBLE QUARTER POUNDER with Cheese	262	16.96	16.22	13.43	2.18	106		item=280
172067		McDONALD'S, BIG MAC (without Big Mac Sauce)	234	12.79	11.57	19.31	2.14	124		item=200
172068		McDONALD'S, Sausage McMUFFIN with Egg	274	12.59	17.83	16.38	1.97	172		item 5.8 oz=165
172069		McDONALD'S, Bacon Egg & Cheese Biscuit	304	13.45	18.77	21.36	2.13	109		item 4.9 oz=142
172070		McDONALD'S, Sausage Biscuit	376	9.62	25.4	26	2.01	55		item 4.1 oz=117
172071		McDONALD'S, Sausage Biscuit with Egg	311	11.27	22.26	18.48	2.03	58		item 5.7 oz=163
172072		McDONALD'S Bacon Ranch Salad with Crispy Chicken	122	8.82	6.3	5.08	0.61	46		item 11.3 oz=319
172073		McDONALD'S, Bacon Ranch Salad without chicken	61	4.14	3.64	2.7	0.67	63		item 7.8 oz=223
172074		McDONALD'S, Side Salad	20	1.03	0.19	2.7	0.65	24		item 3.1 oz=87
172075		McDONALD'S, Fruit 'n Yogurt Parfait	105	2.73	1.3	19.72	0.45	86		item 5.2 oz=149
172076		BURGER KING, CROISSAN'WICH with Egg and Cheese	283	10.35	15.78	24.09	1.9	231		item=110
172077		BURGER KING, french toast sticks	349	6	17.74	39.81	1.92	53		stick=21|serving 5 sticks=107
172078		BURGER KING, Hash Brown Rounds	302	2.8	19.3	27.07	0.71	15		piece=5.6|serving=160
172079		Fast foods, miniature cinnamon rolls	403	7.02	17.95	51.18	2.55	54		each=25
172080		Fast foods, hamburger; double, large patty; with condiments, vegetables and mayonnaise	252	13.94	15.66	12.34	2.8	35	0.1	item=374
172081		Fast foods, cheeseburger; single, large patty; with condiments, vegetables and mayonnaise	268	13.69	15.8	16.63	2.3	73	0.1	sandwich=215
172082		Fast foods, cheeseburger; single, large patty; with condiments	269	15.21	14.4	18.52	1.02	179	0.1	item=199
172083		Fast Foods, cheeseburger; double, large patty; with condiments, vegetables and mayonnaise	253	15.5	15.63	11.32	4.12	68	0.1	item=355
172084		Fast foods, cheeseburger; double, regular patty; double decker bun with condiments and special sauce	261	11.94	14.1	20.13	1.4	127	0.1	item=219
172085		Light Ice Cream, soft serve, blended with cookie pieces	169	3.97	5.66	25.45	0.61	129	0	
172086		POPEYES, biscuit	401	6	23.71	37.15	2.51	108		biscuit=60
172087		POPEYES, Coleslaw	161	0.98	11.18	12.42	0.23	31		package=120|cup=190
172088		POPEYES, Mild Chicken Strips, analyzed 2006	271	19.2	13.01	18.51	0.91	12		strip=54
172089		Spaghetti with meat sauce, frozen entree	90	5.05	1.01	13.44	1.25	18	0	serving=283
172090		Beef macaroni with tomato sauce, frozen entree, reduced fat	113	5.89	1.96	16.59	1.3	12	0	serving=269
172091		Pasta with Sliced Franks in Tomato Sauce, canned entree	90	4.37	2.38	11.1	0.91	60	0.4	serving (1 cup)=252
172092		Turkey Pot Pie, frozen entree	176	6.5	8.8	16.6	1			package yields=397|serving=397
172093		Beef Pot Pie, frozen entree, prepared	220	7.25	11.39	21.25	1.25	14		pie, cooked (average weight)=268
172094		Tortellini, pasta with cheese filling, fresh-refrigerated, as purchased	307	13.5	7.23	45.1	1.5	152	0	cup=108
172095		Pizza, meat topping, thick crust, frozen, cooked	274	11.76	11.52	28.46	1.7	150	0	slice 1/8 of 12" pizza=103|slice 1/8 of 14" pizza=127
172096		Pizza, pepperoni topping, regular crust, frozen, cooked	274	14.38	13.13	22.69	2.43	168	0	pizza 12" diameter=508
172097		Chili con carne with beans, canned entree	107	5.8	3.47	9.8	1.34	33	0	cup=242
172098		Chili, no beans, canned entree	118	7.53	7.1	5.6	2.01	30	0.1	cup=240
172099		Spaghetti, with meatballs in tomato sauce, canned	100	4.37	4.11	8.75	1.03	29	0.2	cup=246|can=411
172100		Pasta with tomato sauce, no meat, canned	71	2.22	0.71	13.04	0.91	13	0	serving (1 NLEA serving)=252|cup=238
172101		Lasagna with meat & sauce, low-fat, frozen entree	101	6.81	2.23	12.2	0.97	108		package=309
172102		Burrito, beef and bean, microwaved	298	8.73	11.94	32.05	3.12	39		burrito cooked=116
172103		Egg rolls, pork, refrigerated, heated	227	9.94	8.18	28.49	1.55	34	0.1	roll=85
172104		Egg rolls, chicken, refrigerated, heated	197	10.44	4.51	26.14	1.69	47	0	roll=80
172105		Egg rolls, vegetable, frozen, prepared	214	5.95	6.97	29.37	1.95	50	0	egg roll=68
172106		Lasagna, Vegetable, frozen, baked	139	6.87	6.04	12.28	0.55	150	0	serving=227|cup=226
172107		HOT POCKETS, meatballs & mozzarella stuffed sandwich, frozen	252	9.32	10.23	28.48	2.08	181	0.2	hot pocket (1 NLEA serving)=127
172108		LEAN POCKETS, Ham N Cheddar	230	10.28	6.53	30.82	2.15	196	0.2	hot pocket (1 NLEA serving)=127|each (analytical measurement)=129
172109		Lean Pockets, Meatballs & Mozzarella	240	10.49	7.7	30.28	2.06	196		each=128
172110		Chili with beans, microwavable bowls	100	5.85	3.68	7.98	1.13	34	0	cup=244|container=422
172111		Chicken, nuggets, dark and white meat, precooked, frozen, not reheated	268	12.02	17.31	14.49	0.95	47	0.3	serving=87|piece=18
172112		Chicken, nuggets, white meat, precooked, frozen, not reheated	261	14.36	15.42	15.54	1.43	38		serving=82|piece=20
172113		Ravioli, cheese with tomato sauce, frozen, not prepared, includes regular and light entrees	111	4.52	2.61	15.91	0.93	79	0.1	cup=159
172114		Lasagna with meat sauce, frozen, prepared	135	7.28	4.92	13.66	0.71	88	0	piece side=123|piece corner=114|piece center=255
172115		Beef, short loin, porterhouse steak, separable lean and fat, trimmed to 1/8" fat, all grades, cooked, grilled	276	25.4	18.57	0	3	19	0.1	steak=421
172116		Beef, short loin, porterhouse steak, separable lean and fat, trimmed to 1/8" fat, select, raw	208	20.69	13.27	0	2.13	19	0.1	steak=526
172117		Beef, short loin, porterhouse steak, separable lean and fat, trimmed to 1/8" fat, select, cooked, grilled	263	26.21	16.75	0	3.2	20	0.1	steak=426
172118		Beef, short loin, t-bone steak, separable lean and fat, trimmed to 1/8" fat, all grades, raw	223	20.11	15.18	0	1.64	21	0.1	steak=460
172119		Beef, round, knuckle, tip side, steak, separable lean and fat, trimmed to 0" fat, choice, cooked, grilled	174	28.79	5.71	0	2.67	5		steak=141
172120		Beef, round, knuckle, tip side, steak, separable lean and fat , trimmed to 0" fat, select, raw	123	21.96	3.24	0	2.38	5		steak=200
172121		Beef, round, knuckle, tip side, steak, separable lean and fat, trimmed to 0" fat, select, cooked, grilled	160	29.24	3.91	0	2.98	5		steak=174
172122		Beef, chuck, shoulder clod, shoulder tender, medallion, separable lean and fat, trimmed to 0" fat, choice, raw	145	20.51	6.36	0	2.01	5		medallion=40
172123		Beef, chuck, shoulder clod, shoulder top and center steaks, separable lean and fat, trimmed to 0" fat, select, raw	140	21.13	5.51	0	2.64	4		steak=233
172124		Beef, chuck, shoulder clod, shoulder top and center steaks, separable lean and fat, trimmed to 0" fat, select, cooked, grilled	176	26.66	6.94	0	3.23	5		steak=179
172125		Beef, chuck, shoulder clod, top blade, steak, separable lean and fat, trimmed to 0" fat, choice, raw	182	18.75	11.33	0	2.23	5		steak=254
172126		Beef, chuck, shoulder clod, top blade, steak, separable lean and fat, trimmed to 0" fat, choice, cooked, grilled	228	24.7	13.59	0	2.78	6		steak=193
172127		Beef, round, knuckle, tip center, steak, separable lean and fat, trimmed to 0" fat, select, cooked, grilled	162	26.61	5.32	0	2.49	5		steak=160
172128		Beef, round, outside round, bottom round, steak, separable lean and fat, trimmed to 0" fat, choice, raw	150	21.24	6.59	0	2.34	5		steak=293
172129		Beef, round, outside round, bottom round, steak, separable lean and fat, trimmed to 0" fat, choice, cooked, grilled	191	27.22	8.3	0	2.92	5		steak=225
172130		Beef, round, outside round, bottom round, steak, separable lean and fat, trimmed to 0" fat, select, raw	129	22.15	3.83	0	2.91	5		steak=324
172131		Beef, round, knuckle, tip side, steak, separable lean and fat, trimmed to 0" fat, all grades, cooked, grilled	168	29.08	4.84	0	2.77	5		steak=168
172132		Beef, chuck, shoulder clod, shoulder top and center steaks, separable lean and fat, trimmed to 0" fat, all grades, raw	141	20.67	5.88	0	2.31	4		steak=241
172133		Beef, chuck, shoulder clod, shoulder top and center steaks, separable lean and fat, trimmed to 0" fat, all grades, cooked, grilled	182	26.3	7.66	0.12	2.79	5		steak=184
172134		Beef, chuck, shoulder clod, top blade, steak, separable lean and fat, trimmed to 0" fat, all grades, raw	176	18.99	10.52	0	2.36	6		steak=250
172135		Beef, round, outside round, bottom round, steak, separable lean and fat, trimmed to 0" fat, all grades, cooked, grilled	182	27.52	7.1	0	2.99	5		steak=236
172136		Beef, chuck, shoulder clod, shoulder tender, medallion, separable lean and fat, trimmed to 0" fat, select, cooked, grilled	172	26.45	6.43	0.33	2.6	5		medallion=34
172137		Beef, plate steak, boneless, inside skirt, separable lean only, trimmed to 0" fat, choice, raw	171	20.89	9.76	0	1.74	6	0.1	steak=388
172138		Beef, plate steak, boneless, inside skirt, separable lean only, trimmed to 0" fat, select, cooked, grilled	223	30.64	11.16	0	2.36	7	0.1	steak=250
172139		Beef, plate steak, boneless, inside skirt, separable lean only, trimmed to 0" fat, select, raw	153	21.61	7.41	0	1.76	6	0.1	steak=373
172140		Beef, plate steak, boneless, outside skirt, separable lean only, trimmed to 0" fat, all grades, cooked, grilled	282	27.68	19.01	0	5.21	7	0.2	steak=174
172141		Beef, plate steak, boneless, outside skirt, separable lean only, trimmed to 0" fat, select, raw	198	19.14	13.44	0.23	3.8	6	0.2	steak=264
172142		Beef, rib eye steak, boneless, lip off, separable lean only, trimmed to 0" fat, all grades, cooked, grilled	206	28.11	10.37	0	2.53	7	0.1	
172143		Beef, rib eye steak, boneless, lip off, separable lean only, trimmed to 0" fat, all grades, raw	154	21.85	7.41	0	1.94	6	0.1	
172144		Beef, rib eye steak, boneless, lip off, separable lean only, trimmed to 0" fat, choice, cooked, grilled	215	27.39	11.75	0	2.65	8	0.1	steak=242
172145		Beef, rib, back ribs, bone-in, separable lean only, trimmed to 0" fat, all grades, raw	239	19.11	17.91	0.46	1.84	9		ribs=1587
172146		Beef, rib, back ribs, bone-in, separable lean only, trimmed to 0" fat, choice, cooked, braised	306	27.75	21.72	0	2.64	22	0.2	ribs=1197
172147		Beef, rib, back ribs, bone-in, separable lean only, trimmed to 0" fat, choice, raw	252	18.72	19.36	0.64	1.83	8	0.2	ribs=1604
172148		Beef, rib, back ribs, bone-in, separable lean only, trimmed to 0" fat, select, cooked, braised	287	29.28	18.84	0	2.68	22	0.1	ribs=1102
172149		Beef, rib eye roast, bone-in, lip-on, separable lean and fat, trimmed to 1/8" fat, select, cooked, roasted	290	23.36	21.85	0	2.13	14		roast=2259
172150		Beef, rib eye roast, bone-in, lip-on, separable lean and fat, trimmed to 1/8" fat, all grades, cooked, roasted	300	23.47	22.91	0	2.14	13	0.2	roast=2130
172151		Beef, rib eye steak/roast, bone-in, lip-on, separable lean and fat, trimmed to 1/8" fat, all grades, raw	255	18.13	20.31	0	1.74	10	0.2	steak=462|roast=2627
172152		Beef, rib eye steak/roast, bone-in, lip-on, separable lean and fat, trimmed to 1/8" fat, choice, raw	260	17.92	20.96	0	1.73	10	0.2	steak=456|roast=2674
172153		Beef, rib eye roast, boneless, lip-on, separable lean and fat, trimmed to 1/8" fat, all grades, cooked, roasted	292	24.3	21.66	0	1.95	11	0.2	roast=1601
172154		Beef, rib eye roast, boneless, lip-on, separable lean and fat, trimmed to 1/8" fat, choice, cooked, roasted	303	23.92	22.98	0	2	11	0.2	roast=1555
172155		Beef, rib eye roast, boneless, lip-on, separable lean and fat, trimmed to 1/8" fat, select, cooked, roasted	277	24.85	19.68	0	1.87	11	0.1	roast=1669
172156		Beef, rib eye steak/roast, boneless, lip-on, separable lean and fat, trimmed to 1/8" fat, all grades, raw	244	18.85	18.73	0	1.74	8	0.1	steak=361|roast=2155
172157		Beef, plate steak, boneless, inside skirt, separable lean and fat, trimmed to 0" fat, select, cooked, grilled	233	30.06	12.54	0	2.34	7	0.1	steak=250
172158		Beef, plate steak, boneless, inside skirt, separable lean and fat, trimmed to 0" fat, all grades, raw	187	20.38	11.71	0	1.71	6	0.1	steak=382
172159		Beef, plate steak, boneless, inside skirt, separable lean and fat, trimmed to 0" fat, choice, raw	195	20.06	12.78	0	1.7	6	0.1	steak=388
172160		Beef, plate steak, boneless, inside skirt, separable lean and fat, trimmed to 0" fat, select, raw	174	20.87	10.11	0	1.73	6	0.1	steak=373
172161		Beef, ground, unspecified fat content, cooked	240	25.07	14.53	0.62	2.67	25	0.2	
172162		Beef, plate steak, boneless, outside skirt, separable lean and fat, trimmed to 0" fat, choice, raw	238	17.69	18.44	0.35	3.35	6	0.1	steak=268
172163		Beef, plate steak, boneless, outside skirt, separable lean and fat, trimmed to 0" fat, select, raw	222	18.43	16.31	0.36	3.63	6	0.1	steak=264
172164		Beef, rib eye steak, boneless, lip off, separable lean and fat, trimmed to 0" fat, all grades, cooked, grilled	271	24.85	19.02	0	2.4	12	0.1	steak=251
172165		Beef, rib eye steak, boneless, lip off, separable lean and fat, trimmed to 0" fat, choice, cooked, grilled	285	23.89	21.1	0	2.49	12	0.2	steak=242
172166		Beef, rib, back ribs, bone-in, separable lean and fat, trimmed to 0" fat, all grades, cooked, braised	360	24.23	29.21	0	2.4	23	0.2	ribs=1159
172167		Beef, rib, back ribs, bone-in, separable lean and fat, trimmed to 0" fat, choice, cooked, braised	372	23.34	30.95	0	2.34	23	0.2	ribs=1197
172168		Beef, rib, back ribs, bone-in, separable lean and fat, trimmed to 0" fat, select, cooked, braised	341	25.56	26.59	0	2.49	24	0.2	ribs=1102
172169		Beef, rib, back ribs, bone-in, separable lean and fat, trimmed to 0" fat, all grades, raw	324	16.15	28.42	0.78	1.63	10	0.2	ribs=1587
172170		Beef, loin, top sirloin cap steak, boneless, separable lean only, trimmed to 1/8" fat, all grades, cooked, grilled	181	28.26	7.23	0.73	2.02	17	0.1	steak=161
172171		Beef, loin, top sirloin cap steak, boneless, separable lean only, trimmed to 1/8" fat, choice, cooked, grilled	189	28.19	7.96	1.07	2.04	17	0.1	steak=165
172172		Beef, loin, top sirloin cap steak, boneless, separable lean only, trimmed to 1/8" fat, select, cooked, grilled	170	28.36	6.14	0.22	1.82	21	0.1	steak=156
172173		Beef, loin, top sirloin cap steak, boneless, separable lean only, trimmed to 1/8" fat, all grades, raw	134	21.38	5.36	0	2	5	0.1	steak=223
172174		Beef, loin, top sirloin cap steak, boneless, separable lean only, trimmed to 1/8" fat, choice, raw	138	21.34	5.82	0	2.08	5	0.1	steak=238
172175		Cheese, blue	353	21.4	28.74	2.34	0.31	528	0.5	cubic inch=17|cup, crumbled, not packed=135
172176		Cheese, brick	371	23.24	29.68	2.79	0.43	674	0.5	cup, diced=132|cup, shredded=113|cubic inch=17|slice (1 oz)=28
172177		Cheese, brie	334	20.75	27.68	0.45	0.5	184	0.5	cup, sliced=144|cup, melted=240|cubic inch=17|package (4.5 oz)=128
172178		Cheese, camembert	300	19.8	24.26	0.46	0.33	388	0.4	cup=246|cubic inch=17|wedge (1.33 oz)=38
172179		Cheese, cottage, creamed, large or small curd	98	11.12	4.3	3.38	0.07	83	0.1	cup, large curd (not packed)=210|cup, small curd (not packed)=225
172180		Cheese, cottage, creamed, with fruit	97	10.69	3.85	4.41	0.16	53	0	cup (not packed)=226
172181		Cheese, cottage, nonfat, uncreamed, dry, large or small curd	72	10.34	0.29	6.66	0.15	86	0	cup (not packed)=145
172182		Cheese, cottage, lowfat, 2% milkfat	81	10.45	2.27	4.76	0.13	111	0	cup (not packed)=226
172183		Egg, white, raw, fresh	52	10.9	0.17	0.73	0.08	7	0	large=33|cup=243
172184		Egg, yolk, raw, fresh	322	15.86	26.54	3.59	2.73	129	5.4	large=17|cup=243
172185		Egg, whole, cooked, omelet	154	10.57	11.66	0.64	1.48	48	1.7	tbsp=15|large=61
172186		Egg, whole, cooked, poached	143	12.51	9.47	0.71	1.75	56	2	large=50
172187		Egg, whole, cooked, scrambled	149	9.99	10.98	1.61	1.31	66	1.8	large=61|tbsp=13.7|cup=220
172188		Egg, whole, dried	592	48.05	43.9	1.13	7.2	244	8.3	cup, sifted=85|tbsp=5
172189		Egg, duck, whole, fresh, raw	185	12.81	13.77	1.45	3.85	64	1.7	egg=70
172190		Egg, goose, whole, fresh, raw	185	13.87	13.27	1.35	3.64	60	1.7	egg=144
172191		Egg, quail, whole, fresh, raw	158	13.05	11.09	0.41	3.65	64	1.4	egg=9
172192		Egg, turkey, whole, fresh, raw	171	13.68	11.88	1.15	4.1	99		egg=79
172193		Milk, reduced fat, fluid, 2% milkfat, with added nonfat milk solids, without added vitamin A	56	3.95	1.98	5.49	0.06	143		cup=245|quart=980
172194		Milk, canned, evaporated, with added vitamin A	134	6.81	7.56	10.04	0.19	261		cup=252
172195		Milk, dry, nonfat, regular, with added vitamin A and vitamin D	362	36.16	0.77	51.98	0.32	1257	11	cup=120
172196		Milk, dry, nonfat, instant, without added vitamin A and vitamin D	358	35.1	0.72	52.19	0.31	1231	0	cup=68|envelope (1-1/3 cup)=91
172197		Cheese, goat, hard type	452	30.52	35.59	2.17	1.88	895	0.7	
172198		Cheese substitute, mozzarella	248	11.47	12.22	23.67	0.4	610	0	cup, shredded=113|cubic inch=18|slice=28
172199		Yogurt, Greek, 2% fat, mango, CHOBANI	93	7.64	1.69	11.34	0.03	89		
172200		Cheese sauce, prepared from recipe	197	10.33	14.92	5.38	0.35	311	1	tbsp=15|cup=243
172201		Cheese, mexican, queso anejo	373	21.44	29.98	4.63	0.47	680	0.5	cup, crumbled=132
172202		Egg, whole, raw, frozen, pasteurized (Includes foods for USDA's Food Distribution Program)	147	12.33	9.95	1.01	1.74	62	2.6	
172203		Egg, white, raw, frozen, pasteurized	48	10.2	0	1.04	0.04	8	0	
172204		Egg, white, dried	382	81.1	0	7.8	0.15	62	0	
172205		Milk, reduced fat, fluid, 2% milkfat, without added vitamin A and vitamin D	50	3.3	1.98	4.8	0.02	120	0	cup=246|quart=984
172206		Parmesan cheese topping, fat free	370	40	5	40	5	800	0	tablespoon=5
172207		Cheese, cream, fat free	105	15.69	1	7.66	0.19	351	0	tbsp=18
172208		Yogurt, chocolate, nonfat milk	112	3.53	0	22.33	0.42	88	0	container (6 oz)=170
172209		KRAFT CHEEZ WHIZ Pasteurized Process Cheese Sauce	276	12	21	8.9	0.19	359		tbsp=16.5
172210		KRAFT BREAKSTONE'S Reduced Fat Sour Cream	152	4.5	12	6.4	0.06	161		tbsp=15.5
172211		KRAFT BREAKSTONE'S FREE Fat Free Sour Cream	91	4.7	1.3	15.1	0.05	141		tbsp=16
172212		Cream, half and half, fat free	59	2.6	1.4	9	0	96	0	tbsp=14.5|pint=484
172213		Reddi Wip Fat Free Whipped Topping	149	3	5	24.6	0.03	108	0	tablespoon=4|cup=75
172214		Cream substitute, flavored, powdered	482	0.68	21.47	74.22	0.63	5	0	tsp=3
172215		Cheese, provolone, reduced fat	274	24.7	17.6	3.5	0.52	756	0.3	cup, diced=132|cup, shredded=113|cubic inch=14.3|slice (1 oz)=28|package (6 oz)=170
172216		Cheese, Mexican, blend, reduced fat	282	24.69	19.4	3.41	0.13	1146	0.4	cup=112
172217		Milk, whole, 3.25% milkfat, without added vitamin A and vitamin D	61	3.15	3.27	4.78	0.03	113	0.1	cup=244|tbsp=15|quart=976
172218		Yogurt, fruit, lowfat, with low calorie sweetener, fortified with vitamin D	105	4.86	1.41	18.6	0.07	152	1.3	container (6 oz)=170|cup (8 fl oz)=245|container (8 oz)=227
172219		Yogurt, vanilla, low fat, fortified with vitamin D	85	4.93	1.25	13.8	0.07	171	1.2	container (6 oz)=170|container (8 oz)=227|container (4 oz)=226|cup (8 fl oz)=245
172220		Yogurt, vanilla or lemon flavor, nonfat milk, sweetened with low-calorie sweetener, fortified with vitamin D	43	3.86	0.18	7.5	0.12	143	1.2	container (6 oz)=170
172221		Yogurt, chocolate, nonfat milk, fortified with vitamin D	112	3.53	0	22.33	0.42	88	1.2	container (6 oz)=170
172222		Cheese, dry white, queso seco	325	24.51	24.35	2.04	0.18	661	1.8	cup grated=97
172223		Cheese, fresh, queso fresco	299	18.09	23.82	2.98	0.2	566	2.7	cup, crumbled=122
172224		Cheese, white, queso blanco	310	20.38	24.31	2.53	0.18	690	0.7	cup, crumbled=118
172225		Milk, buttermilk, fluid, whole	62	3.21	3.31	4.88	0.03	115	1.3	cup=245
172226		Ice cream sandwich	237	4.29	8.57	37.14	0.26	86	0	serving=70
172227		Ice cream cookie sandwich	240	3.7	7.4	38.4	1.1	73	0	serving=82
172228		Ice cream cone, chocolate covered, with nuts, flavors other than chocolate	354	5.21	21.88	33.38	0	63	0.1	unit=96
172229		Ice cream sandwich, made with light ice cream, vanilla	186	4.29	3.04	39.64	0.09	30	0	serving=70
172230		Ice cream sandwich, vanilla, light, no sugar added	200	5.71	2.86	35.76	0	86	0	serving=70
172231		Spices, turmeric, ground	312	9.68	3.25	44.44	55	168	0	tsp=3|tbsp=9.4
172232		Basil, fresh	23	3.15	0.64	1.05	3.17	177	0	leaves=0.5|tbsp, chopped=2.65|cup leaves, whole=24
172233		Dill weed, fresh	43	3.46	1.12	4.92	6.59	208	0	sprigs=0.2|cup sprigs=8.9
172234		Mustard, prepared, yellow	60	3.74	3.34	1.83	1.61	63	0	tsp or 1 packet=5|cup=249
172235		Vanilla extract, imitation, alcohol	237	0.05	0	2.41	0.13	0	0	tsp=4.2|tbsp=13
172236		Vanilla extract, imitation, no alcohol	56	0.03	0	14.4	0.05	3	0	tsp=4.2|tbsp=13
172237		Vinegar, distilled	18	0	0	0.04	0.03	6	0	tbsp=14.9|cup=238|tsp=5
172238		Capers, canned	23	2.36	0.86	1.69	1.67	40	0	tbsp, drained=8.6
172239		Spearmint, dried	285	19.93	6.03	22.24	87.47	1488	0	tsp=0.5|tbsp=1.6
172240		Vinegar, red wine	19	0.04	0	0.27	0.45	6		tbsp=14.9|cup=239|tsp=5
172241		Vinegar, balsamic	88	0.49	0	17.03	0.72	27		tbsp=16|cup=255|tsp=5.3
172242		Seasoning mix, dry, sazon, coriander & annatto	0	0	0	0	0	0		tsp=4
172243		Seasoning mix, dry, taco, original	322	4.5	0	44.7	7.2	0		tsp=2.85
172244		Babyfood, meat, beef, junior	81	12.03	2.52	2.43	0.98	5	0.4	tbsp=14.7|jar=71
172245		Babyfood, meat, veal, strained	81	13.12	2.45	1.51	0.76	6	0.7	tbsp=16|jar=71
172246		Babyfood, meat, pork, strained	124	14	7.1	0	1	5		jar=71
172247		Babyfood, meat, ham, strained	97	11.3	3.8	3.7	1.03	6	0.4	tbsp=15|jar=71|jar Gerber Second Foods (2.5 o=71
172248		Babyfood, meat, chicken, junior	146	14	9.6	0	0.99	55	0	tbsp=15|jar=71|jar Gerber Third Foods (2.5 oz=71|jar Heinz Junior-3 (2.5 oz)=71
172249		Babyfood, meat, chicken sticks, junior	188	14.6	14.4	1.3	1.56	73	0.1	stick=10|jar=71|jar Gerber Graduate (2.5 oz)=71
172250		Babyfood, meat, turkey, strained	111	11.5	6.2	1.4	0.7	41	0.8	tbsp=15|jar=71|jar Beech-Nut Stage 1 (2.5 oz)=71|jar Gerber Second Foods (2.5 o=71|jar Heinz Strained-2 (2.5 oz)=71
172251		Babyfood, meat, turkey, junior	111	11.5	6.2	1.4	0.7	41	0.8	tbsp=19|container=68
172252		Babyfood, finger snacks, GERBER, GRADUATES, PUFFS, apple and cinnamon	344	6.19	2.3	81.99	24.74	535	0	
172253		Babyfood, water, bottled, GERBER, without added fluoride	0	0	0	0	0	0	0	serving=113
172254		Babyfood, GERBER, 3rd Foods, apple, mango and kiwi	48	0.47	0	10.88	0.17	9	0	serving=170
172255		Babyfood, tropical fruit medley	46	0.31	0.14	10.92	0	0	0	serving=88
172256		Babyfood, dinner, vegetables and dumplings and beef, strained	48	2	0.9	7.7	0.39	14		jar=113
172257		Babyfood, ravioli, cheese filled, with tomato sauce	99	3.6	2.2	16.2	0.8	54	0	tbsp=16|piece=8
172258		Babyfood, dinner, beef noodle, strained	63	2.44	2.26	6.88	0.41	10	0	tbsp=16|jar=113|jar Gerber Second Food (4 oz)=113|jar Beech-Nut Stage 2 (4 oz)=113|jar Heinz Strained-2 (4 oz)=113
172259		Babyfood, macaroni and cheese, toddler	82	3.5	2.6	10.7	0.6	102	0	container=113
172260		Babyfood, dinner, beef and rice, toddler	82	5	2.9	8.8	0.69	11		jar=170
172261		Babyfood, dinner, beef with vegetables	96	2.03	6.93	4.56	0.33	19	0	jar Beech-Nut Stage 2 (4 oz)=113
172262		Babyfood, dinner, vegetables and lamb, junior	51	2.1	1.7	6	0.34	13	0	jar=170
172263		Babyfood, dinner, chicken noodle, strained	74	3.53	3.22	6.11	0.49	27	0.1	tbsp=16|jar=113|jar Gerber Second Food (4 oz)=113|jar Beech-Nut Stage 2 (4 oz)=113|jar Heinz Strained-2 (4 oz)=113
172264		Babyfood, dinner, chicken noodle, junior	74	3.53	3.23	6.1	0.49	27	0	tbsp=16|jar=170|jar Beech-Nut Stage 3 (6 oz)=170|jar Gerber Third Foods (6 oz)=170|jar Heinz Junior-3 (6 oz)=170
172265		Babyfood, dinner, vegetables, noodles and chicken, junior	64	1.7	2.2	8	0.49	26		jar=170
172266		Babyfood, dinner, pasta with vegetables	60	1.7	2.1	6.9	0.5	14	0	jar, Gerber (4 oz)=113
172267		Babyfood, dinner, vegetables and noodles and turkey, strained	44	1.2	1.2	5.7	0.19	32		jar=113
172268		Babyfood, dinner, vegetables and noodles and turkey, junior	52	1.8	1.5	6.5	0.26	32		jar=170
172269		Babyfood, dinner, turkey and rice, strained	52	2.27	1.24	7.04	0.29	18	0	tbsp=16|jar=113|jar Gerber Second Food (4 oz)=113|jar Beech-Nut Stage 2 (4 oz)=113|jar Heinz Strained-2 (4 oz)=113
172270		Babyfood, dinner, macaroni and cheese, junior	61	2.6	2	7.9	0.3	51	0	jar=170
172271		Babyfood, vegetables, green beans, strained	27	1.2	0.17	4.09	0.67	39	0	cup=240|tbsp=15|jar=113|jar Beech-Nut Stage I (4 oz)=113|jar Gerber First Foods (2.5 oz=71
172272		Babyfood, vegetables, green beans, junior	24	1.2	0.1	3.9	1.08	65	0	cup=240|tbsp=15|jar=170|jar Beech-Nut Stage 3 (6 oz)=170
172273		Babyfood, green beans, dices, toddler	29	1.2	0.2	4.4	0.4	27	0	jar=128
172274		Babyfood, vegetables, squash, strained	28	0.81	0.2	4.83	0.32	24	0	tbsp=16|jar=113
172275		Babyfood, vegetables, squash, junior	24	0.81	0.2	4.83	0.32	24	0	tbsp=16|jar=99|container=67
172276		Babyfood, vegetables, sweet potatoes strained	57	1.1	0.1	11.7	0.37	16	0	cup=224|tbsp=14|jar=113|jar Beech-Nut Baby's First (2.=71|jar Beech-Nut Stage I (4 oz)=113
172277		Babyfood, vegetables, sweet potatoes, junior	60	1.1	0.1	12.5	0.39	16	0	cup=224|tbsp=14|jar=170|jar Beech-Nut Stage 3 (6 oz)=170|jar Gerber Third Foods (6 oz)=170
172278		Babyfood, fruit, applesauce, junior	37	0	0	8.6	0.22	5	0	tbsp=16|jar=170|jar Beech-Nut Stage 3 (6 oz)=170|jar Gerber Third Foods (6 oz)=170|jar Heinz Junior-3 (6 oz)=170
172279		Babyfood, fruit, apricot with tapioca, strained	60	0.3	0	14.8	0.3	9	0	tbsp=15|jar=113|jar Gerber Second Food (4 oz)=113|jar Heinz Strained-2 (4.25 oz)=120
172280		Babyfood, vegetables, corn, creamed, strained	57	1.4	0.4	12	0.28	20	0	jar=113|tbsp=15|cup=240|jar Gerber Second Food (4 oz)=113|jar Beech-Nut Stage 2 (4 oz)=113
172281		Babyfood, dinner, mixed vegetable, junior	34	1.01	0.11	6.88	0.31	17	0	serving=99
172282		Babyfood, fruit, bananas with tapioca, junior	67	0.4	0.2	16.2	0.3	8	0	tbsp=15|jar=170|jar Gerber Third Foods (6 oz)=170|jar Heinz Junior-3 (6 oz)=170
172283		Babyfood, vegetables, mix vegetables junior	36	1.4	0.4	6.7	0.41	11	0	serving 3.5 oz serving=99|tbsp=15|cup=240|package 7 oz=198
172284		Babyfood, vegetables, garden vegetable, strained	32	2.3	0.2	5.3	0.83	28	0	jar=113
172285		Babyfood, plums, bananas and rice, strained	57	1.1	0.3	11.4	0	3	0	jar Earth's Best=113
172286		Babyfood, dinner, turkey, rice, and vegetables, toddler	60	3.8	1.6	6.7	0.4	11	0	jar Beech nut=170
172287		Babyfood, dinner, apples and chicken, strained	65	2.16	1.38	9.08	0.38	18	0	jar=113|jar Gerber Second Food (4 oz)=113|jar Beech-Nut Stage 2 (4 oz)=113|jar Heinz Strained-2 (4 oz)=113
172288		Babyfood, dinner, broccoli and chicken, junior	62	3.59	2.48	4.94	0.52	37	0	tbsp=29|container=162
172289		Infant formula, MEAD JOHNSON, Enfamil Premature High Protein 24 Calories, ready to feed, with ARA and DHA	81	2.8	3.9	8.66	1.41	139	5.8	
172290		Infant formula, MEAD JOHNSON, Enfamil Premature 30 Calories, ready to feed, with ARA and DHA	101	3.2	4.8	11.13	1.74	159	7.2	
172291		Infant formula, MEAD JOHNSON, Enfamil for Supplementing, powder, with ARA and DHA, not reconstituted	513	11.7	27	55.8	9.2	420	9.5	serving=8.7
172292		Infant formula, MEAD JOHNSON, Enfamil Reguline Powder, with ARA and DHA, not reconstituted	513	11.7	27	55.9	2.6	420	7.5	scoop=8.7
172293		Infant formula, MEAD JOHNSON, Pregestimil 24 Calories, ready to feed, with ARA and DHA	72	2.2	4.4	5.95	1.4	73	1	ml=1.04
172294		Toddler drink, MEAD JOHNSON, PurAmino Toddler Powder, with ARA and DHA, not reconstituted	512	13.9	26	55.68	9	470	6.2	scoop=7.2
172295		Infant formula, MEAD JOHNSON, Enfamil for Supplementing, ready to feed, with ARA and DHA	68	1.51	3.5	7.6	1.18	54	1.2	ml=1.03
172296		Babyfood, cereal, barley, prepared with whole milk	84	3.73	3.26	9.34	3.49	162	1.2	
172297		Babyfood, cereal, oatmeal, with bananas, prepared with whole milk	86	3.82	3.46	9.6	3.63	153	1.2	
172298		Babyfood, cereal, oatmeal, with honey, prepared with whole milk	115	5	3.9	15.3	11.09	289		
172299		Babyfood, cereal, rice, prepared with whole milk	85	3.45	3.38	10.31	3.63	168	1.2	
172300		Babyfood, cereal, rice, with honey, prepared with whole milk	115	3.9	3.3	17.1	10.81	291		
172301		Infant formula, MEAD JOHNSON, ENFAMIL, with iron, powder	520	10.8	27	56.2	9.3	400	7.8	scoop=8.3
172302		Infant formula, MEAD JOHNSON, ENFAMIL, Infant, with iron, powder, with ARA and DHA	511	10.8	27	56.2	9.3	400	7.8	scope=8.8|scoop=8.5
172303		Infant formula, MEAD JOHNSON, ENFAMIL, Infant, with iron, liquid concentrate, with ARA and DHA, reconstituted	68	1.31	3.5	7.86	1.18	51	1	
172304		Infant formula, MEAD JOHNSON, ENFAMIL LIPIL, with iron, ready-to-feed, with ARA and DHA	64	1.38	3.5	7.1	1.18	51	1	serving 100 ml=106
172305		Infant formula, MEAD JOHNSON, ENFAMIL, LIPIL, low iron, ready to feed, with ARA and DHA	64	1.38	3.5	7.18	0.46	51	1	serving 100 ml=106
172306		Infant formula, MEAD JOHNSON, ENFAMIL, Infant, ready-to-feed, with ARA and DHA	68	1.31	3.5	7.86	1.18	51	1	serving 100 ml=106
172307		Infant formula, ABBOTT NUTRITION, SIMILAC, PM 60/40, powder not reconstituted	524	11.4	28.71	54.94	1.13	288	7.7	scoop=8.7
172308		Infant formula, MEAD JOHNSON, ENFAMIL, NUTRAMIGEN WITH LGG, with iron, powder, not reconstituted, with ARA and DHA	514	14.1	27	53.6	9.1	470	6.3	scoop=9
172309		Infant formula, MEAD JOHNSON, ENFAMIL, NUTRAMIGEN, with iron, ready-to-feed, with ARA and DHA	68	1.83	3.5	7.21	1.18	62	0.8	serving 100 ml=107
172310		Infant formula, ABBOTT NUTRITION, SIMILAC, ALIMENTUM, with iron, ready-to-feed	66	1.8	3.63	6.77	1.18	69	0.7	
172311		Infant formula, MEAD JOHNSON, ENFAMIL, ENFACARE, with iron, powder, with ARA and DHA	505	13.9	26	53.8	8.9	600	9.3	scoop=9.9
172312		Infant formula, ABBOTT NUTRITION, SIMILAC, with iron, liquid concentrate, not reconstituted	127	2.64	6.89	13.76	2.3	99	1.9	
172313		Child formula, ABBOTT NUTRITION, PEDIASURE, ready-to-feed	99	2.86	4.77	11.15	1.34	93	1.2	
172314		Infant formula, MEAD JOHNSON, NEXT STEP, PROSOBEE LIPIL, powder, with ARA and DHA	480	15.6	21	57.1	9.5	920	7.1	scoop=9.33
172315		Infant formula, MEAD JOHNSON, NEXT STEP, PROSOBEE, LIPIL, ready to feed, with ARA and DHA	67	2.14	2.91	8.09	1.31	128	1	serving 100 ml=103
172316		Infant formula, NESTLE, GOOD START SOY, with ARA and DHA, powder	503	12.5	25.6	55.6	9	526	7.5	scoop=9.4
172317		Babyfood, corn and sweet potatoes, strained	68	1.26	0.28	13.43	0.31	18	0	
172318		Infant formula, ABBOTT NUTRITION, SIMILAC, ALIMENTUM, ADVANCE, ready-to-feed, with ARA and DHA	67	1.8	3.63	6.77	1.18	69	0.7	
172319		Infant formula, PBM PRODUCTS, store brand, ready-to-feed	63	1.4	3.5	6.39	1.18	41	0.9	
172320		Infant formula, PBM PRODUCTS, store brand, liquid concentrate, not reconstituted	130	2.9	7	13.9	2.36	83	1.9	
172321		Infant formula, MEAD JOHNSON, ENFAMIL, AR, ready-to-feed, with ARA and DHA	71	1.64	3.3	8.33	1.18	51	1	serving 100 ml=106
172322		Infant formula, MEAD JOHNSON, ENFAMIL, AR, powder, with ARA and DHA	504	12.4	25	57.4	9.16	390	7.5	scoop=9|serving 100 ml=106
172323		Infant formula, ABBOTT NUTRITION, SIMILAC NEOSURE, ready-to-feed, with ARA and DHA	69	1.92	3.77	6.94	1.23	72	1.2	
172324		Infant formula, ABBOTT NUTRITION, SIMILAC, NEOSURE, powder, with ARA and DHA	520	14.42	28.33	51.75	9.26	541	9	
172325		Infant formula, ABBOTT NUTRITION, SIMILAC, SENSITIVE (LACTOSE FREE) ready-to-feed, with ARA and DHA	68	1.48	3.74	7.4	1.24	58	1	
172326		Infant formula, ABBOTT NUTRITION, SIMILAC, ADVANCE, with iron, liquid concentrate, not reconstituted	127	2.64	6.89	13.52	2.3	99	1.9	
172327		Shortening, household, lard and vegetable oil	900	0	100	0	0	0	0	tablespoon=12.8|cup=205
172328		Oil, sunflower, linoleic, (partially hydrogenated)	884	0	100	0	0	0		tbsp=13.6|cup=218|tsp=4.5
172329		Shortening bread, soybean (hydrogenated) and cottonseed	884	0	100	0	0	0		tablespoon=12.8|cup=205
172330		Shortening cake mix, soybean (hydrogenated) and cottonseed (hydrogenated)	884	0	100	0	0	0	0	tbsp=12.8|cup=205
172331		Shortening frying (heavy duty), palm (hydrogenated)	884	0	100	0	0	0		tbsp=12.8|cup=205
172332		Shortening household soybean (hydrogenated) and palm	884	0	100	0	0	0		tbsp=12.8|cup=205
172333		Shortening frying (heavy duty), soybean (hydrogenated), linoleic (less than 1%)	884	0	100	0	0	0		tbsp=12.8|cup=205
172334		Shortening, confectionery, fractionated palm	884	0	100	0	0	0		tbsp=13.6|cup=218
172335		Oil, nutmeg butter	884	0	100	0	0	0		tbsp=13.6|cup=218|tsp=4.5
172336		Oil, canola	884	0	100	0	0	0	0	tbsp=14|cup=218|tsp=4.5
172337		Oil, mustard	884	0	100	0	0	0		tbsp=14|cup=218|tsp=4.5
172338		Oil, sunflower, high oleic (70% and over)	884	0	100	0	0	0	0	tbsp=14|cup=218|tsp=4.5
172339		Margarine-like, margarine-butter blend, soybean oil and butter	727	0.31	80.32	0.77	0.04	10	0	tbsp=14.1|cup=227|tsp=4.7|stick=111
172340		Fish oil, herring	902	0	100	0	0	0		tbsp=13.6|tsp=4.5|cup=218
172341		Fish oil, menhaden	902	0	100	0	0	0		tbsp=13.6|tsp=4.5|cup=218
172342		Fish oil, menhaden, fully hydrogenated	902	0	100	0	0	0		tbsp=12.5|tsp=4.5|cup=205
172343		Fish oil, salmon	902	0	100	0	0	0		tbsp=13.6|tsp=4.5|cup=218
172344		Butter, light, stick, without salt	499	3.3	55.1	0	1.09	48	0	tablespoon=14
172345		Animal fat, bacon grease	897	0	99.5	0	0	0	2.5	tsp=4.3
172346		Margarine, regular, 80% fat, composite, stick, with salt	717	0.16	80.71	0.7	0.06	3	0	tbsp=14|cup=227|tsp=4.7|pat (1" sq, 1/3" high)=5|stick=113
172347		Margarine, regular, 80% fat, composite, tub, with salt	713	0.22	80.17	0.75	0	3	0	tbsp=14.2|cup=227
172348		Margarine-like, vegetable oil spread, 60% fat, stick, with salt	537	0.12	60.39	0.69	0	21	0	tbsp=14.3|cup=229|tsp=4.8
172349		Margarine, regular, 80% fat, composite, tub, without salt	713	0.22	80.17	0.75	0	3	0	tbsp=14.2|cup=227
172350		Margarine-like, vegetable oil spread, 60% fat, stick/tub/bottle, without salt	533	0.17	59.81	0.86	0	21	0	tbsp=14
172351		Margarine-like, vegetable oil spread, fat free, liquid, with salt	43	1.5	3	2.5	0.03	38	0	tbsp=15
172352		Margarine-like spread with yogurt, 70% fat, stick, with salt	630	0.3	70	0.5	0.01	20	0	tablespoon=14
172353		Margarine-like, vegetable oil spread, fat-free, tub	44	0.1	3.04	4.34	0.08	8	0	tbsp=14.6|cup=233
172354		Margarine-like, vegetable oil spread, 20% fat, with salt	175	0	19.5	0.4	0	0	0	tbsp=15|cup=240
172355		Margarine-like, vegetable oil spread, 20% fat, without salt	175	0	19.5	0.4	0	0	0	tbsp=12.8|cup=205
172356		Salad dressing, thousand island dressing, fat-free	132	0.55	1.45	25.97	0.28	11	0	tbsp=16|cup=256
172357		Oil, industrial, mid-oleic, sunflower	884	0	100	0	0.03	0		tablespoon=13.6|teaspoon=4.5|cup=218
172358		Oil, industrial, canola with antifoaming agent, principal uses salads, woks and light frying	884	0	100	0	0	0		tablespoon=13.6|cup=218
172359		Oil, industrial, canola for salads, woks and light frying	884	0	100	0	0	0		tablespoon=13.6|teaspoon=4.5|cup=218
172360		Oil, industrial, canola (partially hydrogenated) oil for deep fat frying	884	0	100	0	0	0		tablespoon=13.6|teaspoon=4.5|cup=218
172361		Oil, industrial, soy (partially hydrogenated), multiuse for non-dairy butter flavor	884	0	100	0	0	0	0	tbsp=13.6|cup=218|tsp=4.5
172362		Oil, industrial, soy ( partially hydrogenated), all purpose	884	0	100	0	0	0	0	tbsp=13.6|cup=218|tsp=4.5
172363		Oil, industrial, soy (partially hydrogenated ) and soy (winterized), pourable clear fry	884	0	100	0	0	0		tbsp=13.6|cup=218|tsp=4.5
172364		Oil, industrial, soy (partially hydrogenated) and cottonseed, principal use as a tortilla shortening	884	0	100	0	0	0	0	tbsp=13.6|cup=218|tsp=4.5
172365		Oil, industrial, coconut, confection fat, typical basis for ice cream coatings	884	0	100	0	0.15	2	0	tbsp=13.6|cup=218|tsp=4.5
172366		Oil, industrial, palm kernel (hydrogenated) , used for whipped toppings, non-dairy	884	0	100	0	0.15	1		tbsp=13.6|cup=218|tsp=4.5
172367		Oil, industrial, coconut (hydrogenated), used for whipped toppings and coffee whiteners	880	0	99.5	0	0.15	1		tbsp=13.6|cup=218|tsp=4.5
172368		Oil, industrial, palm and palm kernel, filling fat (non-hydrogenated)	880	0	99.5	0	0.15	1		tbsp=13.6|cup=218|tsp=4.5
172369		Margarine, industrial, soy and partially hydrogenated soy oil, use for baking, sauces and candy	714	0.18	80	0.71	0.12	3		tbsp=14|cup=227|tsp=4.7
172370		Oil, vegetable, soybean, refined	884	0	100	0	0.02	0		tablespoon=13.6|cup=218|teaspoon=4.5
172371		Margarine-like spread, SMART BALANCE Regular Buttery Spread with flax oil	583	0.14	64.63	0.14				tablespoon=14
172372		Margarine-like spread, SMART BALANCE Light Buttery Spread	337	0.02	36.41	1.98	0	3		tbsp=14
172373		Chicken, broilers or fryers, drumstick, meat and skin, raw	161	18.08	9.2	0.11	0.71	8	0.1	drumstick with skin=133|drumstick=130
172374		Chicken, broilers or fryers, drumstick, meat and skin, cooked, fried, batter	268	21.95	15.75	7.98	1.35	17		unit (yield from 1 lb ready-to=43|drumstick, bone removed=72
172375		Chicken, broilers or fryers, drumstick, meat only, cooked, fried	195	28.62	8.08	0	1.32	12		unit (yield from 1 lb ready-to=25|drumstick, bone and skin remov=42
172376		Chicken, broilers or fryers, dark meat, drumstick, meat only, cooked, roasted	155	24.24	5.7	0	1.14	11	0	drumstick without skin=96|drumstick with skin=105
172377		Chicken, broilers or fryers, drumstick, meat only, cooked, stewed	169	27.5	5.71	0	1.37	11	0.1	drumstick, bone and skin remov=46|cup, chopped or diced=160|unit (yield from 1 lb ready-to=28
172378		Chicken, broilers or fryers, leg, meat and skin, raw	214	16.37	15.95	0.17	0.69	9	0.1	leg, with skin (Sum of drumsti=344|drumstick with skin=111|thigh with skin=185|back with skin=49
172379		Chicken, broilers or fryers, leg, meat only, cooked, fried	208	28.38	9.32	0.65	1.4	13		unit (yield from 1 lb ready-to=56|leg, bone and skin removed=94
172380		Chicken, broilers or fryers, leg, meat only, cooked, roasted	174	24.22	7.8	0	1.08	12	0.1	leg (Sum of drumstick+thigh+ba=199|drumstick bone and skin=105|thigh bone and skin=72|back bone and skin=22
172381		Chicken, broilers or fryers, leg, meat only, cooked, stewed	185	26.26	8.06	0	1.4	11	0.1	cup, chopped or diced=160|unit (yield from 1 lb ready-to=60|leg, bone and skin removed=101
172382		Chicken, broilers or fryers, neck, meat and skin, raw	297	14.07	26.24	0	1.9	18		unit (yield from 1 lb ready-to=15|neck, bone removed=50
172383		Chicken, broilers or fryers, neck, meat only, cooked, fried	229	26.87	11.88	1.77	2.98	41		unit (yield from 1 lb ready-to=7|neck, bone and skin removed=22
172384		Chicken, broilers or fryers, neck, meat only, cooked, simmered	179	24.56	8.18	0	2.63	44	0.1	unit (yield from 1 lb ready-to=5|neck, bone and skin removed=18
172385		Chicken, broilers or fryers, thigh, meat and skin, raw	221	16.52	16.61	0.25	0.68	7	0.1	thigh with skin=193
172386		Chicken, broilers or fryers, thigh, meat and skin, cooked, fried, batter	277	21.61	16.53	8.78	1.45	18		unit (yield from 1 lb ready-to=52|thigh, bone removed=86
172387		Chicken, broilers or fryers, thigh, meat only, cooked, fried	218	28.18	10.3	1.18	1.46	13	0.2	unit (yield from 1 lb ready-to=31|thigh, bone and skin removed=52
172388		Chicken, broilers or fryers, thigh, meat only, cooked, roasted	179	24.76	8.15	0	1.13	9	0.2	thigh without skin=116|thigh with skin=137
172389		Chicken, broilers or fryers, thigh, meat only, cooked, stewed	195	25	9.79	0	1.42	11	0.1	cup, chopped or diced=140|unit (yield from 1 lb ready-to=33|thigh, bone and skin removed=55
172390		Chicken, broilers or fryers, wing, meat and skin, raw	191	17.52	12.85	0	0.46	11	0.1	piece=107|package=1150
172391		Chicken, broilers or fryers, wing, meat only, cooked, fried	211	30.15	9.15	0	1.14	15	0.1	unit (yield from 1 lb ready-to=12|wing, bone and skin removed=20
172392		Chicken, broilers or fryers, wing, meat only, cooked, roasted	203	30.46	8.13	0	1.16	16	0.1	unit (yield from 1 lb ready-to=13|wing, bone and skin removed=21
172393		Chicken, broilers or fryers, wing, meat only, cooked, stewed	181	27.18	7.18	0	1.12	13	0.1	cup, chopped or diced=140|unit (yield from 1 lb ready-to=14|wing, bone and skin removed=24
172394		Chicken, roasting, meat and skin and giblets and neck, raw	213	17.09	15.46	0.09	1.37	10		chicken=1509
172395		Chicken, roasting, meat only, cooked, roasted	167	25.01	6.63	0	1.21	12		cup, chopped or diced=140|unit (yield from 1 lb ready-to=171
172396		Chicken, roasting, giblets, raw	127	18.14	5.04	1.14	5.4	10		unit (yield from 1 lb ready-to=25|giblets=113
172397		Chicken, roasting, giblets, cooked, simmered	165	26.77	5.22	0.86	6.09	12		cup, chopped or diced=145|unit (yield from 1 lb ready-to=15
172398		Chicken, roasting, light meat, meat only, raw	109	22.2	1.63	0	0.89	11		unit (yield from 1 lb ready-to=99|chicken, bone and skin removed=440
172399		Chicken, stewing, meat and skin, and giblets and neck, cooked, stewed	214	24.88	11.91	0	1.64	13	0	cup, chopped or diced=160|unit (yield from 1 lb ready-to=202|chicken, bone removed=593
172400		Chicken, stewing, meat and skin, raw	258	17.55	20.33	0	1.04	10		unit (yield from 1 lb ready-to=271|chicken, bone removed=796
172401		Chicken, stewing, meat and skin, cooked, stewed	285	26.88	18.87	0	1.37	13		unit (yield from 1 lb ready-to=178|chicken, bone removed=522
172402		Chicken, stewing, meat only, raw	148	21.26	6.32	0	1.09	10		unit (yield from 1 lb ready-to=194|chicken, bone and skin removed=568
172403		Chicken, stewing, meat only, cooked, stewed	237	30.42	11.89	0	1.43	13		cup, chopped or diced=140|unit (yield from 1 lb ready-to=137
172404		Chicken, stewing, dark meat, meat only, raw	157	19.7	8.12	0	1.22	10		unit (yield from 1 lb ready-to=105|chicken, bone and skin removed=308
172405		Chicken, stewing, dark meat, meat only, cooked, stewed	258	28.14	15.28	0	1.64	12		cup, chopped or diced=140|unit (yield from 1 lb ready-to=73
172406		Chicken, capons, meat and skin and giblets and neck, raw	232	18.51	16.9	0.08	1.41	11		capon=2152
172407		Chicken, capons, meat and skin and giblets and neck, cooked, roasted	226	28.35	11.67	0.04	1.79	15		capon=1418|unit (yield from 1 lb ready-to=218
172408		Duck, domesticated, meat and skin, raw	404	11.49	39.34	0	2.4	11	0.7	unit (yield from 1 lb ready-to=287|duck=1268
172409		Duck, domesticated, meat and skin, cooked, roasted	337	18.99	28.35	0	2.7	11	0.1	cup, chopped or diced=140|unit (yield from 1 lb ready-to=173|duck=764
172410		Duck, domesticated, meat only, raw	135	18.28	5.95	0.94	2.4	11	0.1	unit (yield from 1 lb ready-to=137|duck=606
172411		Duck, domesticated, meat only, cooked, roasted	201	23.48	11.2	0	2.7	12	0.1	cup, chopped or diced=140|unit (yield from 1 lb ready-to=100|duck=442
172412		Goose, domesticated, meat and skin, cooked, roasted	305	25.16	21.92	0	2.83	13	0.1	cup, chopped or diced=140|unit (yield from 1 lb ready-to=188|goose=1548
172413		Goose, domesticated, meat only, raw	161	22.75	7.13	0	2.57	13		unit (yield from 1 lb ready-to=185|goose=1532
172414		Goose, domesticated, meat only, cooked, roasted	238	28.97	12.67	0	2.87	14		unit (yield from 1 lb ready-to=143|goose=1182
172415		Goose, liver, raw	133	16.37	4.28	6.32	30.53	43		liver=94|unit (yield from 1 lb ready-to=11
172416		Guinea hen, meat and skin, raw	158	23.4	6.45	0	0.84	11		unit (yield from 1 lb ready-to=359|guinea=690
172417		Pheasant, leg, meat only, raw	134	22.2	4.3	0	1.78	29		unit (yield from 1 lb ready-to=99|leg, bone and skin removed=107
172418		Quail, meat and skin, raw	192	19.63	12.05	0	3.97	13		quail=109|unit (yield from 1 lb ready-to=405
172419		Quail, meat only, raw	134	21.76	4.53	0	4.51	13		quail=92|unit (yield from 1 lb ready-to=342
172420		Lentils, raw	352	24.63	1.06	52.65	6.51	35	0	cup=192|tablespoon=12
172421		Lentils, mature seeds, cooked, boiled, without salt	116	9.02	0.38	12.23	3.33	19	0	cup=198|tbsp=12.3
172422		Lima beans, thin seeded (baby), mature seeds, cooked, boiled, without salt	126	8.04	0.38	15.61	2.4	29	0	cup=182
172423		Lupins, mature seeds, raw	371	36.17	9.74	21.47	4.36	176	0	cup=180
172424		Lupins, mature seeds, cooked, boiled, without salt	119	15.57	2.92	7.08	1.2	51	0	cup=166
172425		Mothbeans, mature seeds, raw	343	22.94	1.61	61.52	10.85	150	0	cup=196
172426		Mothbeans, mature seeds, cooked, boiled, without salt	117	7.81	0.55	20.96	3.14	3	0	cup=177
172427		Mungo beans, mature seeds, cooked, boiled, without salt	105	7.54	0.55	11.94	1.75	53	0	cup=180
172428		Peas, green, split, mature seeds, raw	364	23.12	3.89	39.43	4.73	46	0	cup=196
172429		Peas, split, mature seeds, cooked, boiled, without salt	118	8.34	0.39	12.8	1.29	14	0	cup=196|tbsp=12.2
172430		Peanuts, all types, raw	567	25.8	49.24	7.63	4.58	92	0	cup=146
172431		Peanuts, spanish, oil-roasted, with salt	579	28.01	49.04	8.55	2.28	100	0	cup=147
172432		Peanuts, valencia, raw	570	25.09	47.58	12.21	2.09	62	0	cup=146
172433		Peanuts, valencia, oil-roasted, with salt	589	27.04	51.24	7.4	1.65	54	0	cup=144
172434		Peanuts, virginia, raw	563	25.19	48.75	8.04	2.55	89	0	cup=146
172435		Peanut flour, low fat	428	33.8	21.9	15.47	4.74	130	0	cup=60
172436		Pigeon peas (red gram), mature seeds, raw	343	21.7	1.49	47.78	5.23	130	0	cup=205
172437		Pigeon peas (red gram), mature seeds, cooked, boiled, without salt	121	6.76	0.38	16.55	1.11	43	0	cup=168
172438		Refried beans, canned, traditional style	90	4.98	2.01	9.85	1.44	29	0	cup=238|can=442
172439		Bacon, meatless	309	11.69	29.52	2.71	2.41	23	0	cup=144|strip=5
172440		Soybeans, mature seeds, roasted, salted	469	38.55	25.4	12.52	3.9	138	0	cup=172
172441		Soybeans, mature seeds, dry roasted	449	43.32	21.62	20.88	3.95	140	0	cup=93
172442		Miso	198	12.79	6.01	19.97	2.49	57	0	tbsp=17|cup=275
172443		Natto	211	19.4	11	7.28	8.6	217	0	cup=175
172444		Soy flour, low-fat	372	49.81	8.9	14.63	8.2	285	0	cup, stirred=88|tbsp=5.5
172445		Soy meal, defatted, raw	337	49.2	2.39	35.89	13.7	244	0	cup=122
172446		Soymilk, original and vanilla, unfortified	54	3.27	1.75	5.68	0.64	25	0	cup=243
172447		Soy protein concentrate, produced by alcohol extraction	328	63.63	0.46	19.91	10.78	363	0	
172448		Tofu, firm, prepared with calcium sulfate and magnesium chloride (nigari)	78	9.04	4.17	1.95	1.61	201	0	cup=252|block=324
172449		Tofu, soft, prepared with calcium sulfate and magnesium chloride (nigari)	61	7.17	3.69	0.98	1.11	111	0	piece (2-1/2" x 2-3/4" x 1")=120|cup (1/2" cubes)=248|cubic inch=18|block=464
172450		Tofu, dried-frozen (koyadofu)	477	52.47	30.34	2.83	9.73	364	0	piece=17
172451		Tofu, fried	270	18.82	20.18	4.96	4.87	372	0	piece=13
172452		Okara	76	3.52	1.73	12.23	1.3	80	0	cup=122
172453		Winged beans, mature seeds, cooked, boiled, without salt	147	10.62	5.84	14.94	4.33	142	0	cup=172
172454		Hummus, home prepared	177	4.86	8.59	16.12	1.56	49	0	tablespoon=15|cup=246
172455		Falafel, home-prepared	333	13.31	17.8	31.84	3.42	54	0	patty (approx 2-1/4" dia)=17
172456		Soymilk, original and vanilla, with added calcium, vitamins A and D	43	2.6	1.47	4.72	0.42	123	1.1	cup=243
172457		Peanut spread, reduced sugar	650	24.8	54.89	6.43	2.84	72	0	tbsp=15.5
172458		Peanut butter, smooth, reduced fat	520	25.9	34	30.45	1.9	35	0	tablespoon=18
172459		Peanut butter, smooth, vitamin and mineral fortified	591	25.72	50.81	13.15	16.6	43	0	tbsp=16|cup=258
172460		Peanut butter, chunky, vitamin and mineral fortified	593	26.06	51.47	11.99	17.5	45	0	tbsp=16|cup=258
172461		MORI-NU, Tofu, silken, firm	62	6.9	2.7	2.3	1.03	32		slice=84
172462		MORI-NU, Tofu, silken, extra firm	55	7.4	1.9	1.9	1.19	31		slice=84
172463		MORI-NU, Tofu, silken, lite firm	37	6.3	0.8	1.1	0.75	36		slice=84
172464		MORI-NU, Tofu, silken, lite extra firm	38	7	0.7	1	0.79	43		slice=84
172465		Refried beans, canned, fat-free	79	5.34	0.45	8.8	1.62	34	0	cup=231|can=445
172466		Frijoles rojos volteados (Refried beans, red, canned)	144	5	6.93	10.77	1.95	33		cup=233|tbsp=15
172467		Tempeh, cooked	195	19.91	11.38	7.62	2.13	96	0	
172468		Vitasoy USA, Nasoya Lite Firm Tofu	54	8.3	1.7	0.7	1.6	184	3.9	package=395
172469		Peanut butter, chunk style, without salt	589	24.06	49.94	13.57	1.9	45	0	tbsp=16|cup=258
172470		Peanut butter, smooth style, without salt	598	22.21	51.36	17.31	1.74	49	0	tbsp=16|cup=258
172471		Peanut butter with omega-3, creamy	608	24.47	54.17	10.9	1.67	45		tbsp=16
172472		Pigeon peas (red gram), mature seeds, cooked, boiled, with salt	121	6.76	0.38	16.55	1.11	43	0	cup=168
172473		Soy sauce made from soy and wheat (shoyu), low sodium	57	9.05	0.3	4.89	1.35	30	0	tbsp=14.2|tsp=4.5|cup=255
172474		Soy sauce, reduced sodium, made from hydrolyzed vegetable protein	90	8.19	0.31	14.14	0.43	11	0	tbsp=15|tsp=4.9|cup=232
172475		Tofu, raw, firm, prepared with calcium sulfate	144	17.27	8.72	0.48	2.66	683	0	cup=252|block=324
172476		Tofu, raw, regular, prepared with calcium sulfate	76	8.08	4.78	1.57	5.36	350	0	cup=248|block=464
172477		Winged beans, mature seeds, cooked, boiled, with salt	147	10.62	5.84	14.94	4.33	142	0	cup=172
172478		Veal, Australian, rib, rib roast, separable lean only, raw	134	21.7	4.63	1.4	1.58	10		roast with bone=325
172479		Lamb, composite of trimmed retail cuts, separable lean and fat, trimmed to 1/4" fat, choice, raw	267	16.88	21.59	0	1.57	12		
172480		Lamb, composite of trimmed retail cuts, separable lean and fat, trimmed to 1/4" fat, choice, cooked	294	24.52	20.94	0	1.88	17	0.1	piece, cooked, excluding refus=242
172481		Lamb, foreshank, separable lean and fat, trimmed to 1/4" fat, choice, raw	201	18.91	13.38	0	1.67	11		
172482		Lamb, foreshank, separable lean and fat, trimmed to 1/4" fat, choice, cooked, braised	243	28.37	13.46	0	2.14	20	0.1	piece, cooked, excluding refus=148
172483		Lamb, foreshank, separable lean only, trimmed to 1/4" fat, choice, raw	120	21.08	3.29	0	1.79	9		
172484		Lamb, foreshank, separable lean only, trimmed to 1/4" fat, choice, cooked, braised	187	31.01	6.02	0	2.27	20		piece, cooked, excluding refus=128
172485		Lamb, leg, shank half, separable lean and fat, trimmed to 1/4" fat, choice, cooked, roasted	225	26.41	12.45	0	1.98	10		piece, cooked, excluding refus=269
172486		Lamb, leg, shank half, separable lean only, trimmed to 1/4" fat, choice, raw	125	20.52	4.19	0	1.82	6		
172487		Lamb, leg, shank half, separable lean only, trimmed to 1/4" fat, choice, cooked, roasted	180	28.17	6.67	0	2.06	8		piece, cooked, excluding refus=238
172488		Lamb, leg, sirloin half, separable lean and fat, trimmed to 1/4" fat, choice, raw	272	16.94	22.11	0	1.61	10		
172489		Lamb, loin, separable lean and fat, trimmed to 1/4" fat, choice, cooked, broiled	316	25.17	23.08	0	1.81	20	0.1	chop, excluding refuse (yield =64
172490		Lamb, loin, separable lean and fat, trimmed to 1/4" fat, choice, cooked, roasted	309	22.55	23.59	0	2.12	18	0.1	piece, cooked, excluding refus=269
172491		Lamb, loin, separable lean only, trimmed to 1/4" fat, choice, raw	143	20.88	5.94	0	1.91	12		chop, excluding refuse (yield =65
172492		Lamb, loin, separable lean only, trimmed to 1/4" fat, choice, cooked, broiled	216	29.99	9.73	0	2	19	0.1	chop, excluding refuse (yield =46
172493		Lamb, rib, separable lean only, trimmed to 1/4" fat, choice, raw	169	19.98	9.23	0	1.67	12		
172494		Lamb, rib, separable lean only, trimmed to 1/4" fat, choice, cooked, broiled	235	27.74	12.95	0	2.21	16	0.1	piece, cooked, excluding refus=147
172495		Lamb, rib, separable lean only, trimmed to 1/4" fat, choice, cooked, roasted	232	26.16	13.31	0	1.77	21		piece, cooked, excluding refus=159
172496		Lamb, shoulder, whole (arm and blade), separable lean and fat, trimmed to 1/4" fat, choice, raw	264	16.58	21.45	0	1.5	16	0.1	
172497		Lamb, shoulder, whole (arm and blade), separable lean and fat, trimmed to 1/4" fat, choice, cooked, braised	344	28.68	24.55	0	2.4	25		piece, cooked, excluding refus=218
172498		Lamb, shoulder, whole (arm and blade), separable lean only, trimmed to 1/4" fat, choice, cooked, broiled	210	27.12	10.5	0	2.19	21	0.1	piece, cooked, excluding refus=202
172499		Lamb, shoulder, whole (arm and blade), separable lean only, trimmed to 1/4" fat, choice, cooked, roasted	204	24.94	10.77	0	2.13	19	0.1	piece, cooked, excluding refus=217
172500		Lamb, shoulder, arm, separable lean and fat, trimmed to 1/4" fat, choice, raw	260	16.79	20.9	0	1.56	14		chop, excluding refuse (yield =133
172501		Lamb, shoulder, arm, separable lean and fat, trimmed to 1/4" fat, choice, cooked, braised	346	30.39	24	0	2.39	25		chop, excluding refuse (yield =70
172502		Lamb, shoulder, arm, separable lean only, trimmed to 1/4" fat, choice, cooked, broiled	200	27.71	9.02	0	2.31	17		chop, excluding refuse (yield =74
172503		Lamb, shoulder, arm, separable lean only, trimmed to 1/4" fat, choice, cooked, roasted	192	25.46	9.26	0	2.23	16		piece, cooked, excluding refus=224
172504		Lamb, shoulder, blade, separable lean and fat, trimmed to 1/4" fat, choice, raw	259	16.63	20.86	0	1.48	17		
172505		Lamb, shoulder, blade, separable lean and fat, trimmed to 1/4" fat, choice, cooked, braised	345	28.51	24.73	0	2.35	27		piece, cooked, excluding refus=209
172506		Lamb, shoulder, blade, separable lean only, trimmed to 1/4" fat, choice, cooked, broiled	211	25.48	11.32	0	1.81	24		piece, cooked, excluding refus=207
172507		Lamb, shoulder, blade, separable lean only, trimmed to 1/4" fat, choice, cooked, roasted	209	24.61	11.57	0	2.07	21		piece, cooked, excluding refus=210
172508		Lamb, cubed for stew or kabob (leg and shoulder), separable lean only, trimmed to 1/4" fat, raw	134	20.21	5.28	0	1.77	9		
172509		Lamb, cubed for stew or kabob (leg and shoulder), separable lean only, trimmed to 1/4" fat, cooked, braised	223	33.69	8.8	0	2.8	15	0.1	unit, cooked (yield from 1 lb =272
172510		Lamb, cubed for stew or kabob (leg and shoulder), separable lean only, trimmed to 1/4" fat, cooked, broiled	186	28.08	7.33	0	2.34	13		unit, cooked (yield from 1 lb =327
172511		Lamb, New Zealand, imported, frozen, composite of trimmed retail cuts, separable fat, raw	640	6.92	67.63	0	1.14	23		
172512		Lamb, New Zealand, imported, frozen, composite of trimmed retail cuts, separable fat, cooked	586	9.72	60.39	0	1.39	27		unit, cooked (yield from 1 lb =286
172513		Lamb, New Zealand, imported, fore-shank, separable lean and fat, raw	183	20.09	11.38	0.09	1.28	7	0	serving=115
172514		Lamb, New Zealand, imported, fore-shank, separable lean and fat, cooked, braised	256	30.35	14.99	0.03	2.11	11	0.1	serving=85
172515		Lamb, New Zealand, imported, leg chop/steak, bone-in, separable lean only, raw	126	21.1	4.64	0	1.64	11	0	serving=115
172516		Lamb, New Zealand, imported, frozen, leg, whole (shank and sirloin), separable lean only, cooked, roasted	181	27.68	7.01	0	2.24	7		piece, cooked, excluding refus=218
172517		Lamb, New Zealand, imported, loin chop, separable lean and fat, raw	298	15.4	26.19	0.22	1.24	14	0.1	serving=115
172518		Game meat, muskrat, raw	162	20.76	8.1	0		25		
172519		Game meat, muskrat, cooked, roasted	234	30.09	11.74	0	7.1	36		piece, cooked (yield from 1 lb=313
172520		Game meat, opossum, cooked, roasted	221	30.2	10.2	0	4.64	17	0	piece, cooked (yield from 1 lb=399
172521		Game meat, rabbit, domesticated, composite of cuts, raw	136	20.05	5.55	0	1.57	13		
172522		Game meat, rabbit, domesticated, composite of cuts, cooked, roasted	197	29.06	8.05	0	2.27	19		piece, cooked (yield from 1 lb=313
172523		Game meat, squirrel, raw	120	21.23	3.21	0	4.7	2		
172524		Game meat, squirrel, cooked, roasted	173	30.77	4.69	0	6.81	3	0	piece, cooked (yield from 1 lb=313
172525		Lamb, variety meats and by-products, brain, raw	122	10.4	8.58	0	1.75	9		
172526		Lamb, variety meats and by-products, brain, cooked, braised	145	12.55	10.17	0	1.68	12		unit, cooked (yield from 1 lb =347
172527		Lamb, variety meats and by-products, heart, raw	122	16.47	5.68	0.21	4.6	6		
172528		Lamb, variety meats and by-products, heart, cooked, braised	185	24.97	7.91	1.93	5.52	14		unit, cooked (yield from 1 lb =191
172529		Veal, variety meats and by-products, heart, raw	110	17.18	3.98	0.08	4.24	5		
172530		Veal, variety meats and by-products, heart, cooked, braised	186	29.12	6.75	0.13	4.32	8		unit, cooked (yield from 1 lb =198
172531		Lamb, variety meats and by-products, liver, raw	139	20.38	5.02	1.78	7.37	7		
172532		Lamb, variety meats and by-products, liver, cooked, braised	220	30.57	8.81	2.53	8.28	8		unit, cooked (yield from 1 lb =336
172533		Lamb, variety meats and by-products, liver, cooked, pan-fried	238	25.53	12.65	3.78	10.2	9		unit, cooked (yield from 1 lb =322
172534		Veal, variety meats and by-products, liver, raw	140	19.93	4.85	2.91	6.4	5		
172535		Veal, variety meats and by-products, liver, cooked, braised	192	28.42	6.26	3.77	5.11	6		slice=80
172536		Veal, variety meats and by-products, lungs, cooked, braised	104	18.74	2.64	0	3.61	7		unit, cooked (yield from 1 lb =300
172537		Lamb, variety meats and by-products, mechanically separated, raw	276	14.97	23.54	0	5.9	162		
172538		Lamb, variety meats and by-products, pancreas, raw	152	14.84	9.82	0	2.3	8		
172539		Lamb, variety meats and by-products, pancreas, cooked, braised	234	22.83	15.12	0	2.12	12		unit, cooked (yield from 1 lb =231
172540		Veal, variety meats and by-products, spleen, raw	98	18.3	2.2	0	9.32	6		
172541		Veal, variety meats and by-products, spleen, cooked, braised	129	24.08	2.89	0	7.36	7		unit, cooked (yield from 1 lb =345
172542		Veal, variety meats and by-products, thymus, raw	101	17.21	3.07	0	1.05	3		
172543		Veal, variety meats and by-products, thymus, cooked, braised	125	22.67	3.11	0	1.24	4	0	
172544		Lamb, ground, cooked, broiled	283	24.75	19.65	0	1.79	22	0.1	unit, cooked (yield from 1 lb =313
172545		Lamb, composite of trimmed retail cuts, separable lean and fat, trimmed to 1/8" fat, choice, raw	243	17.54	18.66	0	1.62	12		
172546		Lamb, composite of trimmed retail cuts, separable lean and fat, trimmed to 1/8" fat, choice, cooked	271	25.51	18.01	0	1.93	16		piece, cooked, excluding refus=250
172547		Lamb, foreshank, separable lean and fat, trimmed to 1/8" fat, choice, raw	201	18.91	13.38	0	1.67	11		
172548		Lamb, leg, shank half, separable lean and fat, trimmed to 1/8" fat, choice, cooked, roasted	217	26.73	11.4	0	1.99	9		piece, cooked, excluding refus=267
172549		Lamb, leg, sirloin half, separable lean and fat, trimmed to 1/8" fat, choice, raw	261	17.21	20.8	0	1.63	10		
172550		Lamb, leg, sirloin half, separable lean and fat, trimmed to 1/8" fat, choice, cooked, roasted	284	24.95	19.67	0	2.01	11		piece, cooked, excluding refus=260
172551		Lamb, loin, separable lean and fat, trimmed to 1/8" fat, choice, raw	279	17.18	22.75	0	1.66	14		steak, excluding refuse (yield=79
172552		Lamb, rib, separable lean and fat, trimmed to 1/8" fat, choice, cooked, roasted	341	21.82	27.53	0	1.62	22		piece, cooked, excluding refus=248
172553		Lamb, shoulder, whole (arm and blade), separable lean and fat, trimmed to 1/8" fat, choice, raw	244	17.07	18.96	0	1.53	16		
172554		Lamb, shoulder, whole (arm and blade), separable lean and fat, trimmed to 1/8" fat, choice, cooked, braised	338	29.46	23.57	0	2.39	27		piece, cooked, excluding refus=213
172555		Lamb, shoulder, whole (arm and blade), separable lean and fat, trimmed to 1/8" fat, choice, cooked, broiled	268	23.84	18.39	0	1.83	23		piece, cooked, excluding refus=242
172556		Lamb, shoulder, blade, separable lean and fat, trimmed to 1/8" fat, choice, raw	244	17.01	18.97	0	1.5	17		
172557		Lamb, shoulder, blade, separable lean and fat, trimmed to 1/8" fat, choice, cooked, braised	339	28.92	23.88	0	2.38	27		piece, cooked, excluding refus=207
172558		Lamb, shoulder, blade, separable lean and fat, trimmed to 1/8" fat, choice, cooked, broiled	267	23.48	18.5	0	1.73	24		piece, cooked, excluding refus=250
172559		Lamb, shoulder, blade, separable lean and fat, trimmed to 1/8" fat, choice, cooked, roasted	270	22.62	19.19	0	1.95	21		piece, cooked, excluding refus=256
172560		Lamb, New Zealand, imported, frozen, leg, whole (shank and sirloin), separable lean and fat, trimmed to 1/8" fat, raw	201	18.76	13.37	0	1.6	7		
172561		Lamb, New Zealand, imported, frozen, leg, whole (shank and sirloin), separable lean and fat, trimmed to 1/8" fat, cooked, roasted	234	25.34	13.95	0	2.13	9		piece, cooked, excluding refus=253
172562		Lamb, New Zealand, imported, frozen, loin, separable lean and fat, trimmed to 1/8" fat, raw	273	17.18	22.1	0	1.59	17		chop, excluding refuse (yield =63
172563		Lamb, New Zealand, imported, frozen, loin, separable lean and fat, trimmed to 1/8" fat, cooked, broiled	296	24.41	21.28	0	2.1	23		chop, excluding refuse (yield =42
172564		Game meat, bison, top sirloin, separable lean only, trimmed to 0" fat, raw	113	21.4	2.4	0	3	5		
172565		Game meat, bison, ribeye, separable lean only, trimmed to 0" fat, raw	116	22.1	2.4	0	2.8	6		
172566		Game meat, bison, shoulder clod, separable lean only, trimmed to 0" fat, raw	109	21.1	2.1	0	3	4		
172567		Veal, breast, separable fat, cooked	521	9.4	53.35	0	0.45	6		
172568		Veal, shank (fore and hind), separable lean and fat, raw	113	19.15	3.48	0	0.76	20		
172569		Veal, shank (fore and hind), separable lean and fat, cooked, braised	191	31.54	6.2	0	1.25	33		piece, cooked, excluding refus=194
172570		Veal, shank (fore and hind), separable lean only, raw	108	19.28	2.83	0	0.76	20		
172571		Veal, shank (fore and hind), separable lean only, cooked, braised	177	32.22	4.33	0	1.26	34		piece, cooked, excluding refus=223
172572		Lamb, Australian, imported, fresh, separable fat, raw	648	6.27	68.87	0	0.63	19		
172573		Lamb, Australian, imported, fresh, separable fat, cooked	639	9.42	66.4	0	1.11	27		piece, cooked, excluding refus=248
172574		Lamb, Australian, imported, fresh, foreshank, separable lean and fat, trimmed to 1/8" fat, raw	195	18.85	12.68	0	1.38	12		
172575		Lamb, Australian, imported, fresh, foreshank, separable lean and fat, trimmed to 1/8" fat, cooked, braised	236	24.78	14.44	0	1.79	16		piece, cooked, excluding refus=211
172576		Lamb, Australian, imported, fresh, leg, whole (shank and sirloin), separable lean only, trimmed to 1/8" fat, raw	135	20.46	5.23	0	1.64	8		
172577		Lamb, Australian, imported, fresh, leg, whole (shank and sirloin), separable lean only, trimmed to 1/8" fat, cooked, roasted	190	27.31	8.1	0	2.15	9		piece, cooked, excluding refus=251
172578		Lamb, Australian, imported, fresh, leg, shank half, separable lean and fat, trimmed to 1/8" fat, raw	201	18.59	13.48	0	1.48	9		
172579		Lamb, Australian, imported, fresh, leg, shank half, separable lean and fat, trimmed to 1/8" fat, cooked, roasted	231	25.25	13.69	0	2.01	10		piece, cooked, excluding refus=277
172580		Lamb, Australian, imported, fresh, leg, shank half, separable lean only, trimmed to 1/8" fat, raw	133	20.45	5.1	0	1.61	7		
172581		Lamb, Australian, imported, fresh, leg, sirloin half, boneless, separable lean only, trimmed to 1/8" fat, cooked, roasted	215	27.75	10.65	0	2.24	13		piece, cooked, excluding refus=259
172582		Lamb, Australian, imported, fresh, leg, sirloin chops, boneless, separable lean and fat, trimmed to 1/8" fat, raw	208	18.33	14.38	0	1.75	11		
172583		Lamb, Australian, imported, fresh, leg, sirloin chops, boneless, separable lean and fat, trimmed to 1/8" fat, cooked, broiled	235	25.75	13.83	0	2.34	14		
172584		Lamb, Australian, imported, fresh, leg, sirloin chops, boneless, separable lean only, trimmed to 1/8" fat, raw	132	20.43	4.91	0	1.94	9		
172585		Lamb, Australian, imported, fresh, leg, center slice, bone-in, separable lean only, trimmed to 1/8" fat, cooked, broiled	183	26.75	7.68	0	2.48	13		
172586		Lamb, Australian, imported, fresh, loin, separable lean and fat, trimmed to 1/8" fat, raw	203	19.32	13.38	0	1.66	15		
172587		Lamb, Australian, imported, fresh, loin, separable lean and fat, trimmed to 1/8" fat, cooked, broiled	219	25.49	12.25	0	2.12	21		
172588		Lamb, Australian, imported, fresh, loin, separable lean only, trimmed to 1/8" fat, raw	146	21	6.24	0	1.79	15		
172589		Lamb, Australian, imported, fresh, rib chop, frenched, bone-in, separable lean only, trimmed to 1/8" fat, cooked, grilled	234	32.16	11.68	0	2.36	11	0	piece, cooked, excluding refus=241|chop=54
172590		Lamb, Australian, imported, fresh, shoulder, whole (arm and blade), separable lean and fat, trimmed to 1/8" fat, raw	256	16.68	20.47	0	1.26	18		
172591		Lamb, Australian, imported, fresh, shoulder, whole (arm and blade), separable lean and fat, trimmed to 1/8" fat, cooked	296	23.58	21.65	0	1.78	28		piece, cooked, excluding refus=262
172592		Lamb, Australian, imported, fresh, shoulder, whole (arm and blade), separable lean only, trimmed to 1/8" fat, raw	155	19.36	8.01	0	1.42	18		
172593		Lamb, Australian, imported, fresh, shoulder, whole (arm and blade), separable lean only, trimmed to 1/8" fat, cooked	233	26.18	13.44	0	1.9	28		piece, cooked, excluding refus=222
172594		Lamb, Australian, imported, fresh, shoulder, blade, separable lean and fat, trimmed to 1/8" fat, raw	262	16.48	21.28	0	1.21	19		
172595		Lamb, Australian, imported, fresh, shoulder, blade, separable lean and fat, trimmed to 1/8" fat, cooked, broiled	291	21.71	22.03	0	1.58	28		piece, cooked, excluding refus=273
172596		Lamb, Australian, imported, fresh, shoulder, blade, separable lean only, trimmed to 1/8" fat, raw	164	19.1	9.09	0	1.36	19		
172597		Lamb, Australian, imported, fresh, shoulder ,blade, separable lean only, trimmed to 1/8" fat, cooked, broiled	231	23.83	14.38	0	1.67	28		piece, cooked, excluding refus=233
172598		Game meat, bison, chuck, shoulder clod, separable lean only, raw	119	21.12	3.15	0	2.88	5		serving ( 3 oz )=85|roast (3 to 5 lb roast)=1237
172599		Game meat, bison, ribeye, separable lean only, 1" steak, cooked, broiled	177	29.45	5.67	0	2.88	7		serving ( 3 oz )=85|steak ( yield from 232.8 g raw=179
172600		Game meat, bison, top round, separable lean only, 1" steak, cooked, broiled	174	30.18	4.96	0	3.52	5		serving ( 3 oz )=85|steak=180
172601		Game meat, bison, top round, separable lean only, 1" steak, raw	122	23.32	2.43	0	2.66	5		serving ( 3 oz )=85|steak=489
172602		Game meat, deer, ground, raw	157	21.78	7.13	0	2.92	11	0	patty (cooked from 4 oz raw)=85
172603		Game meat, deer, ground, cooked, pan-broiled	187	26.45	8.22	0	3.35	14	0	patty=93|serving ( 3 oz )=85
172604		Game meat, deer, loin, separable lean only, 1" steak, cooked, broiled	150	30.2	2.38	0	4.09	6	0	steak=54|serving ( 3 oz )=85
172605		Game meat, deer, shoulder clod, separable lean only, cooked, braised	191	36.28	3.95	0	5.01	6	0	serving ( 3 oz )=85|roast (3 to 5 lb roast)=293
172606		Veal, Australian, shank, hind, bone-in, separable lean only, raw	122	20.37	4.47	0	3.08	17		roast with bone=330
172607		Veal, Australian, shank, hind, bone-in, separable lean and fat, raw	144	19.78	7.2	0	2.95	16		roast with bone=330
172608		Lamb, Australian, ground, 85% lean / 15% fat, raw	255	17.14	20.71	0	1.41	9		serving (4 oz)=113
172609		Lamb, New Zealand, imported, Intermuscular fat, cooked	596	8.53	62.44	0	1.39	6	0.2	
172610		Lamb, New Zealand, imported, breast, separable lean only, cooked, braised	270	28.16	17.53	0	1.89	25	0	
172611		Lamb, New Zealand, imported, breast, separable lean only, raw	149	18.31	7.98	1.02	1.15	13	0	
172612		Lamb, New Zealand, imported, chump, boneless, separable lean only, cooked, fast roasted	142	23.69	5.27	0	1.73	4	0	
172613		Lamb, New Zealand, imported, subcutaneous fat, cooked	674	5.24	72.28	0.62	0.7	6	0.1	
172614		Lamb, New Zealand, imported, liver, cooked, soaked and fried	168	25.8	6.56	1.48	5.4	5	0	
172615		Lamb, New Zealand, imported, liver, raw	136	20.7	4.92	2.22	4.6	4	0	
172616		Lamb, New Zealand, imported, ground lamb, cooked, braised	192	22.6	11.34	0	1.27	4	0	
172617		Lamb, New Zealand, imported, ground lamb, raw	193	20.33	12.41	0	1.04	4	0	
172618		Lamb, New Zealand, imported, testes, cooked, soaked and fried	125	21.01	4.56	0	1.69	8	0	
172619		Lamb, New Zealand, imported, testes, raw	68	11.4	2.38	0.14	1.14	5	0	
172620		Lamb, New Zealand, imported, tongue - swiss cut, cooked, soaked and simmered	272	17.51	22.04	0.86	1.74	6	0.3	
172621		Lamb, New Zealand, imported, tongue - swiss cut, raw	225	14.27	18.61	0	1.25	6	0.1	
172622		Lamb, New Zealand, imported, tenderloin, separable lean only, cooked, fast fried	155	27.94	4.81	0	2.12	5	0	
172623		Lamb, New Zealand, imported, tenderloin, separable lean only, raw	116	20.53	3.81	0	1.63	4	0	
172624		Lamb, New Zealand, imported, loin saddle, separable lean only, cooked, fast roasted	162	25.53	6.7	0	1.6	8	0	
172625		Lamb, New Zealand, imported, loin saddle, separable lean only, raw	131	20.86	5.32	0	1.54	7	0	
172626		Lamb, New Zealand, imported, neck chops, separable lean only, cooked, braised	264	31.4	15.36	0	2.28	58	0	
172627		Lamb, New Zealand, imported, netted shoulder, rolled, boneless, separable lean only, cooked, slow roasted	199	25.14	10.91	0	1.38	7	0.1	
172628		Lamb, New Zealand, imported, netted shoulder, rolled, boneless, separable lean only, raw	143	20.2	6.88	0	1.16	5	0	
172629		Lamb, New Zealand, imported, rack - fully frenched, separable lean only, cooked, fast roasted	173	24.39	8.38	0	1.76	11	0.1	
172630		Lamb, New Zealand, imported, flap, boneless, separable lean and fat, cooked, braised	376	20.48	32.63	0.14	1.11	8	0.1	
172631		Lamb, New Zealand, imported, flap, boneless, separable lean and fat, raw	337	16.17	30.14	0.27	0.84	6	0.1	
172632		Lamb, New Zealand, imported, hind-shank, separable lean and fat, cooked, braised	247	29.59	14.22	0.04	1.99	8	0.1	
172633		Lamb, New Zealand, imported, hind-shank, separable lean and fat, raw	186	18.39	12.12	0.73	1.34	5	0.1	
172634		Lamb, New Zealand, imported, loin, boneless, separable lean and fat, cooked, fast roasted	157	28.96	4.57	0	2.05	6	0	
172635		Lamb, New Zealand, imported, loin, boneless, separable lean and fat, raw	122	21.44	3.99	0	1.55	4	0	
172636		Lamb, New Zealand, imported, neck chops, separable lean and fat, cooked, braised	307	28.53	21.43	0.03	2.14	52	0.1	
172637		Lamb, New Zealand, imported, neck chops, separable lean and fat, raw	231	17.43	17.9	0.14	1.14	20	0	
172638		Lamb, New Zealand, imported, netted shoulder, rolled, boneless, separable lean and fat, cooked, slow roasted	287	21.45	22.33	0.05	1.33	7	0.1	
172639		Lamb, New Zealand, imported, tenderloin, separable lean and fat, cooked, fast fried	157	27.87	5	0	2.11	5	0	
172640		Lamb, New Zealand, imported, rack - fully frenched, separable lean and fat, cooked, fast roasted	195	23.56	11.2	0.01	1.74	11	0.1	
172641		Lamb, New Zealand, imported, rack - fully frenched, separable lean and fat, raw	169	19.88	9.96	0.05	1.36	8	0.1	
172642		Lamb, New Zealand, imported, tunnel-boned leg, chump off, shank off, separable lean and fat, cooked, slow roasted	208	23.41	12.68	0.03	1.64	4	0	
172643		Veal, leg, top round, cap off, cutlet, boneless, raw	107	22.07	2.07	0	0.81	4	0.6	cutlet=55|serving=113
172644		Veal, loin, chop, separable lean only, cooked, grilled	159	29.75	4.44	0.07	0.79	13	0.8	chop=153
172645		Veal, shank, separable lean only, raw	94	19.77	1.64	0	1.19	11	0.7	serving=113|shank whole=1270
172646		Veal, foreshank, osso buco, separable lean only, cooked, braised	157	29.12	4.51	0	2.06	21	0.8	shank cross cut=187
172647		Veal, seam fat only, cooked	505	11.16	50.17	2.11	1.15	43	4.5	
172648		Veal, shank, separable lean and fat, raw	107	19.28	3.3	0	1.17	12	0.8	serving=113|shank whole=1270
172649		Veal, foreshank, osso buco, separable lean and fat, cooked, braised	182	27.94	7.77	0.11	2	22	1.1	shank cross cut=187
172650		Veal, loin, chop, separable lean and fat, cooked, grilled	198	28.04	9.48	0.16	0.82	17	1.1	chop=153
172651		Veal, shoulder, blade chop, separable lean and fat, cooked, grilled	199	25.72	10.57	0.15	1.59	24	1.3	chop=352
172652		Lamb, Australian, imported, fresh, tenderloin, boneless, separable lean only, trimmed to 1/8" fat, raw	136	23.42	4.73	0	2.27	2	0	roast=146
172653		Lamb, Australian, imported, fresh, leg, bottom, boneless, separable lean only, trimmed to 1/8" fat, raw	136	22.28	5.24	0	1.88	2	0	leg bottom, boneless=989
172654		Lamb, Australian, imported, fresh, leg, trotter off, bone-in, separable lean only, trimmed to 1/8" fat, cooked, roasted	215	32.08	9.59	0	2.55	4	0	leg trotter off=1808
172655		Lamb, Australian, imported, fresh, leg, trotter off, bone-in, separable lean only, trimmed to 1/8" fat, raw	131	23.11	4.33	0	2.25	3	0	leg trotter off=2674
172656		Lamb, Australian, imported, fresh, seam fat, cooked	554	13.81	54.72	1.55	1.39	8	0	
172657		Lamb, Australian, imported, fresh, seam fat, raw	459	15.65	44.01	0	0.98	6	0	
172658		Lamb, Australian, imported, fresh, leg, bottom, boneless, separable lean and fat, trimmed to 1/8" fat, cooked, roasted	219	27.54	12.04	0	2.01	3	0	leg bottom, boneless=723
172659		Lamb, Australian, imported, fresh, leg, bottom, boneless, separable lean and fat, trimmed to 1/8" fat, raw	187	20.97	11.43	0	1.76	3	0	leg bottom, boneless=989
172660		Lamb, Australian, imported, fresh, tenderloin, boneless, separable lean and fat, trimmed to 1/8" fat, raw	143	23.23	5.52	0	2.25	2	0	roast=146
172661		Lamb, Australian, imported, fresh, rib chop, frenched, denuded, bone-in, separable lean only, trimmed to 0" fat, cooked, grilled	236	33.17	11.5	0	2.46	10	0	chop=43
172662		Lamb, Australian, imported, fresh, rack, roast, frenched, denuded, bone-in, separable lean and fat, trimmed to 0" fat, cooked, roasted	193	25.95	9.91	0	1.92	7	0	roast=329
172663		Lamb, Australian, imported, fresh, rack, roast, frenched, bone-in, separable lean and fat, trimmed to 1/8" fat, cooked, roasted	291	25.96	20.77	0	2.47	7	0	roast=447
172664		Bagels, cinnamon-raisin	274	9.8	1.7	52.9	3.8	19	0	mini bagel (2-1/2" dia)=26|small bagel (3" dia)=69|medium bagel (3-1/2" to 4" dia=105|large bagel (4-1/2" dia)=131
172665		Bagels, cinnamon-raisin, toasted	294	10.6	1.8	56.8	4.09	20	0	mini bagel (2-1/2" dia)=24|small bagel (3-1/2" to 4"dia)=65|medium bagel (4" dia)=99|large bagel (4-1/2" dia)=123
172666		Bagels, oat bran	255	10.7	1.2	49.7	3.08	12	0	mini bagel (2-1/2" dia)=26|small bagel (3" dia)=69|medium bagel (3-1/2" to 4" dia=105|large bagel (4-1/2" dia)=131
172667		Biscuits, plain or buttermilk, frozen, baked	338	6.2	11.03	52.57	3.3	49	0	large=77|medium=51|small=35|biscuit (2-1/2" dia)=35
172668		Biscuits, plain or buttermilk, refrigerated dough, higher fat	307	6.66	10.58	45.62	2.48	51		biscuit=58|package=398
172669		Biscuits, plain or buttermilk, refrigerated dough, higher fat, baked	324	6.79	11.22	46.25	2.57	27	0	biscuit=51|biscuit (2-1/2" dia)=27
172670		Biscuits, plain or buttermilk, prepared from recipe	353	7	16.3	43.1	2.9	235		biscuit (4" dia)=101|small (1-1/2" dia)=14|biscuit (2-1/2" dia)=60
172671		Biscuits, mixed grain, refrigerated dough	263	6.1	5.6	47.4	2.75	17		biscuit (2-1/2" dia)=44
172672		Bread, cracked-wheat	260	8.7	3.9	44	2.81	43		cubic inch=3.2|slice, large or thick=30|slice, regular=25|slice regular, crust not eaten=12.2|slice=25
172673		Bread, egg	287	9.5	6	45.5	3.04	93	0.4	slice (5" x 3" x 1/2")=40
172674		Bread, egg, toasted	315	10.5	6.6	50.1	3.34	102	0.5	slice (5" x 3" x 1/2")=37
172675		Bread, french or vienna (includes sourdough)	272	10.75	2.42	49.68	3.91	52	0	slice=139
172676		Bread, oat bran	236	10.4	4.4	35.3	3.12	65	0	slice=30
172677		Bread, oat bran, toasted	259	11.4	4.8	38.8	3.43	71	0	slice=27
172678		Bread, oatmeal	269	8.4	4.4	44.5	2.7	66	0	slice=27
172679		Bread, oatmeal, toasted	292	9.2	4.8	48.4	2.94	72	0	slice=25
172680		Bread, raisin, enriched	274	7.9	4.4	48	2.9	66	0	slice, large=32|slice=26|slice, thin=23
172681		Bread, raisin, enriched, toasted	297	8.6	4.8	52.2	3.15	72	0	slice, large=29|slice=24|slice, thin=21
172682		Bread, reduced-calorie, oat bran	201	8	3.2	29.3	3.15	57	0	slice=23
172683		Bread, reduced-calorie, oat bran, toasted	239	9.5	3.8	34.9	3.75	68	0	slice=19
172684		Bread, rye	259	8.5	3.3	42.5	2.83	73	0	slice, regular=32|slice, snack-size=7|slice, thin=25
172685		Bread, rye, toasted	284	9.4	3.6	46.7	3.1	80	0	slice, large=29|slice, regular=24|slice, thin=18
172686		Bread, wheat	274	10.67	4.53	43.54	3.6	125	0	slice=29
172687		Bread, wheat, toasted	313	12.96	4.27	51.07	4.09	165	0	slice=24
172688		Bread, whole-wheat, commercially prepared	252	12.45	3.5	36.71	2.47	161	0	slice=32
172689		Bread, whole-wheat, commercially prepared, toasted	306	16.27	4.07	43.66	2.96	130	0	slice=25
172690		Bread, whole-wheat, prepared from recipe	278	8.4	5.4	45.4	3.1	33	0	slice, regular (4" x 5" x 3/4"=46|slice, thin (3-3/4" x 5" x 3/8=33
172691		Bread, whole-wheat, prepared from recipe, toasted	305	9.2	5.9	49.7	3.4	36	0	slice=42|slice, thin (3-3/4" x 5" x 3/8=30
172692		Bread, stuffing, cornbread, dry mix	389	10	4.2	62.4	3.25	78		package (6 oz)=170
172693		Bread, stuffing, cornbread, dry mix, prepared	179	2.9	8.8	19	0.94	26	0	cup=200
172694		Cake, angelfood, commercially prepared	258	5.9	0.8	56.3	0.52	140		piece (1/12 of 12 oz cake)=28|cake (9" dia x 4")=340
172695		Cake, angelfood, dry mix, prepared	257	6.1	0.3	58.5	0.23	84	0	piece (1/12 of 10" dia)=50|tube cake (10" dia, 4-3/8" hig=596
172696		Cake, boston cream pie, commercially prepared	252	2.4	8.5	41.5	0.38	23	0.1	piece (1/6 of pie)=92
172697		Cake, chocolate, prepared from recipe without frosting	371	5.3	15.1	51.8	1.61	60		piece (1/12 of 9" dia)=95|cake, 2-layer (8" or 9" dia)=1137
172698		Cake, white, prepared from recipe with coconut frosting	356	4.4	10.3	62.2	1.16	90	0.2	piece (1/12 of 9" dia)=112
172699		Cake, coffeecake, cheese	339	7	15.2	43.3	0.64	59		piece (1/6 of 16 oz cake)=76
172700		Cake, coffeecake, cinnamon with crumb topping, commercially prepared, enriched	418	6.8	23.3	44.7	1.91	54		individual cake=57|piece (1/9 of 20 oz cake)=63
172701		Cake, gingerbread, dry mix	437	4.4	13.8	72.9	4.7	94	0	package (14.5 oz)=411
172702		Cake, gingerbread, prepared from recipe	356	3.9	16.4	49.2	2.88	71		piece (1/9 of 8" square)=74
172703		Cake, pineapple upside-down, prepared from recipe	319	3.5	12.1	49.7	1.48	120		piece (1/9 of 8" square)=115
172704		Cake, pound, commercially prepared, butter (includes fresh and frozen)	353	5	13.96	53.04	1.48	47	0.8	loaf 1/6 of the loaf=381.25|piece individually wrapped cak=49
172705		Cake, white, dry mix, special dietary (includes lemon-flavored)	397	3	8.4	79.6	1.99	26		package (8 oz)=227
172706		Cake, sponge, commercially prepared	290	5.4	2.7	60.5	2.72	70	0.2	piece (1/12 of 16 oz cake)=38
172707		Cake, sponge, prepared from recipe	297	7.3	4.3	57.7	1.58	42		piece (1/12 of 10 inch cake)=63
172708		Cake, pudding-type, white, enriched, dry mix	423	3.9	9.5	80.2	1.36	77	0	package (18.50 oz)=524
172709		Cake, white, prepared from recipe without frosting	357	5.4	12.4	56.4	1.52	130		piece (1/12 of 9" dia)=74|cake, 2-layer (8" or 9" dia)=887
172710		Cake, yellow, prepared from recipe without frosting	361	5.3	14.6	52.3	1.64	146		piece (1/12 of 8" dia)=68|cake, 2-layer (8" dia)=817
172711		Cake, cheesecake, commercially prepared	321	5.5	22.5	25.1	0.63	51	0.5	piece (1/6 of 17 oz cake)=80|piece (1 NLEA serving)=125
172712		Cake, cheesecake, prepared from mix, no-bake type	274	5.5	12.7	33.6	0.47	172		piece (1/12 of 9" dia)=99
172713		Cookies, brownies, commercially prepared	405	4.8	16.3	61.8	2.25	29	0	square, large (2-3/4" sq x 7/8=56|package, Little Debbie (twin w=61
172714		Cookies, chocolate wafers	433	6.6	14.2	69.3	4.01	31	0	cup, crumbs=112|wafer=6
172715		Cookies, chocolate chip, commercially prepared, regular, lower fat	451	5.97	17.91	64.49	3.22	0	0	serving 3 cookies=34
172716		Cookies, chocolate chip, commercially prepared, regular, higher fat, enriched	492	5.1	24.72	63.36	5.58	21	0	cookie=12.9|cookie Pepperidge Farm Chocola=12|cookie (average weight of 1 co=12.2|cookie, big (3-1/2" - 4" dia) =40|cookie, medium (2-1/4" dia)=10
172717		Cookies, chocolate chip, commercially prepared, soft-type	444	3.63	19.77	63.95	4.07	17		cookie=14.2|cookie (average weight of 1 co=12.2
172718		Cookies, chocolate sandwich, with creme filling, regular	464	5.21	19.14	68.1	12.14	21	0	cookie=12
172719		Cookies, chocolate sandwich, with creme filling, regular, chocolate-coated	481	3.6	26.4	61.2	3.13	35	0	cookie=17
172720		Cookies, chocolate sandwich, with extra creme filling	497	4.33	24.52	65.5	7.8	16	0	cookie=13
172721		Cookies, fig bars	348	3.7	7.3	66.3	2.9	64	0	Figaroo (2 square halves)=43|cookie=16|individual package (2 oz packa=57
172722		Cookies, fortune	378	4.2	2.7	82.4	1.44	12	0	cookie=8
172723		Cookies, marshmallow, chocolate-coated (includes marshmallow pies)	421	4	16.9	65.7	2.53	46	0	Fudge Marshmallow=28|pie, marshmallow (3" dia x 3/4=39|cookie, small (1-3/4" dia x 3/=13
172724		Cookies, molasses	430	5.6	12.8	72.8	6.43	74	0	large (3-1/2" to 4" dia) (incl=32|medium=15|cookie, Little Debbie=20
172725		Cookies, oatmeal, commercially prepared, regular	450	6.2	18.1	65.9	2.58	37	0	cookie, big (3-1/2" - 4" dia) =25|large=18
172726		Cookies, oatmeal, commercially prepared, soft-type	409	6.1	14.7	63	2.79	90		cookie=15
172727		Cookies, peanut butter, commercially prepared, regular	473	8.92	23.82	56.05	2.11	41	0	cookie=31
172728		Cookies, peanut butter, commercially prepared, soft-type	457	5.3	24.4	56	0.89	12		cookie=15
172729		Cookies, peanut butter, refrigerated dough	458	8.2	25	51	1.7	101		portion, dough for 1 cookie=16
172730		Cookies, peanut butter, refrigerated dough, baked	503	9.1	27.5	56.1	1.87	111		cookie=12
172731		Cookies, brownies, dry mix, sugar free	426	2.9	12.5	76.2	1.52	12		package (8.5 oz)=241
172732		Cookies, chocolate chip, commercially prepared, special dietary	450	3.9	16.8	71.8	3.5	46	0	cookie, medium (1-5/8" dia)=7
172733		Cookies, chocolate sandwich, with creme filling, special dietary	461	4.5	22.1	63.9	4.72	98	0	cookie=10
172734		Cookies, oatmeal, commercially prepared, special dietary	449	4.8	18	67	4.07	54	0	cookie, medium (1-5/8" dia)=7
172735		Cookies, sugar, refrigerated dough, baked	489	4.7	23.1	64.7	1.84	90	0	cookie 1 rolled cookie dough=15|cookie 1 pre-sliced cookie dou=23
172736		Cookies, sugar wafers with creme filling, regular	502	3.84	23.24	69.04	3.73	27	0	cookies=12|cookie=10.1
172737		Cookies, vanilla sandwich with creme filling	483	4.5	20	70.6	2.21	27	0	cookie, oval (3-1/8" x 1-1/4" =15|cookie, round (1-3/4" dia)=10
172738		Puff pastry, frozen, ready-to-bake, baked	558	7.4	38.5	44.2	2.6	10	0	sheet=245|shell=40
172739		Crackers, crispbread, rye	366	7.9	1.3	65.7	2.43	31	0	cup, crushed=55|crispbread=10|wafer, thin=2|wafer=10|cracker, Norwegian flatbread (=5.8
172740		Crackers, matzo, plain	395	10	1.4	80.7	3.16	13	0	matzo=28
172741		Crackers, matzo, egg	391	12.3	2.1	75.8	2.7	40		matzo=28
172742		Crackers, matzo, whole-wheat	351	13.1	1.5	67.1	4.65	23		matzo=28
172743		Crackers, rye, sandwich-type with cheese filling	481	9.2	22.3	57.2	2.45	222		cracker, sandwich=7
172744		Crackers, rye, wafers, plain	334	9.6	0.9	57.5	5.94	40	0	cup, crushed=61|cracker (4-1/2" x 2-1/2" x 1/8=11|cracker, triple=25
172745		Crackers, rye, wafers, seasoned	381	9	9.2	52.9	3.04	44		cracker, triple=22
172746		Crackers, saltines (includes oyster, soda, soup)	418	9.46	8.64	71.25	5.57	19	0	crackers=2.98|cup, crushed=70|crackers square (1 serving)=3|cracker square=3|cracker, round large=10
172747		Crackers, wheat, sandwich, with cheese filling	497	9.8	25	55.1	2.62	204		cracker, sandwich=7
172748		Crackers, wheat, sandwich, with peanut butter filling	495	13.5	26.7	49.4	2.67	170		cracker, sandwich=7
172749		Crackers, whole-wheat	427	10.58	14.13	59.25	3.34	36	0	serving=28|crackers, Triscuits, regular s=4.67|cracker=4.6|cup, crushed=94|Triscuit Bits=1
172750		Cracker, meal	383	9.3	1.7	78.3	4.64	23	0	cup=115
172751		Croutons, plain	407	11.9	6.6	68.4	4.08	76		cup=30
172752		Croutons, seasoned	465	10.8	18.3	58.5	2.82	96	0	cup=40|package, fast food=10|cubes=0.25
172753		Danish pastry, cinnamon, enriched	403	7	22.4	43.3	1.96	71	0	large (approx 7" dia)=142|small or frozen (approx 3" dia=35|pastry (4-1/4" dia)=65|Toaster Strudel=53|piece (1/8 of 15 oz ring)=53
172754		Danish pastry, cheese	374	8	21.9	36.2	1.8	35	0	pastry=71
172755		Danish pastry, fruit, enriched (includes apple, cinnamon, raisin, lemon, raspberry, strawberry)	371	5.4	18.5	45.9	1.77	46	0	large (approx 7" dia)=142|small or frozen (approx 3" dia=35|pastry (4-1/4" dia)=71|Toaster Strudel=53|piece (1/8 of 15 oz ring)=53
172756		Doughnuts, french crullers, glazed	412	3.1	18.3	58.3	2.42	26	0	cruller (3" dia)=41
172757		Doughnuts, yeast-leavened, with creme filling	361	6.4	24.5	29.2	1.83	25	0	doughnut oval (3-1/2" x 2-1/2"=85
172758		Doughnuts, yeast-leavened, glazed, enriched (includes honey buns)	421	6.14	22.7	45.83	2.38	101	0.1	doughnut hole=13|doughnut stick=56|extra large (approx 5" dia)=122|jumbo (approx 6" dia)=157|doughnut, large (approx 4-1/4"=75
172759		Doughnuts, yeast-leavened, with jelly filling	340	5.9	18.7	38.1	1.76	25	0	doughnut oval (3-1/2" x 2-1/2"=85
172760		Muffins, English, raisin-cinnamon, toasted (includes apple-cinnamon)	276	8.87	2.21	52.04	4.9	139	0	muffin=52
172761		Muffins, English, wheat	223	8.7	2	40.2	2.87	178	0	muffin=57
172762		Muffins, English, whole-wheat	203	8.8	2.1	33.7	2.45	265	0	muffin=66
172763		French toast, frozen, ready-to-heat	213	7.4	6.1	31	2.21	107		piece=59
172764		Muffins, plain, prepared from recipe, made with low fat (2%) milk	296	6.9	11.4	38.7	2.39	200		muffin=57
172765		Muffins, blueberry, commercially prepared (Includes mini-muffins)	375	4.49	16.07	51.9	1.3	44	0.1	mini (1-1/4" dia)=17|small (2-3/4" dia x 2")=66|medium=113|large (3-1/4" dia x 2-3/4")=139|extra large=168
172766		Muffins, blueberry, dry mix	293	3.48	3.25	59.6	1.62	18		serving=43|package, mix + drained berries=356
172767		Muffins, blueberry, toaster-type	313	4.6	9.5	51.5	0.51	13	0	muffin, toaster=33
172768		Muffins, blueberry, prepared from recipe, made with low fat (2%) milk	285	6.5	10.8	40.7	2.27	189		muffin=57
172769		Muffins, oat bran	270	7	7.4	43.7	4.2	63	0	mini=17|small=66|medium=113|large=139|extra large=168
172770		Muffins, wheat bran, dry mix	396	7.1	12	73	3.6	36		package (7 oz)=198
172771		Pancakes plain, frozen, ready-to-heat (includes buttermilk)	233	5.23	6.83	36.75	5.67	78	0	pancake=41|pancake (6" dia)=73|mini pancake=10.1
172772		Pancakes, plain, dry mix, complete (includes buttermilk)	368	9.77	3.1	70.75	3.6	344		cup=157.58|cup, poured from box=130
172773		Pancakes, blueberry, prepared from recipe	222	6.1	9.2	29	1.72	206		pancake (4" dia)=38|pancake (6" dia)=77
172774		Pancakes, buckwheat, dry mix, incomplete	340	10.9	2.7	62.8	4.73	476	0	cup, poured from box=122
172775		Pancakes, special dietary, dry mix	349	8.9	1.4	73.9	3.05	99		package (8 oz)=227
172776		Pancakes, whole-wheat, dry mix, incomplete	344	12.8	1.5	71	7.84	449		cup, poured from box=140
172777		Pie, banana cream, prepared from recipe	269	4.4	13.6	32.2	1.04	75	0.8	pie (9" dia)=1186|piece (1/8 of 9" dia)=144
172778		Pie, blueberry, commercially prepared	232	1.8	10	33.9	0.3	8	0	piece (1/8 of 9" dia)=125|piece (1/6 of 8" pie)=117
172779		Pie, blueberry, prepared from recipe	245	2.7	11.9	33.5	1.23	7		piece (1/8 of 9" dia)=147
172780		Pie, cherry, commercially prepared	260	2	11	39	0.48	12	0	piece (1/8 of 9" dia)=125|piece (1/6 of 8" pie)=117
172781		Pie, cherry, prepared from recipe	270	2.8	12.2	38.5	1.85	10		piece (1/8 of 9" dia)=180
172782		Pie, coconut custard, commercially prepared	260	5.9	13.2	28.4	0.8	81		piece (1/6 of 8" pie)=104
172783		Pie, egg custard, commercially prepared	210	5.5	11.6	19.2	0.58	80	0.8	piece (1/6 of 8" pie)=105
172784		Pie, fried pies, fruit	316	3	16.1	40	1.22	22	0	pie (5" x 3-3/4")=128
172785		Pie, lemon meringue, commercially prepared	268	1.5	8.7	46	0.61	56	0.2	piece (1/6 of 8" pie)=113
172786		Pie, pecan, prepared from recipe	412	4.9	22.2	52.2	1.48	32		piece (1/8 of 9" dia)=122
172787		Pie, pumpkin, commercially prepared	243	3.9	9.75	33.03	0.9	64	0.1	slice=133|pie=995
172788		Pie, pumpkin, prepared from recipe	204	4.5	9.3	26.4	1.27	94		piece (1/8 of 9" dia)=155
172789		Pie, vanilla cream, prepared from recipe	278	4.8	14.4	32	1.02	90	1.2	piece (1/8 of 9" dia)=126
172790		Puff pastry, frozen, ready-to-bake	551	7.3	38.1	43.6	2.56	10		shell=47
172791		Phyllo dough	299	7.1	6	50.7	3.21	11	0	sheet dough=19
172792		Popovers, dry mix, enriched	371	10.4	4.3	71	2.97	32		package (6 oz)=170
172793		Rolls, dinner, plain, commercially prepared (includes brown-and-serve)	310	10.86	6.47	50.04	3.72	178	0	roll (1 oz)=28|each (pan, dinner, or small ro=25|roll (hamburger, frankfurter, =43|roll (foot long frankfurter ro=86
172794		Rolls, dinner, whole-wheat	266	8.7	4.7	43.6	2.42	106	0	roll (1 oz)=28|roll (hamburger, frankfurter r=43|roll, large submarine, hoagie=135|medium (2-1/2" dia)=36|roll medium submarine, hoagie=94
172795		Rolls, french	277	8.6	4.3	47	2.71	91	0	roll=38
172796		Rolls, hamburger or hotdog, plain	279	9.77	3.91	48.32	3.43	144	0	roll 1 serving=44
172797		Rolls, hamburger or hotdog, mixed-grain	263	9.6	6	40.8	3.95	95	0	roll=43
172798		Sweet rolls, cinnamon, refrigerated dough with frosting	333	5	12.2	51.6	2.44	31		roll=30
172799		Sweet rolls, cinnamon, refrigerated dough with frosting, baked	362	5.4	13.2	56.1	2.65	34		roll=30
172800		Taco shells, baked	476	6.41	21.79	56.79	1.64	100	0	shell=12.9|taco=12.7|medium (approx 5" dia)=13.3|large (6-1/2" dia)=21|miniature (3" dia)=5
172801		Toaster pastries, brown-sugar-cinnamon	370	4.06	7.98	70.34	5.62	293		pastry=51
172802		Wonton wrappers (includes egg roll wrappers)	291	9.8	1.5	56.1	3.36	47		wrapper, eggroll (7" square)=32|wrapper, wonton (3-1/2" square=8
172803		Leavening agents, baking powder, double-acting, sodium aluminum sulfate	53	0	0	27.5	11.02	5876	0	tsp=4.6
172804		Leavening agents, baking powder, double-acting, straight phosphate	51	0.1	0	23.9	11.27	7364	0	tsp=4.6
172805		Leavening agents, baking powder, low-sodium	97	0.1	0.4	44.7	8.17	4332	0	tsp=5
172806		Bread, crumbs, dry, grated, seasoned	383	14.13	5.48	63.59	4.92	182	0	cup=120
172807		Cookies, oatmeal, prepared from recipe, without raisins	447	6.8	17.9	66.4	2.7	105		cookie (2-5/8" dia)=15
172808		Cookies, chocolate chip, prepared from recipe, made with butter	488	5.7	28.4	58.2	2.48	38		cookie, medium (2-1/4" dia)=16
172809		Bread, protein, (includes gluten), toasted	270	13.2	2.4	44.8	4.56	136	0	slice=17
172810		Rolls, dinner, plain, prepared from recipe, made with low fat (2%) milk	316	8.5	7.3	51.5	2.96	60		large roll or bun (3-1/2" dia)=43|roll (2-1/2" dia)=35
172811		Pie crust, cookie-type, prepared from recipe, graham cracker, chilled	484	4.1	24.4	62.4	2.12	20		piece (1/8 of 9" crust)=30|crust, single 9"=244
172812		Crackers, matzo, egg and onion	391	10	3.9	72.1	4.37	36		matzo=28
172813		Pie crust, cookie-type, prepared from recipe, vanilla wafer, chilled	531	3.7	36.2	50.1	1.63	42	0.5	cup=129|crust, single 9"=176|piece (1/8 of 9" crust)=22
172814		Pie crust, standard-type, prepared from recipe, unbaked	469	5.7	30.8	38.9	2.57	9	0	piece (1/8 of 9" crust)=24|crust, single 9"=194
172815		Bread, cornbread, dry mix, unenriched (includes corn muffin mix)	418	7	12.2	63	0.59	57		package (8.5 oz)=241
172816		Bread, pita, white, unenriched	275	9.1	1.2	53.5	1.4	86		pita, large (6-1/2" dia)=60
172817		Bread, raisin, unenriched	274	7.9	4.4	48	1.83	66		slice, large=32|slice=26|slice, thin=23
172818		Bread, white, commercially prepared, low sodium, no salt	267	8.2	3.6	47.3	3.03	108	0	cup, crumbs=45|cup, cubes=35|slice, large=30|slice=25|slice, thin=20
172819		Cookies, butter, commercially prepared, unenriched	467	6.1	18.8	68.1	0.29	29		cookie=5
172820		Cookies, chocolate chip, commercially prepared, regular, higher fat, unenriched	481	5.4	22.6	64.3	1	25		cookie, medium (2-1/4" dia)=10|cookie, bite size (include Min=2.2
172821		Cookies, ladyfingers, without lemon juice and rind	363	10.6	9.1	58.7	3.58	47		anisette sponge (4" x 1-1/8" x=13|breakfast treat (approx 4" x 2=24|ladyfinger=11
172822		Crackers, melba toast, plain, without salt	390	12.1	3.2	70.3	3.7	93		cup, crushed=70|cup pieces=30|cup, rounds=33|melba round=3|piece (3-3/4" x 1-3/4" x 1/8")=5
172823		Crackers, whole-wheat, low salt	443	8.8	17.2	58.1	3.08	50	0	cup, crushed=94|cracker=4|cracker, square=4|Triscuit Bits=1
172824		Danish pastry, cinnamon, unenriched	403	7	22.4	43.4	0.78	71		large (approx 7" dia)=142|small or frozen (approx 3" dia=35|pastry (4-1/4" dia)=65|Toaster Strudel=53|piece (1/8 of 15 oz ring)=53
172825		Danish pastry, fruit, unenriched (includes apple, cinnamon, raisin, strawberry)	371	5.4	18.5	45.9	0.75	46		container (3 oz)=142|small or frozen (approx 3" dia=35|pastry (4-1/4" dia)=71|Toaster Strudel=53|piece (1/8 of 15 oz ring)=53
172826		Bread, white, commercially prepared, toasted, low sodium no salt	293	9	4	54.4	3.33	119		slice=23
172827		Danish pastry, lemon, unenriched	371	5.4	18.5	45.9	0.75	46		pastry=71
172828		English muffins, plain, unenriched, with calcium propionate (includes sourdough)	235	7.7	1.8	43.3	0.89	174		muffin=57
172829		Quail, breast, meat only, raw	123	22.59	2.99	0	2.31	10		unit (yield from 1 lb ready-to=208|breast=56
172830		Chicken, broiler, rotisserie, BBQ, wing, meat and skin	257	23.42	18.04	0.6	0.93	33	0	wing=51
172831		Ruffed Grouse, breast meat, skinless, raw	112	25.94	0.88	0	0.58	5		breast=219|bird=627
172832		Emu, ground, raw	134	22.77	4.03	0	4.02	7		patty=117
172833		Emu, ground, cooked, pan-broiled	163	28.43	4.65	0	5.01	8		patty (yield from 135.8 g raw =109|serving ( 3 oz )=85
172834		Emu, full rump, cooked, broiled	168	33.67	2.68	0	6.89	7		serving ( 3 oz )=85|full rump cooked ( yield from =496
172835		Emu, inside drum, raw	108	22.22	1.49	0	5.23	4		inside drum=572
172836		Emu, inside drums, cooked, broiled	156	32.38	2.01	0	7.27	6		serving ( 3 oz )=85|inside drum cooked ( yield fro=416
172837		Emu, outside drum, raw	103	23.08	0.48	0	4.5	3		outside drum=422
172838		Emu, oyster, raw	141	22.81	4.86	0	5.5	4		steak=300
172839		Ostrich, inside leg, raw	111	22.39	1.72	0	2.3	5		serving ( cooked from 4 oz raw=85
172840		Ostrich, inside leg, cooked	141	29.01	1.94	0	3.12	6		serving ( 3 oz )=85
172841		Ostrich, inside strip, raw	127	23.69	2.87	0	4.2	5		serving (cooked from 4 oz raw)=85
172842		Ostrich, inside strip, cooked	164	29.37	4.26	0	4.8	5		serving ( 3 oz )=85
172843		Ostrich, oyster, cooked	159	28.81	3.97	0	4.9	6		serving ( 3 oz )=85
172844		Ostrich, round, raw	116	21.99	2.4	0	3.54	5		serving (cooked from 4 oz raw)=85
172845		Ostrich, tenderloin, raw	123	22.07	3.19	0	4.88	6		serving (cooked from 4 oz raw)=85
172846		Ostrich, tip trimmed, raw	114	21.85	2.3	0	2.86	5		serving ( cooked from 4 oz raw=85
172847		Turkey, ground, fat free, raw	112	23.57	1.95	0	0.77	3	0.4	patty (cooked from 4 oz raw)=85
172848		Turkey, ground, fat free, pan-broiled crumbles	151	31.69	2.71	0	1.02	6	0.2	
172849		Turkey, ground, fat free, patties, broiled	138	28.99	2.48	0	0.78	6	0.2	patty=85
172850		Turkey, ground, 93% lean, 7% fat, raw	150	18.73	8.34	0	1.17	21	0.4	serving (cooked from 4 oz)=85
172851		Turkey, ground, 93% lean, 7% fat, pan-broiled crumbles	213	27.1	11.6	0	1.56	31	0.2	
172852		Chicken, broilers or fryers, dark meat, drumstick, meat only, cooked, braised	149	23.93	5.95	0	0.94	12	0.1	drumstick without skin=95|drumstick with skin=105
172853		Chicken, broilers or fryers, dark meat, thigh, meat only, cooked, braised	176	24.55	8.63	0	1.27	12	0.3	thigh without skin=111|thigh with skin=129
172854		Chicken, skin (drumsticks and thighs), cooked, braised	443	14.61	42.76	0	1	9	0.1	
172855		Chicken, skin (drumsticks and thighs), raw	440	9.58	44.23	0.79	0.37	6	0.2	
172856		Chicken, dark meat, drumstick, meat only, with added solution, cooked, roasted	146	25.34	5	0	1.1	12	0.1	drumstick without skin=91|drumstick with skin=129
172857		Chicken, dark meat, drumstick, meat only, with added solution, cooked, braised	149	22.99	6.33	0	0.78	14	0.1	drumstick without skin=95|drumstick with skin=106
172858		Chicken, dark meat, thigh, meat only, with added solution, cooked, braised	164	23	7.96	0	1.07	12	0.3	thigh without skin=132|thigh with skin=158
172859		Chicken, dark meat, thigh, meat only, with added solution, raw	110	19.11	3.69	0	0.6	8	0.1	thigh without skin=148|thigh with skin=191
172860		Chicken, dark meat, drumstick, meat and skin, with added solution, raw	146	18.03	8.24	0	0.69	8	0.2	drumstick with skin=143|drumstick without skin=130
172861		Chicken, dark meat, drumstick, meat and skin, with added solution, cooked, roasted	180	24.72	9	0.05	1.11	13	0.2	drumstick with skin=129|drumstick without skin=91
172862		Chicken, dark meat, thigh, meat and skin, with added solution, cooked, braised	215	20.7	14.62	0.21	0.98	12	0.3	thigh without skin=132|thigh with skin=158
172863		Chicken, dark meat, thigh, meat and skin, with added solution, raw	197	16.56	14.58	0	0.57	8	0.2	thigh without skin=148|thigh=181
172864		Turkey from whole, light meat, meat only, with added solution, raw	101	21.54	1.66	0	0.54	14	0.1	
172865		Turkey from whole, light meat, meat only, with added solution, cooked, roasted	127	26.97	2.08	0	0.55	13	0.3	
172866		Turkey, skin from whole (light and dark), with added solution, raw	381	12.29	36.8	0.21	0.57	13	1.1	
172867		Turkey, skin from whole, (light and dark), with added solution, roasted	451	22.15	40.31	0	1.08	25	1.4	
172868		Turkey, whole, meat only, with added solution, raw	106	20.87	2.39	0.14	0.64	14	0.2	bird=5717
172869		Turkey, whole, meat only, with added solution, roasted	140	26.61	3.7	0	0.77	14	0.3	bird=4147
172870		Turkey, whole, meat and skin, with added solution, raw	159	19.03	9.1	0.15	0.67	14	0.4	bird=5717
172871		Turkey, whole, meat and skin, with added solution, roasted	176	26.09	8.01	0	0.81	15	0.4	bird=4147
172872		Turkey, retail parts, wing, meat only, cooked, roasted	170	30.17	5.51	0	0.82	12	0.7	wing=375
172873		Turkey, skin, from retail parts, from dark meat, raw	380	14.35	35.83	0	0.76	4	0.7	
172874		Turkey, skin, from retail parts, from dark meat, cooked, roasted	414	24.58	35.03	0	1.65	6	0.8	
172875		Turkey, retail parts, drumstick, meat only, raw	118	20.52	3.97	0	1.18	10	0.4	drumstick=356
172876		Turkey, breast, from whole bird, meat only, with added solution, raw	102	21.54	1.66	0.14	0.54	14	0.1	breast=2110
172877		Turkey, retail parts, thigh, meat only, cooked, roasted	159	25.14	6.25	0.46	1.59	4	0.3	thigh=348
172878		Turkey, retail parts, drumstick, meat only, cooked, roasted	173	28.61	6.52	0	1.57	17	0.3	drumstick=275
172879		Sauce, plum, ready-to-serve	184	0.89	1.04	42.11	1.43	12		tbsp=19|cup=305
172880		Sauce, pizza, canned, ready-to-serve	54	2.18	1.15	6.66	0.9	54		cup=252
172881		Soup, tomato bisque, canned, condensed	96	1.76	1.95	17.67	0.64	31		cup (4 fl oz)=258|can (11 oz), undiluted=312
172882		Soup, tomato, canned, condensed	66	1.46	0.44	14.12	0.59	13	0	cup=148|can=294
172883		Soup, stock, beef, home-prepared	13	1.97	0.09	1.2	0.27	8	0	cup=240
172884		Soup, stock, chicken, home-prepared	36	2.52	1.2	3.53	0.21	3	0	cup=240
172885		Soup, stock, fish, home-prepared	16	2.26	0.81	0	0.01	3	0	cup=233
172886		Sauce, hoisin, ready-to-serve	220	3.31	3.39	41.28	1.01	32	0	tbsp=16
172887		Soup, cream of mushroom, canned, condensed, reduced sodium	52	1.21	1.69	7.5	0.48	13	0	cup=251
172888		Soup, chicken broth, less/reduced sodium, ready to serve	7	1.36	0	0.38	0.26	8	0	cup=240
172889		Soup, beef broth, less/reduced sodium, ready to serve	6	1.14	0.07	0.2	0.04	3	0	cup=219|can (14.5 oz)=407|carton (32 oz)=923
172890		Sauce, teriyaki, ready-to-serve, reduced sodium	89	5.93	0.02	15.48	1.7	25	0	Tbsp=18
172891		Soup, cream of asparagus, canned, prepared with equal volume milk	65	2.55	3.3	6.31	0.35	70		cup (8 fl oz)=248|can (10.75 oz), prepared=602
172892		Soup, chicken vegetable with potato and cheese, chunky, ready-to-serve	65	1.16	4.46	4.9	0.16	15	0	cup=245
172893		Soup, cream of celery, canned, prepared with equal volume milk	66	2.29	3.91	5.56	0.28	75		cup (8 fl oz)=248|can (10.75 oz), prepared=602
172894		Soup, cheese, canned, prepared with equal volume milk	92	3.77	5.8	6.07	0.32	115		cup=251|can (11 oz), prepared=609
172895		Soup, oyster stew, canned, prepared with equal volume milk	55	2.51	3.24	3.99	0.43	68		cup (8 fl oz)=245|can (10.5 oz), prepared=595
172896		Soup, pea, green, canned, prepared with equal volume milk	94	4.97	2.77	11.59	0.79	68		cup (8 fl oz)=254|can (11.25 oz), prepared=616
172897		Soup, cream of potato, canned, prepared with equal volume milk	60	2.33	2.6	6.72	0.22	67		cup (8 fl oz)=248|can (10.75 oz), prepared=602
172898		Soup, cream of shrimp, canned, prepared with equal volume low fat (2%) milk	61	2.78	3.23	5.54	0.22	69	0.6	cup (8 fl oz)=253
172899		Soup, HEALTHY CHOICE Chicken and Rice Soup, canned	37	2.53	0.55	4.91	0.09	15		serving 1 cup=240
172900		Soup, HEALTHY CHOICE Garden Vegetable Soup, canned	51	2.13	0.21	8.14	0	16		serving 1 cup=246
172901		CAMPBELL'S, Cream of Mushroom Soup, condensed	81	1.29	5.5	5.99	0.16	8	0.2	cup condensed=258
172902		Soup, tomato bisque, canned, prepared with equal volume milk	79	2.51	2.63	11.53	0.35	74		cup (8 fl oz)=251|can (11 oz), prepared=609
172903		Soup, black bean, canned, prepared with equal volume water	46	2.42	0.66	4.31	0.75	19	0	cup=247|can (11 oz), prepared=600
172904		Soup, bean with pork, canned, prepared with equal volume water	63	2.88	2.16	5.41	0.75	31	0	serving 1 cup=266
172905		Soup, bean with frankfurters, canned, prepared with equal volume water	75	3.99	2.79	8.8	0.94	35		cup (8 fl oz)=250|can (11.25 oz), prepared=607
172906		Soup, beef noodle, canned, prepared with equal volume water	34	1.93	1.23	3.28	0.44	8	0	cup (8 fl oz)=244|can (10.75 oz), prepared=593
172907		Soup, cream of celery, canned, prepared with equal volume water	37	0.68	2.29	3.32	0.26	16		cup=248|can (10.75 oz), prepared=593
172908		Soup, chicken gumbo, canned, prepared with equal volume water	23	1.08	0.59	2.63	0.37	10	0	cup=244|can (10.75 oz), prepared=593
172909		Soup, chicken noodle, canned, prepared with equal volume water	24	1.16	0.76	2.47	0.33	5	0	serving 1 cup=248
172910		Soup, chicken with rice, canned, prepared with equal volume water	24	1.45	0.78	2.62	0.31	9	0	serving 1 cup=243
172911		Soup, chili beef, canned, prepared with equal volume water	57	2.49	1.24	8.03	0.79	18	0	cup=261
172912		CAMPBELL'S CHUNKY, Old Fashioned Vegetable Beef Soup	49	3.16	1.23	4.94	0.54	17		cup=247|can=529
172913		Soup, minestrone, canned, prepared with equal volume water	34	1.77	1.04	4.26	0.38	14		cup (8 fl oz)=241|can (10.5 oz), prepared=586
172914		Soup, mushroom barley, canned, prepared with equal volume water	30	0.77	0.93	4.5	0.21	5		cup (8 fl oz)=244|can (10.75 oz), prepared=593
172915		Soup, cream of mushroom, canned, prepared with equal volume water	39	0.66	2.59	3.03	0.09	7	0.1	serving 1 cup=248
172916		Soup, pea, split with ham, canned, prepared with equal volume water	75	4.08	1.74	10.15	0.9	9		cup (8 fl oz)=253|can (11.5 oz), prepared=614
172917		Soup, cream of potato, canned, prepared with equal volume water	30	0.72	0.97	4.5	0.2	8		cup (8 fl oz)=244|can (10.75 oz), prepared=593
172918		Soup, cream of shrimp, canned, prepared with equal volume water	36	1.11	2.07	3.17	0.21	9	0	cup=244|can (10.75 oz), prepared=593
172919		Soup, tomato beef with noodle, canned, prepared with equal volume water	56	1.78	1.71	7.84	0.45	9	0	cup=244|can (10.75 oz), prepared=593
172920		Soup, tomato rice, canned, prepared with equal volume water	47	0.82	1.06	7.84	0.31	11	0	cup=247|can (11 oz), prepared=600
172921		Soup, vegetable with beef broth, canned, prepared with equal volume water	33	1.21	0.78	4.65	0.4	9	0	cup (8 fl oz)=241|can (10.5 oz), prepared=586
172922		Soup, beef broth or bouillon, powder, prepared with water	3	0.21	0.08	0.25	0.02	4	0	serving 1 cup=240
172923		Soup, beef broth, cubed, prepared with water	3	0.21	0.08	0.25	0.02	4	0	serving 1 cup=240
172924		Soup, chicken broth or bouillon, dry, prepared with water	4	0.28	0.23	0.3	0.02	6	0	cup 8 fl oz=241
172925		Soup, chicken noodle, dry, mix, prepared with water	23	0.84	0.55	3.57	0.2	2	0	cup=245
172926		Olive loaf, pork	235	11.8	16.5	9.2	0.54	109	1.1	slice (1 oz) (4" x 4" x 3/32" =28|slices=28.5
172927		Pastrami, turkey	139	16.3	6.21	3.24	4.2	11	0.2	slices=28.5|package (8 oz)=227
172928		Pate, chicken liver, canned	201	13.45	13.1	6.55	9.19	10	0	tbsp=13
172929		Pate, goose liver, smoked, canned	462	11.4	43.84	4.67	5.5	70		tbsp=13
172930		Pate, liver, not specified, canned	319	14.2	28	1.5	5.5	70		tbsp=13
172931		Luxury loaf, pork	141	18.4	4.8	4.9	1.05	36	0.7	slice (1 oz) (4" x 4" x 3/32" =28|slices=28.5
172932		Mother's loaf, pork	282	12.07	22.3	7.53	1.32	43	1	slice (4-1/4" x 4-1/4" x 1/16"=21
172933		Picnic loaf, pork, beef	232	14.92	16.64	4.76	1.02	47	1.2	slice (1 oz) (4" x 4" x 3/32" =28|slices=28.5
172934		Pork sausage, link/patty, unprepared	288	15.39	24.8	0.93	1.02	8	1.4	link=25
172935		Salami, cooked, beef	261	12.6	22.2	1.9	2.2	6	1.2	slice=26
172936		Salami, cooked, beef and pork	336	21.85	25.9	2.4	1.56	15	1	slice round=12.3
172937		Salami, cooked, turkey	172	19.2	9.21	1.45	1.25	40	0.6	serving=28
172938		Salami, dry or hard, pork	407	22.58	33.72	1.6	1.3	13		package (4 oz)=113|slice (3-1/8" dia x 1/16" thic=10
172939		Sausage, smoked link sausage, pork and beef (nonfat dry milk added)	313	13.28	27.61	1.92	1.47	41		link (4" long x 1-1/8" dia)=68|link, little (2" long x 3/4" d=16
172940		Thuringer, cervelat, summer sausage, beef, pork	362	17.45	30.43	3.33	2.04	9	1.1	
172941		Turkey breast, sliced, prepackaged	106	14.81	3.77	2.2	0.42	14	0.2	slice=16
172942		Sausage, Vienna, canned, chicken, beef, pork	230	10.5	19.4	2.6	0.88	10	0.6	sausage (7/8" dia x 2" long)=16|sausages (drained contents fro=16.14
172943		Honey roll sausage, beef	182	18.58	10.5	2.18	2.2	9	1	slice (4" dia x 1/8" thick)=23
172944		Oscar Mayer, Braunschweiger Liver Sausage (sliced)	331	14.25	29.35	2.4	10.51	9	1.1	serving (1 slice)=28
172945		Oscar Mayer, Chicken Breast (honey glazed)	109	19.85	1.5	4.3	1.13	10		serving (4 slices)=52
172946		Oscar Mayer, Ham (chopped with natural juice)	180	16.3	11.15	3.65	1.3	9		serving (1 slice)=28
172947		Oscar Mayer, Salami (hard)	368	25.9	28.7	1.6	1.83	12	1.6	serving 3 slices=27|slice=9
172948		Sausage, turkey, pork, and beef, low fat, smoked	101	8	2.5	10.94	2.2	10	0.1	
172949		Frankfurter, beef, pork, and turkey, fat free	109	12.5	1.59	11.21	1.78	54	0.1	frank 1 NLEA serving=57
172950		Luncheon meat, pork, ham, and chicken, minced, canned, reduced sodium, added ascorbic acid, includes SPAM, 25% less sodium	293	12.5	25.1	3.4	0.64	0	0.6	
172951		Luncheon meat, pork with ham, minced, canned, includes Spam (Hormel)	315	13.4	26.6	4.6	0.64	0	0.6	
172952		Sausage, Italian, sweet, links	149	16.13	8.42	2.1	1.19	25		link 3 oz=84
172953		Sausage, Polish, beef with chicken, hot	259	17.6	19.4	3.6	0.88	12		serving 5 pieces=55|pieces=11
172954		Sausage, Polish, pork and beef, smoked	301	12.07	26.56	1.98	1	7	1.1	serving 2.67 oz=76
172955		Sausage, pork and beef, with cheddar cheese, smoked	296	12.89	25.84	2.13	0.73	57	0.3	
172956		Bratwurst, beef and pork, smoked	297	12.2	26.34	2	1	7		serving 2.33 oz=66
172957		Bratwurst, chicken, cooked	176	19.44	10.35	0	0.87	11		serving 2.96 oz=84
172958		Bratwurst, pork, beef and turkey, lite, smoked	186	14.45	13.53	1.62	0.94	14		serving 2.33 oz=66
172959		Pastrami, beef, 98% fat-free	95	19.6	1.16	1.54	2.78	9		serving 6 slices=57
172960		Yachtwurst, with pistachio nuts, cooked	268	14.8	22.6	1.4	1	19		serving 2 oz=56
172961		Beerwurst, pork and beef	276	14	22.53	3.37	1.73	27		serving 2 oz=56
172962		Chicken breast, fat-free, mesquite flavor, sliced	80	16.8	0.39	2.25	0.3	4		serving 2 slices=42
172963		Chicken breast, oven-roasted, fat-free, sliced	79	16.79	0.39	2.17	0.32	6		serving 2 slices=42
172964		Frankfurter, pork	269	12.81	23.68	0.18	3.7	267		link=76
172965		Macaroni and cheese loaf, chicken, pork and beef	228	11.76	14.96	11.63	1.2	122		slice=38
172966		Salami, Italian, pork and beef, dry, sliced, 50% less sodium	350	21.8	26.4	6.4	1.51	8		serving 5 slices=28
172967		Pate, truffle flavor	327	11.2	28.5	6.3	3.94	70		serving 2 oz=56
172968		Frankfurter, meat	290	10.26	25.76	4.17	1.09	99		serving (1 hot dog)=52
172969		Scrapple, pork	213	8.06	13.87	13.76	1.89	7	0.3	cubic inch=17
172970		Bologna, chicken, turkey, pork	298	9.88	26.18	5.65	1.16	82		serving=28|slice=28
172971		Pork sausage, link/patty, fully cooked, microwaved	438	15.12	41.66	0.62	0.95	17	1	patty=30|link=21|serving=48
172972		Cereals, QUAKER, QUAKER MultiGrain Oatmeal, dry	334	12.64	2.73	60.72	2.88	36	0	cup (1 NLEA serving)=80
172973		Cereals ready-to-eat, chocolate-flavored frosted puffed corn	405	3.34	3.5	83.4	15.87	70	0	cup=30
172974		Cereals ready-to-eat, QUAKER, Toasted Multigrain Crisps	372	12.38	5.11	64.7	29.9	242	0	cup (1 NLEA serving)=45.6
172975		Cereals ready-to-eat, QUAKER, QUAKER 100% Natural Granola with Oats, Wheat, Honey, and Raisins	412	9.66	10.38	65.27	2.69	101	0	cup (1 NLEA serving)=102
172976		Cereals ready-to-eat, QUAKER, Low Fat 100% Natural Granola with Raisins	388	8.42	5.52	70.97	2.58	65	0	cup (1 NLEA serving)=83.33
172977		Cereals, QUAKER, Instant Grits, Butter flavor, dry	369	8.12	5.64	70.13	30	413		packet (1 NLEA serving)=28
172978		Cereals, Oat Bran, QUAKER, QUAKER/MOTHER'S Oat Bran, prepared with water, salt	43	2.03	0.95	5.79	0.97	11		
172979		Cereals, QUAKER, QUAKER MultiGrain Oatmeal, prepared with water, no salt	61	2.08	0.47	11.29	0.56	8		
172980		Cereals, QUAKER, QUAKER MultiGrain Oatmeal, prepared with water, salt	61	2.07	0.47	11.27	0.56	8		
172981		Cereals ready-to-eat, HEALTH VALLEY, FIBER 7 Flakes	353	14.44	1.41	64.05	2.54	71	0	cup (1 NLEA serving)=41.33
172982		Cereals ready-to-eat, MALT-O-MEAL, BERRY COLOSSAL CRUNCH	396	4.19	4.17	84.75	30	33	3.3	cup (1 NLEA serving)=40
172983		Cereals ready-to-eat, MALT-O-MEAL, Crispy Rice	346	6.07	1.12	86	27.27	7	3	cup (1 NLEA serving)=26.4
172984		Cereals ready-to-eat, MALT-O-MEAL, TOOTIE FRUITIES	391	4.69	3.2	83.74	28.12	313	3.1	cup (1 NLEA serving)=32
172985		Cereals ready-to-eat, QUAKER, MOTHER'S PEANUT BUTTER BUMPERS Cereal	407	7.62	7.33	77.18	1.97	23	0	cup (1 NLEA serving)=33
172986		Cereals ready-to-eat, QUAKER, MOTHER'S Toasted Oat Bran cereal	372	11.45	5.04	66.81	4.07	58	0	cup (1 NLEA serving)=42.67
172987		Cereals ready-to-eat, QUAKER, Shredded Wheat, bagged cereal	348	11.24	2.01	69.21	3.33	45	0	biscuits (1 NLEA serving)=21
172988		Cereals ready-to-eat, SUN COUNTRY, KRETSCHMER Wheat Germ, Regular	366	31.43	9.56	37.48	8.34	50	0	tbsp (1 NLEA serving)=7
172989		Cereals, QUAKER, Quick Oats, Dry	371	13.7	6.87	58.78	4.64	47	0	cup=80
172990		Cereals ready-to-eat, MALT-O-MEAL, Frosted Flakes	389	4.25	0.87	89	11.6	3	3.2	cup (1 NLEA serving)=41.33
172991		Cereals, QUAKER, Instant Oatmeal, Raisin and Spice, dry	360	9.11	4	69.88	9.1	235	0	packet (1 NLEA serving)=43
172992		Cereals, QUAKER, Instant Grits, Redeye Gravy & Country Ham flavor, dry	342	9.83	1.58	71.26	42.03	441		packet (1 NLEA serving)=28
172993		Cereals, QUAKER, Instant Grits Product with American Cheese Flavor, dry	360	8.8	4.67	69.88	30.38	418		packet (1 NLEA serving)=28
172994		Cereals, QUAKER, Instant Grits, Ham 'n' Cheese flavor, dry	355	10.73	4.68	66.88	38.2	409		packet (1 NLEA serving)=28
172995		Cereals ready-to-eat, MALT-O-MEAL, HONEY GRAHAM SQUARES	398	4.46	9.97	70.28	33.81	367	3.8	cup (1 NLEA serving)=40
172996		Cereals ready-to-eat, MALT-O-MEAL, Raisin Bran Cereal	342	7.63	1.87	70.17	15.25	33	2.5	cup (1 NLEA serving)=59
172997		Cereals ready-to-eat, MALT-O-MEAL, Blueberry MUFFIN TOPS Cereal	443	4.9	11.48	75.21	34.29	338	3.2	cup (1 NLEA serving)=40
172998		Cereals, MALT-O-MEAL, Farina Hot Wheat Cereal, dry	365	10.48	0.49	74.3	40.93	377	0	tbsp (1 NLEA serving)=11.67
172999		Cereals, MALT-O-MEAL, Maple & Brown Sugar Hot Wheat Cereal, dry	368	8.82	0.47	78.72	31.29	318	0	cup (1 NLEA serving)=180
173000		Cereals ready-to-eat, MALT-O-MEAL, Frosted Mini SPOONERS	354	9.09	1.94	70.91	29.45	29	0	cup (1 NLEA serving)=55
173001		Cereals ready-to-eat, MALT-O-MEAL, Fruity DYNO-BITES	404	3.9	3.15	89.1	7.62	3	4.9	cup=36
173002		Cereals ready-to-eat, RALSTON Enriched Wheat Bran flakes	390	10.21	3.36	62.87	67.67	45	8.6	serving (NLEA serving size - 0=29|cup=42
173003		Cereals ready-to-eat, RALSTON Corn Biscuits	376	5.83	1.05	83.19	38.37	378	8.3	cup (NLEA serving)=30
173004		Cereals, MALT-O-MEAL, chocolate, prepared with water, without salt	47	1.37	0.1	8.82	5.59	49	0	serving (3 T dry cereal plus 1=268
173005		Cereals ready-to-eat, POST GREAT GRAINS Cranberry Almond Crunch	384	8.9	5.9	65.5	3.8	40	2.1	cup (1 NLEA serving)=64
173006		Rice and Wheat cereal bar	409	9.09	9.09	70.93	2.56	31	0	bar=22
173007		Cereals ready-to-eat, QUAKER, QUAKER Honey Graham LIFE Cereal	373	9.33	4.14	72.26	29.73	366		cup (1 NLEA serving)=42.67
173008		Cereals, CREAM OF WHEAT, 2 1/2 minute cook time, cooked with water, stove-top, without salt	56	1.44	0.2	11.04	4.09	104		cup=244
173009		Cereals, CREAM OF WHEAT, 2 1/2 minute cook time, cooked with water, microwaved, without salt	52	1.88	0.37	9.4	4.98	131		cup=231
173010		Cereals, CREAM OF WHEAT, 1 minute cook time, dry	359	11.77	1.47	68.23	29.75	801		tablespoon (1 serving)=11|tbsp=13.7|cup=194
173011		Cereals, CREAM OF WHEAT, 1 minute cook time, cooked with water, stove-top, without salt	56	1.65	0.42	10.76	4.7	125		cup=245
173012		Cereals, CREAM OF WHEAT, 1 minute cook time, cooked with water, microwaved, without salt	55	1.95	0.37	9.17	4.88	126		cup=237
173013		Cereals ready-to-eat, QUAKER, Cap'n Crunch's OOPS! All Berries Cereal	395	4.6	3.99	84.5	21.57	11		cup (1 NLEA serving)=32
173014		Cereals ready-to-eat, QUAKER Oatmeal Squares, Golden Maple	380	11.3	4.83	69.74	29	201		cup (1 NLEA serving)=56
173015		Cereals ready-to-eat, POST, HONEY BUNCHES OF OATS with vanilla bunches	394	7.9	5.1	74	28.9	33	2.7	cup (1 NLEA serving)=56
173016		Cereals, QUAKER, Instant Oatmeal, Cinnamon Spice, reduced sugar	358	11.26	6.11	60.65	12	313		packet (1 NLEA serving)=34
173017		Cereals ready-to-eat, NATURE'S PATH, Organic FLAX PLUS flakes	350	11.91	5.46	58.67	5.89	55	0	cup (1 NLEA serving)=40
173018		Cereals ready-to-eat, BARBARA'S PUFFINS, original	333	7.41	3.7	65.5	1.33	70	0	cup (1 NLEA serving)=36
173019		Cereals ready-to-eat, POST, HONEY BUNCHES OF OATS, with real strawberries	399	6.7	4.9	77.9	26.1	26	3.2	cup (1 NLEA serving)=41.33
173020		Cereals ready-to-eat, POST HONEY BUNCHES OF OATS with cinnamon bunches	400	7.1	5	77	28	36	3.3	cup (1 NLEA serving)=40
173021		Figs, raw	74	0.75	0.3	16.28	0.37	35	0	large (2-1/2" dia)=64|medium (2-1/4" dia)=50|small (1-1/2" dia)=40
173022		Figs, canned, water pack, solids and liquids	53	0.4	0.1	11.79	0.29	28	0	cup=248|fig with liquid=27
173023		Figs, canned, light syrup pack, solids and liquids	69	0.39	0.1	16.15	0.29	27	0	cup=252|fig with liquid=28
173024		Figs, canned, heavy syrup pack, solids and liquids	88	0.38	0.1	20.7	0.28	27	0	cup=259|fig with liquid=28
173025		Figs, canned, extra heavy syrup pack, solids and liquids	107	0.38	0.1	27.86	0.28	26	0	cup=261
173026		Fruit cocktail, (peach and pineapple and pear and grape and cherry), canned, extra light syrup, solids and liquids	45	0.4	0.07	10.53	0.3	8	0	cup=246
173027		Fruit cocktail, (peach and pineapple and pear and grape and cherry), canned, light syrup, solids and liquids	57	0.4	0.07	13.93	0.29	6	0	cup=242
173028		Fruit cocktail, (peach and pineapple and pear and grape and cherry), canned, heavy syrup, solids and liquids	73	0.39	0.07	17.91	0.29	6	0	cup=248
173029		Fruit cocktail, (peach and pineapple and pear and grape and cherry), canned, extra heavy syrup, solids and liquids	88	0.39	0.07	21.79	0.28	6	0	cup=260
173030		Gooseberries, raw	44	0.88	0.58	5.88	0.31	25		cup=150
173031		Gooseberries, canned, light syrup pack, solids and liquids	73	0.65	0.2	16.35	0.33	16		cup=252
173032		Goji berries, dried	349	14.26	0.39	64.06	6.8	190		tbsp=5.6
173033		Grapefruit, raw, pink and red and white, all areas	32	0.63	0.1	6.98	0.09	12	0	cup sections, with juice=230|large (approx 4-1/2" dia)=332|medium (approx 4" dia)=256|small (approx 3-1/2" dia)=200
173034		Grapefruit, raw, white, Florida	32	0.63	0.1	8.19	0.05	15	0	cup sections, with juice=230|fruit (3-3/4" dia)=236
173035		Grapefruit, sections, canned, water pack, solids and liquids	36	0.58	0.1	8.75	0.41	15	0	cup=244
173036		Grapefruit, sections, canned, juice pack, solids and liquids	37	0.7	0.09	8.81	0.21	15	0	cup=249
173037		Grapefruit, sections, canned, light syrup pack, solids and liquids	60	0.56	0.1	15.04	0.4	14	0	cup=254
173038		Grapefruit juice, pink or red, with added calcium	39	0.51	0.68	7.44	0.06	146	0	cup=252
173039		Grapefruit juice, white, raw	39	0.5	0.1	9.1	0.2	9	0	cup=247|fruit yields=196
173040		Grapes, muscadine, raw	57	0.81	0.47	10.03	0.26	37		grape=6
173041		Grape juice, canned or bottled, unsweetened, with added ascorbic acid	60	0.37	0.13	14.57	0.25	11	0	cup=253
173042		Grape juice, canned or bottled, unsweetened, without added ascorbic acid	60	0.37	0.13	14.57	0.25	11	0	cup=253
173043		Groundcherries, (cape-gooseberries or poha), raw	53	1.9	0.7	11.2	1	9		cup=140
173044		Guavas, common, raw	68	2.55	0.95	8.92	0.26	18	0	cup=165|fruit, without refuse=55
173045		Guavas, strawberry, raw	69	0.58	0.6	11.96	0.22	21		cup=244|fruit without refuse=6
173046		Beef, top loin petite roast, boneless, separable lean only, trimmed to 1/8" fat, all grades, cooked, roasted	195	28.33	8.76	0.82	2.02	17	0.1	roast=634
173047		Beef, top loin petite roast, boneless, separable lean only, trimmed to 1/8" fat, choice, cooked, roasted	206	28.24	9.97	0.88	2.02	17	0.1	roast=677
173048		Beef, top loin petite roast, boneless, separable lean only, trimmed to 1/8" fat, select, cooked, roasted	179	28.48	6.95	0.74	1.85	22	0.1	roast=571
173049		Beef, top loin petite roast/filet, boneless, separable lean only, trimmed to 1/8" fat, all grades, raw	143	22.61	5.84	0	2.17	5	0.1	fillet=173|roast=852
173050		Beef, loin, top sirloin filet, boneless, separable lean only, trimmed to 0" fat, select, cooked, grilled	165	30.78	4.68	0	3.19	6	0.1	fillet=115
173051		Beef, loin, top sirloin petite roast, boneless, separable lean only, trimmed to 0" fat, all grades, cooked, roasted	170	29.12	5.92	0	2.75	5	0.1	roast=768
173052		Beef, loin, top sirloin petite roast, boneless, separable lean only, trimmed to 0" fat, select, cooked, roasted	165	29.35	5.25	0	2.75	6	0.1	roast=765
173053		Beef, loin, top sirloin petite roast/filet, boneless, separable lean only, trimmed to 0" fat, all grades, raw	128	23.04	3.98	0	2.24	5	0.1	fillet=180|roast=970
173054		Beef, ribeye cap steak, boneless, separable lean only, trimmed to 0" fat, all grades, cooked, grilled	246	24.66	15.7	1.53	3.07	7	0.1	steak=209
173055		Beef, ribeye cap steak, boneless, separable lean only, trimmed to 0" fat, choice, cooked, grilled	259	24.24	17.21	1.81	3.06	7	0.1	steak=208
173056		Beef, ribeye cap steak, boneless, separable lean only, trimmed to 0" fat, select, cooked, grilled	226	25.28	13.43	1.1	3.22	6	0.1	steak=211
173057		Beef, ribeye cap steak, boneless, separable lean only, trimmed to 0" fat, all grades, raw	180	19.7	10.6	1.51	2.64	6	0.1	steak=256
173058		Beef, ribeye petite roast, boneless, separable lean only, trimmed to 0" fat, all grades, cooked, roasted	178	28.15	7.31	0	2.68	6	0.1	roast=699
173059		Beef, ribeye petite roast, boneless, separable lean only, trimmed to 0" fat, choice, cooked, roasted	188	28	8.42	0	2.65	5	0.1	roast=714
173060		Beef, ribeye petite roast, boneless, separable lean only, trimmed to 0" fat, select, cooked, roasted	164	28.37	5.65	0	3.46	6	0.1	roast=675
173061		Beef, loin, top sirloin cap steak, boneless, separable lean and fat, trimmed to 1/8" fat, all grades, cooked, grilled	242	26	15	0.8	3.16	7	0.2	steak=161
173062		Beef, loin, top sirloin cap steak, boneless, separable lean and fat, trimmed to 1/8" fat, select, raw	179	20.1	10.9	0	2.74	7	0.1	steak=199
173063		Beef, top loin filet, boneless, separable lean and fat, trimmed to 1/8" fat, all grades, cooked, grilled	239	27.4	14.1	0.6	3.3	7	0.2	fillet=135
173064		Beef, top loin filet, boneless, separable lean and fat, trimmed to 1/8" fat, choice, cooked, grilled	253	26.8	15.9	0.6	3.23	7	0.2	fillet=135
173065		Beef, top loin filet, boneless, separable lean and fat, trimmed to 1/8" fat, select, cooked, grilled	219	28.3	11.6	0.4	3.52	6	0.1	fillet=135
173066		Beef, top loin petite roast/filet, boneless, separable lean and fat, trimmed to 1/8" fat, choice, raw	199	20.8	12.6	0.6	2.66	6	0.1	fillet=178|roast=844
173067		Beef, top loin petite roast/filet, boneless, separable lean and fat, trimmed to 1/8" fat, select, raw	170	21.6	9.3	0	2.98	7	0.1	fillet=166|roast=866
173068		Beef, Australian, imported, grass-fed, ground, 85% lean / 15% fat, raw	239	17.72	18.12	0	1.79	6		
173069		Beef, loin, top loin steak, boneless, lip-on, separable lean only, trimmed to 1/8" fat, choice, cooked, grilled	208	28.66	10.34	0	2.58	13	0.1	steak=236
173070		Beef, loin, top loin steak, boneless, lip-on, separable lean only, trimmed to 1/8" fat, select, cooked, grilled	184	29.67	7.26	0	2.61	13	0.1	steak=234
173071		Beef, loin, top loin steak, boneless, lip-on, separable lean only, trimmed to 1/8" fat, all grades, cooked, grilled	198	29.06	9.11	0	2.59	13	0.1	steak=235
173072		Beef, loin, top loin steak, boneless, lip-on, separable lean and fat, trimmed to 1/8" fat, choice, raw	205	21.13	13.36	0	1.88	16	0.1	steak=301
173073		Beef, New Zealand, imported, brisket point end, separable lean only, cooked, braised	202	34.51	7.05	0	2.78	6	0.2	
173074		Beef, New Zealand, imported, brisket point end, separable lean only, raw	125	20.92	4.62	0	2.06	4	0.1	
173075		Beef, New Zealand, imported, chuck eye roll, separable lean only, raw	131	20.46	5.41	0	2.04	4	0.1	
173076		Beef, New Zealand, imported, chuck eye roll, separable lean only, cooked, braised	208	32.08	8.89	0	2.71	6	0.2	serving=85
173077		Beef, New Zealand, imported, flank, separable lean only, cooked, braised	194	30.75	7.92	0	2.41	5	0.3	
173078		Beef, New Zealand, imported, flank, separable lean only, raw	142	20.53	6.67	0	1.57	4	0.1	
173079		Beef, New Zealand, imported, flat, separable lean only, cooked, braised	226	33.22	10.3	0	3.23	6	0	
173080		Beef, New Zealand, imported, flat, separable lean only, raw	154	21.3	7.69	0	1.9	5	0	
173081		Beef, New Zealand, imported, variety meats and by-products, heart, cooked, boiled	179	31.29	6	0	6.81	6	0.2	
173082		Beef, New Zealand, imported, intermuscular fat, cooked	560	7.9	57.22	3.39	1.18	16	0.4	
173083		Beef, New Zealand, imported, intermuscular fat, raw	602	6.97	63.78	0.01	0.76	11	0.3	
173084		Beef, New Zealand, imported, variety meats and by-products, kidney, cooked, boiled	157	27.28	5.27	0	5.7	14	0.8	
173085		Beef, New Zealand, imported, knuckle, cooked, fast fried	178	27.51	7.58	0	2.25	5	0.1	
173086		Beef, New Zealand, imported, manufacturing beef, raw	119	21.23	3.68	0.23	1.95	6	0.1	
173087		Beef, New Zealand, imported, oyster blade, separable lean only, cooked, braised	196	29.87	8.46	0	2.78	5	0.2	
173088		Beef, New Zealand, imported, oyster blade, separable lean only, raw	155	21.83	7.56	0	1.95	4	0.2	
173089		Beef, New Zealand, imported, ribs prepared, cooked, fast roasted	197	27.23	9.74	0.09	2.21	18	0.3	
173090		Beef, New Zealand, imported, subcutaneous fat, cooked	731	6.5	78.3	0	0.47	17	0.3	
173091		Beef, New Zealand, imported, subcutaneous fat, raw	685	8.5	72.38	0	0.38	20	0.3	
173092		Beef, New Zealand, imported, sweetbread, cooked, boiled	318	12.53	29.79	0	1.12	4	0.6	
173093		Beef, New Zealand, imported, sweetbread, raw	303	11.51	28.6	0	1.15	4	0.6	
173094		Beef, New Zealand, imported, tenderloin, separable lean only, cooked, fast fried	200	29.37	9.01	0.27	3.01	4	0.2	
173095		Beef, New Zealand, imported, variety meats and by-products, tripe cooked, boiled	103	19	2.98	0	3.72	158	0.3	
173096		Beef, New Zealand, imported, variety meats and by-products, tripe uncooked, raw	77	14.86	1.98	0	4.44	112	0.2	
173097		Beef, New Zealand, imported, bolar blade, separable lean and fat, cooked, fast roasted	228	31.3	11.37	0	2.54	6	0.2	
173098		Beef, New Zealand, imported, bolar blade, separable lean and fat, raw	159	21.29	8.22	0	1.97	4	0.1	
173099		Beef, New Zealand, imported, chuck eye roll, separable lean and fat, cooked, braised	252	29.92	14.74	0	2.52	7	0.2	
173100		Beef, New Zealand, imported, chuck eye roll, separable lean and fat, raw	181	19.38	11.45	0	1.89	6	0.2	
173101		Beef, New Zealand, imported, cube roll, separable lean and fat, cooked, fast roasted	286	27.79	19.45	0.03	2.2	6	0.4	
173102		Beef, New Zealand, imported, cube roll, separable lean and fat, raw	225	18.22	16.31	1.26	1.91	5	0.2	
173103		Beef, New Zealand, imported, flat, separable lean and fat, raw	177	20.57	10.55	0	1.84	5	0	
173104		Beef, New Zealand, imported, hind shin, separable lean and fat, cooked, braised	196	29.82	8.5	0.07	2.6	7	0.2	
173105		Beef, New Zealand, imported, hind shin, separable lean and fat, raw	147	20.61	7.2	0	1.95	5	0	
173106		Beef, New Zealand, imported, oyster blade, separable lean and fat, cooked, braised	197	29.79	8.68	0	2.77	5	0.2	
173107		Beef, New Zealand, imported, striploin, separable lean and fat, raw	252	18.49	19.53	0.6	1.38	7	0.2	
173108		Beef, New Zealand, imported, tenderloin, separable lean and fat, cooked, fast fried	202	29.26	9.35	0.27	2.99	4	0.2	
173109		Beef, New Zealand, imported, tenderloin, separable lean and fat, raw	146	21.04	6.88	0	2.18	4	0.1	
173110		Beef, ground, 93% lean meat / 7% fat, raw	152	20.85	7	0	2.33	10	0.1	
173111		Beef, ground, 97% lean meat / 3% fat, raw	121	21.98	3	0	2.44	8	0.1	
173112		Beef, ground, 97% lean meat / 3% fat, patty, cooked, broiled	153	26.36	4.46	0	2.88	5	0	patty=70
173113		Beef, ground, 97% lean meat /3% fat, patty, cooked, pan-broiled	144	26.03	3.65	0	2.89	7	0	portion (yield from 1/2 lb raw=139
173114		Beef, ground, 97% lean meat / 3% fat, loaf, cooked, baked	154	27.58	4.06	0	3.11	6	0	
173115		Beef, round, bottom round, steak, separable lean only, trimmed to 1/8" fat, choice, cooked, braised	228	34.22	9.02	0	3.01	7	0.1	
173116		Beef, short loin, top loin, steak, separable lean only, trimmed to 1/8" fat, choice, raw	155	22.78	6.43	0	1.66	29		
173117		Beef, tenderloin, steak, separable lean only, trimmed to 1/8" fat, choice, cooked, broiled	206	29.01	9.1	0	1.95	16		
173118		Beef, top sirloin, steak, separable lean only, trimmed to 1/8" fat, choice, cooked, broiled	187	29.51	6.72	0	2.01	17	0.1	
173119		Beef, short loin, top loin, steak, separable lean only, trimmed to 1/8" fat, choice, cooked, broiled	201	29.16	8.45	0	1.97	16		
173120		Beef, round, eye of round, roast, separable lean only, trimmed to 1/8" fat, select, raw	119	22.31	2.62	0	1.92	22		
173121		Beef, round, top round, steak, separable lean only, trimmed to 1/8" fat, select, raw	129	23.13	3.37	0	1.97	22		
173122		Beef, round, bottom round, roast, separable lean only, trimmed to 1/8" fat, select, raw	128	22.18	3.66	0	1.9	21		
173123		Beef, rib, small end (ribs 10-12), separable lean only, trimmed to 1/8" fat, all grades, cooked, broiled	195	29.58	7.63	0	1.88	19	0.1	
173124		Beef, bottom sirloin, tri-tip roast, separable lean only, trimmed to 0" fat, select, raw	129	21.34	4.21	0	1.55	22		roast=252
173125		Beef, round, tip round, roast, separable lean only, trimmed to 0" fat, all grades, raw	126	21.07	3.95	0	1.77	18		roast=1289
173126		Beef, round, tip round, roast, separable lean only, trimmed to 0" fat, choice, raw	130	20.76	4.55	0	1.92	18		roast=1392
173127		Beef, round, tip round, roast, separable lean only, trimmed to 0" fat, select, raw	122	21.38	3.35	0	1.78	20		roast=1187
173128		Beef, brisket, flat half, separable lean and fat, trimmed to 1/8" fat, choice, raw	278	18.12	22.15	0.12	1.68	15		steak=434
173129		Beef, brisket, flat half, separable lean and fat, trimmed to 1/8" fat, select, raw	276	17.77	22.21	0	1.5	17		steak=470
173130		Beef, brisket, flat half, separable lean and fat, trimmed to 1/8" fat, choice, cooked, braised	298	28.66	19.47	0	2.46	16		steak (yield from 593 g raw me=409
173131		Snacks, popcorn, microwave, 94% fat free	402	10.72	6.1	62.44	2.87	14	0	
173132		Formulated bar, MARS SNACKFOOD US, SNICKERS MARATHON Double Chocolate Nut Bar	377	22.35	8.99	41.16	17.95	1495		bar=80
173133		Snacks, M&M MARS, KUDOS Whole Grain Bars, peanut butter	463	5.88	20.78	62.09	0.89	871		bar=28
173134		Formulated bar, MARS SNACKFOOD US, SNICKERS MARATHON Honey Nut Oat Bar	381	22.5	7.87	44.13	18.15		4.5	bar=55
173135		Snacks, M&M MARS, KUDOS Whole Grain Bar, M&M's milk chocolate	415	3.78	11.95	70.61	0.85	943		bar=24
173136		Formulated bar, MARS SNACKFOOD US, SNICKERS MARATHON Energy Bar, all flavors	386	21.91	10.79	43.6	16.31	754	4.5	bar=55
173137		Formulated bar, POWER BAR, chocolate	363	14.15	3.11	63.93	11.7	504	0	bar=68
173138		Formulated bar, MARS SNACKFOOD US, COCOAVIA, Chocolate Blueberry Snack Bar	325	6.21	9.27	53.27	1.88	1207		bar=22
173139		Formulated bar, SLIM-FAST OPTIMA meal bar, milk chocolate peanut	386	16.19	8.92	55.11	4.98	668	5.4	bar=55
173140		Snacks, soy chips or crisps, salted	385	26.5	7.35	49.65	5.2	171	0	
173141		Popcorn, microwave, regular (butter) flavor, made with palm oil	535	8.38	30.22	47.26	2.06	23	0	cup=7.9|bag=87
173142		Snacks, plantain chips, salted	531	2.28	29.59	60.34	0.97	9	0	
173143		Tortilla chips, yellow, plain, salted	497	6.62	22.33	62.68	1.32	104	0	
173144		Snacks, granola bar, KASHI GOLEAN, crunchy, mixed flavors	393	17.88	9.23	53.68	5.2	434	0	bar=47
173145		Snacks, granola bar, chewy, reduced sugar, all flavors	412	5.55	12.5	66.3	2.03	417	0	bar=24
173146		Snacks, granola bites, mixed flavors	451	7.17	17.5	60.57	1.56	41	0	package=20
173147		Snacks, pita chips, salted	457	11.79	15.2	64.46	4.59	17	0	bag=262
173148		Snacks, granola bars, soft, almond, confectioners coating	455	8.6	20	55.83	1.49	136	0	bar=35
173149		Formulated bar, high fiber, chewy, oats and chocolate	389	5	10	47.32	0.9	250	0	bar=40
173150		Snacks, bagel chips, plain	451	12.34	15.14	62.26	5.05	24	0	bag=175|piece chips=4.67
173151		Snacks, NUTRI-GRAIN FRUIT AND NUT BAR	403	9.38	10.93	59.22	5.65	65	0.8	bar=32
173152		Snacks, yucca (cassava) chips, salted	515	1.34	25.91	65.53	0.72	52		chips=1.7|bag=105
173153		Snacks, granola bar, GENERAL MILLS, NATURE VALLEY, CHEWY TRAIL MIX	415	5.71	11.43	68.47	8.71	116	0	bar=35
173154		Snacks, granola bar, QUAKER, DIPPS, all flavors	480	7.52	20.42	61.76	1.16	65	0.1	bar=31
173155		Snacks, brown rice chips	384	8.2	2.8	77.3	1.49	11	0	cake=9|cakes=9
173156		Snack, Pretzel, hard chocolate coated	467	7.05	17.64	66.57	2.54	141	0	serving=28
173157		Snacks, peas, roasted, wasabi-flavored	432	14.11	14.11	58.4	3.8	123	0	serving=28
173158		Formulated Bar, SOUTH BEACH protein bar	412	30.34	15.17	31.1	5.4	322	0	bar=53
173159		Snack, BALANCE, original bar	415	28	12	45.63	10.9	543	1.6	serving=50
173160		Snacks, shrimp cracker	426	7.14	17.86	53.49	1.91	20	0	serving=28
173161		Rice crackers	416	10	5	82.64	0	0	0	serving=30
173162		Beverages, MONSTER energy drink, low carb	5	0	0	1.38	0	0	0	
173163		Beverages, Whiskey sour mix, powder	383	0.6	0.1	97.3	0.39	272		packet=17
173164		Alcoholic beverage, whiskey sour, prepared with water, whiskey and powder mix	164	0.1	0.02	15.85	0.08	46		packet prepared=103
173165		Beverages, THE COCA-COLA COMPANY, NOS energy drink, Original, grape, loaded cherry, charged citrus, fortified with vitamins B6 and B12	44	0	0	11.25	0	0	0	
173166		Beverages, water, bottled, yumberry, pomegranate with anti-oxidants, zero calories	5	0	0	1.25	0	0	0	
173167		Beverages, ABBOTT, EAS whey protein powder	385	66.67	5.13	17.95	0.92	256	0	scoop=19.5
173168		Alcoholic beverage, creme de menthe, 72 proof	371	0	0.3	41.6	0.07	0	0	jigger 1.5 fl oz=50
173169		Beverages, NESTLE, Boost plus, nutritional drink, ready-to-drink	138	5.38	5.38	16.09	1.73	135	2.3	bottle=237
173170		Beverages, SLIMFAST, Meal replacement, High Protein Shake, Ready-To-Drink, 3-2-1 plan	61	6.59	3.38	0.45	0.96	130	1.1	bottle=295
173171		Beverages, UNILEVER, SLIMFAST, meal replacement, regular, ready-to-drink, 3-2-1 Plan	57	3.32	1.93	6.14	0.87	161	1.1	bottle=295
173172		Beverages, UNILEVER, SLIMFAST Shake Mix, powder, 3-2-1 Plan	448	8.13	13.34	55.82	0.68	364	9.6	scoop=26
173173		Beverages, FUZE, orange mango, fortified with vitamins A, C, E, B6	38	0.68	0.06	9	0.1	9	0	bottle=500
173174		Beverages, UNILEVER, SLIMFAST Shake Mix, high protein, whey powder, 3-2-1 Plan,	433	27.87	13.46	31.8	24.84	1039	9.6	scoop=26
173175		Beverages, Acai berry drink, fortified	62	0.83	0.83	11.63	0.16	19	0	
173176		Alcoholic beverage, wine, dessert, sweet	160	0.2	0	13.69	0.24	8	0	glass (3.5 fl oz)=103
173177		Beverages, Whey protein powder isolate	359	58.14	1.16	29.07	1.26	698	0	scoop=28.67
173178		Beverages, Orange juice, light, No pulp	21	0.21	0	5.42	0	0	0	
173179		Beverages, The COCA-COLA company, Hi-C Flashin' Fruit Punch	45	0	0	12.5	0	0	0	
173180		Beverages, Protein powder whey based	352	78.13	1.56	3.15	1.13	469	0	cup=96.97
173181		Beverages, Protein powder soy based	388	55.56	5.56	22.19	12	178	0	scoop=45
173182		Beverages, rich chocolate, powder	372	0	0	92.96	16.36	909	9.1	tbsp=5.5
173183		Beverages, GEROLSTEINER BRUNNEN GmbH & Co. KG (Gerolsteiner), naturally sparkling, mineral bottled water	0	0	0	0	0	33	0	
173184		Beverages, chocolate malt, powder, prepared with fat free milk	49	3.25	0.17	8.64	0.74	234	1.5	serving=256
173185		Alcoholic beverage, wine, table, all	83	0.07	0	2.72	0.37	8	0	serving (5 fl oz)=148
173186		Beverages, V8 SPLASH Smoothies, Peach Mango	37	1.22	0	7.76	0.15	41		serving 8 oz=245
173187		Beverages, chocolate almond milk, unsweetened, shelf-stable, fortified with vitamin D2 and E	21	0.83	1.46	0.85	0.45	188	1	cup=240
173188		Beverages, The COCA-COLA company, Glaceau Vitamin Water, Revive Fruit Punch, fortified	0	0	0	0	0	0	0	
173189		Beverages, MINUTE MAID, Lemonada, Limeade	50	0	0	13.75	0	2	0	
173190		Alcoholic beverage, wine, table, red	85	0.07	0	2.61	0.46	8	0	serving (5 fl oz)=147
173191		Alcoholic Beverage, wine, table, red, Barbera	85	0.07	0	2.79				serving (5 fl oz)=147
173192		Alcoholic Beverage, wine, table, red, Zinfandel	88	0.07	0	2.86				serving (5 fl oz)=147
173193		Alcoholic Beverage, wine, table, red, Petite Sirah	85	0.07	0	2.68				serving (5 fl oz)=147
173194		Alcoholic Beverage, wine, table, red, Claret	83	0.07	0	3.01				serving (5 fl oz)=147
173195		Alcoholic beverage, wine, table, white, Chenin Blanc	80	0.07	0	3.31				serving (5 fl oz)=148
173196		Alcoholic beverage, wine, table, white, Fume Blanc	82	0.07	0	2.27				serving (5 fl oz)=147
173197		Beverages, Mixed vegetable and fruit juice drink, with added nutrients	29	0.04	0.01	7.47	0.04	3	0	
173198		Alcoholic beverage, wine, table, white, Muller Thurgau	76	0.07	0	3.48				serving (5 fl oz)=148
173199		Carbonated beverage, cream soda	51	0	0	13.3	0.05	5	0	can or bottle (16 fl oz)=494|can or bottle (12 fl oz)=371
173200		Alcoholic beverage, wine, table, white, Riesling	80	0.07	0	3.74				serving (5 fl oz)=148
173201		Alcoholic beverage, wine, table, white, Sauvignon Blanc	81	0.07	0	2.05				serving (5 fl oz)=147
173202		Alcoholic beverage, wine, table, white, late harvest	112	0.07	0	13.39				serving (5 fl oz)=154
173203		Beverages, carbonated, grape soda	43	0	0	11.2	0.08	3		can or bottle (12 fl oz)=372
173204		Beverages, carbonated, low calorie, other than cola or pepper, without caffeine	0	0.1	0	0	0.04	4	0	can (12 fl oz)=355
173205		Beverages, carbonated, lemon-lime soda, no caffeine	41	0.09	0	10.42	0.02	2	0	drink (12 fl oz)=368|drink, small (16 fl oz)=491|drink, medium (22 fl oz)=675|drink, large (32 fl oz)=982|drink, extra large (44 fl oz)=1351
173206		Beverages, carbonated, SPRITE, lemon-lime, without caffeine	40	0.05	0.02	10.14	0.11	2	0	serving 12 fl oz=369|serving 16 fl oz=492|cup 12 fl oz 12 fl oz=258
173207		Beverages, carbonated, low calorie, other than cola or pepper, with aspartame, contains caffeine	0	0.1	0	0	0.04	4	0	can (12 fl oz)=355
173208		Alcoholic Beverage, wine, table, red, Burgundy	86	0.07	0	3.69				serving 5 fl oz=148
173209		Beverages, carbonated, pepper-type, contains caffeine	41	0	0.1	10.4	0.04	3		can or bottle (16 fl oz)=491|can or bottle (12 fl oz)=368
173210		Beverages, Energy drink, RED BULL	43	0.46	0	10.23	0.06	6	0	can 8.4 fl oz=258|serving 12 fl oz=369|serving 16 fl oz=492
173211		Beverages, tea, black, ready to drink, decaffeinated, diet	0	0	0	0.83	0	11	0	cup=240
173212		Beverages, tea, black, ready to drink, decaffeinated	38	0	0	8.75	0	11	0	cup=240
173213		Beverages, grape juice drink, canned	57	0	0	14.45	0.13	7	0	serving=227
173214		Beverages, Cranberry juice cocktail	52	0	0.34	12.25	0.04	3		cup=271
173215		Beverages, SNAPPLE, tea, black and green, ready to drink, peach, diet	2	0.1	0	0.1	0	0		
173216		Lemonade, frozen concentrate, white	196	0.22	0.7	49.59	0.09	7	0	can (12 fl oz)=438|can (6 fl oz)=219
173217		Lemonade, frozen concentrate, white, prepared with water	40	0.07	0.04	10.42	0.16	4		cup 8 fl oz=247
173218		Beverages, SNAPPLE, tea, black and green, ready to drink, lemon, diet	2	0.1	0	0.1	0	0		
173219		Beverages, Malted drink mix, natural, with added nutrients, powder, prepared with whole milk	86	3.67	3.21	10.67	1.36	123		cup (8 fl oz)=265
173220		Beverages, Malted drink mix, natural, powder, dairy based.	428	14.29	9.52	71.11	0.7	298	0	serving (3 heaping tsp or 1 en=21
173221		Beverages, Malted drink mix, natural, powder, prepared with whole milk	88	3.86	3.62	10.13	0.09	117		cup (8 fl oz)=265
173222		Beverages, OVALTINE, chocolate malt powder	372	0	0	92.96	16.36	909	9.1	cup=78|serving (4 tbsp or 1 envelope)=21
173223		Beverages, orange and apricot juice drink, canned	51	0.3	0.1	12.6	0.1	5	0	cup (8 fl oz)=250
173224		Beverages, pineapple and grapefruit juice drink, canned	47	0.2	0.1	11.5	0.31	7	0	cup (8 fl oz)=250
173225		Beverages, pineapple and orange juice drink, canned	50	1.3	0	11.7	0.27	5	0	cup (8 fl oz)=250
173226		Shake, fast food, vanilla	148	3.37	6.52	18.69	0.46	115	0	cup (8 fl oz)=166|milkshake (10 fl oz)=208|small McDonald's shake (12 fl =250|medium McDonald's shake (16 fl=333|large McDonald's shake (22 fl =458
173227		Beverages, tea, black, brewed, prepared with tap water	1	0	0	0.3	0.02	0	0	cup (8 fl oz)=237
173228		Beverages, tea, instant, decaffeinated, lemon, diet	338	3.3	0.6	85.4	8.87	21	0	tsp=0.8
173229		Beverages, tea, instant, decaffeinated, lemon, sweetened	401	0.12	0.73	98.55	0.21	2		serving (3 heaping tsp)=23|cup=182
173230		Beverages, tea, instant, unsweetened, powder	315	20.21	0	50.16	2.26	118	0	serving 1 tsp=0.7
173231		Beverages, tea, instant, lemon, diet	2	0.02	0	0.44	0.05	3	0	serving 6 fl oz=179|serving 8 fl oz=238
173232		Beverages, tea, herb, other than chamomile, brewed	1	0	0	0.2	0.08	2	0	cup (8 fl oz)=237
173233		Beverages, water, bottled, PERRIER	0	0	0	0	0	14		bottle 6.5 fl oz=192|bottle 11 fl oz=325|cup 8 fl oz=237
173234		Beverages, water, bottled, POLAND SPRING	0	0	0	0	0.01	1		bottle 16.9 fl oz=500|bottle 24 fl oz=710|bottle 8 fl oz=237
173235		Beverages, orange-flavor drink, breakfast type, powder	386	0	0	98.54	0.02	385	0	serving 2 tbsp=26
173236		Beverages, orange-flavor drink, breakfast type, powder, prepared with water	49	0	0	12.55	0	52		
173237		Beverages, Orange-flavor drink, breakfast type, low calorie, powder	217	3.6	0	82.1	0.07	1378		portion, amount of dry mix to =2.5
173238		English muffins, plain, unenriched, without calcium propionate (includes sourdough)	235	7.7	1.8	43.3	0.89	52		muffin=57
173239		Pie, apple, commercially prepared, unenriched flour	237	1.9	11	32.4	1.21	11		piece (1/8 of 9" dia)=125|piece (1/6 of 8" pie)=117
173240		Pie, fried pies, cherry	316	3	16.1	40	1.22	22		pie (5" x 3-3/4")=128
173241		Tortillas, ready-to-bake or -fry, corn, without added salt	222	5.7	2.5	41.4	1.4	175		tortilla, medium (approx 6" di=26
173242		Tortillas, ready-to-bake or -fry, flour, without added calcium	325	8.7	7.1	52.3	3.3	39		tortilla, medium (approx 6" di=32|tortilla (approx 10" dia)=72|tortilla (approx 12" dia)=117|tortilla (approx 7-8" dia)=49
173243		Cake, pound, commercially prepared, fat-free	283	5.4	1.2	59.9	2.06	43	0	cake=340
173244		Cake, yellow, light, dry mix	404	4.7	5.5	82.8	1.31	155		package (18.50 oz)=524
173245		Archway Home Style Cookies, Coconut Macaroon	460	3.02	22.55	56.13	0.82	5		serving=22
173246		Archway Home Style Cookies, Date Filled Oatmeal	400	4.67	12.05	66.06	2.26	28		serving=25
173247		Archway Home Style Cookies, Dutch Cocoa	431	4.5	14.99	66.84	3.36	13		serving=24
173248		Archway Home Style Cookies, Frosty Lemon	430	4.41	17.11	64.08	1.62	41		serving=26
173249		Archway Home Style Cookies, Iced Molasses	420	3.5	14.43	68.12	4.1	24		serving=28
173250		Archway Home Style Cookies, Old Fashioned Molasses	406	4.27	11.83	69.45	4.99	32		serving=26
173251		Archway Home Style Cookies, Old Fashioned Windmill Cookies	468	5.17	17.55	70.43	3.06	36		serving=20
173252		Archway Home Style Cookies, Peanut Butter	480	9	24.28	55.68	2.72	35		serving=21
173253		Archway Home Style Cookies, Raspberry Filled	400	4.35	13.26	63.72	2.32	20		serving=25
173254		George Weston Bakeries, Brownberry Sage and Onion Stuffing Mix, dry	390	13.3	5.1	67.3	3.81			serving=67
173255		Keebler, Keebler Chocolate Graham SELECTS	465	7.1	16.6	71.8				serving=31
173256		Continental Mills, Krusteaz Almond Poppyseed Muffin Mix, Artificially Flavored, dry	418	5.6	10.3	73.9	2.47	82		serving=40
173257		Mckee Baking, Little Debbie Nutty Bars, Wafers with Peanut Butter, Chocolate Covered	548	8	32.8	55.2				serving=57
173258		Nabisco, Nabisco Ritz Crackers	492	7.23	23.21	61.21	4.47	154		cracker=3.3|cracker (1 NLEA serving)=3.2
173259		Pillsbury, Buttermilk Biscuits, Artificial Flavor, refrigerated dough	236	6.4	2.79	45.47	2.6	23		biscuit=64|serving=64
173260		Pillsbury, Chocolate Chip Cookies, refrigerated dough	450	3.82	21.26	59.05	2.03	14		serving 2 cookies=38
173261		Pillsbury, Crusty French Loaf, refrigerated dough	243	8.59	2.88	43.75	2.27	19		serving=52
173262		Sorghum flour, refined, unenriched	357	9.53	1.24	74.95	0.97	6		cup=161
173263		Rice, brown, parboiled, cooked, UNCLE BENS	147	3.09	0.85	29.63	0.53	3		cup=155
173264		Pasta, gluten-free, rice flour and rice bran extract, cooked, DE BOLES	200	4.21	1.7	38.85	0.62	21		cup spaghetti=121
173265		Pasta, gluten-free, corn and rice flour, cooked	179	3.2	1	36.65	0.22	2	0	cup spaghetti=141
173266		Fast foods, biscuit, with egg and bacon	305	11.33	20.73	18.56	2.49	126	0.6	biscuit=150
173267		Fast foods, biscuit, with egg and ham	233	10.64	14.08	15.97	2.37	115	0.6	biscuit=182
173268		Fast foods, biscuit, with crispy chicken fillet	300	11.93	14.93	29.16	1.76	44	0.1	item=132
173269		Fast foods, croissant, with egg, cheese, and bacon	289	12.92	16.4	21.5	1.55	146	0.8	item=128
173270		Fast foods, croissant, with egg, cheese, and ham	261	12.45	14.95	18.08	1.4	95	0.8	item=155
173271		Fast foods, croissant, with egg, cheese, and sausage	308	12.09	21.78	14.1	1.65	90	0.7	sandwich=171
173272		Fast foods, egg, scrambled	212	13.84	16.18	2.08	2.59	57	1.1	eggs=48
173273		Fast foods, potatoes, hash browns, round pieces or patty	272	2.58	17.04	26.18	0.6	19	0	round piece=5.5|patty=53|serving 14 round pieces=77|serving 29 round pieces=160
173274		Fast foods, vanilla, light, soft-serve ice cream, with cone	163	4.24	4.86	26.26	0.35	129	0	item=120
173275		Fast foods, sundae, caramel	196	4.71	5.98	31.81	0.14	122		sundae=155
173276		Fast foods, sundae, hot fudge	180	3.57	5.46	30.17	0.37	131		sundae=158
173277		Fast foods, burrito, with beans and beef	191	11.52	7.47	16.52	1.91	90	0.1	item=241
173278		Fast foods, burrito, with beans, cheese, and beef	180	7.03	6.8	19.67	1.82	90	0.1	burrito=241
173279		PIZZA HUT 12" Pepperoni Pizza, Hand-Tossed Crust	280	12.86	11.38	29.85	2.14	155		slice=96|pizza=744
173280		PIZZA HUT 12" Pepperoni Pizza, Pan Crust	298	11.97	14.21	28.69	2.14	146		slice=96|pizza=778
173281		PIZZA HUT 12" Super Supreme Pizza, Hand-Tossed Crust	243	10.9	10.72	23.62	2	129		slice=127|pizza=1107
173282		DOMINO'S 14" Cheese Pizza, Classic Hand-Tossed Crust	257	10.8	8.97	31.04	2.34	167	0	slice=108|pizza=865
173283		DOMINO'S 14" Cheese Pizza, Ultimate Deep Dish Crust	265	10.76	9.83	31.08	2.49	166		slice=118|pizza=947
173284		PAPA JOHN'S 14" Cheese Pizza, Original Crust	260	11.53	9.25	30.84	1.97	166	0	slice=117|pie=938
173285		PAPA JOHN'S 14" Pepperoni Pizza, Original Crust	275	11.97	11.86	28.84	1.98	152	0	slice=123|pie=1021
173286		PAPA JOHN'S 14" The Works Pizza, Original Crust	240	10.27	10.21	24.19	1.5	99		slice=153|pie=1093
173287		PAPA JOHN'S 14" Cheese Pizza, Thin Crust	295	12.29	15.66	23.96	0.51	238		slice=87|pie=678
173288		LITTLE CAESARS 14" Pepperoni Pizza, Large Deep Dish Crust	265	12.93	10.81	27.53	2.3	201		slice=104|pie=938
173289		LITTLE CAESARS 14" Cheese Pizza, Thin Crust	309	16.23	16.99	21.25	0.64	422		slice=48|pie=562
173290		PIZZA HUT 14" Cheese Pizza, Hand-Tossed Crust	275	11.98	10.42	31.02	2.62	209	0	slice=105|pizza=841
173291		PIZZA HUT 14" Cheese Pizza, Pan Crust	276	10.85	11.25	30.75	2.47	192	0	slice=112|pizza=897
173292		Fast Food, Pizza Chain, 14" pizza, cheese topping, regular crust	266	11.39	9.69	31.03	2.48	188	0	slice=107|pizza=853
173293		Fast Food, Pizza Chain, 14" pizza, cheese topping, thick crust	271	10.81	10.54	30.97	2.48	179	0	slice=115|pizza=922
173294		Fast Food, Pizza Chain, 14" pizza, cheese topping, thin crust	302	12.85	13.95	28.7	1.71	288	0	slice=76|pizza=590
173295		Fast Food, Pizza Chain, 14" pizza, pepperoni topping, regular crust	282	11.74	11.91	29.68	2.52	153	0	slice=111|pizza=895
173296		Fast Food, Pizza Chain, 14" pizza, pepperoni topping, thick crust	287	11.49	12.58	29.64	2.55	148	0	slice=118|pizza=946
173297		McDONALD'S, Chicken McNUGGETS	302	15.79	19.81	15.09	0.89	11		pieces=16
173298		McDONALD'S, Hash Brown	271	2.48	16.3	25.76	0.56	19		serving 1 patty=53
173299		McDONALD'S, Hotcakes (plain)	228	6	5.84	36.87	1.83	84		hotcakes 5.3 oz=49.67
173300		McDONALD'S, Bacon, Egg & Cheese McGRIDDLES	272	12.03	13.19	25.39	1.65	109		item 5.8 oz=165
173301		McDONALD'S, Hot Caramel Sundae	188	3.58	4.89	33.36	0.08	127		item (6.4 oz)=182
173302		McDONALD'S, Hot Fudge Sundae	186	4.14	5.91	29.65	0.83	139		item (6.3 oz)=179
173303		McDONALD'S, McFLURRY with M&M'S CANDIES	177	4.02	6.46	26.62	0.27	135		regular (12 fl oz)=348|large (16 fl oz)=504
173304		McDONALD'S, McFLURRY with OREO cookies	165	3.97	5.66	25.45	0.61	129		regular (12 fl oz)=337|large (16 fl oz)=487
173305		McDONALD'S, McCHICKEN Sandwich	273	10.43	13.21	26.67	1.74	88		sandwich=131
173306		McDONALD'S, McCHICKEN Sandwich (without mayonnaise)	240	11.08	8.46	29.55	1.78	96		item=138
173307		McDONALD'S, Egg McMUFFIN	228	13.64	9.66	20.57	2.3	192		sandwich=126
173308		McDONALD'S, Sausage McMUFFIN	333	12.66	21.06	23.12	2.04	224		item 4 oz=115
173309		McDONALD'S, Deluxe Breakfast, with syrup and margarine	285	7.56	15.23	28.48	1.5	50		item 14.8 oz=420
173310		McDONALD'S, Hotcakes and Sausage	294	7.81	12.5	35.95	1.41	78		item=192
173311		McDONALD'S, Hotcakes (with 2 pats margarine & syrup)	272	4.05	8.06	45.18	1.28	57		item=221
173312		McDONALD'S, Bacon Ranch Salad with Grilled Chicken	81	10.28	3.14	2.64	0.65	48		item 10.8 oz=305
173313		McDONALD'S, Fruit 'n Yogurt Parfait (without granola)	90	2.47	1.13	16.77	0.36	87		item=142
173314		McDONALD'S, FILET-O-FISH (without tartar sauce)	243	12.47	7.62	30.08	1.64	128		item=124
173315		BURGER KING, CROISSAN'WICH with Sausage, Egg and Cheese	308	12.09	21.78	14.1	1.65	90		sandwich=171
173316		BURGER KING, CROISSAN'WICH with Sausage and Cheese	376	13.73	25.45	22.3	1.87	107		item=131
173317		Fast foods, hamburger; single, large patty; with condiments, vegetables and mayonnaise	226	11.34	12.37	15.83	2.99	46	0.1	item=247
173318		Fast foods, hamburger; single, regular patty; double decker bun with condiments and special sauce	259	12.17	13.3	21.29	2.07	103		item=205
173319		Fast foods, cheeseburger; double, regular patty; with condiments	282	16.24	16.18	17.07	2.35	150	0.2	sandwich=155
173320		Fast foods, cheeseburger; double, large patty; with condiments	272	16.96	16.22	13.43	2.18	106		item=280
173321		Fast foods, chicken tenders	271	19.22	13.95	16.05	0.73	17	0.2	strip=30|serving=184
173322		Fast foods, bagel, with egg, sausage patty, cheese, and condiments	295	12.98	16.97	22.44	1.77	94	0.4	item=219
173323		Fast foods, bagel, with breakfast steak, egg, cheese, and condiments	282	15.95	14.07	22.79	2.06	93	0.4	item=254
173324		Light Ice Cream, soft serve, blended with milk chocolate candies	182	4.02	6.46	26.62	0.27	135	0	
173325		Macaroni and Cheese, canned entree	82	3.38	2.46	11.02	0.9	35	0	serving=244
173326		HOT POCKETS, CROISSANT POCKETS Chicken, Broccoli, and Cheddar Stuffed Sandwich, frozen	235	8.9	8.6	29.3	2.97	152	0.2	serving (1 hot pocket)=127
173327		HOT POCKETS Ham 'N Cheese Stuffed Sandwich, frozen	270	9.16	15	23.19	2	152	0.2	serving (1 hot pocket)=127|package yields=256
173328		Ravioli, cheese-filled, canned	77	2.48	1.45	12.34	0.74	33	0	cup=242
173329		Ravioli, meat-filled, with tomato sauce or meat sauce, canned	97	3.24	3.41	11.76	1.09	12	0	cup=262
173330		Beef stew, canned entree	99	4.41	5.53	6.95	2.48	12	0	cup (1 serving)=196
173331		Chicken pot pie, frozen entree, prepared	204	5.11	11.85	18.11	0.76	20	0.1	pie=302
173332		Beef, corned beef hash, with potato, canned	164	8.73	10.24	8.17	1	19	0	cup=236
173333		Lasagna, cheese, frozen, prepared	130	6.54	5.33	12.14	1.27	111	0	cup 1 serving=225
173334		Lasagna with meat & sauce, frozen entree	124	6.63	4.42	12.99	0.65	73	0	piece side=134|piece corner=115|piece center=278
173335		Burrito, beef and bean, frozen	239	7.26	9.61	26.64	2.96	34		burrito frozen=139
173336		Burrito, bean and cheese, frozen	221	7.07	6.3	30.61	2.51	52	0	burrito=129
173337		Macaroni and Cheese, canned, microwavable	134	5.98	5.99	13.56	0.91	57		
173338		Turkey, stuffing, mashed potatoes w/gravy, assorted vegetables, frozen, microwaved	128	6.97	3.89	15.02	0.79	27	0.1	serving=385|package=422
173339		Rice bowl with chicken, frozen entree, prepared (includes fried, teriyaki, and sweet and sour varieties)	126	5.65	1.56	21.76	0.35	13	0	bowl=340
173340		Macaroni and cheese dinner with dry sauce mix, boxed, uncooked	379	13.86	4.82	66.92	2.75	146	0	serving (makes about 1 cup pre=70
173341		Macaroni and cheese, dry mix, prepared with 2% milk and 80% stick margarine from dry mix	190	4.89	8.28	22.73	0.99	63		cup=198
173342		Macaroni and cheese, frozen entree	149	5.6	6.41	16.18	0.57	114	0	cup=137|container (mean weight over br=283
173343		Potato salad with egg	157	1.96	9.4	14.88	0.5	15	0.1	cup=250
173344		Pulled pork in barbecue sauce	168	13.19	4.42	17.54	1.24	44	0.2	cup=249
173345		Corn dogs, frozen, prepared	250	8.57	12.02	25.96	1.9	72	0.4	corndog=78|corndog mini=17
173346		Chicken tenders, breaded, frozen, prepared	240	14.62	13.58	13.16	0.84	39	0.1	piece=21
173347		RICE-A-RONI, chicken flavor, unprepared	356	10.64	1.04	74.88	2.77	18	0	cup=169.7|tbsp=10.2
173348		Rice and vermicelli mix, chicken flavor, prepared with 80% margarine	136	2.65	3.45	22.84	0.95	7		cup=233
173349		Beef, shoulder pot roast or steak, boneless, separable lean and fat, trimmed to 0" fat, all grades, raw	130	21.39	4.97	0	2.62	12	0	steak=369|roast=1159
173350		Beef, short loin, porterhouse steak, separable lean and fat, trimmed to 1/8" fat, all grades, raw	214	20.49	14.06	0	1.98	19	0.1	steak=534
173351		Beef, short loin, t-bone steak, separable lean and fat, trimmed to 1/8" fat, all grades, cooked, grilled	289	24.6	20.36	0	3.24	19	0.1	steak=363
173352		Beef, short loin, t-bone steak, separable lean and fat, trimmed to 1/8" fat, select, raw	215	20.28	14.19	0	1.73	23	0.1	steak=458
173353		Beef, short loin, t-bone steak, separable lean and fat, trimmed to 1/8" fat, select, cooked, grilled	281	25.18	19.22	0	3.32	18	0.1	steak=368
173354		Beef, round, knuckle, tip side, steak, separable lean and fat, trimmed to 0" fat, choice, raw	133	21.41	4.66	0	2.14	5		steak=191
173355		Beef, chuck, shoulder clod, shoulder tender, medallion, separable lean and fat, trimmed to 0" fat, choice, cooked, grilled	181	26.07	7.68	0	2.58	5		medallion=30
173356		Beef, chuck, shoulder clod, shoulder tender, medallion, separable lean and fat, trimmed to 0" fat, select, raw	142	20.93	5.79	0	2.39	5		medallion=44
173357		Beef, chuck, shoulder clod, shoulder top and center steaks, separable lean and fat, trimmed to 0" fat, choice, raw	143	20.39	6.12	0	2.14	4		steak=246
173358		Beef, chuck, shoulder clod, shoulder top and center steaks, separable lean and fat, trimmed to 0" fat, choice, cooked, grilled	184	26.07	8.11	0	2.57	5		serving (3 oz)=85|steak=188
173359		Beef, chuck, shoulder clod, top blade, steak, separable lean and fat, trimmed to 0" fat, select, raw	166	19.38	9.22	0	2.62	6		steak=243
173360		Beef, chuck, shoulder clod, top blade, steak, separable lean and fat, trimmed to 0" fat, select, cooked, grilled	212	25.29	11.52	0	3.1	6		steak=186
173361		Beef, round, knuckle, tip center, steak, separable lean and fat, trimmed to 0" fat, choice, raw	150	20.74	6.85	0	1.94	5		steak=209
173362		Beef, round, knuckle, tip center, steak, separable lean and fat, trimmed to 0" fat, choice, cooked, grilled	188	26.88	8.13	0	2.51	5		steak=156
173363		Beef, round, knuckle, tip center, steak, separable lean and fat, trimmed to 0" fat, select, raw	137	20.98	5.21	0	2.01	5		steak=203
173364		Beef, round, outside round, bottom round, steak, separable lean and fat, trimmed to 0" fat, select, cooked, grilled	166	28.01	5.17	0	3.12	5		steak=253
173365		Beef, chuck, shoulder clod, shoulder tender, medallion, separable lean and fat, trimmed to 0" fat, all grades, raw	144	20.54	6.22	0	1.95	5		
173366		Beef, chuck, shoulder clod, shoulder tender, medallion, separable lean and fat, trimmed to 0" fat, all grades, cooked, grilled	177	26.22	7.2	0	2.59	5		medallion=32
173367		Beef, round, knuckle, tip side, steak, separable lean and fat, trimmed to 0" fat, all grades, raw	129	21.69	4	0	2.22	5		steak=207
173368		Beef, chuck, shoulder clod, top blade, steak, separable lean and fat, trimmed to 0" fat, all grades, cooked, grilled	222	24.93	12.79	0	2.88	6		steak=190
173369		Beef, round, knuckle, tip center, steak, separable lean and fat, trimmed to 0" fat, all grades, raw	143	20.93	5.89	0	1.96	5		steak=197
173370		Beef, round, knuckle, tip center, steak, separable lean and fat, trimmed to 0" fat, all grades, cooked, grilled	177	27.12	6.78	0	2.51	5		steak=150
173371		Beef, round, outside round, bottom round, steak, separable lean and fat, trimmed to 0" fat, all grades, raw	142	21.59	5.53	0	2.53	5		steak=305
173372		Beef, rib eye roast, boneless, lip-on, separable lean only, trimmed to 1/8" fat, select, cooked, roasted	202	28.72	9.68	0	2.02	8	0.1	roast=1669
173373		Beef, plate steak, boneless, inside skirt, separable lean only, trimmed to 0" fat, all grades, cooked, grilled	234	29.99	12.69	0	2.47	7	0.1	steak=254
173374		Beef, plate steak, boneless, inside skirt, separable lean only, trimmed to 0" fat, all grades, raw	164	21.17	8.82	0	1.75	6	0.1	steak=382
173375		Beef, plate steak, boneless, inside skirt, separable lean only, trimmed to 0" fat, choice, cooked, grilled	242	29.56	13.72	0	2.51	7	0.1	steak=256
173376		Beef, plate steak, boneless, outside skirt, separable lean only, trimmed to 0" fat, all grades, raw	206	18.74	14.53	0.19	3.6	5	0.2	steak=266
173377		Beef, plate steak, boneless, outside skirt, separable lean only, trimmed to 0" fat, choice, cooked, grilled	291	27.03	20.28	0	5.06	7	0.2	steak=173
173378		Beef, plate steak, boneless, outside skirt, separable lean only, trimmed to 0" fat, choice, raw	212	18.47	15.26	0.17	3.53	5	0.2	steak=268
173379		Beef, plate steak, boneless, outside skirt, separable lean only, trimmed to 0" fat, select, cooked, grilled	268	28.65	17.1	0	5.46	8	0.2	steak=175
173380		Beef, rib eye steak, boneless, lip off, separable lean only, trimmed to 0" fat, choice, raw	162	21.44	8.5	0	2.04	7	0.1	steak=316
173381		Beef, rib eye steak, boneless, lip off, separable lean only, trimmed to 0" fat, select, cooked, grilled	191	29.18	8.31	0	2.34	6	0.1	steak=266
173382		Beef, rib eye steak, boneless, lip off, separable lean only, trimmed to 0" fat, select, raw	142	22.46	5.78	0	1.8	5	0.1	
173383		Beef, rib, back ribs, bone-in, separable lean only, trimmed to 0" fat, all grades, cooked, braised	299	28.36	20.57	0	2.66	22	0.2	ribs=1159
173384		Beef, rib, back ribs, bone-in, separable lean only, trimmed to 0" fat, select, raw	221	19.71	15.73	0.2	1.86	9	0.1	ribs=1562
173385		Beef, rib eye steak, bone-in, lip-on, separable lean and fat, trimmed to 1/8" fat, choice, cooked, grilled	313	22.71	24.7	0	2.29	22	0.2	steak=378
173386		Beef, rib eye steak, bone-in, lip-on, separable lean and fat, trimmed to 1/8" fat, select, cooked, grilled	304	23.19	23.47	0	2.29	22	0.2	steak=385
173387		Beef, rib eye steak, bone-in, lip-on, separable lean and fat, trimmed to 1/8" fat, all grades, cooked, grilled	309	22.9	24.2	0	2.29	22	0.2	steak=381
173388		Beef, rib eye roast, bone-in, lip-on, separable lean and fat, trimmed to 1/8" fat, choice, cooked, roasted	307	23.53	23.61	0	2.15	13	0.2	roast=2044
173389		Beef, rib eye steak/roast, bone-in, lip-on, separable lean and fat, trimmed to 1/8" fat, select, raw	248	18.44	19.34	0	1.76	11	0.1	steak=471|roast=2557
173390		Beef, rib eye steak, boneless, lip-on, separable lean and fat, trimmed to 1/8" fat, choice, cooked, grilled	303	22.92	23.52	0	2.33	12	0.2	steak=281
173391		Beef, rib eye steak, boneless, lip-on, separable lean and fat, trimmed to 1/8" fat, select, cooked, grilled	273	24.83	19.25	0	2.12	10	0.1	steak=306
173392		Beef, rib eye steak, boneless, lip-on, separable lean and fat, trimmed to 1/8" fat, all grades, cooked, grilled	291	23.69	21.81	0	2.24	11	0.2	steak=291
173393		Beef, rib eye steak/roast, boneless, lip-on, separable lean and fat, trimmed to 1/8" fat, choice, raw	253	18.39	19.95	0	1.81	8	0.2	steak=350|roast=2124
173394		Beef, rib eye steak/roast, boneless, lip-on, separable lean and fat, trimmed to 1/8" fat, select, raw	230	19.55	16.9	0	1.64	7	0.1	steak=376|roast=2203
173395		Beef, plate steak, boneless, inside skirt, separable lean and fat, trimmed to 0" fat, all grades, cooked, grilled	245	29.36	14.2	0	2.44	7	0.1	steak=254
173396		Beef, plate steak, boneless, inside skirt, separable lean and fat, trimmed to 0" fat, choice, cooked, grilled	253	28.9	15.3	0	2.48	7		steak=256
173397		Beef, plate steak, boneless, outside skirt, separable lean and fat, trimmed to 0" fat, all grades, cooked, grilled	292	27.06	20.47	0	5.09	8	0.2	steak=174
173398		Beef, plate steak, boneless, outside skirt, separable lean and fat, trimmed to 0" fat, choice, cooked, grilled	300	26.46	21.62	0	4.95	8	0.2	steak=173
173399		Beef, plate steak, boneless, outside skirt, separable lean and fat, trimmed to 0" fat, select, cooked, grilled	281	27.95	18.75	0	5.33	8	0.1	steak=175
173400		Beef, plate steak, boneless, outside skirt, separable lean and fat, trimmed to 0" fat, all grades, raw	232	17.98	17.59	0.35	3.42	6	0.1	steak=266
173401		Beef, rib eye steak, boneless, lip off, separable lean and fat, trimmed to 0" fat, select, cooked, grilled	248	26.29	15.9	0	2.28	10	0.1	steak=266
173402		Beef, rib eye steak, boneless, lip off, separable lean and fat, trimmed to 0" fat, all grades, raw	228	19.26	16.71	0.12	1.81	8	0.1	steak=326
173403		Beef, rib eye steak, boneless, lip off, separable lean and fat, trimmed to 0" fat, choice, raw	241	18.69	18.43	0.2	1.86	8	0.1	steak=316
173404		Beef, rib eye steak, boneless, lip off, separable lean and fat, trimmed to 0" fat, select, raw	208	20.12	14.14	0	1.72	7	0.1	steak=340
173405		Beef, rib, back ribs, bone-in, separable lean and fat, trimmed to 0" fat, choice, raw	336	15.75	29.89	0.9	1.61	9		ribs=1604
173406		Beef, rib, back ribs, bone-in, separable lean and fat, trimmed to 0" fat, select, raw	305	16.75	26.23	0.6	1.66	10	0.2	ribs=1562
173407		Beef, loin, top sirloin petite roast, boneless, separable lean only, trimmed to 0" fat, choice, cooked, roasted	173	28.97	6.37	0	2.77	5	0.1	roast=806
173408		Beef, loin, top sirloin petite roast/filet, boneless, separable lean only, trimmed to 0" fat, choice, raw	132	23.03	4.4	0	2.23	5	0.1	fillet=190|roast=1013
173409		Beef, loin, top sirloin cap steak, boneless, separable lean only, trimmed to 1/8" fat, select, raw	128	21.44	4.68	0	1.98	5	0.1	steak=199
173410		Butter, salted	717	0.85	81.11	0.06	0.02	24	0	pat (1" sq, 1/3" high)=5|tbsp=14.2|cup=227|stick=113
173411		Butter, whipped, with salt	731	0.49	78.3	0	0.05	23	0	pat (1" sq, 1/3" high)=3.8|tbsp=9.4|cup=151|stick=76
173412		Butter oil, anhydrous	876	0.28	99.48	0	0	4	0	tbsp=12.8|cup=205
173413		Cheese, caraway	376	25.18	29.2	3.06	0.64	673		
173414		Cheese, cheddar (Includes foods for USDA's Food Distribution Program)	403	22.87	33.31	3.37	0.14	710	0.6	cup, diced=132|cup, melted=244|cup, shredded=113|cubic inch=17|slice (1 oz)=28
173415		Cheese, cheshire	387	23.37	30.6	4.78	0.21	643		
173416		Cheese, colby	394	23.76	32.11	2.57	0.76	685	0.6	cup, diced=132|cup, shredded=113|cubic inch=17|slice (1 oz)=28
173417		Cheese, cottage, lowfat, 1% milkfat	72	12.39	1.02	2.72	0.14	61	0	cup (not packed)=226
173418		Cheese, cream	350	6.15	34.44	5.52	0.11	97	0	tbsp=14.5|cup=232|tbsp, whipped=10|cubic inch=16|package, small (3 oz)=85
173419		Cheese, edam	357	24.99	28.57	1.43	0.44	731	0.5	package (7 oz)=198
173420		Cheese, feta	265	14.21	21.49	3.88	0.65	493	0.4	cup, crumbled=150|cubic inch=17|wedge (1.33 oz)=38
173421		Egg, yolk, raw, frozen, pasteurized	296	15.53	25.6	0.81	4.55	134	6	
173422		Egg, yolk, raw, frozen, sugared, pasteurized	307	13.87	22.82	10.95	3.7	124	3.1	
173423		Egg, whole, cooked, fried	196	13.61	14.84	0.83	1.89	62	2.2	large=46
173424		Egg, whole, cooked, hard-boiled	155	12.58	10.61	1.12	1.19	50	2.2	cup, chopped=136|tbsp=8.5|large=50
173425		Egg, whole, dried, stabilized, glucose reduced	615	48.17	43.95	2.38	8.28	222		cup, sifted=85|tbsp=5
173426		Egg, white, dried, flakes, stabilized, glucose reduced	351	76.92	0.04	4.17	0.23	83	0	
173427		Egg, white, dried, powder, stabilized, glucose reduced	376	82.4	0.04	4.47	0.24	89	0	cup, sifted=107|tbsp=7
173428		Egg, yolk, dried	669	33.63	59.13	0.66	9.56	289	10.4	cup, sifted=67|tbsp=4
173429		Egg substitute, powder	444	55.5	13	21.8	3.16	326	0	
173430		Butter, without salt	717	0.85	81.11	0.06	0.02	24	0	pat (1" sq, 1/3" high)=5|tbsp=14.2|cup=227|stick=113
173431		Cheese, parmesan, shredded	415	37.86	27.34	3.41	0.87	1253	0.5	tbsp=5
173432		Milk, nonfat, fluid, without added vitamin A and vitamin D (fat free or skim)	35	3.37	0.18	4.86	0.03	122	0	cup=245|quart=980
173433		Cheese, goat, semisoft type	364	21.58	29.84	0.12	1.62	298	0.5	
173434		Yogurt, Greek, 2% fat, key lime blend, CHOBANI	92	7.75	1.47	11.41	0.03	92		
173435		Cheese, goat, soft type	264	18.52	21.08	0	1.9	140	0.4	
173436		Egg, yolk, raw, frozen, salted, pasteurized	275	14.07	22.93	1.77	3.4	113	3.1	
173437		Cheese, mexican, queso asadero	356	22.6	25	4.13	0.51	661	0.5	cup, diced=132|cup, shredded=113|cubic inch=18|slice (1 oz)=28
173438		Cheese, mexican, queso chihuahua	374	21.56	29.68	5.56	0.47	651	0.5	cup, diced=132|cup, shredded=113|cubic inch=17|slice (1 oz)=28
173439		Cheese, low fat, cheddar or colby	173	24.35	7	1.91	0.42	415	0.1	cup, diced=132|cup, shredded=113|cubic inch=17|slice (1 oz)=28
173440		Cheese, low-sodium, cheddar or colby	398	24.35	32.62	1.91	0.72	703	0.6	cup, diced=132|cup, shredded=113|cubic inch=17|slice (1 oz)=28
173441		Milk, fluid, 1% fat, without added vitamin A and vitamin D	42	3.37	0.97	4.99	0.03	125	0	cup=244|quart=976
173442		Sour cream, reduced fat	181	7	14.1	7	0.06	141	0.3	tablespoon=12|cup=230
173443		Sour cream, light	136	3.5	10.6	7.1	0.07	141	0.2	tablespoon=12|cup=230
173444		Sour cream, fat free	74	3.1	0	15.6	0	125	0	tablespoon=12|cup=230
173445		Yogurt, vanilla or lemon flavor, nonfat milk, sweetened with low-calorie sweetener	43	3.86	0.18	7.5	0.12	143	0	container (6 oz)=170
173446		KRAFT CHEEZ WHIZ LIGHT Pasteurized Process Cheese Product	215	16.3	9.5	16	0.16	418		tbsp=17.5
173447		KRAFT FREE Singles American Nonfat Pasteurized Process Cheese Product	148	22.7	1	11.5	0.05	712		slice=21
173448		KRAFT VELVEETA Pasteurized Process Cheese Spread	303	16.3	22	9.8	0.18	466		
173449		KRAFT VELVEETA LIGHT Reduced Fat Pasteurized Process Cheese Product	222	19.6	10.6	11.8	0.14	574		
173450		Milk, chocolate, fluid, commercial, reduced fat, with added calcium	78	2.99	1.9	11.43	0.24	194		cup=250|quart=1000
173451		Yogurt, fruit, lowfat, with low calorie sweetener	105	4.86	1.41	18.6	0.07	152	0	container (6 oz)=170|cup (8 fl oz)=245|container (8 oz)=227
173452		Cheese, parmesan, dry grated, reduced fat	265	20	20	1.37	0.9	1109	0.4	cup=100|tbsp=5
173453		Cream substitute, flavored, liquid	251	0.69	13.5	33.97	0.59	6	0	tbsp=15
173454		Milk, dry, whole, without added vitamin D	496	26.32	26.71	38.42	0.47	912	0.5	cup=128
173455		Cheese product, pasteurized process, American, reduced fat, fortified with vitamin D	240	17.6	14.1	10.6	0.2	529	5.3	slice 3/4 oz=21|slice 2/3 oz=19
173456		Yogurt, fruit, low fat, 9 grams protein per 8 ounce, fortified with vitamin D	99	3.98	1.15	18.64	0.06	138	1.3	container (6 oz)=170|container (4.4 oz)=125|container (5 oz)=142|cup (8 fl oz)=245|container (8 oz)=227
173457		Yogurt, fruit, low fat, 10 grams protein per 8 ounce, fortified with vitamin D	102	4.37	1.08	19.05	0.07	152	1.3	container (6 oz)=170|cup (8 fl oz)=245|container (8 oz)=227|container, Dannon Sprinkl'ins =116|container (4 oz)=226
173458		Yogurt, fruit variety, nonfat, fortified with vitamin D	95	4.4	0.2	19	0.07	152	1.3	container (6 oz)=170|container (4.4 oz)=125|cup (8 fl oz)=245|container (8 oz)=227
173459		Protein supplement, milk based, Muscle Milk, powder	411	45.71	17.14	11.4	8.57	500	5	tbsp=11
173460		Protein supplement, milk based, Muscle Milk Light, powder	396	50	12	20	12	1200	7	scoop=25
173461		Dulce de Leche	315	6.84	7.35	55.35	0.17	251	0.2	tbsp=19
173462		Egg substitute, liquid or frozen, fat free	48	10	0	2	1.98	73	1.6	cup=240
173463		Yogurt, vanilla flavor, lowfat milk, sweetened with low calorie sweetener	86	4.93	1.25	13.8	0.07	171	0	container=170
173464		Yogurt, frozen, flavors not chocolate, nonfat milk, with low-calorie sweetener	104	4.4	0.8	17.7	0.04	159	0	cup=136
173465		Ice cream, soft serve, chocolate	222	4.1	13	21.5	0.21	131	0.7	cup=172
173466		Ice cream, bar or stick, chocolate covered	331	4.1	24.1	23.7	0.29	119	0.2	bar=50
173467		Fat free ice cream, no sugar added, flavors other than chocolate	133	4.41	0	21.46	0	147	0	cup=136
173468		Salt, table	0	0	0	0	0.33	24	0	tsp=6|tbsp=18|cup=292|dash=0.4
173469		Vinegar, cider	21	0	0	0.93	0.2	7	0	tbsp=14.9|cup=239|tsp=5
173470		Thyme, fresh	101	5.56	1.68	10.45	17.45	405	0	tsp=0.8
173471		Vanilla extract	288	0.06	0.06	12.65	0.12	11	0	tsp=4.2|tbsp=13|cup=208
173472		Horseradish, prepared	48	1.18	0.69	7.99	0.42	56	0	tsp=5|tbsp=15
173473		Rosemary, fresh	131	3.31	5.86	6.6	6.65	317	0	tsp=0.7|tbsp=1.7
173474		Peppermint, fresh	70	3.75	0.94	6.89	5.08	243	0	leaves=0.05|tbsp=1.6
173475		Spearmint, fresh	44	3.29	0.73	1.61	11.87	199	0	leaves=0.15|tbsp=5.7
173476		Seasoning mix, dry, chili, original	335	10.82	7.3	45.76	3.9	0		tbsp=6.77
173477		Clif Z bar	416	5.55	9.72	66.42	2.7	444	0	bar=36
173478		Babyfood, juice treats, fruit medley, toddler	347	0	0.02	86.68	0.24	12	0	packet=28
173479		Babyfood, meat, beef, strained	81	12.03	2.52	2.43	0.98	5	0.4	tbsp=14.7|jar=71
173480		Babyfood, meat, ham, junior	97	11.3	3.8	3.7	1.01	5	0.4	jar=71
173481		Babyfood, meat, lamb, strained	94	14.07	3.41	0.85	1.19	7	0.1	tbsp=22|jar=71|container=70
173482		Babyfood, meat, lamb, junior	112	15.2	5.2	0	1.66	7	0.1	jar=71
173483		Babyfood, meat, chicken, strained	130	13.7	7.9	0.1	1.4	64	0.3	tbsp=15|jar=71|jar Beech-Nut Stage 1 (2.5 oz)=71|jar Gerber Second Foods (2.5 o=71|jar Heinz Strained-2 (2.5 oz)=71
173484		Babyfood, meat, turkey sticks, junior	188	13.7	14.2	1.2	0.92	83	0.4	stick=10|jar=71|jar Gerber Graduate (2.5 oz)=71
173485		Babyfood, snack, GERBER GRADUATE FRUIT STRIPS, Real Fruit Bars	330	0.82	2.24	74.61	1.05	18	0	bar=9.9
173486		Babyfood, meat, meat sticks, junior	184	13.4	14.6	0.9	1.38	34	0.2	stick=10|jar=71|jar Gerber Graduate (2.5 oz)=71
173487		Babyfood, GERBER, 2nd Foods, apple, carrot and squash, organic	64	1.1	0	13.62	0.15	6	0	serving=99
173488		Babyfood, dinner, vegetables and dumplings and beef, junior	48	2.1	0.8	8	0.47	14		jar=170
173489		Babyfood, dinner, beef lasagna, toddler	77	4.2	2.1	10	0.87	18		jar=170
173490		Babyfood, dinner, macaroni and tomato and beef, strained	61	2.36	1.47	8.25	0.46	17	0	tbsp=16|jar=113|jar Gerber Second Food (4 oz)=113|jar Beech-Nut Stage 2 (4 oz)=113|jar Heinz Strained-2 (4 oz)=113
173491		Babyfood, dinner, macaroni and tomato and beef, junior	59	2.5	1.1	8.3	0.36	14	0	tbsp=16|jar=170|jar Beech-Nut Stage 3 (6 oz)=170|jar Gerber Third Foods (6 oz)=170
173492		Babyfood, dinner, spaghetti and tomato and meat, junior	68	2.57	1.37	10.32	0.53	15	0	tbsp=16|jar=170|jar Beech-Nut Stage 3 (6 oz)=170|jar Gerber Third Foods (6 oz)=170|jar Heinz Junior-3 (6 oz)=170
173493		Babyfood, dinner, spaghetti and tomato and meat, toddler	75	5.3	1	10.8	0.9	22		jar=170
173494		Babyfood, dinner, vegetables and beef, strained	77	2.21	3.6	7.54	0.35	17	0	cup=256|tbsp=16|jar=113|jar Earth's Best (4.5 oz)=128|jar Gerber Second Food (4 oz)=113
173495		Babyfood, dinner, vegetables and beef, junior	77	2.21	3.6	7.54	0.35	17	0	cup=256|tbsp=16|jar=170|jar Beech-Nut Stage 3 (6 oz)=170|jar Gerber Third Foods (6 oz)=170
173496		Babyfood, dinner, chicken soup, strained	50	1.6	1.7	6.1	0.27	37	0.1	jar Beech-Nut Stage 2 (4 oz)=113|tbsp=16|jar=113|jar Heinz Strained-2 (4 oz)=113
173497		Babyfood, dinner, chicken stew, toddler	78	5.2	3.7	5.8	0.66	36	0.2	tbsp=16|jar=170
173498		Babyfood, dinner, vegetables chicken, strained	59	2.47	1.73	6.32	0.53	27	0.1	cup=256|tbsp=16|jar=113|jar Gerber Second Food (4 oz)=113|jar Beech-Nut Stage 2 (4 oz)=113
173499		Babyfood, dinner, vegetables, noodles and chicken, strained	63	2	2.5	6.8	0.35	28		jar=113
173500		Babyfood, dinner, turkey and rice, junior	56	2.37	0.92	8.57	0.41	24	0	tbsp=16|jar=170|jar Beech-Nut Stage 3 (6 oz)=170|jar Gerber Third Foods (6 oz)=170|jar Heinz Junior-3 (6 oz)=170
173501		Babyfood, dinner, vegetables and turkey, strained	48	2.32	0.9	6.12	0.37	27	0	cup=256|tbsp=16|jar=113|jar Earth's Best (4.5 oz)=113|jar Gerber Second Food (4 oz)=113
173502		Babyfood, dinner, vegetables and turkey, junior	53	1.72	1.74	6.65	0.36	16	0	cup=256|tbsp=16|jar=170|jar Gerber Third Foods (6 oz)=170
173503		Babyfood, dinner, macaroni and cheese, strained	67	3.14	2.11	8.25	0.21	66	0	jar=113
173504		Babyfood, vegetable, green beans and potatoes	62	2.2	1.9	7.6	0.5	60	0	jar, Gerber (4 oz)=113
173505		Babyfood, vegetables, beets, strained	34	1.3	0.1	5.8	0.32	14	0	cup=224|tbsp=14|jar=113|jar Gerber Second Food (4 oz)=113|jar Heinz Strained-2 (4 oz)=113
173506		Babyfood, vegetables, carrots, strained	26	0.8	0.1	4.3	0.37	22	0	cup=224|tbsp=14|jar=113|jar Beech-Nut Baby's First (2.=71|jar Beech-Nut Stage I (4 oz)=113
173507		Babyfood, vegetables, carrots, junior	32	0.8	0.2	5.5	0.39	23	0	cup=224|tbsp=14|jar=170|jar Beech-Nut Stage 3 (6 oz)=170|jar Gerber Third Foods (6 oz)=170
173508		Babyfood, potatoes, toddler	52	1	0.1	10.83	0.2	4	0	cup=163|tbsp=10|jar Gerber Graduate (4.5 oz)=71
173509		Babyfood, cereal, Oatmeal, dry, GERBER, SINGLE GRAIN, fortified	396	10.94	6.42	66.57	64.03	1245	12.7	
173510		Babyfood, vegetable, butternut squash and corn	50	2	0.6	7.26	0.4	32	0	jar, Gerber (4 oz)=113
173511		Babyfood, apples, dices, toddler	50	0.19	0.36	9.66	0.08	4	0	
173512		Babyfood, fruit, applesauce, strained	41	0.2	0.2	9.1	0.22	4	0	tbsp=16|jar=113|jar Beech-Nut Baby's First (2.=71|jar Beech-Nut Stage I (4 oz)=113|jar Gerber First Foods (2.5 oz=71
173513		Babyfood, dinner, vegetables and chicken, junior	53	2.04	1.12	7.56	0.33	27	0	cup=256|tbsp=16|jar=170|jar Beech-Nut Stage 3 (6 oz)=170|jar Gerber Third Foods (6 oz)=170
173514		Babyfood, dinner, mixed vegetable, strained	41	1.2	0.1	9.5	0.33	22		jar=113
173515		Babyfood, vegetables, mix vegetables strained	36	1	0.5	6.75	0.32	13	0	jar=113
173516		Babyfood, dinner, beef noodle, junior	57	2.5	1.9	6.2	0.43	8	0	tbsp=16|jar=170|jar Beech-Nut Stage 3 (6 oz)=170|jar Gerber Third Foods (6 oz)=170|jar Heinz Junior-3 (6 oz)=170
173517		Babyfood, apples with ham, strained	62	2.6	0.9	9.1	0.3	4	0.1	tbsp=15|jar NFS=113|jar Gerber Second Food (4 oz)=113
173518		Babyfood, carrots and beef, strained	59	3.4	2.5	3.1	0.5	22	0	tbsp=15|jar NFS=113|jar Gerber Second Food (4 oz)=113
173519		Babyfood, beverage, GERBER, GRADUATES, FRUIT SPLASHERS	29	0	0	7.35	0	71	0	
173520		Babyfood, snack, GERBER, GRADUATES, YOGURT MELTS	380	14.29	4	69.52	0	457	0.1	serving=7
173521		Babyfood, dinner, sweet potatoes and chicken, strained	74	2.51	2.17	9.74	0.45	30	0.1	tbsp=16|jar Beech-Nut Stage 2 (4 oz)=113
173522		Infant formula, MEAD JOHNSON, Enfamil 24, ready to feed, with ARA and DHA	71	1.64	4.1	6.93	1.41	61	1.5	
173523		Infant formula, MEAD JOHNSON, Enfamil Enspire Powder, with ARA and DHA, not reconstituted	514	10.5	27	57.2	9	390	7.5	scoop=8.8
173524		Infant formula, MEAD JOHNSON, Enfamil Reguline, ready to feed, with ARA and DHA	68	1.51	3.5	7.6	0.98	54	1	
173525		Infant formula, MEAD JOHNSON, Gentlease, ready to feed, with ARA and DHA	68	1.5	3.5	7.61	1.18	54	1	
173526		Toddler formula, MEAD JOHNSON, Nutramigen Toddler with LGG Powder, with ARA and DHA, not reconstituted	485	12	21	61.97	7.7	620	7.2	scoop=9.3
173527		Infant formula, MEAD JOHNSON, Pregestimil 20 Calories, ready to feed, with ARA and DHA	69	1.84	3.7	7	1.18	62	0.8	ml=0.01
173528		Babyfood, cereal, high protein, prepared with whole milk	111	8.7	3.8	11.6	12.14	218		
173529		Babyfood, cereal, mixed, prepared with whole milk	96	4.14	3.38	11.5	10.43	220	1.1	
173530		Babyfood, cereal, mixed, with bananas, prepared with whole milk	86	3.82	3.46	9.6	3.63	153	1.2	
173531		Babyfood, cereal, oatmeal, prepared with whole milk	116	5	4.1	14.2	12.14	220		
173532		Babyfood, cereal, mixed, with honey, prepared with whole milk	115	5	3.6	15.9	11.27	294		
173533		Babyfood, cereal, high protein, with apple and orange, prepared with whole milk	112	6.9	3.9	13.4	14.42	223		
173534		Babyfood, cereal, rice, with bananas, prepared with whole milk	86	3.57	3.32	10.39	3.63	156	1.2	
173535		Infant formula, NESTLE, GOOD START SUPREME, with iron, liquid concentrate, not reconstituted	127	2.79	6.5	14.2	1.9	81	1.9	
173536		Infant formula, NESTLE, GOOD START SUPREME, with iron, powder	509	11.3	26.1	57.32	7.7	343	7.7	scoop=8.7
173537		Infant formula, MEAD JOHNSON, ENFAMIL, LIPIL, low iron, liquid concentrate, with ARA and DHA	131	2.76	7.16	14.24	0.92	102	2	
173538		Infant formula, MEAD JOHNSON, PREGESTIMIL, with iron, powder, with ARA and DHA, not reconstituted	517	14	28	52.2	9	470	6.3	scoop=8.8
173539		Infant formula, MEAD JOHNSON, PREGESTIMIL, with iron, with ARA and DHA, prepared from powder	67	1.86	3.7	6.54	1.19	62	0.8	serving 100 ml=104
173540		Infant formula, MEAD JOHNSON, PROSOBEE, with iron, ready-to-feed	63	1.64	3.5	6.11	1.18	69	1	Serving 100 ml=106
173541		Infant formula, ABBOTT NUTRITION, SIMILAC, ISOMIL, with iron, ready-to-feed	66	1.61	3.59	6.7	1.18	69	1	
173542		Infant formula, ABBOTT NUTRITION, SIMILAC, ISOMIL, with iron, liquid concentrate	128	3.13	6.98	13.21	2.3	134	1.9	
173543		Infant formula, ABBOTT NUTRITION, SIMILAC, ISOMIL, with iron, powder, not reconstituted	517	12.6	28.09	53.57	9.26	540	7.7	scoop=8.7
173544		Infant formula, MEAD JOHNSON, ENFAMIL, NUTRAMIGEN, with iron, liquid concentrate not reconstituted, with ARA and DHA	68	1.84	3.5	7.2	1.18	62	0.8	
173545		Infant formula, MEAD JOHNSON, ENFAMIL, PROSOBEE, with iron, powder, not reconstituted, with ARA and DHA	512	12.7	27	54.6	9.5	530	7.8	scoop=8.8
173546		Infant formula, ABBOTT NUTRITION, SIMILAC, with iron, powder, not reconstituted	522	10.89	28.87	54.73	9.47	410	7.9	scoop=8.5
173547		Infant formula, MEAD JOHNSON, ENFAMIL, PROSOBEE, liquid concentrate, reconstituted, with ARA and DHA	67	1.63	3.4	7.58	1.17	68	1	
173548		Infant formula, MEAD JOHNSON, PROSOBEE, with iron, ready to feed, with ARA and DHA	64	1.64	3.5	6.47	1.18	69	1	serving 100 ml=106
173549		Infant formula, NESTLE, GOOD START SOY, with DHA and ARA, ready-to-feed	64	1.6	3.28	7.13	1.15	67	1	
173550		Child formula, ABBOTT NUTRITION, PEDIASURE, ready-to-feed, with iron and fiber	99	2.8	4.7	10.78	1.32	92	1.2	
173551		Infant formula, NESTLE, GOOD START ESSENTIALS SOY, with iron, powder	502	12.5	25.5	55.7	9	526	7.7	scoop=8.5
173552		Infant formula, MEAD JOHNSON, NEXT STEP PROSOBEE, powder, not reconstituted	480	15.6	21	57.1	9.5	920	7.1	scoop=9.3
173553		Infant formula, MEAD JOHNSON,NEXT STEP PROSOBEE, prepared from powder	67	2.14	2.91	8.08	1.31	128	1	
173554		Infant formula, PBM PRODUCTS, store brand, powder	524	12	28	56	9.5	331	7.6	scoop=8.4
173555		Infant formula, PBM PRODUCTS, store brand, soy, ready-to-feed	63	1.8	3.5	6.09	1.18	59	0.9	
173556		Infant formula, PBM PRODUCTS, store brand, soy, liquid concentrate, not reconstituted	126	3.6	7	12.18	2.36	118	2.1	
173557		Infant formula, PBM PRODUCTS, store brand, soy, powder	508	13.6	27.2	52.2	9.1	453	7.6	scoop=8.7
173558		Infant formula, ABBOTT NUTRITION, SIMILAC, SENSITIVE, (LACTOSE FREE), liquid concentrate, with ARA and DHA	128	2.73	6.95	13.64	2.32	108	1.9	
173559		Infant formula, ABBOTT NUTRITION, SIMILAC, SENSITIVE, (LACTOSE FREE), powder, with ARA and DHA	520	11.13	28.14	55.67	9.33	436	9.2	
173560		Infant formula, ABBOTT NUTRITION, SIMILAC, ADVANCE, with iron, ready-to-feed	66	1.36	3.7	6.77	1.18	53	1	
173561		Infant formula, ABBOTT NUTRITION, SIMILAC, ADVANCE, with iron, powder, not reconstituted	522	10.89	28.87	54.73	9.47	410	7.9	scoop=8.5
173562		Salad dressing, blue or roquefort cheese dressing, commercial, regular	484	1.37	51.1	4.37	0.09	37	0.1	tbsp=15|cup=245
173563		Oil, cupu assu	884	0	100	0		0		tablespoon=13.6|cup=218|tsp=4.5
173564		Fat, chicken	900	0	99.8	0	0	0	4.8	tbsp=12.8|cup=205
173565		Oil, soybean, salad or cooking, (partially hydrogenated) and cottonseed	884	0	100	0	0	0	0	tablespoon=13.6|cup=218|tsp=4.5
173566		Shortening industrial, lard and vegetable oil	900	0	100	0	0	0		tbsp=12.8|cup=205
173567		Shortening frying (heavy duty), beef tallow and cottonseed	900	0	100	0	0	0		tbsp=12.8|cup=205
173568		Shortening confectionery, coconut (hydrogenated) and or palm kernel (hydrogenated)	884	0	100	0	0	0	0	tbsp=12.8|cup=205
173569		Shortening industrial, soybean (hydrogenated) and cottonseed	884	0	100	0	0	0	0	tbsp=12.8|cup=205
173570		Oil, ucuhuba butter	884	0	100	0	0	0		tbsp=13.6|cup=218|tsp=4.5
173571		Fat, turkey	900	0	99.8	0	0	0	4.8	tbsp=12.8|tsp=4.3|cup=205
173572		Fat, goose	900	0	99.8	0	0	0		tbsp=12.8|cup=205
173573		Oil, avocado	884	0	100	0	0	0		tbsp=14|cup=218|tsp=4.5
173574		Shortening, special purpose for cakes and frostings, soybean (hydrogenated)	884	0	100	0	0	0		tbsp=12.8|cup=205
173575		Shortening, special purpose for baking, soybean (hydrogenated) palm and cottonseed	884	0	100	0	0	0		tbsp=12.8|cup=205
173576		Oil, oat	884	0	100	0	0	0		tbsp=13.6|cup=218|tsp=4.5
173577		Fish oil, cod liver	902	0	100	0	0	0	250	tsp=4.5|tbsp=13.6|cup=218
173578		Fish oil, sardine	902	0	100	0	0	0	8.3	tbsp=13.6|tsp=4.5|cup=218
173579		Shortening, multipurpose, soybean (hydrogenated) and palm (hydrogenated)	884	0	100	0	0	0		tbsp=12.8|cup=205
173580		Margarine-like, vegetable oil-butter spread, tub, with salt	362	1	40	1	0.04	24	0	tablespoon=14
173581		Butter, light, stick, with salt	499	3.3	55.1	0	1.09	48	0	tablespoon=14
173582		Margarine-like, vegetable oil spread, 60% fat, tub, with salt	533	0.17	59.81	0.86	0	21	0	tbsp=14|cup=229|tsp=4.8
173583		Margarine-like, vegetable oil spread, 60% fat, stick/tub/bottle, with salt	526	0.6	59.17	0	0	21	0	tbsp=14.3|cup=229|tsp=4.8
173584		Shortening, vegetable, household, composite	884	0	99.97	0	0.07	1	0	tbsp=12.8|cup=205
173585		Margarine, regular, 80% fat, composite, stick, without salt	717	0.16	80.71	0.7	0.06	3	0	tbsp=14.2|cup=227|pat (1" sq, 1/3" high)=5|stick=113
173586		Margarine-like spread with yogurt, approximately 40% fat, tub, with salt	330	2	35	2	0.02	50	0	tablespoon=14
173587		Margarine, 80% fat, stick, includes regular and hydrogenated corn and soybean oils	717	0.16	80.71	0.7	0.12	3		tbsp=14
173588		Margarine, margarine-type vegetable oil spread, 70% fat, soybean and partially hydrogenated soybean, stick	628	0.26	70.22	1.53	0.12	7		tbsp (1 NLEA serving)=14
173589		Margarine Spread, 40-49% fat, tub	401	0.27	44.46	0	0.06	2	11.8	
173590		Salad dressing, italian dressing, fat-free	47	0.97	0.87	8.15	0.4	30	0	tbsp=14|cup=231
173591		Salad dressing, ranch dressing, fat-free	119	0.25	1.92	26.41	1.05	50		tablespoon=14
173592		Salad dressing, ranch dressing, regular	430	1.32	44.54	5.9	0.3	28	0.1	tablespoon=15|serving=30
173593		Salad dressing, ranch dressing, reduced fat	196	1.25	12.42	20.23	0.69	40	0	tablespoon=15|serving (2 tbsp)=30
173594		Salad dressing, mayonnaise, light	238	0.37	22.22	9.23	0.14	6	0	tablespoon=15
173595		Oil, industrial, coconut, principal uses candy coatings, oil sprays, roasting nuts	884	0	100	0	0.04	0		tbsp=13.6|cup=218|tsp=4.5
173596		Oil, industrial, soy (partially hydrogenated), principal uses popcorn and flavoring vegetables	884	0	100	0	0	0		tbsp=13.6|cup=218|tsp=4.5
173597		Shortening, industrial, soy (partially hydrogenated), pourable liquid fry shortening	884	0	100	0	0	0		tbsp=13.6|cup=218|tsp=4.5
173598		Oil, industrial, soy, refined, for woks and light frying	884	0	100	0	0.02	0		tbsp=13.6|cup=218|tsp=4.5
173599		Margarine-like shortening, industrial, soy (partially hydrogenated), cottonseed, and soy, principal use flaky pastries	628	0	71	0	0	0		tbsp=14
173600		Oil, industrial, palm kernel, confection fat, uses similar to high quality cocoa butter	884	0	100	0	0.29	1		tbsp=13.6|cup=218|tsp=4.5
173601		Oil, industrial, palm kernel (hydrogenated), confection fat, uses similar to 95 degree hard butter	884	0	100	0	0.15	1		tbsp=13.6|cup=218|tsp=4.5
173602		Oil, industrial, palm kernel (hydrogenated), confection fat, intermediate grade product	884	0	100	0	0.15	1		tbsp=13.6|cup=218|tsp=4.5
173603		Oil, industrial, palm kernel (hydrogenated), filling fat	884	0	100	0	0.15	2		tbsp=13.6|cup=218|tsp=4.5
173604		Oil, industrial, soy (partially hydrogenated ), palm, principal uses icings and fillings	884	0	100	0	0	0		tbsp=13.6|cup=218|tsp=4.5
173605		Margarine, industrial, non-dairy, cottonseed, soy oil (partially hydrogenated ), for flaky pastries	714	1.9	80.2	0	0	66	0	tbsp=14
173606		Shortening, industrial, soy (partially hydrogenated ) and corn for frying	884	0	100	0	0	0	0	tbsp=12.8|cup=205
173607		Shortening, industrial, soy (partially hydrogenated ) for baking and confections	884	0	100	0	0	0		tbsp=12.8|cup=205
173608		Margarine-like spread, SMART BEAT Super Light without saturated fat	158	0	17.1	0				tablespoon=14
173609		Margarine-like spread, SMART BEAT Smart Squeeze	47	0	2.1	7.1				tablespoon=14
173610		Margarine-like spread, SMART BALANCE Omega Plus Spread (with plant sterols & fish oil)	605	0.13	70.95	0.16				tablespoon=14
173611		Chicken, broilers or fryers, drumstick, meat and skin, cooked, fried, flour	245	26.96	13.72	1.53	1.34	12		unit (yield from 1 lb ready-to=29|drumstick, bone removed=49
173612		Chicken, broilers or fryers, drumstick, meat and skin, cooked, roasted	191	23.35	10.15	0	1.11	11	0.1	drumstick with skin (yield fro=105|drumstick without skin=96
173613		Chicken, broilers or fryers, drumstick, meat and skin, cooked, stewed	204	25.32	10.64	0	1.33	11	0.1	cup, chopped or diced=140|unit (yield from 1 lb ready-to=34|drumstick, bone removed=57
173614		Chicken, broilers or fryers, dark meat, drumstick, meat only, raw	116	19.41	3.71	0	0.76	9	0	drumstick with skin=130|drumstick without skin=122
173615		Chicken, broilers or fryers, leg, meat and skin, cooked, fried, batter	273	21.77	16.17	8.42	1.4	18		unit (yield from 1 lb ready-to=95|leg, bone removed=158
173616		Chicken, broilers or fryers, leg, meat and skin, cooked, fried, flour	254	26.84	14.43	2.4	1.43	13		unit (yield from 1 lb ready-to=67|leg, bone removed=112
173617		Chicken, broilers or fryers, leg, meat and skin, cooked, roasted	184	24.03	8.99	0	1.09	12	0.1	leg, with skin (Sum of drumsti=258|thigh with skin=133|drumstick with skin=91|back with skin=35
173618		Chicken, broilers or fryers, leg, meat and skin, cooked, stewed	220	24.17	12.92	0	1.35	11	0.1	cup, chopped or diced=140|unit (yield from 1 lb ready-to=75|leg, bone removed=125
173619		Chicken, broilers or fryers, leg, meat only, raw	120	19.16	4.22	0	0.78	10	0	leg, bone and skin removed (Su=265|thigh bone and skin removed=147|drumstick bone and skin remove=88|back bone and skin removed=30
173620		Chicken, broilers or fryers, neck, meat and skin, cooked, fried, batter	330	19.82	23.52	8.7	2.15	31		unit (yield from 1 lb ready-to=16|neck, bone removed=52
173621		Chicken, broilers or fryers, neck, meat and skin, cooked, fried, flour	332	24.01	23.61	4.24	2.42	31		unit (yield from 1 lb ready-to=11|neck, bone removed=36
173622		Chicken, broilers or fryers, neck, meat and skin, cooked simmered	247	19.61	18.1	0	2.3	27	0.1	unit (yield from 1 lb ready-to=11|neck, bone removed=38
173623		Chicken, broilers or fryers, neck, meat only, raw	154	17.55	8.78	0	2.06	27		unit (yield from 1 lb ready-to=6|neck, bone and skin removed=20
173624		Chicken, broilers or fryers, thigh, meat and skin, cooked, fried, flour	262	26.75	14.98	3.08	1.49	14		unit (yield from 1 lb ready-to=38|thigh, bone removed=62
173625		Chicken, broilers or fryers, thigh, meat and skin, cooked, roasted	232	23.26	14.71	0	1.08	9	0.2	thigh with skin=137|thigh without skin=116
173626		Chicken, broilers or fryers, thigh, meat and skin, cooked, stewed	232	23.26	14.74	0	1.37	11	0.1	unit (yield from 1 lb ready-to=41|thigh, bone removed=68
173627		Chicken, broilers or fryers, dark meat, thigh, meat only, raw	121	19.66	4.12	0	0.81	7	0	thigh without skin=149
173628		Chicken, broilers or fryers, wing, meat and skin, cooked, fried, batter	324	19.87	21.81	10.64	1.29	20		unit (yield from 1 lb ready-to=29|wing, bone removed=49
173629		Chicken, broilers or fryers, wing, meat and skin, cooked, fried, flour	321	26.11	22.16	2.29	1.25	15		unit (yield from 1 lb ready-to=19|wing, bone removed=32
173630		Chicken, broilers or fryers, wing, meat and skin, cooked, roasted	254	23.79	16.87	0	0.84	18	0.2	piece=85
173631		Chicken, broilers or fryers, wing, meat and skin, cooked, stewed	249	22.78	16.82	0	1.13	12	0.1	cup, chopped or diced=140|unit (yield from 1 lb ready-to=24|wing, bone removed=40
173632		Chicken, broilers or fryers, wing, meat only, raw	126	21.97	3.54	0	0.88	13	0.1	wing, bone and skin removed (y=17|wing, bone and skin removed=29
173633		Chicken, roasting, meat and skin and giblets and neck, cooked, roasted	220	23.96	13.07	0.05	1.61	13		unit (yield from 1 lb ready-to=235|chicken=1072
173634		Canada Goose, breast meat only, skinless, raw	133	24.31	4.02	0	5.91	4		breast=635|bird=4405
173635		Chicken, roasting, meat and skin, cooked, roasted	223	23.97	13.39	0	1.26	12		unit (yield from 1 lb ready-to=210|chicken, bone removed=960
173636		Chicken, roasting, meat only, raw	111	20.33	2.7	0	1.03	10		unit (yield from 1 lb ready-to=209|chicken, bone and skin removed=954
173637		Chicken, roasting, light meat, meat only, cooked, roasted	153	27.13	4.07	0	1.08	13	0.1	cup, chopped or diced=140|unit (yield from 1 lb ready-to=78
173638		Chicken, roasting, dark meat, meat only, raw	113	18.74	3.61	0	1.15	9		unit (yield from 1 lb ready-to=113|chicken, bone and skin removed=516
173639		Chicken, roasting, dark meat, meat only, cooked, roasted	178	23.25	8.75	0	1.33	11		cup, chopped or diced=140|unit (yield from 1 lb ready-to=94
173640		Chicken, stewing, meat and skin, and giblets and neck, raw	251	17.48	19.52	0.19	1.51	10		chicken=905
173641		Chicken, stewing, giblets, raw	168	17.89	9.21	2.13	5.93	10		unit (yield from 1 lb ready-to=28|giblets=81
173642		Chicken, stewing, giblets, cooked, simmered	194	25.73	9.3	0.11	6.44	13		cup, chopped or diced=145|unit (yield from 1 lb ready-to=17
173643		Chicken, stewing, light meat, meat only, raw	137	23.1	4.21	0	0.92	11		unit (yield from 1 lb ready-to=89|chicken, bone and skin removed=260
173644		Chicken, stewing, light meat, meat only, cooked, stewed	213	33.04	7.98	0	1.19	14		cup, chopped or diced=140|unit (yield from 1 lb ready-to=64
173645		Chicken, capons, meat and skin, raw	234	18.77	17.07	0	1.09	11		unit (yield from 1 lb ready-to=297|capon, bone removed=1928
173646		Chicken, capons, meat and skin, cooked, roasted	229	28.96	11.65	0	1.49	14		unit (yield from 1 lb ready-to=196|capon, bone removed=1274
173647		Beverages, water, tap, drinking	0	0	0	0	0	3	0	serving 8 fl oz=237|liter=1000
173648		Beverages, coffee substitute, cereal grain beverage, powder, prepared with whole milk	65	3.3	3.3	5.5	0.11	119		
173649		Beverages, Dairy drink mix, chocolate, reduced calorie, with low-calorie sweeteners, powder	329	25	2.6	42	7.7	1412	4.7	packet (.75 oz)=21|envelope=21
173650		Beverages, dairy drink mix, chocolate, reduced calorie, with aspartame, powder, prepared with water and ice	29	2.19	0.23	3.71	0.68	127		serving=243
173651		Beverages, Orange-flavor drink, breakfast type, with pulp, frozen concentrate.	172	0.1	0.5	42.7	0.26	130	0	can=424
173652		Beverages, Orange-flavor drink, breakfast type, with pulp, frozen concentrate, prepared with water	49	0.03	0.14	12.21	0.08	39		
173653		Cranberry juice cocktail, frozen concentrate	201	0.05	0	51.25	0.3	11		can (12 fl oz)=435
173654		Cranberry juice cocktail, frozen concentrate, prepared with water	47	0.01	0	11.81	0.07	5		
173655		Beverages, water, bottled, non-carbonated, DANNON	0	0	0	0	0	3		bottle 11.2 fl oz=331|bottle 500 ml=500|bottle 25 fl oz=739
173656		Beverages, water, bottled, non-carbonated, PEPSI, AQUAFINA	0	0	0	0	0	0		bottle 16.9 fl oz i=500|bottle 24 fl oz=710
173657		Water, bottled, non-carbonated, NAYA	0	0	0	0		4		
173658		Beverages, DANNON, water, bottled, non-carbonated, with Fluoride	0	0	0	0.03	0.01	3		bottle 8.5 fl oz=251
173659		Beverages, drink mix, QUAKER OATS, GATORADE, orange flavor, powder	388	0	1.23	94.11	0.34	40		scoop powder=23|cup powder=207
173660		Beverages, PEPSICO QUAKER, Gatorade, G performance O 2, ready-to-drink.	26	0	0	6.43	0.05	1	0	bottle=609
173661		Whiskey sour mix, bottled, with added potassium and sodium	84	0.1	0.1	21.4	0.11	2		
173662		Alcoholic beverage, whiskey sour	149	0	0.03	13.17	0.08	1		portion (2 oz mix + 1.5 oz whi=106
173663		Alcoholic beverage, distilled, all (gin, rum, vodka, whiskey) 94 proof	275	0	0	0	0.04	0		
173664		Alcoholic beverage, distilled, all (gin, rum, vodka, whiskey) 100 proof	295	0	0	0	0.04	0		
173665		Alcoholic beverage, liqueur, coffee, 63 proof	308	0.1	0.3	32.2	0.06	1		
173666		Lemonade, frozen concentrate, pink	192	0.22	0.69	48.56	0.08	8		can (12 fl oz)=437|can (6 fl oz)=218
173667		Beverages, lemonade, frozen concentrate, pink, prepared with water	43	0.05	0.15	10.71	0.02	4	0	bottle 8 fl oz=247
173668		Fish, herring, Atlantic, kippered	217	24.58	12.37	0	1.51	84	2.2	cubic inch, boneless=17|fillet, large (7" x 2-1/4" x 1=65|fillet, medium (5" x 1-3/4" x =40|fillet, small (2-3/8" x 1-3/8"=20
173669		Fish, herring, Pacific, raw	195	16.39	13.88	0	1.12	83		fillet=184
173670		Fish, ling, raw	87	18.99	0.64	0	0.65	34		fillet=193
173671		Fish, lingcod, raw	85	17.66	1.06	0	0.32	14		fillet=386
173672		Fish, mackerel, Pacific and jack, mixed species, raw	158	20.07	7.89	0	1.16	23	9.1	fillet=225
173673		Fish, mackerel, spanish, raw	139	19.29	6.3	0	0.44	11	7.3	fillet=187
173674		Fish, mackerel, spanish, cooked, dry heat	158	23.59	6.32	0	0.74	13		fillet=146
173675		Fish, milkfish, raw	148	20.53	6.73	0	0.32	51		
173676		Fish, monkfish, raw	76	14.48	1.52	0	0.32	8		
173677		Fish, pout, ocean, raw	79	16.64	0.91	0	0.28	10		fillet=352
173678		Fish, perch, mixed species, raw	91	19.39	0.92	0	0.9	80	3	fillet=60
173679		Fish, perch, mixed species, cooked, dry heat	117	24.86	1.18	0	1.16	102		fillet=46
173680		Fish, pike, northern, raw	88	19.26	0.69	0	0.55	57	2.5	fillet=396
173681		Fish, pollock, Alaska, cooked, dry heat (may contain additives to retain moisture)	111	23.48	1.18	0	0.56	72	1.3	fillet=60
173682		Fish, pompano, florida, raw	164	18.48	9.47	0	0.6	22	11	fillet=112
173683		Fish, pompano, florida, cooked, dry heat	211	23.69	12.14	0	0.67	43		fillet=88
173684		Fish, rockfish, Pacific, mixed species, raw	90	18.36	1.34	0	0.3	14	3.8	fillet=191
173685		Fish, sablefish, smoked	257	17.65	20.14	0	1.69	50		
173686		Fish, salmon, Atlantic, wild, raw	142	19.84	6.34	0	0.8	12		fillet=396
173687		Fish, salmon, chinook, smoked	117	18.28	4.32	0	0.85	11	17.1	cubic inch, boneless=17|cup, cooked=136
173688		Fish, salmon, chinook, raw	179	19.93	10.43	0	0.25	26		fillet=396
173689		Fish, salmon, chum, raw	120	20.14	3.77	0	0.55	11		fillet=396
173690		Fish, salmon, pink, canned, total can contents	129	19.68	4.97	0	0.64	215	13.7	can=411
173691		Fish, salmon, sockeye, raw	131	22.25	4.69	0	0.43	9	14.1	fillet=396
173692		Fish, salmon, sockeye, cooked, dry heat	156	26.48	5.57	0	0.52	11	16.7	fillet=310
173693		Fish, salmon, sockeye, canned, drained solids	167	23.59	7.39	0	0.65	232	21	can=337
173694		Fish, sea bass, mixed species, cooked, dry heat	124	23.63	2.56	0	0.37	13		fillet=101
173695		Fish, seatrout, mixed species, raw	104	16.74	3.61	0	0.27	17		fillet=238
173696		Fish, shad, american, raw	197	16.93	13.77	0	0.97	47	4.8	fillet=184
173697		Fish, shark, mixed species, raw	130	20.98	4.51	0	0.84	34	0.6	
173698		Fish, snapper, mixed species, raw	100	20.51	1.34	0	0.18	32	10.2	fillet=218
173699		Fish, snapper, mixed species, cooked, dry heat	128	26.3	1.72	0	0.24	40		fillet=170
173700		Fish, spot, raw	123	18.51	4.9	0	0.32	14		fillet=64
173701		Fish, sturgeon, mixed species, raw	105	16.14	4.04	0	0.7	13	10.3	
173702		Fish, surimi	99	15.18	0.9	6.85	0.26	9		
173703		Fish, swordfish, raw	144	19.66	6.65	0	0.38	5	13.9	piece (4-1/2" x 2-1/8" x 7/8")=136
173704		Fish, swordfish, cooked, dry heat	172	23.45	7.93	0	0.45	6	16.6	piece=106
173705		Fish, tilefish, raw	96	17.5	2.31	0	0.25	26		fillet=386
173706		Fish, tuna, fresh, bluefin, raw	144	23.33	4.9	0	1.02	8	5.7	
173707		Fish, tuna, fresh, bluefin, cooked, dry heat	184	29.91	6.28	0	1.31	10		
173708		Fish, tuna, light, canned in oil, drained solids	198	29.13	8.21	0	1.39	13	6.7	cup, solid or chunks=146|can=171|can (12.5 oz), drained=321
173709		Fish, tuna, light, canned in water, drained solids (Includes foods for USDA's Food Distribution Program)	86	19.44	0.96	0	1.63	17	1.2	can=165|cup, solid or chunks=154|can (12.5 oz), drained=315
173710		Fish, turbot, european, raw	95	16.05	2.95	0	0.36	18		fillet=408
173711		Fish, whitefish, mixed species, raw	134	19.09	5.86	0	0.37	26	12	fillet=198
173712		Fish, whitefish, mixed species, smoked	108	23.4	0.93	0	0.5	18	12.8	cup, cooked=136|cubic inch, boneless=17
173713		Fish, whiting, mixed species, raw	90	18.31	1.31	0	0.34	48	1.4	fillet=92
173714		Fish, catfish, channel, wild, cooked, dry heat	105	18.47	2.85	0	0.35	11		fillet=143
173715		Fish, salmon, coho, farmed, raw	160	21.27	7.67	0	0.34	12		fillet=159
173716		Fish, salmon, coho, farmed, cooked, dry heat	178	24.3	8.23	0	0.39	12		fillet=143
173717		Fish, trout, rainbow, farmed, raw	141	19.94	6.18	0	0.31	25	15.9	fillet=79
173718		Fish, trout, rainbow, farmed, cooked, dry heat	168	23.8	7.38	0	0.36	30	19	fillet=71
173719		Fish, salmon, coho, wild, cooked, dry heat	139	23.45	4.3	0	0.61	45	11.3	fillet=356
173720		Mollusks, conch, baked or broiled	130	26.3	1.2	1.7	1.41	98	0	cup, sliced=127
173721		Salmon nuggets, breaded, frozen, heated	212	12.69	11.72	13.96	1.24	8		
173722		Salmon nuggets, cooked as purchased, unheated	189	11.97	10.43	11.85	1.46	9		
173723		Salmon, sockeye, canned, drained solids, without skin and bones	158	26.33	5.87	0	0.48	37	21.5	can drained solids, bone and s=247
173724		Fish, Salmon, pink, canned, drained solids, without skin and bones	136	24.62	4.21	0	0.57	60	14.1	can drained solids, bone and s=242
173725		Fish, pollock, Alaska, raw	76	17.17	0.82	0	0.27	12		
173726		Fish, pollock, Alaska, cooked	86.62	19.42	0.99	0	0.29	13		
173727		Beans, adzuki, mature seeds, raw	329	19.87	0.53	50.2	4.98	66	0	cup=197
173728		Beans, adzuki, mature seeds, cooked, boiled, without salt	128	7.52	0.1	17.47	2	28	0	cup=230
173729		Beans, adzuki, mature seeds, canned, sweetened	237	3.8	0.03	55.01	1.13	22	0	cup=296
173730		Yokan, prepared from adzuki beans and sugar	260	3.29	0.12	60.72	1.16	27	0	slice=14
173731		Beans, baked, home prepared	155	5.54	5.15	16.13	1.99	61	0	cup=253
173732		Beans, baked, canned, with pork and sweet sauce	105	4.52	0.89	17.17	1.4	39	0	cup=249
173733		Beans, baked, canned, with pork and tomato sauce	94	5.15	0.93	14.69	3.24	56	0	cup=246
173734		Beans, black, mature seeds, raw	341	21.6	1.42	46.86	5.02	123	0	cup=194|tbsp=12.1
173735		Beans, black, mature seeds, cooked, boiled, without salt	132	8.86	0.54	15.01	2.1	27	0	cup=172
173736		Beans, cranberry (roman), mature seeds, cooked, boiled, without salt	136	9.34	0.46	15.86	2.09	50	0	cup=177
173737		Beans, cranberry (roman), mature seeds, canned	83	5.54	0.28	8.82	1.55	34	0	cup=260
173738		Beans, french, mature seeds, raw	343	18.81	2.02	38.91	3.4	186	0	cup=184
173739		Beans, french, mature seeds, cooked, boiled, without salt	129	7.05	0.76	14.62	1.08	63	0	cup=177
173740		Beans, kidney, all types, mature seeds, cooked, boiled, without salt	127	8.67	0.5	16.4	2.22	35	0	cup=177|tbsp=11
173741		Beans, kidney, all types, mature seeds, canned	84	5.22	0.6	10.2	1.17	34	0	cup=256
173742		Beans, kidney, california red, mature seeds, raw	330	24.37	0.25	34.9	9.35	195	0	cup=184
173743		Beans, kidney, california red, mature seeds, cooked, boiled, without salt	124	9.13	0.09	13.11	2.98	66	0	cup=177
173744		Beans, kidney, red, mature seeds, raw	337	22.53	1.06	46.09	6.69	83	0	cup=184|tbsp=12.2
173745		Beans, navy, mature seeds, raw	337	22.33	1.5	45.45	5.49	147	0	cup=208
173746		Beans, navy, mature seeds, cooked, boiled, without salt	140	8.23	0.62	15.55	2.36	69	0	cup=182
173747		Beans, navy, mature seeds, canned	113	7.53	0.43	15.35	1.85	47	0	cup=262
173748		Beans, pink, mature seeds, raw	343	20.96	1.13	51.49	6.77	130	0	cup=210
173749		Beans, small white, mature seeds, raw	336	21.11	1.18	37.35	7.73	173	0	cup=215
173750		Beans, small white, mature seeds, cooked, boiled, without salt	142	8.97	0.64	15.41	2.84	73	0	cup=179
173751		Beans, yellow, mature seeds, raw	345	22	2.6	35.6	7.01	166	0	cup=196
173752		Beans, yellow, mature seeds, cooked, boiled, without salt	144	9.16	1.08	14.88	2.48	62	0	cup=177
173753		Broadbeans (fava beans), mature seeds, cooked, boiled, without salt	110	7.6	0.4	14.25	1.5	36	0	cup=170
173754		Broadbeans (fava beans), mature seeds, canned	71	5.47	0.22	8.71	1	26	0	cup=256
173755		Carob flour	222	4.62	0.65	49.08	2.94	348	0	cup=103|tbsp=6
173756		Chickpeas (garbanzo beans, bengal gram), mature seeds, raw	378	20.47	6.04	50.75	4.31	57	0	cup=200|tbsp=12.5
173757		Chickpeas (garbanzo beans, bengal gram), mature seeds, cooked, boiled, without salt	164	8.86	2.59	19.82	2.89	49	0	cup=164
173758		Cowpeas, common (blackeyes, crowder, southern), mature seeds, raw	336	23.52	1.26	49.43	8.27	110	0	cup=167|tbsp=10.5
173759		Cowpeas, common (blackeyes, crowder, southern), mature seeds, cooked, boiled, without salt	116	7.73	0.53	14.26	2.51	24	0	cup=171
173760		Cowpeas, common (blackeyes, crowder, southern), mature seeds, canned, plain	77	4.74	0.55	10.33	0.97	20	0	cup=240
173761		Cowpeas, common (blackeyes, crowder, southern), mature seeds, canned with pork	83	2.74	1.6	13.23	1.42	17	0	cup=240
173762		Vitasoy USA, Organic Nasoya Extra Firm Tofu	98	10.1	5.2	1.3	1.6	77		package=395
173763		Vitasoy USA, Organic Nasoya Firm Tofu	84	8.9	4.4	1.5	1.2	125		package=395
173764		Vitasoy USA, Organic Nasoya Silken Tofu	47	4.8	2.5	1.1	0.9	75		package=455
173765		Soymilk (All flavors), enhanced	45	2.94	1.99	3.05	0.49	140	1.2	cup=243
173766		Soymilk, original and vanilla, light, with added calcium, vitamins A and D	30	2.38	0.77	3.21	0.43	123	1.2	cup=243
173767		Soymilk, chocolate and other flavors, light, with added calcium, vitamins A and D	47	2.1	0.64	7.54	0.59	123	1.2	cup=243
173768		Soymilk, original and vanilla, light, unsweetened, with added calcium, vitamins A and D	34	2.62	0.85	3.25	0.46	123	1	cup=243
173769		Soymilk (All flavors), lowfat, with added calcium, vitamins A and D	43	1.65	0.62	6.4	0.44	82	1	cup=243
173770		SILK Chocolate, soymilk	58	2.06	1.44	8.67	0.59	123	1.2	cup=243
173771		SILK Light Plain, soymilk	29	2.47	0.82	2.89	0.44	123	1.2	cup=243
173772		SILK Light Vanilla, soymilk	33	2.47	0.82	3.72	0.44	123	1.2	cup=243
173773		SILK Light Chocolate, soymilk	49	2.06	0.62	8.25	0.59	123	1.2	cup=243
173774		SILK Very Vanilla, soymilk	53	2.47	1.65	7.42	0.44	144	1.2	cup=243
173775		SILK Nog, soymilk	74	2.46	1.64	12.3	0.3	16	0	cup=244
173776		SILK Chai, soymilk	53	2.47	1.44	7.82	0.44	123	0.8	cup=243
173777		SILK Mocha, soymilk	58	2.06	1.44	9.05	0.44	123		cup=243
173778		SILK Raspberry soy yogurt	88	2.35	1.18	17.05	0.64	176		container=170
173779		SILK Peach soy yogurt	94	2.35	1.18	18.22	0.64	176		container=170
173780		SILK Black Cherry soy yogurt	88	2.35	1.18	16.46	0.64	176		container=170
173781		SILK Blueberry soy yogurt	88	2.35	1.18	16.46	0.64	176		container=170
173782		SILK Hazelnut Creamer	133	0	6.67	20	0	0		tbsp=15
173783		Vitasoy USA Organic Nasoya, Soft Tofu	70	8.76	3.5	0.14	1.1	130		package=395
173784		Vitasoy USA Nasoya, Lite Silken Tofu	43	8.21	1.1	0	0.87	394	3.8	package=455
173785		Vitasoy USA Organic Nasoya, Tofu Plus Extra Firm	92	10.18	4.9	0.82	1.6	246	2.5	
173786		Vitasoy USA Azumaya, Silken Tofu	43	4.82	2.4	0.38	0.8	66		package=455
173787		HOUSE FOODS Premium Soft Tofu	59	6.38	2.71	1.39	1.53	78		
173788		HOUSE FOODS Premium Firm Tofu	85	10.92	4.19	0.07	1.69	149		
173789		Beans, adzuki, mature seed, cooked, boiled, with salt	128	7.52	0.1	17.47	2	28	0	cup=230
173790		Beans, great northern, mature seeds, cooked, boiled, with salt	118	8.33	0.45	14.09	2.13	68	0	cup=177
173791		Beans, great northern, mature seeds, canned, low sodium	114	7.37	0.39	16.12	1.57	53	0	cup=262
173792		Beans, kidney, all types, mature seeds, cooked, boiled, with salt	127	8.67	0.5	16.4	2.94	28	0	cup=177
173793		Beans, kidney, california red, mature seeds, cooked, boiled, with salt	124	9.13	0.09	13.11	2.98	66	0	cup=177
173794		Beans, navy, mature seeds, cooked, boiled, with salt	140	8.23	0.62	15.55	2.36	69	0	cup=182
173795		Beans, pink, mature seeds, cooked, boiled, with salt	149	9.06	0.49	22.61	2.3	52	0	cup=169
173796		Beans, pinto, mature seeds, cooked, boiled, with salt	143	9.01	0.65	17.22	2.09	46	0	cup=171
173797		Beans, pinto, mature seeds, canned, drained solids, rinsed in tap water	117	7.04	0.97	20.77	1.27	64	0	cup=169|can=258
173798		Broadbeans (fava beans), mature seeds, cooked, boiled, with salt	110	7.6	0.4	14.25	1.5	36	0	cup=170
173799		Chickpeas (garbanzo beans, bengal gram), mature seeds, cooked, boiled, with salt	164	8.86	2.59	19.82	2.89	49	0	cup=164
173800		Chickpeas (garbanzo beans, bengal gram), mature seeds, canned, drained solids	139	7.05	2.77	16.13	1.07	45	0	can drained=253
173801		Chickpeas (garbanzo beans, bengal gram), mature seeds, canned, drained, rinsed in tap water	138	7.04	2.47	16.57	0.98	43	0	can drained, rinsed=254|cup drained, rinsed=152
173802		Lima beans, large, mature seeds, cooked, boiled, with salt	115	7.8	0.38	13.88	2.39	17	0	cup=188
173803		Lima beans, thin seeded (baby), mature seeds, cooked, boiled, with salt	126	8.04	0.38	15.61	2.4	29	0	cup=182
173804		Lupins, mature seeds, cooked, boiled, with salt	116	15.57	2.92	6.49	1.2	51	0	cup=166
173805		Mothbeans, mature seeds, cooked, boiled, with salt	117	7.81	0.55	20.96	3.14	3	0	cup=177
173806		Peanuts, all types, dry-roasted, without salt	587	24.35	49.66	12.86	1.58	58	0	cup=146|peanut=1
173807		Peanuts, spanish, oil-roasted, without salt	579	28.01	49.04	8.55	2.28	100	0	cup=147
173808		Peanuts, valencia, oil-roasted, without salt	589	27.04	51.24	7.4	1.65	54	0	cup=144
173809		Peanuts, virginia, oil-roasted, without salt	578	25.87	48.62	10.96	1.67	86	0	cup=143
173810		Lamb, New Zealand, imported, loin chop, separable lean only, raw	142	19.98	6.88	0	1.52	18	0	serving=115
173811		Lamb, New Zealand, imported, frozen, loin, separable lean only, cooked, broiled	199	29.31	8.24	0	2.34	21		chop, excluding refuse (yield =30
173812		Lamb, New Zealand, imported, rack - partly frenched, separable lean and fat, raw	240	18.12	18.52	0.13	1.3	10	0	serving=115
173813		Lamb, New Zealand, imported, rack - partly frenched, separable lean and fat, cooked, fast roasted	253	22.06	18.29	0.04	1.57	20	0	serving=85
173814		Lamb, New Zealand, imported, frozen, shoulder, whole (arm and blade), separable lean only, cooked, braised	285	34.06	15.5	0	2.34	27		piece, cooked, excluding refus=157
173815		Veal, composite of trimmed retail cuts, separable lean and fat, raw	144	19.35	6.77	0	0.83	15		
173816		Veal, composite of trimmed retail cuts, separable lean and fat, cooked	231	30.1	11.39	0	1.15	22	0	piece, cooked, excluding refus=209
173817		Veal, composite of trimmed retail cuts, separable lean only, raw	112	20.2	2.87	0	0.85	15		
173818		Veal, leg (top round), separable lean and fat, cooked, braised	211	36.16	6.33	0	1.32	8	0	unit, cooked (yield from 1 lb =272
173819		Veal, leg (top round), separable lean and fat, cooked, pan-fried, breaded	238	27.29	9.18	9.61	1.64	39	0	unit, cooked (yield from 1 lb =295
173820		Veal, leg (top round), separable lean and fat, cooked, pan-fried, not breaded	211	31.75	8.35	0	0.88	6	0	unit, cooked (yield from 1 lb =304
173821		Veal, leg (top round), separable lean and fat, cooked, roasted	160	27.7	4.65	0	0.91	6	0	unit, cooked (yield from 1 lb =358
173822		Veal, leg (top round), separable lean only, cooked, roasted	150	28.07	3.39	0	0.9	6		piece, cooked, excluding refus=351
173823		Veal, loin, separable lean and fat, raw	177	20.07	10.07	0.07	0.84	14	1.7	roast=1495
173824		Veal, loin, separable lean and fat, cooked, braised	284	30.19	17.21	0	1.09	28	0	chop, excluding refuse (yield =80
173825		Veal, loin, separable lean and fat, cooked, roasted	217	24.8	12.32	0	0.87	19	0	piece, cooked, excluding refus=229
173826		Veal, loin, separable lean only, raw	114	21.85	2.9	0	0.85	11	1.2	roast=1495
173827		Veal, rib, separable lean and fat, cooked, roasted	228	23.96	13.96	0	0.97	11		piece, cooked, excluding refus=240
173828		Veal, rib, separable lean only, raw	120	19.97	3.89	0	0.88	14		
173829		Veal, rib, separable lean only, cooked, braised	218	34.44	7.81	0	1.45	24	0	piece, cooked, excluding refus=163
173830		Veal, rib, separable lean only, cooked, roasted	177	25.76	7.44	0	0.96	12		piece, cooked, excluding refus=215
173831		Veal, shoulder, whole (arm and blade), separable lean only, cooked, braised	199	33.68	6.1	0	1.45	37		piece, cooked, excluding refus=182
173832		Veal, shoulder, whole (arm and blade), separable lean only, cooked, roasted	170	25.81	6.62	0	1.03	27		piece, cooked, excluding refus=251
173833		Veal, shoulder, arm, separable lean and fat, raw	132	19.34	5.44	0	1	21	0	steak, excluding refuse (yield=304
173834		Veal, shoulder, arm, separable lean and fat, cooked, braised	236	33.63	10.24	0	1.38	28		steak, excluding refuse (yield=173
173835		Veal, shoulder, blade chop, separable lean and fat, raw	148	18.72	7.61	0.03	1.22	23	1.5	chop=450
173836		Veal, shoulder, blade, separable lean and fat, cooked, braised	225	31.26	10.09	0	1.44	38	0	piece, cooked, excluding refus=186
173837		Veal, shoulder, blade, separable lean and fat, cooked, roasted	186	25.15	8.67	0	1	28		piece, cooked, excluding refus=244
173838		Veal, shoulder, blade chop, separable lean only, raw	110	19.6	2.88	0	1.26	23	1.2	chop=450
173839		Veal, shoulder, blade, separable lean only, cooked, braised	198	32.66	6.48	0	1.47	40	0	piece, cooked, excluding refus=174
173840		Veal, sirloin, separable lean only, raw	110	20.2	2.59	0	0.8	11		
173841		Veal, sirloin, separable lean only, cooked, braised	204	33.96	6.51	0	1.23	19		piece, cooked, excluding refus=183
173842		Veal, sirloin, separable lean only, cooked, roasted	168	26.32	6.22	0	0.91	14		piece, cooked, excluding refus=251
173843		Veal, cubed for stew (leg and shoulder), separable lean only, raw	109	20.27	2.5	0	0.88	17		
173844		Game meat, antelope, cooked, roasted	150	29.45	2.67	0	4.2	4		piece, cooked (yield from 1 lb=340
173845		Game meat, bear, raw	161	20.1	8.3	0	6.65	3		
173846		Game meat, bear, cooked, simmered	259	32.42	13.39	0	10.73	5	0	piece, cooked (yield from 1 lb=277
173847		Bison, ground, grass-fed, cooked	179	25.45	8.62	0	3.19	14	0	
173848		Game meat, beefalo, composite of cuts, cooked, roasted	188	30.66	6.32	0	3.05	24		piece, cooked (yield from 1 lb=340
173849		Veal, Australian, separable fat, raw	509	9.91	52.17	0	0.93	2		
173850		Veal, Australian, rib, rib roast, separable lean and fat, raw	201	19.6	13.1	1.15	1.46	9		roast with bone=325
173851		Game meat, bison, separable lean only, raw	109	21.62	1.84	0	2.6	6		
173852		Game meat, bison, separable lean only, cooked, roasted	143	28.44	2.42	0	3.42	8	0	piece, cooked (yield from 1 lb=340
173853		Game meat, caribou, raw	127	22.63	3.36	0	4.69	17		
173854		Game meat, caribou, cooked, roasted	167	29.77	4.42	0	6.17	22	0	piece, cooked (yield from 1 lb=340
173855		Game meat, deer, raw	120	22.96	2.42	0	3.4	5		
173856		Bologna, pork	247	15.3	19.87	0.73	0.77	11	1.4	slice, medium (4-1/2" dia x 1/=28|slice (4" dia x 1/8" thick)=23
173857		Bologna, turkey	209	11.42	16.05	4.18	3	123	0.6	serving=28|package=454
173858		Chicken spread	158	18.01	17.56	3.75	0.87	16		serving (1 serving)=56
173859		Sausage, pork, chorizo, link or ground, raw	296	13.63	25.1	3.78	1.41	19	1.5	link (4" long)=60
173860		Corned beef loaf, jellied	153	22.9	6.1	0	2.04	11		slice (1 oz) (4" x 4" x 3/32" =28|slices=28.5
173861		Dutch brand loaf, chicken, pork and beef	273	12	22.91	3.63	0.16	7	0	slice=38
173862		Frankfurter, beef, unheated	315	11.69	28.1	2.97	1.12	14	0.9	hot dog=49|package=446
173863		Ham, sliced, pre-packaged, deli meat (96%fat free, water added)	107	16.85	4.04	0.7	0.59	5	0.6	slice=13
173864		Ham, sliced, regular (approximately 11% fat)	164	16.6	8.8	2.33	1.02	24	0.7	slice=28
173865		Ham, minced	263	16.28	20.68	1.84	0.79	10	0.7	slice (4-1/4" x 4-1/4" x 1/16"=21
173866		Ham salad spread	216	8.68	15.53	10.64	0.59	8	0.7	tbsp=15
173867		Knackwurst, knockwurst, pork, beef	307	11.1	27.7	3.2	0.66	11	1.1	link=72
173868		Lebanon bologna, beef	172	19.03	10.44	0.44	2.15	20	0.3	serving 2 slices=57
173869		Liver cheese, pork	304	15.2	25.6	2.1	10.83	8		slice=38
173870		Liver sausage, liverwurst, pork	326	14.1	28.5	2.2	6.4	26		slice (2-1/2" dia x 1/4" thick=18
173871		Sausage, turkey, fresh, cooked	196	23.89	10.44	0	1.49	22		serving=57
173872		Bologna, chicken, pork, beef	272	11.33	22.73	5.61	1.25	92		serving=28|slice=28
173873		Bologna, chicken, pork	336	10.31	30.61	4.19	1.12	196		serving=28|slice=28
173874		Chicken breast, deli, rotisserie seasoned, sliced, prepackaged	98	17.4	1.86	2.92	0.39	11	0.1	slice=12
173875		Frankfurter, meat and poultry, unheated	277	9.72	24.18	5.02	1.04	106	0.7	frankfurter=51
173876		Pork sausage, link/patty, fully cooked, unheated	392	13.46	37.25	0.69	0.92	16	1.2	link=23|patty=37
173877		Kielbasa, fully cooked, grilled	337	12.45	29.68	5.03	0.99	42	0.9	link=367
173878		Kielbasa, fully cooked, pan-fried	333	12.36	29.43	4.78	0.93	40	0.2	link=370
173879		Kielbasa, fully cooked, unheated	325	10.84	29.63	3.72	0.75	24	0.7	link=396
173880		Sausage, chicken or turkey, Italian style, lower sodium	183	21.43	4.46	14.25	1.29	0	0.1	
173881		Ham, smoked, extra lean, low sodium	141	18.52	2.71	10.7	0.76	5	0.7	
173882		Pork sausage, reduced sodium, cooked	271	9.41	22.35	8.13	0.85	0	0.8	
173883		Sausage, pork, turkey, and beef, reduced sodium	284	10.71	26.79	0.01	1.6	24	0.1	serving=56
173884		Cereals ready-to-eat, GENERAL MILLS, CHEERIOS	372	12.4	6.6	63.1	28.9	357	3.6	cup (1 NLEA serving)=28
173885		Cereals ready-to-eat, POST, COCOA PEBBLES	397	4.8	4.1	84.1	6.2	22	6.9	cup (1 NLEA serving)=38.67
173886		Cereals ready-to-eat, QUAKER, QUAKER CRUNCHY BRAN	331	6.37	4.06	68.38	30.98	71	0	cup (1 NLEA serving)=36
173887		Cereals ready-to-eat, RALSTON CRISP RICE	383	6.69	1.26	85.52	32.73	5	7.6	cup (1 NLEA serving)=26.4|cup=28
173888		Cereals ready-to-eat, POST Bran Flakes	328	9.9	2.1	62.2	28	44	3.3	cup (1 NLEA serving)=40
173889		Cereals ready-to-eat, POST, Honeycomb Cereal	394	6.01	2.93	83.43	8.44	11	7.8	cup (1 NLEA serving)=21.33
173890		Cereals ready-to-eat, QUAKER, KING VITAMAN	381	6.41	3.44	80.45	29	10	0	cup (1 NLEA serving)=20.67
173891		Cereals ready-to-eat, QUAKER, QUAKER OAT LIFE, plain	374	9.98	4.43	71.14	29.33	351	0	cup (1 NLEA serving)=42.67|cup=42
173892		Cereals ready-to-eat, QUAKER, 100% Natural Granola, Oats, Wheat and Honey	421	10.55	11.62	63.45	2.81	109	0	cup (1 NLEA serving)=96
173893		Cereals ready-to-eat, RALSTON TASTEEOS	395	10.71	5.36	65.26	32.14	357	7.1	cup (1 NLEA serving)=28
173894		Cereals ready-to-eat, POST, Honey Nut Shredded Wheat	373	8.5	2.9	72.9	28	38	0	cup (1 NLEA serving)=59
173895		Cereals ready-to-eat, MALT-O-MEAL, CORN BURSTS	385	3.32	0.35	88.69	5.8	5	3.2	cup (1 NLEA serving)=31
173896		Cereals ready-to-eat, wheat germ, toasted, plain	382	29.1	10.7	34.5	9.09	45	0	cup=113
173897		Cereals, QUAKER, corn grits, instant, plain, prepared (microwaved or boiling water added), without salt	74	1.58	0.49	14.85	6.71	64		cup=219
173898		Cereals, QUAKER, corn grits, instant, cheddar cheese flavor, dry	363	8.98	5.46	68.76	30.38	418	0	packet (1 NLEA serving)=28
173899		Cereals, QUAKER, Instant Grits, Country Bacon flavor, dry	340	9.93	1.73	70.29	30.38	418		packet (1 NLEA serving)=28
173900		Cereals, CREAM OF RICE, dry	370	6.3	0.5	81.7	28.44	5	0	cup (1 NLEA serving)=180
173901		Cereals, CREAM OF WHEAT, regular, 10 minute cooking, dry	370	10.5	1.5	72.7	28.6	606	0	tbsp=10.6|tbsp (1 NLEA serving)=11|cup=173
173902		Cereals, CREAM OF WHEAT, instant, prepared with water, without salt	62	1.84	0.24	12.48	4.96	64		cup=241|tbsp=15
173903		Cereals, MALT-O-MEAL, original, plain, dry	365	11.8	0.7	75.15	30.86	286	0	tbsp (1 NLEA serving)=11.67
173904		Cereals, oats, regular and quick, not fortified, dry	379	13.15	6.52	57.6	4.25	52	0	cup=81
173905		Cereals, oats, regular and quick, unenriched, cooked with water (includes boiling and microwaving), without salt	71	2.54	1.52	10.3	0.9	9	0	cup=234|tbsp=14.6
173906		Cereals, oats, instant, fortified, with cinnamon and spice, prepared with water	96	2.37	1.21	16.95	2.11	61	0	cup=240|tbsp=15|packet, prepared=161
173907		Cereals, QUAKER, Instant Oatmeal, maple and brown sugar, dry	368	9.2	4.63	69.71	8.22	226		packet=43
173908		Cereals, oats, instant, fortified, with raisins and spice, prepared with water	88	1.98	0.95	16.61	2.21	56	0	cup=240|tbsp=15|packet, prepared=158
173909		Cereals ready-to-eat, MALT-O-MEAL, MARSHMALLOW MATEYS	387	6.94	3.53	77.87	30	333	3.3	cup=30
173910		Cereals ready-to-eat, POST, Shredded Wheat, original big biscuit	337	11.37	2.01	66.56	2.63	56	0	biscuits (1 NLEA serving)=23.5
173911		Cereals ready-to-eat, POST, Shredded Wheat, original spoon-size	351	11.8	2.1	69	2.5	58	0	cup (1 NLEA serving)=49
173912		Cereals ready-to-eat, rice, puffed, fortified	402	6.3	0.5	88.1	31.7	6		cup=14
173913		Cereals ready-to-eat, wheat, puffed, fortified	364	14.7	1.2	75.2	31.7	28		cup=12
173914		Cereals, CREAM OF RICE, cooked with water, with salt	52	0.9	0.1	11.4	3.96	1		cup=244
173915		Cereals, CREAM OF WHEAT, regular (10 minute), cooked with water, with salt	50	1.46	0.21	10.16	3.99	89	0	cup (1 serving)=251
173916		Cereals, farina, unenriched, dry	369	10.6	0.5	76.1	1.5	14		tbsp=10.9|cup=176
173917		Cereals, farina, enriched, cooked with water, with salt	53	1.82	0.34	10.12	5.33	97		cup=233
173918		Cereals ready-to-eat, POST, Shredded Wheat, lightly frosted, spoon-size	352	7.8	1.9	74.2	3.46	13	0	cup (1 NLEA serving)=52
173919		Cereals ready-to-eat, POST SELECTS Blueberry Morning	395	6.5	5.3	76.9	3.3	41	1.8	cup (1 NLEA serving)=44
173920		Cereals, oats, instant, fortified, maple and brown sugar, dry	386	9.25	4.73	69.47	10.36	258	0	packet=43
173921		Cereals ready-to-eat, QUAKER WHOLE HEARTS oat cereal	376	7.63	5.61	71	32.11	0		cup (1 NLEA serving)=37.33
173922		Cereals, QUAKER, Weight Control Instant Oatmeal, maple and brown sugar	361	16.37	6.2	51.25	10.13	268		packet (1 NLEA serving)=45
173923		Cereals, QUAKER, Weight Control Instant Oatmeal, banana bread	361	16.5	6.16	51.82	8.78	243		packet (1 NLEA serving)=45
173924		Cereals, QUAKER, oatmeal, REAL MEDLEYS, peach almond, dry	387	10.1	9.84	61.21	2.8	105		package (1 NLEA serving)=75
173925		Cereals, QUAKER, oatmeal, REAL MEDLEYS, cherry pistachio, dry	394	12.02	11.02	59.63	2.99	132		package (1 NLEA serving)=73
173926		Cereals, QUAKER, Instant Oatmeal, weight control, cinnamon	361	16.5	6.28	51.21	8.84	245		packet (1 NLEA serving)=45
173927		Cereals ready-to-eat, MOM'S BEST, Sweetened WHEAT-FULS	373	8.18	1.83	70.91	3.26	36	0	cup (1 NLEA serving)=55
173928		Apples, raw, without skin, cooked, boiled	53	0.26	0.36	11.24	0.19	5	0	cup slices=171
173929		Apples, raw, without skin, cooked, microwave	56	0.28	0.42	11.61	0.17	5	0	cup slices=170
173930		Apples, canned, sweetened, sliced, drained, heated	67	0.18	0.43	14.84	0.24	4	0	cup slices=204
173931		Apples, dehydrated (low moisture), sulfured, uncooked	346	1.32	0.58	81.13	2	19	0	cup=60
173932		Apples, frozen, unsweetened, heated (Includes foods for USDA's Food Distribution Program)	47	0.29	0.33	10.7	0.19	5	0	cup slices=206
173933		Apple juice, canned or bottled, unsweetened, without added ascorbic acid	46	0.1	0.13	11.1	0.12	8	0	cup=248|drink box (8.45 fl oz)=262
173934		Apple juice, frozen concentrate, unsweetened, undiluted, without added ascorbic acid	166	0.51	0.37	40.6	0.91	20	0	can (6 fl oz)=211
173935		Apple juice, frozen concentrate, unsweetened, diluted with 3 volume water without added ascorbic acid	47	0.14	0.1	11.44	0.26	6	0	cup=239
173936		Apricots, canned, water pack, without skin, solids and liquids	22	0.69	0.03	4.38	0.54	8	0	cup, whole, without pits=227
173937		Apricots, canned, juice pack, with skin, solids and liquids	48	0.63	0.04	10.74	0.3	12	0	cup, halves=244|apricot half with liquid=36
173938		Apricots, canned, extra light syrup pack, with skin, solids and liquids (Includes foods for USDA's Food Distribution Program)	49	0.6	0.1	10.9	0.3	10	0	cup, halves=247
173939		Apricots, canned, light syrup pack, with skin, solids and liquids	63	0.53	0.05	14.89	0.39	11	0	cup, halves=253|apricot half with liquid=40
173940		Apricots, dehydrated (low-moisture), sulfured, stewed	126	1.93	0.24	32.62	2.48	24	0	cup=249
173941		Apricots, dried, sulfured, uncooked	241	3.39	0.51	55.34	2.66	55	0	cup, halves=130|half=3.5
173942		Apricots, dried, sulfured, stewed, without added sugar	85	1.2	0.18	19.55	0.94	19	0	cup, halves=250
173943		Apricots, dried, sulfured, stewed, with added sugar	113	1.17	0.15	25.16	1.52	15	0	cup, halves=270
173944		Bananas, raw	89	1.09	0.33	20.24	0.26	5	0	cup, mashed=225|cup, sliced=150|extra small (less than 6" long=81|small (6" to 6-7/8" long)=101|medium (7" to 7-7/8" long)=118
173945		Bananas, dehydrated, or banana powder	346	3.89	1.81	78.38	1.15	22	0	cup=100|tbsp=6.2
173946		Blackberries, raw	43	1.39	0.49	4.31	0.62	29	0	cup=144
173947		Blackberry juice, canned	38	0.3	0.6	7.7	0.48	12	0	cup=250
173948		Blueberries, canned, heavy syrup, solids and liquids	88	0.65	0.33	20.46	0.33	5	0	cup=256
173949		Blueberries, wild, frozen (Includes foods for USDA's Food Distribution Program)	57	0	0.16	9.45	0.58	17	0	cup, frozen=140
173950		Blueberries, frozen, unsweetened (Includes foods for USDA's Food Distribution Program)	51	0.42	0.64	9.47	0.18	8	0	cup, unthawed=155|package (20 oz)=567
173951		Blueberries, frozen, sweetened	85	0.4	0.13	19.75	0.39	6	0	cup, thawed=230|package (10 oz)=284
173952		Carissa, (natal-plum), raw	62	0.5	1.3	13.63	1.31	11		cup slices=150|fruit without skin and seeds=20
173953		Cherimoya, raw	75	1.57	0.68	14.71	0.27	10		cup, pieces=160|fruit without skin and seeds=235
173954		Cherries, sour, red, raw	50	1	0.3	10.58	0.32	16	0	cup, without pits=155|cup, with pits, yields=103
173955		Cherries, sour, red, canned, water pack, solids and liquids	36	0.77	0.1	7.84	1.37	11	0	cup=244
173956		Cherries, sour, red, canned, light syrup pack, solids and liquids	75	0.74	0.1	18.5	1.32	10	0	cup=252
173957		Cherries, sweet, canned, water pack, solids and liquids	46	0.77	0.13	10.26	0.36	11	0	cup, pitted=248
173958		Cherries, sweet, canned, juice pack, solids and liquids	54	0.91	0.02	12.31	0.58	14	0	cup, pitted=250
173959		Cherries, sweet, canned, light syrup pack, solids and liquids	67	0.61	0.15	15.79	0.36	9	0	cup, pitted=252
173960		Cherries, sweet, canned, pitted, heavy syrup pack, solids and liquids	83	0.6	0.15	19.87	0.35	9	0	cup=253
173961		Cranberry sauce, canned, sweetened	159	0.9	0.15	39.3	0.41	3	0	cup=277|slice (1/2" thick, approx 8 sl=57
173962		Cranberry-orange relish, canned	178	0.3	0.1	46.2	0.2	11		cup=275
173963		Currants, european black, raw	63	1.4	0.41	15.38	1.54	55		cup=112
173964		Currants, red and white, raw	56	1.4	0.2	9.5	1	33	0	cup=112
173965		Beef, Australian, imported, grass-fed, loin, tenderloin steak/roast, boneless, separable lean only, raw	138	20.85	6.11	0	2.25	4		steak=150
173966		Beef, Australian, imported, Wagyu, loin, tenderloin steak/roast, boneless, separable lean only, Aust. marble score 4/5, raw	191	20.19	12.3	0	2.24	4		steak=152
173967		Beef, Australian, imported, Wagyu, external fat, Aust. marble score 9, raw	639	5.54	68.07	0.97	0.81	4		
173968		Beef, Australian, imported, Wagyu, seam fat, Aust. marble score 9, raw	627	5.16	67.33	0	0.91	2		
173969		Beef, Australian, imported, grass-fed, loin, tenderloin steak/roast, boneless, separable lean and fat, raw	151	20.53	7.63	0.01	2.21	4		steak=150
173970		Beef, Australian, imported, grass-fed, loin, top loin steak/roast, boneless, separable lean only, raw	131	21.79	4.87	0	1.57	5		roast=339
173971		Beef, Australian, imported, grass-fed, round, bottom round steak/roast, boneless, separable lean only, raw	130	21.4	4.93	0	2.11	4		roast=337
173972		Beef, Australian, imported, grass-fed, round, top round cap-off steak/roast, boneless, separable lean only, raw	129	22.41	4.43	0	2.3	5		roast=763
173973		Beef, Australian, imported, Wagyu, loin, tenderloin steak/roast, boneless, separable lean only, Aust. marble score 9, raw	237	18.87	17.73	0.57	2.41	4		steak=173
173974		Beef, Australian, imported, Wagyu, loin, top loin steak/roast, boneless, separable lean only, Aust. marble score 4/5, raw	223	20.15	15.69	0.2	1.85	4		roast=348
173975		Beef, Australian, imported, grass-fed, rib, ribeye steak/roast lip-on, boneless, separable lean and fat, raw	217	19.8	15.21	0.11	1.74	5		roast=350
173976		Beef, Australian, imported, grass-fed, round, bottom round steak/roast, boneless, separable lean and fat, raw	140	21.13	6.16	0.01	2.08	5		roast=337
173977		Beef, Australian, imported, grass-fed, round, top round cap-off steak/roast, boneless, separable lean and fat, raw	129	22.24	4.4	0	2.28	5		roast=763
173978		Beef, Australian, imported, Wagyu, loin, top loin steak/roast, boneless, separable lean and fat, Aust. marble score 4/5, raw	289	17.67	24.2	0.12	1.69	4		roast=348
173979		Beef, Australian, imported, Wagyu, loin, top loin steak/roast, separable lean and fat, Aust. marble score 9, raw	392	14.58	36.98	0.14	1.54	4		roast=359
173980		Beef, round, top round steak, boneless, separable lean and fat, trimmed to 0" fat, choice, raw	127	23.49	3.66	0	2.35	13	0	steak=344
173981		Beef, round, top round steak, boneless, separable lean and fat, trimmed to 0" fat, select, raw	120	23.49	2.85	0	2.34	13	0	steak=344
173982		Beef, round, top round roast, boneless, separable lean and fat, trimmed to 0" fat, all grades, raw	125	23.45	3.5	0	2.33	13	0	roast=758
173983		Beef, round, top round roast, boneless, separable lean and fat, trimmed to 0" fat, choice, raw	128	23.46	3.81	0	2.35	13	0	roast=770
173984		Beef, round, eye of round steak, boneless, separable lean and fat, trimmed to 0" fat, all grades, raw	124	23.26	3.48	0	1.45	13	0	steak=140
173985		Beef, round, eye of round steak, boneless separable lean and fat, trimmed to 0" fat, choice, raw	127	23.24	3.83	0	1.47	13	0	steak=133
173986		Beef, round, eye of round steak, boneless, separable lean and fat, trimmed to 0" fat, select, raw	120	23.3	2.95	0	1.37	13	0	steak=151
173987		Beef, loin, tenderloin roast, boneless, separable lean and fat, trimmed to 0" fat, all grades, raw	149	21.67	6.93	0	2.48	14	0.1	roast=644
173988		Beef, loin, tenderloin steak, boneless, separable lean and fat, trimmed to 0" fat, all grades, raw	147	21.72	6.67	0	2.49	14	0.1	steak=170
173989		Beef, loin, tenderloin steak, boneless, separable lean and fat, trimmed to 0" fat, choice, raw	150	21.57	7.1	0	2.53	14	0.1	steak=168
173990		Beef, loin, tenderloin steak, boneless, separable lean and fat, trimmed to 0" fat, select, raw	142	21.95	6.02	0	2.47	14	0	steak=172
173991		Beef, loin, tenderloin roast, boneless, separable lean and fat, trimmed to 0" fat, all grades, cooked, roasted	183	27.31	8.14	0	3.2	13	0.1	roast=481
173992		Beef, round, top round roast, boneless, separable lean and fat, trimmed to 0" fat, select, cooked, roasted	157	30.97	3.72	0	2.88	17	0	
173993		Beef, round, eye of round steak, boneless, separable lean and fat, trimmed to 0" fat, all grades, cooked, grilled	159	29.66	4.47	0	1.88	17	0	
173994		Beef, round, eye of round steak, boneless, separable lean and fat, trimmed to 0" fat, choice, cooked, grilled	163	29.79	4.83	0	1.91	17	0	
173995		Beef, round, eye of round steak, boneless, separable lean and fat, trimmed to 0" fat, select, cooked, grilled	154	29.47	3.98	0	1.78	16	0	
173996		Beef, round, top round roast, boneless, separable lean only, trimmed to 0" fat, choice, raw	124	23.59	3.26	0	2.35	13	0	roast=770
173997		Beef, round, top round roast, boneless, separable lean only, trimmed to 0" fat, select, raw	116	23.59	2.45	0	2.34	13	0	roast=740
173998		Beef, round, eye of round roast, boneless, separable lean only, trimmed to 0" fat, all grades, raw	121	23.37	3.04	0	1.45	13	0	roast=675
173999		Beef, round, eye of round roast, boneless, separable lean only, trimmed to 0" fat, choice, raw	124	23.35	3.38	0	1.47	13	0	roast=658
174000		Beef, loin, tenderloin roast, boneless, separable lean only, trimmed to 0" fat, choice, raw	143	21.78	6.16	0	2.55	13	0.1	roast=625
174001		Beef, loin, tenderloin roast, boneless, separable lean only, trimmed to 0" fat, select, raw	135	22.16	5.1	0	2.48	14	0.1	roast=673
174002		Beef, loin, top loin steak, boneless, lip off, separable lean only, trimmed to 0" fat, all grades, raw	143	23.07	5.67	0	1.84	15	0.1	steak=267
174003		Beef, loin, top loin steak, boneless, lip off, separable lean only, trimmed to 0" fat, choice, raw	149	22.93	6.34	0	1.93	15	0.1	steak=266
174004		Beef, loin, tenderloin roast, boneless, separable lean only, trimmed to 0" fat, all grades, cooked, roasted	177	27.51	7.49	0	3.22	13	0.1	roast=481
174005		Beef, loin, tenderloin roast, boneless, separable lean only, trimmed to 0" fat, choice, cooked, roasted	183	27.48	8.13	0	3.25	14	0.1	roast=478
174006		Beef, loin, tenderloin roast, separable lean only, boneless, trimmed to 0" fat, select, cooked, roasted	169	27.55	6.54	0	3.04	13	0.1	roast=487
174007		Beef, round, top round roast, boneless, separable lean only, trimmed to 0" fat, all grades, cooked, roasted	162	30.09	3.77	0	2.89	16	0	
174008		Beef, round, eye of round steak, boneless, separable lean only, trimmed to 0" fat, select, cooked, grilled	149	29.52	3.43	0	1.78	16	0	
174009		Beef, loin, top loin steak, boneless, lip-on, separable lean only, trimmed to 1/8" fat, select, raw	135	23.3	4.66	0	1.73	14	0.1	steak=304
174010		Beef, loin, top loin steak, boneless, lip-on, separable lean only, trimmed to 1/8" fat, choice, raw	149	22.93	6.34	0	1.93	15	0.1	steak=301
174011		Beef, loin, top loin steak, boneless, lip-on, separable lean only, trimmed to 1/8" fat, all grades, raw	143	23.07	5.67	0	1.84	15	0.1	steak=302
174012		Beef, composite of trimmed retail cuts, separable lean only, trimmed to 1/8" fat, choice, raw	142	22.01	6.05	0	1.91	18	0.1	
174013		Beef composite, separable lean only, trimmed to 1/8" fat, choice, cooked	203	28.73	9.16	0	2.49	11	0.1	
174014		Beef, composite of trimmed retail cuts, separable lean and fat, trimmed to 0" fat, choice, raw	176	21.34	10.08	0	2.07	13	0.1	
174015		Beef, composite of trimmed retail cuts, separable lean only, trimmed to 0" fat, choice, raw	151	21.55	7.24	0	2.16	14	0.1	
174016		Beef, chuck, mock tender steak, separable lean only, trimmed to 0" fat, all grades, cooked, broiled	159	25.9	5.42	0	2.93	8		
174017		Beef, chuck, top blade, separable lean only, trimmed to 0" fat, all grades, cooked, broiled	203	26.13	10.16	0	2.81	7		
174018		Beef, chuck, clod roast, separable lean only, trimmed to 1/4" fat, all grades, raw	129	19.63	5.02	0	2.35	6		
174019		Beef, chuck, clod roast, separable lean only, trimmed to 0" fat, all grades, cooked, roasted	172	26.82	6.34	0	3.2	7		
174020		Beef, chuck, mock tender steak, separable lean and fat, trimmed to 0" fat, USDA select, cooked, broiled	159	26.08	5.24	0	2.8	7		
174021		Beef, chuck, top blade, separable lean and fat, trimmed to 0" fat, choice, cooked, broiled	227	25.77	12.93	0	2.77	7		
174022		Beef, chuck, top blade, separable lean and fat, trimmed to 0" fat, select, cooked, broiled	200	25.67	9.99	0	2.74	7		
174023		Beef, chuck, clod roast, separable lean and fat, trimmed to 0" fat, choice, cooked, roasted	216	24.61	12.26	0	3.02	8	0.2	
174024		Beef, loin, bottom sirloin butt, tri-tip steak, separable lean and fat, trimmed to 0" fat, all grades, cooked, broiled	265	29.97	15.18	0	3.64	12		
174025		Beef, chuck, mock tender steak, separable lean and fat, trimmed to 0" fat, all grades, cooked, broiled	160	25.87	5.52	0	2.93	8		
174026		Beef, chuck, top blade, separable lean and fat, trimmed to 0" fat, all grades, cooked, broiled	216	25.73	11.73	0	2.76	7		
174027		Beef, chuck, clod roast, separable lean and fat, trimmed to 0" fat, all grades, cooked, roasted	207	25.7	10.84	0	3.05	7		
174028		Beef, ground, 95% lean meat / 5% fat, crumbles, cooked, pan-browned	193	29.17	7.58	0	3.23	9	0	
174029		Beef, ground, 95% lean meat / 5% fat, loaf, cooked, baked	174	27.31	6.37	0	3.05	8	0	
174030		Beef, ground, 90% lean meat / 10% fat, raw	176	20	10	0	2.24	12	0.1	
174031		Beef, ground, 90% lean meat / 10% fat, patty, cooked, broiled	217	26.11	11.75	0	2.71	13	0	
174032		Beef, ground, 85% lean meat / 15% fat, patty, cooked, broiled	250	25.93	15.41	0	2.6	18	0	patty (yield from 1/4 lb raw m=77
174033		Beef, ground, 85% lean meat / 15% fat, patty, cooked, pan-broiled	232	24.62	14.02	0	2.68	20	0	patty ( yield from 1/4 lb raw =83
174034		Beef, ground, 85% lean meat / 15% fat, crumbles, cooked, pan-browned	256	27.73	15.3	0	2.93	22	0	
174035		Beef, ground, 85% lean meat / 15% fat, loaf, cooked, baked	240	25.93	14.36	0	2.74	18	0	
174036		Beef, ground, 80% lean meat / 20% fat, raw	254	17.17	20	0	1.94	18	0.1	
174037		Beef, ground, 75% lean meat / 25% fat, raw	293	15.76	25	0	1.79	21	0.1	serving (3 oz)=85
174038		Beef, ground, 75% lean meat / 25% fat, patty, cooked, broiled	279	25.56	18.87	0	2.37	30	0	
174039		Beef, ground, 75% lean meat / 25% fat, patty, cooked, pan-broiled	248	23.45	16.44	0	2.5	32	0	
174040		Beef, ground, 75% lean meat / 25% fat, crumbles, cooked, pan-browned	277	26.28	18.21	0	2.63	34	0	
174041		Beef, short loin, top loin, steak, separable lean only, trimmed to 1/8" fat, select, raw	133	23.07	3.88	0	1.63	23		
174042		Beef, rib, small end (ribs 10-12), separable lean only, trimmed to 1/8" fat, select, cooked, broiled	188	30.87	6.22	0	1.91	22		
174043		Beef, tenderloin, steak, separable lean only, trimmed to 1/8" fat, select, cooked, broiled	194	29.07	7.76	0	1.81	21		
174044		Beef, top sirloin, steak, separable lean only, trimmed to 1/8" fat, select, cooked, broiled	170	29.34	4.96	0	1.81	21	0.1	
174045		Beef, round, bottom round, steak, separable lean only, trimmed to 1/8" fat, select, cooked, braised	205	34.46	6.43	0	2.85	7		
174046		Beef, round, bottom round, roast, separable lean only, trimmed to 1/8" fat, all grades, raw	128	22.19	4.31	0	1.92	20		
174047		Beef, brisket, flat half, separable lean only, trimmed to 1/8" fat, all grades, cooked, braised	196	33.15	6	0	2.81	16		
174048		Beef, brisket, flat half, separable lean only, trimmed to 1/8" fat, all grades, raw	127	21.57	3.84	0	1.92	16		
174049		Beef, round, eye of round, roast, separable lean only, trimmed to 1/8" fat, all grades, raw	124	22.6	3	0	1.96	20		
174050		Beef, chuck, arm pot roast, separable lean only, trimmed to 1/8" fat, all grades, cooked, braised	214	34.66	7.36	0	2.93	16	0.1	
174051		Beef, chuck, arm pot roast, separable lean only, trimmed to 1/8" fat, all grades, raw	132	22.11	4.19	0	1.93	16		
174052		Beef, round, bottom round, roast, separable lean only, trimmed to 1/8" fat, all grades, cooked	163	28	5.72	0	2.35	6		
174053		Beef, round, bottom round, steak, separable lean only, trimmed to 1/8" fat, all grades, cooked, braised	216	34.34	7.73	0	2.87	7	0.1	
174054		Beef, top sirloin, steak, separable lean only, trimmed to 1/8" fat, all grades, cooked, broiled	178	29.42	5.84	0	1.87	19	0.1	
174055		Beef, top sirloin, steak, separable lean only, trimmed to 1/8" fat, all grades, raw	131	22.09	4.08	0	1.61	25	0.1	
174056		Beef, chuck, arm pot roast, separable lean only, trimmed to 1/8" fat, choice, raw	139	21.96	5.05	0	2.02	15	0.1	
174057		Beef, brisket, flat half, separable lean only, trimmed to 1/8" fat, choice, raw	129	21.69	4.06	0	2.04	15		
174058		Beef, round, bottom round, roast, separable lean only, trimmed to 1/8" fat, choice, raw	140	22.22	4.96	0	2.06	19		
174059		Beef, round, bottom round, roast, separable lean only, trimmed to 1/8" fat, choice, cooked, roasted	179	27.56	6.77	0	2.43	6		
174060		Beef, round, eye of round, roast, separable lean only, trimmed to 1/8" fat, choice, cooked, roasted	175	29.87	5.3	0	2.61	6		
174061		Beef, round, top round, steak, separable lean only, trimmed to 1/8" fat, choice, cooked, broiled	193	32.04	6.25	0	2.84	7		
174062		Soup, clam chowder, new england, canned, ready-to-serve	79	2.61	3.94	7.28	0.48	15		cup=254|can=521
174063		Soup, clam chowder, new england, reduced sodium, canned, ready-to-serve	70	2.33	4.23	4.88	0.56	14	0	can=519|cup=256
174064		Soup, chicken noodle, reduced sodium, canned, ready-to-serve	41	3.29	1.34	3.04	0.33	11	0	cup=245|can=516
174065		Soup, beef and vegetables, reduced sodium, canned, ready-to-serve	42	3.26	0.95	4.19	0.45	17		cup=245|can=525
174066		Sauce, sweet and sour, ready-to-serve	154	0.27	0.02	38.12	0.21	10	0	Tbsp=17.5
174067		Sauce, cocktail, ready-to-serve	128	1.36	1.05	26.42	0.83	26	0	cup=240
174068		Dip, salsa con queso, cheese and salsa- medium	143	3.14	9.51	10.44	0.14	98	0	tbsp=15|cup=250
174069		Dip, TOSTITOS, salsa con queso, medium	133	2.92	8.26	11.12	0.14	90		tbsp=15|cup=250
174070		Sauce, peanut, made from peanut butter, water, soy sauce	257	6.31	16.02	20.22	0.91	22	0	tbsp=18
174071		Soup, chunky vegetable, reduced sodium, canned, ready-to-serve	50	1.16	0.51	9.18	0.4	25	0	cup=240
174072		Gravy, HEINZ Home Style, classic chicken	46	0.67	2.57	5.01	0.07	10		cup=232|jar 12 oz=324
174073		Soup, beef barley, ready to serve	52	2.81	0.96	7.04	0.45	11	0	cup=208|can=527
174074		Sauce, enchilada, red, mild, ready to serve	30	0.62	0.91	4.37	0.67	7	0	cup=224|can=283
174075		Bread, chapati or roti, whole wheat, commercially prepared, frozen	299	7.85	9.2	36.43	2.2	36	0	piece=43
174076		Bread, paratha, whole wheat, commercially prepared, frozen	326	6.36	13.2	35.75	1.61	25	0	piece=79
174077		Bread, naan, whole wheat, commercially prepared, refrigerated	286	10.2	6.7	41.41	1.73	59	0	piece=106
174078		Bread, roll, Mexican, bollilo	318	10.65	5.8	53.57	3.9	41	0	piece=98
174079		Cookie, butter or sugar, with chocolate icing or filling	503	4.1	23.5	66.93	2.44	19	0	cookies=10.33
174080		Cookie, chocolate, with icing or coating	507	4.5	24.2	65.57	3	15	0	cookies=8
174081		Tortillas, ready-to-bake or -fry, whole wheat	310	9.76	9.76	36.09	2.63	244	0	tortilla 1 serving=41
174082		Cake, snack cakes, creme-filled, chocolate with frosting, low-fat, with added fiber	409	3.71	13	54.47	4.01	149	0.2	cake 1 serving=27
174083		Cookies, graham crackers, plain or honey, lowfat	386	5.71	5.71	72.26	3.09	429	0	serving=35
174084		Crackers, cheese, whole grain	412	9.62	16.03	50.89	3.46	128	0.1	serving 55 pieces=31
174085		Waffles, whole wheat, lowfat, frozen, ready-to-heat	257	7.14	3.57	44.86	6.43	143	0	serving 2 waffles=70
174086		Pancakes, plain, reduced fat	269	5.71	1.9	56.32	1.71	57	0.1	serving 3 pancakes=105
174087		Cookies, shortbread, reduced fat	451	5.37	14	74.69	2.98	13	0	cookie=11.8
174088		Cookies, sugar wafer, chocolate-covered	526	3.45	27.59	62.59	1.24	0	0	cookie=9.67
174089		Rolls, hamburger or hot dog, wheat/cracked wheat	269	11.69	3.61	43.11	2.92	196	0	roll=51
174090		Rolls, hamburger or hot dog, whole wheat	269	12.38	4.38	38.83	2.42	198	0	roll=56
174091		Bread, french or vienna, whole wheat	239	8.33	1.04	44.9	0.75	42	0	slice 1 serving=48
174092		Bagels, whole grain white	255	9.3	0	49.82	4.19	93	0	piece bagel 1 serving=86
174093		English muffins, whole grain white	245	7.02	1.75	46.67	2.53	140	0	muffin 1 serving=57
174094		Rolls, hamburger, whole grain white, calcium-fortified	255	9.3	3.49	44.2	2.59	233	0	piece roll=43
174095		Cookies, chocolate chip sandwich, with creme filling	425	2.94	17.65	63.52	1.06	0	0	cookie=34
174096		Cookies, chocolate, made with rice cereal	440	3.23	19.35	61.66	2.49	32	0	cookie=62
174097		Cookies, marshmallow, with rice cereal and chocolate chips	435	4.55	18.18	63.26	1.64	0	0.9	bar=22
174098		Crackers, flavored, fish-shaped	463	10.16	17.71	62.57	4.58	83		goldfish=0.52
174099		Bread, gluten-free, white, made with potato extract, rice starch, and rice flour	320	3.13	10.7	49.33	0.76	24		slice=34
174100		Bread, gluten-free, white, made with rice flour, corn starch, and/or tapioca	248	4.31	5.24	41.48	2.63	138	0	slice=35
174101		Bread, gluten-free, white, made with tapioca starch and brown rice flour	298	5.4	8.02	45.65	0.53	59		slice=28
174102		Bread, gluten-free, whole grain, made with tapioca starch and brown rice flour	309	7.25	9.34	44.19	0.76	60		slice=25
174103		Crackers, gluten-free, multigrain and vegetable, made with corn starch and white rice flour	456	2.5	15.41	73.94	0.56	28		crackers=3.57
174104		Crackers, gluten-free, multi-seeded and multigrain	453	11.25	15.84	56.1	2.83	238	0	crackers=2.03
174105		Waffles, gluten-free, frozen, ready-to-heat	263	2.72	8.84	41.65	0.63	40	0	waffle=45|box=242
174106		Pancakes, gluten-free, frozen, ready-to-heat	215	3.31	4.55	38.82	0.7	39	0	pancake=48|box=352
174107		Rolls, dinner, sweet	321	10.04	7.37	50.48	2.74	62	0	roll=30|slice=39
174108		Beverages, Energy drink, Citrus	45	0	0	11.27	0	8	0	
174109		Alcoholic Beverage, wine, table, red, Mouvedre	88	0.07	0	2.64				serving 5 fl oz=147
174110		Alcoholic beverage, wine, table, white, Chardonnay	84	0.07	0	2.16	0.27	9		serving 5 fl oz=147
174111		Beverages, Kiwi Strawberry Juice Drink	47	0	0	12.26	0.15	0	0	
174112		Beverages, Apple juice drink, light, fortified with vitamin C	22	0	0.1	5.1	0.2	3	0	
174113		Beverages, POWERADE, Zero, Mixed Berry	0	0	0	0.14	0	0	0	
174114		Beverages, Carob-flavor beverage mix, powder	372	1.8	0.2	85.3	4.6	32		tbsp=12
174115		Beverages, Carob-flavor beverage mix, powder, prepared with whole milk	75	3.16	3.11	8.28	0.25	98		cup (8 fl oz)=256
174116		Beverages, coconut milk, sweetened, fortified with calcium, vitamins A, B12, D2	31	0.21	2.08	2.92	0.3	188	1	cup=240
174117		Beverages, chocolate syrup	279	2.1	1.13	62.5	2.11	14	0	serving 2 tbsp=39|cup=300
174118		Beverages, chocolate syrup, prepared with whole milk	90	3.07	2.96	12.48	0.32	89		cup (8 fl oz)=282
174119		Beverages, coffee, ready to drink, iced, mocha, milk based	60	1.48	0.98	11.42	0.09	52	0	cup=265
174120		Beverages, tea, Oolong, brewed	1	0	0	0.15	0	1	0	
174121		Beverages, tea, green, ready-to-drink, citrus, diet, fortified with vitamin C	1	0	0	0.31	0	1	0	cup=265
174122		Beverages, Cocoa mix, powder	398	6.67	4	80.03	1.19	133	0	serving (3 heaping tsp or 1 en=28
174123		Beverages, Cocoa mix, powder, prepared with water	55	0.92	0.55	11.04	0.17	21		serving 6 fl oz=206
174124		Beverages, Cocoa mix, NESTLE, Hot Cocoa Mix Rich Chocolate With Marshmallows	400	2.8	15	71.3	1.8	80		serving 1 envelope=20
174125		Beverages, coffee, brewed, espresso, restaurant-prepared, decaffeinated	9	0.1	0.18	1.69	0.13	2	0	
174126		Beverages, coffee, instant, regular, half the caffeine	352	14.42	0.5	73.18	4.41	141	0	tsp=1|packet=2
174127		Beverages, coffee and cocoa, instant, decaffeinated, with whitener and low calorie sweetener	440	9	13.21	66.6	3.06	60	0	tsp dry=6.4
174128		Beverages, tea, green, ready-to-drink, sweetened	27	0	0.22	6.2	0	1	0	cup=270
174129		Beverages, tea, ready-to-drink, lemon, diet	2	0	0	0.41	0	0	0	cup=266
174130		Beverages, coffee, instant, regular, prepared with water	2	0.1	0	0.34	0.04	4		serving 6 fl oz=179
174131		Beverages, aloe vera juice drink, fortified with Vitamin C	15	0	0	3.75	0.15	8	0	
174132		Beverages, OCEAN SPRAY, Cran Grape	54	0.21	0	12.56	0.04	3	0	
174133		Beverages, coffee, instant, decaffeinated, powder	351	11.6	0.2	76	3.8	140	0	tsp rounded=1.8
174134		Beverages, coffee, instant, chicory	3	0.09	0	0.75	0.05	4		serving 6 fl oz=179
174135		Beverages, coffee, instant, mocha, sweetened	460	5.29	15.87	72.14	0	271	0	serving 2 tbsp=13
174136		Beverages, OCEAN SPRAY, Light Cranberry and Raspberry Flavored Juice	26	0.73	0	5.07	0.04	4	0	
174137		Beverages, OCEAN SPRAY, White Cranberry Strawberry Flavored Juice Drink	49	0.22	0.01	11.38	0.04	4	0	
174138		Beverages, coffee substitute, cereal grain beverage, powder	360	6.01	2.52	55.12	4.6	58	0	tsp (1 serving)=3
174139		Beverages, coffee substitute, cereal grain beverage, prepared with water	6	0.1	0.04	0.9	0.08	4	0	serving 6 fl oz=180
174140		Beverages, cranberry-apple juice drink, bottled	63	0	0.11	15.85	0.07	3	0	cup (8 fl oz)=245
174141		Alcoholic beverage, malt beer, hard lemonade	68	0	0	10.07	0.03	4	0	
174142		Beverages, cranberry-apricot juice drink, bottled	64	0.2	0	16.1	0.15	9		cup (8 fl oz)=245
174143		Beverages, tea, green, instant, decaffeinated, lemon, unsweetened, fortified with vitamin C	378	0	0	94.45	0.21	2	0	tbsp=2.25
174144		Beverages, tea, black, ready to drink	0	0	0	0	0	0	0	
174145		Alcoholic beverage, beer, light, higher alcohol	46	0.25	0	0.77	0.03	4	0	
174146		Beverages, AMBER, hard cider	56	0	0	5.92	0.06	4	0	
174147		Beverages, OCEAN SPRAY, Cran Cherry	46	0.19	0	12.16	0.08	3	0	
174148		Beverages, OCEAN SPRAY, Light Cranberry	19	0.22	0.01	4.02	0.07	3	0	
174149		Beverages, OCEAN SPRAY, White Cranberry Peach	45	0.13	0.01	11.28	0.05	3	0	
174150		Beverages, OCEAN SPRAY, Light Cranberry, Concord Grape	23	0.36	0.02	5.08	0.06	4	0	
174151		Beverages, Fruit punch drink, with added nutrients, canned	47	0	0	11.74	0.09	8	0	cup (8 fl oz)=248
174152		Beverages, Fruit punch drink, frozen concentrate	162	0.2	0	41	0.3	8		can (12 fl oz)=418
174153		Beverages, Fruit punch drink, frozen concentrate, prepared with water	46	0.06	0	11.56	0.09	4		cup=247
174154		Beverages, coffee, instant, vanilla, sweetened, decaffeinated, with non dairy creamer	465	0	13.33	86.28	0	0	0	serving=15
174155		Beverages, tea, black, brewed, prepared with distilled water	1	0	0	0.3	0.01	0		
174156		Beverages, tea, herb, brewed, chamomile	1	0	0	0.2	0.08	2	0	cup (8 fl oz)=237
174157		Beverages, Wine, non-alcoholic	6	0.5	0	1.1	0.4	9	0	
174158		Water, bottled, generic	0	0	0	0	0	10	0	cup=237|ml=1
174159		Beverages, chocolate-flavor beverage mix for milk, powder, with added nutrients	400	4.55	2.27	85.78	0	455	0	serving=22
174160		Beverages, chocolate-flavor beverage mix for milk, powder, with added nutrients, prepared with whole milk	89	3.27	3.17	11.47	0.03	141	1.2	serving=266
174161		Beverages, Water with added vitamins and minerals, bottles, sweetened, assorted fruit flavors	22	0	0	5.49	0	17	0	serving=237
174162		Beverages, V8 SPLASH Juice Drinks, Diet Berry Blend	4	0	0	1.23				
174163		Beverages, V8 SPLASH Juice Drinks, Diet Fruit Medley	4	0	0	1.26				serving 8 oz=238
174164		Beverages, V8 SPLASH Juice Drinks, Diet Strawberry Kiwi	4	0	0	1.26	0.3	8		serving=238
174165		Beverages, V8 SPLASH Juice Drinks, Mango Peach	33	0	0	8.23				serving 8 oz=243
174166		Beverages, V8 SPLASH Juice Drinks, Orange Pineapple	29	0	0	7.41				serving 8 oz=243
174167		Beverages, V8 SPLASH Juice Drinks, Orchard Blend	33	0	0	7.82				serving 8 oz=243
174168		Beverages, V8 SPLASH Juice Drinks, Strawberry Banana	29	0	0	7.41				serving 8 oz=243
174169		Beverages, V8 V-FUSION Juices, Tropical	49	0.41	0	11.38	0.15	8		serving 8 oz=246
174170		Beverages, V8 V- FUSION Juices, Acai Berry	45	0	0	10.98	0.81	1		serving 8 oz=246
174171		Beverages, Energy drink, AMP	46	0.25	0.08	12.08	0.02	13	0	serving=240
174172		Beverages, Energy drink, FULL THROTTLE	46	0.25	0.08	12.08	0.02	13	0	serving 8 fluid oz=240|can=480
174173		Beverages, Vegetable and fruit juice drink, reduced calorie, with low-calorie sweetener, added vitamin C	4	0	0	1.1	0.3	8	0	serving=238
174174		Beverages, milk beverage, reduced fat, flavored and sweetened, Ready-to-drink, added calcium, vitamin A and vitamin D	77	3.05	1.83	11.68	0.03	164	1.1	cup=244
174175		Beverages, vegetable and fruit juice blend, 100% juice, with added vitamins A, C, E	46	0.3	0.01	11.15	0.31	8	0	serving 8 oz=246
174176		Beverages, fruit juice drink, reduced sugar, with vitamin E added	39	0	0.07	10	0.04	5	0	container=209|ml=1
174177		Beverages, Energy drink, VAULT Zero, sugar-free, citrus flavor	1	0.25	0.08	0.7	0.02	2	0	serving (8 fl oz)=246
174178		Beverages, PEPSICO QUAKER, Gatorade G2, low calorie	8	0.05	0.01	1.94	0	0	0	
174179		Beverages, Fruit flavored drink, less than 3% juice, not fortified with vitamin C	64	0	0	16.03	0	3	0	cup (8 fl oz)=238
174180		Beverages, Fruit flavored drink containing less than 3% fruit juice, with high vitamin C	27	0	0	6.67	0	3	0	cup (8 fl oz)=238
174181		Beverages, nutritional shake mix, high protein, powder	392	53.57	10.71	20.38	22.5	714	12.5	tbsp=10|serving=20
174182		Fish, anchovy, european, raw	131	20.35	4.84	0	3.25	147		
174183		Fish, anchovy, european, canned in oil, drained solids	210	28.89	9.71	0	4.63	232	1.7	anchovy=4|can (2 oz)=45|anchovies=4
174184		Fish, bass, fresh water, mixed species, raw	114	18.86	3.69	0	1.49	80		fillet=79
174185		Fish, carp, cooked, dry heat	162	22.86	7.17	0	1.59	52		fillet=170
174186		Fish, catfish, channel, wild, raw	95	16.38	2.82	0	0.3	14	12.5	fillet=159
174187		Fish, catfish, channel, cooked, breaded and fried	229	18.09	13.33	7.34	1.43	44		fillet=87
174188		Fish, caviar, black and red, granular	264	24.6	17.9	4	11.88	275	2.9	tbsp=16
174189		Fish, cod, Atlantic, canned, solids and liquid	105	22.76	0.86	0	0.49	21	1.2	can=312
174190		Fish, cod, Atlantic, dried and salted	290	62.82	2.37	0	2.5	160	4	piece (5-1/2" x 1-1/2" x 1/2")=80
174191		Fish, cod, Pacific, raw (may have been previously frozen)	69	15.27	0.41	0	0.16	8	0.5	fillet=116
174192		Fish, croaker, Atlantic, raw	104	17.78	3.17	0	0.37	15	0.7	fillet=79
174193		Fish, eel, mixed species, raw	184	18.44	11.66	0	0.5	20	23.3	fillet=204
174194		Fish, eel, mixed species, cooked, dry heat	236	23.65	14.95	0	0.64	26		cubic inch, boneless=17|fillet=159
174195		Fish, fish sticks, frozen, prepared	277	11.01	16.23	20.16	0.84	16	0	piece (4" x 2" x 1/2")=57|stick (4" x 1" x 1/2")=28
174196		Fish, flatfish (flounder and sole species), raw	70	12.41	1.93	0	0.18	21	2.8	fillet=163
174197		Fish, flatfish (flounder and sole species), cooked, dry heat	86	15.24	2.37	0	0.23	25	3.5	fillet=127
174198		Fish, haddock, cooked, dry heat	90	19.99	0.55	0	0.21	14	0.6	fillet=150
174199		Fish, haddock, smoked	116	25.23	0.96	0	1.4	49	0.8	cubic inch, boneless=17
174200		Fish, halibut, Atlantic and Pacific, raw	91	18.56	1.33	0	0.16	7	4.7	fillet=408
174201		Fish, halibut, Atlantic and Pacific, cooked, dry heat	111	22.54	1.61	0	0.2	9	5.8	fillet=318
174202		Crustaceans, crab, alaska king, cooked, moist heat	97	19.35	1.54	0	0.76	59		leg=134
174203		Crustaceans, crab, alaska king, imitation, made from surimi	95	7.62	0.46	14.5	0.39	13	0	
174204		Crustaceans, crab, blue, raw	87	18.06	1.08	0.04	0.74	89		crab=21
174205		Crustaceans, crab, blue, cooked, moist heat	83	17.88	0.74	0	0.5	91	0	cup, flaked and pieces=118|cup (not packed)=135
174206		Crustaceans, crayfish, mixed species, wild, raw	77	15.97	0.95	0	0.84	27	0	crayfish=3.38
174207		Crustaceans, crayfish, mixed species, wild, cooked, moist heat	82	16.77	1.2	0	0.83	60	0	
174208		Crustaceans, lobster, northern, raw	77	16.52	0.75	0	0.26	84	0	lobster=150
174209		Crustaceans, lobster, northern, cooked, moist heat	89	19	0.86	0	0.29	96	0	cup=145
174210		Crustaceans, shrimp, mixed species, raw (may contain additives to retain moisture)	71	13.61	1.01	0.91	0.21	54	0.1	medium=6|small=5|large=7
174211		Crustaceans, spiny lobster, mixed species, raw	112	20.6	1.51	2.43	1.22	49		lobster=209
174212		Mollusks, abalone, mixed species, raw	105	17.1	0.76	6.01	3.19	31	0	
174213		Mollusks, abalone, mixed species, cooked, fried	189	19.63	6.78	11.05	3.8	37		
174214		Mollusks, clam, mixed species, raw	86	14.67	0.96	3.57	1.62	39	0	large=20|medium=14.5|small=9|cup (with liquid and clams)=227
174215		Mollusks, cuttlefish, mixed species, raw	79	16.24	0.7	0.82	6.02	90		
174216		Mollusks, mussel, blue, raw	86	11.9	2.24	3.69	3.95	26	0	cup=150|large=20|medium=16|small=10
174217		Mollusks, mussel, blue, cooked, moist heat	172	23.8	4.48	7.39	6.72	33		
174218		Mollusks, octopus, common, raw	82	14.91	1.04	2.2	5.3	53	0	
174219		Mollusks, oyster, Pacific, raw	81	9.45	2.3	4.95	5.11	8		medium=50
174220		Mollusks, scallop, mixed species, raw	69	12.06	0.49	3.18	0.38	6	0	unit 2 large or 5 small=30
174221		Mollusks, scallop, mixed species, cooked, breaded and fried	216	18.07	10.94	10.13	0.82	42		large=15.5
174222		Mollusks, scallop, mixed species, imitation, made from surimi	99	12.77	0.41	10.62	0.31	8		
174223		Mollusks, squid, mixed species, raw	92	15.58	1.38	3.08	0.68	32	0	
174224		Fish, salmon, chum, canned, without salt, drained solids with bone	141	21.43	5.5	0	0.7	249		can=369
174225		Fish, salmon, pink, canned, without salt, solids with bone and liquid	139	19.78	6.05	0	0.84	213		can=454
174226		Fish, salmon, sockeye, canned, without salt, drained solids with bone	153	20.47	7.31	0	1.06	239		can=369
174227		Fish, tuna, light, canned in oil, without salt, drained solids	198	29.13	8.21	0	1.39	13		can=171
174228		Fish, bass, striped, cooked, dry heat	124	22.73	2.99	0	1.08	19		fillet=124
174229		Fish, bluefish, cooked, dry heat	159	25.69	5.44	0	0.62	9		fillet=117
174230		Fish, burbot, cooked, dry heat	115	24.76	1.04	0	1.15	64		fillet=90
174231		Fish, butterfish, cooked, dry heat	187	22.15	10.28	0	0.64	28		fillet=25
174232		Fish, halibut, greenland, cooked, dry heat	239	18.42	17.74	0	0.85	4		fillet=318
174233		Fish, herring, Pacific, cooked, dry heat	250	21.01	17.79	0	1.44	106		fillet=144
174234		Fish, ling, cooked, dry heat	111	24.35	0.82	0	0.83	44		fillet=151
174235		Fish, lingcod, cooked, dry heat	109	22.64	1.36	0	0.41	18		fillet=302
174236		Fish, mackerel, king, cooked, dry heat	134	26	2.56	0	2.28	40		fillet=308
174237		Fish, pollock, Atlantic, cooked, dry heat	118	24.92	1.26	0	0.59	77		fillet=302
174238		Fish, pout, ocean, cooked, dry heat	102	21.33	1.17	0	0.36	13		fillet=274
174239		Fish, roe, mixed species, cooked, dry heat	204	28.62	8.23	1.92	0.77	28		
174240		Fish, sablefish, cooked, dry heat	250	17.19	19.62	0	1.64	45		fillet=302
174241		Fish, scup, cooked, dry heat	135	24.21	3.5	0	0.68	51		fillet=50
174242		Fish, seatrout, mixed species, cooked, dry heat	133	21.46	4.63	0	0.35	22		fillet=186
174243		Fish, shad, american, cooked, dry heat	252	21.71	17.65	0	1.24	60		fillet=144
174244		Fish, spot, cooked, dry heat	158	23.73	6.28	0	0.41	18		fillet=50
174245		Fish, turbot, european, cooked, dry heat	122	20.58	3.78	0	0.46	23		fillet=318
174246		Fish, whitefish, mixed species, cooked, dry heat	172	24.47	7.51	0	0.47	33		fillet=154
174247		Fish, wolffish, Atlantic, cooked, dry heat	123	22.44	3.06	0	0.12	8		fillet=238
174248		Fish, yellowtail, mixed species, cooked, dry heat	187	29.67	6.72	0	0.63	29		fillet=292
174249		Mollusks, octopus, common, cooked, moist heat	164	29.82	2.08	4.4	9.54	106	0	
174250		Mollusks, oyster, Pacific, cooked, moist heat	163	18.9	4.6	9.9	9.2	16		medium=25
174251		Fish, roughy, orange, cooked, dry heat	105	22.64	0.9	0	1.13	11		
174252		Lima beans, large, mature seeds, raw	338	21.46	0.69	44.38	7.51	81	0	cup=178|tbsp=11.1
174253		Lima beans, large, mature seeds, cooked, boiled, without salt	115	7.8	0.38	13.88	2.39	17	0	cup=188|tbsp=11.7
174254		Lima beans, large, mature seeds, canned	79	4.93	0.17	10.11	1.81	21	0	cup=241
174255		Lima beans, thin seeded (baby), mature seeds, raw	335	20.62	0.93	42.23	6.19	81	0	cup=202
174256		Mung beans, mature seeds, raw	347	23.86	1.15	46.32	6.74	132	0	cup=207|tbsp=13
174257		Mung beans, mature seeds, cooked, boiled, without salt	105	7.02	0.38	11.55	1.4	27	0	cup=202
174258		Noodles, chinese, cellophane or long rice (mung beans), dehydrated	351	0.16	0.06	85.59	2.17	25	0	cup=140
174259		Mungo beans, mature seeds, raw	341	25.21	1.64	40.69	7.57	138	0	cup=207
174260		Peanuts, all types, cooked, boiled, with salt	318	13.5	22.01	12.46	1.01	55	0	cup in shell, edible yield=63|cup, shelled=180|nuts=0.85
174261		Peanuts, all types, oil-roasted, with salt	599	28.03	52.5	5.86	1.52	61	0	cup, chopped=144
174262		Peanuts, all types, dry-roasted, with salt	587	24.35	49.66	12.86	1.58	58	0	peanut=1
174263		Peanuts, spanish, raw	570	26.15	49.6	6.33	3.91	106	0	cup=146
174264		Peanuts, virginia, oil-roasted, with salt	578	25.87	48.62	10.96	1.67	86	0	cup=143
174265		Peanut butter, chunk style, with salt	589	24.06	49.94	13.57	1.9	45	0	tbsp=16|cup=258
174266		Peanut butter, smooth style, with salt (Includes foods for USDA's Food Distribution Program)	598	22.21	51.36	17.31	1.74	49	0	tbsp=16|cup=258
174267		Peanut flour, defatted	327	52.2	0.55	18.9	2.1	140	0	cup=60
174268		Meat extender	311	41.71	2.97	17.21	11.99	204	0	cup=88
174269		Sausage, meatless	255	20.28	18.16	5.29	3.72	63	0	link=25|patty=38|slice=28
174270		Soybeans, mature seeds, raw	446	36.49	19.94	20.86	15.7	277	0	cup=186
174271		Soybeans, mature cooked, boiled, without salt	172	18.21	8.97	2.36	5.14	102	0	cup=172|tbsp=10.7
174272		Tempeh	192	20.29	10.8	7.64	2.7	111	0	cup=166
174273		Soy flour, full-fat, raw	434	37.81	20.65	22.32	6.37	206	0	cup, stirred=84|tbsp=5.2
174274		Soy flour, full-fat, roasted	439	38.09	21.86	20.68	5.82	188	0	cup, stirred=85
174275		Soy flour, defatted	327	51.46	1.22	16.42	9.24	241	0	cup=105|tbsp=6.6
174276		Soy protein isolate	335	88.32	3.39	0	14.5	178	0	
174277		Soy sauce made from soy and wheat (shoyu)	53	8.14	0.57	4.13	1.45	33	0	tbsp=16|tsp=5.3|cup=255|individual packet=8.9
174278		Soy sauce made from soy (tamari)	60	10.51	0.1	4.77	2.38	20	0	tbsp=18|tsp=6
174279		Soy sauce made from hydrolyzed vegetable protein	60	7	0.51	7.34	0.33	17	0	tbsp=18|tsp=6|cup=232
174280		Tofu, salted and fermented (fuyu)	116	8.92	8	4.38	1.98	46	0	block=11
174281		Yardlong beans, mature seeds, raw	347	24.33	1.31	50.91	8.61	138	0	cup=167
174282		Yardlong beans, mature seeds, cooked, boiled, without salt	118	8.29	0.45	17.29	2.64	42	0	cup=171
174283		Winged beans, mature seeds, raw	409	29.65	16.32	15.81	13.44	440	0	cup=182
174284		Lentils, pink or red, raw	358	23.91	2.17	52.3	7.39	48	0	cup=192
174285		Beans, kidney, red, mature seeds, canned, drained solids	124	7.98	1.05	15.99	1.5	57	0	can drained solids=266
174286		Beans, pinto, canned, drained solids	114	6.99	0.9	14.72	1.33	63	0	can drained solids=277
174287		Veggie burgers or soyburgers, unprepared	177	15.7	6.3	9.37	2.41	136	0	pattie=70
174288		Chickpea flour (besan)	387	22.39	6.69	47.02	4.86	45	0	cup=92
174289		Hummus, commercial	237	7.78	17.82	9.5	2.54	47	0	tbsp=15|cup=246
174290		Tofu, extra firm, prepared with nigari	83	9.98	5.26	0.18	2.04	282	0	block=455
174291		Tofu, hard, prepared with nigari	145	12.68	9.99	3.79	2.75	345	0	block=488
174292		MORI-NU, Tofu, silken, soft	55	4.8	2.7	2.8	0.82	31		slice=84
174293		Soymilk, chocolate, unfortified	63	2.26	1.53	9.55	0.48	25	0	cup=243
174294		Peanut Butter, smooth (Includes foods for USDA's Food Distribution Program)	588	21.93	49.54	18.28	2.16	54	0	tbsp=16|cup=258
174295		Soymilk, chocolate, with added calcium, vitamins A and D	63	2.26	1.53	9.55	0.48	126	1	cup=243
174296		Refried beans, canned, vegetarian	83	5.28	0.87	8.8	1.7	35		cup=242|can=444
174297		Vitasoy USA, Organic Nasoya Super Firm Cubed Tofu	118	12.4	6.3	0.8	2	188		package=395
174298		Refried beans, canned, traditional, reduced sodium	89	4.98	2.01	9.85	1.44	29	0	cup=238|tablespoon=16
174299		Soybeans, mature seeds, cooked, boiled, with salt	172	18.21	8.97	2.36	5.14	102	0	cup=172
174300		Soybeans, mature seeds, roasted, no salt added	469	38.55	25.4	12.52	3.9	138	0	cup=172
174301		Soy protein concentrate, produced by acid wash	328	63.63	0.46	19.91	10.78	363	0	
174302		Soy protein isolate, potassium type	321	88.32	0.53	2.59	14.5	178	0	
174303		Tofu, dried-frozen (koyadofu), prepared with calcium sulfate	470	52.43	30.34	7.1	9.73	2134	0	piece=17
174304		Tofu, fried, prepared with calcium sulfate	270	18.82	20.18	4.96	4.87	961	0	piece=13
174305		Tofu, salted and fermented (fuyu), prepared with calcium sulfate	116	8.15	8	5.15	1.98	1229	0	block=11
174306		Yardlong beans, mature seeds, cooked, boiled, with salt	118	8.29	0.45	17.29	2.64	42	0	cup=171
174307		Lamb, composite of trimmed retail cuts, separable lean only, trimmed to 1/4" fat, choice, raw	134	20.29	5.25	0	1.77	10		
174308		Lamb, composite of trimmed retail cuts, separable lean only, trimmed to 1/4" fat, choice, cooked	206	28.22	9.52	0	2.05	15		piece, cooked, excluding refus=187
174309		Lamb, composite of trimmed retail cuts, separable fat, trimmed to 1/4" fat, choice, raw	665	6.65	70.61	0	0.98	19		
174310		Lamb, composite of trimmed retail cuts, separable fat, trimmed to 1/4" fat, choice, cooked	586	12.16	59.18	0	1.29	23	0.1	unit, cooked (yield from 1 lb =286
174311		Lamb, leg, whole (shank and sirloin), separable lean and fat, trimmed to 1/4" fat, choice, raw	230	17.91	17.07	0	1.66	9		
174312		Lamb, leg, whole (shank and sirloin), separable lean and fat, trimmed to 1/4" fat, choice, cooked, roasted	258	25.55	16.48	0	1.98	11	0.1	piece, cooked, excluding refus=265
174313		Lamb, leg, whole (shank and sirloin), separable lean only, trimmed to 1/4" fat, choice, raw	128	20.56	4.51	0	1.82	6		
174314		Lamb, leg, whole (shank and sirloin), separable lean only, trimmed to 1/4" fat, choice, cooked, roasted	191	28.3	7.74	0	2.12	8	0.1	piece, cooked, excluding refus=218
174315		Lamb, leg, shank half, separable lean and fat, trimmed to 1/4" fat, choice, raw	201	18.58	13.49	0	1.71	8		
174316		Lamb, leg, sirloin half, separable lean and fat, trimmed to 1/4" fat, choice, cooked, roasted	292	24.63	20.67	0	2	11		piece, cooked, excluding refus=262
174317		Lamb, leg, sirloin half, separable lean only, trimmed to 1/4" fat, choice, raw	134	20.55	5.08	0	1.83	7		
174318		Lamb, leg, sirloin half, separable lean only, trimmed to 1/4" fat, choice, cooked, roasted	204	28.35	9.17	0	2.2	8		piece, cooked, excluding refus=201
174319		Lamb, loin, separable lean and fat, trimmed to 1/4" fat, choice, raw	310	16.32	26.63	0	1.61	15		chop, excluding refuse (yield =95
174320		Lamb, loin, separable lean only, trimmed to 1/4" fat, choice, cooked, roasted	202	26.59	9.76	0	2.44	17		piece, cooked, excluding refus=193
174321		Lamb, rib, separable lean and fat, trimmed to 1/4" fat, choice, raw	372	14.52	34.39	0	1.39	15		
174322		Lamb, rib, separable lean and fat, trimmed to 1/4" fat, choice, cooked, broiled	361	22.13	29.59	0	1.88	19	0.1	piece, cooked, excluding refus=229
174323		Lamb, rib, separable lean and fat, trimmed to 1/4" fat, choice, cooked, roasted	359	21.12	29.82	0	1.6	22		piece, cooked, excluding refus=255
174324		Lamb, shoulder, whole (arm and blade), separable lean and fat, trimmed to 1/4" fat, choice, cooked, broiled	278	24.42	19.26	0	2.03	21		piece, cooked, excluding refus=248
174325		Lamb, shoulder, whole (arm and blade), separable lean and fat, trimmed to 1/4" fat, choice, cooked, roasted	276	22.51	19.97	0	1.97	20	0.1	piece, cooked, excluding refus=269
174326		Lamb, shoulder, whole (arm and blade), separable lean only, trimmed to 1/4" fat, choice, raw	144	19.55	6.76	0	1.66	15	0.1	
174327		Lamb, shoulder, whole (arm and blade), separable lean only, trimmed to 1/4" fat, choice, cooked, braised	283	32.81	15.89	0	2.67	26		piece, cooked, excluding refus=174
174328		Lamb, shoulder, arm, separable lean and fat, trimmed to 1/4" fat, choice, cooked, broiled	281	24.44	19.55	0	2.09	18		chop, excluding refuse (yield =93
174329		Lamb, shoulder, arm, separable lean and fat, trimmed to 1/4" fat, choice, cooked, roasted	279	22.53	20.24	0	2.03	18		piece, cooked, excluding refus=286
174330		Lamb, shoulder, arm, separable lean only, trimmed to 1/4" fat, choice, raw	132	19.99	5.2	0	1.74	12		chop, excluding refuse (yield =101
174331		Lamb, shoulder, arm, separable lean only, trimmed to 1/4" fat, choice, cooked, braised	279	35.54	14.08	0	2.7	26		chop, excluding refuse (yield =55
174332		Lamb, shoulder, blade, separable lean and fat, trimmed to 1/4" fat, choice, cooked, broiled	278	23.08	19.94	0	1.72	24	0.1	piece, cooked, excluding refus=252
174333		Lamb, shoulder, blade, separable lean and fat, trimmed to 1/4" fat, choice, cooked, roasted	281	22.25	20.61	0	1.92	21		piece, cooked, excluding refus=258
174334		Lamb, shoulder, blade, separable lean only, trimmed to 1/4" fat, choice, raw	151	19.29	7.63	0	1.62	16		
174335		Lamb, shoulder, blade, separable lean only, trimmed to 1/4" fat, choice, cooked, braised	288	32.35	16.64	0	2.6	28		piece, cooked, excluding refus=168
174336		Lamb, New Zealand, imported, frozen, composite of trimmed retail cuts, separable lean and fat, raw	277	16.74	22.74	0	1.49	13		
174337		Lamb, New Zealand, imported, frozen, composite of trimmed retail cuts, separable lean and fat, cooked	305	24.42	22.26	0	2.1	17		piece, cooked, excluding refus=222
174338		Lamb, New Zealand, imported, frozen, composite of trimmed retail cuts, separable lean only, raw	128	20.75	4.41	0	1.64	8		
174339		Lamb, New Zealand, imported, frozen, composite of trimmed retail cuts, separable lean only, cooked	206	29.59	8.86	0	2.35	13		piece, cooked, excluding refus=164
174340		Lamb, New Zealand, imported, fore-shank, separable lean only, raw	122	22.05	3.77	0	1.37	7	0	serving=115
174341		Lamb, New Zealand, imported, fore-shank, separable lean only, cooked, braised	209	33.31	8.4	0	2.24	11	0	serving=85
174342		Lamb, New Zealand, imported, leg chop/steak, bone-in, separable lean and fat, raw	206	18.64	14.52	0.13	1.49	10	0	serving=115
174343		Lamb, New Zealand, imported, frozen, leg, whole (shank and sirloin), separable lean and fat, cooked, roasted	246	24.81	15.56	0	2.1	10		piece, cooked, excluding refus=258
174344		Game meat, moose, raw	102	22.24	0.74	0	3.21	5		
174345		Game meat, moose, cooked, roasted	134	29.27	0.97	0	4.22	6	0	piece, cooked (yield from 1 lb=340
174346		Game meat, rabbit, domesticated, composite of cuts, cooked, stewed	206	30.38	8.41	0	2.37	20	0	piece, cooked (yield from 1 lb=299
174347		Game meat, rabbit, wild, raw	114	21.79	2.32	0	3.2	12		
174348		Game meat, rabbit, wild, cooked, stewed	173	33.02	3.51	0	4.85	18	0	piece, cooked (yield from 1 lb=299
174349		Game meat, raccoon, cooked, roasted	255	29.2	14.5	0	7.1	14	0	piece, cooked (yield from 1 lb=399
174350		Lamb, variety meats and by-products, brain, cooked, pan-fried	273	16.97	22.19	0	2.04	21		unit, cooked (yield from 1 lb =240
174351		Veal, variety meats and by-products, brain, raw	118	10.32	8.21	0	2.13	10		
174352		Veal, variety meats and by-products, brain, cooked, braised	136	11.48	9.63	0	1.67	16		unit, cooked (yield from 1 lb =339
174353		Veal, variety meats and by-products, brain, cooked, pan-fried	213	14.48	16.75	0	1.07	10		unit, cooked (yield from 1 lb =330
174354		Lamb, variety meats and by-products, kidneys, raw	97	15.74	2.95	0.82	6.38	13		
174355		Lamb, variety meats and by-products, kidneys, cooked, braised	137	23.65	3.62	0.99	12.4	18		unit, cooked (yield from 1 lb =255
174356		Veal, variety meats and by-products, kidneys, raw	99	15.76	3.12	0.85	3.36	11		
174357		Veal, variety meats and by-products, kidneys, cooked, braised	163	26.32	5.66	0	3.04	29		unit, cooked (yield from 1 lb =184
174358		Veal, variety meats and by-products, liver, cooked, pan-fried	193	27.37	6.51	4.47	5.98	7		slice=67
174359		Lamb, variety meats and by-products, lungs, raw	95	16.7	2.6	0	6.4	10		
174360		Lamb, variety meats and by-products, lungs, cooked, braised	113	19.88	3.1	0	4.57	12		unit, cooked (yield from 1 lb =381
174361		Veal, variety meats and by-products, lungs, raw	90	16.3	2.3	0	5.23	7		
174362		Veal, variety meats and by-products, pancreas, raw	182	15	13.1	0	2.1	19		
174363		Veal, variety meats and by-products, pancreas, cooked, braised	256	29.1	14.6	0	2.38	18		unit, cooked (yield from 1 lb =240
174364		Lamb, variety meats and by-products, spleen, raw	101	17.2	3.1	0	41.89	9		
174365		Lamb, variety meats and by-products, spleen, cooked, braised	156	26.46	4.77	0	38.67	13		unit, cooked (yield from 1 lb =295
174366		Lamb, variety meats and by-products, tongue, raw	222	15.7	17.17	0	2.65	9		
174367		Lamb, variety meats and by-products, tongue, cooked, braised	275	21.57	20.28	0	2.63	10		unit, cooked (yield from 1 lb =255
174368		Veal, variety meats and by-products, tongue, raw	131	17.18	5.48	1.91	2.72	7		
174369		Veal, variety meats and by-products, tongue, cooked, braised	202	25.85	10.1	0	2.09	9		unit, cooked (yield from 1 lb =255
174370		Lamb, ground, raw	282	16.56	23.41	0	1.55	16	0.1	
174371		Lamb, foreshank, separable lean and fat, trimmed to 1/8" fat, cooked, braised	243	28.37	13.46	0	2.14	20		piece, cooked, excluding refus=148
174372		Lamb, leg, whole (shank and sirloin), separable lean and fat, trimmed to 1/8" fat, choice, raw	209	18.47	14.42	0	1.7	8		
174373		Lamb, leg, whole (shank and sirloin), separable lean and fat, trimmed to 1/8" fat, choice, cooked, roasted	242	26.2	14.42	0	2.02	10		piece, cooked, excluding refus=260
174374		Lamb, leg, shank half, separable lean and fat, trimmed to 1/8" fat, choice, raw	185	18.99	11.5	0	1.73	7		
174375		Lamb, loin, separable lean and fat, trimmed to 1/8" fat, choice, cooked, broiled	297	26.06	20.61	0	1.84	20		steak, excluding refuse (yield=53
174376		Lamb, loin, separable lean and fat, trimmed to 1/8" fat, choice, cooked, roasted	290	23.27	21.12	0	2.17	18		piece, cooked, excluding refus=265
174377		Lamb, rib, separable lean and fat, trimmed to 1/8" fat, choice, raw	342	15.32	30.71	0	1.43	14		
174378		Lamb, rib, separable lean and fat, trimmed to 1/8" fat, choice, cooked, broiled	340	23.06	26.82	0	1.93	18		piece, cooked, excluding refus=222
174379		Lamb, shoulder, whole (arm and blade), separable lean and fat, trimmed to 1/8" fat, choice, cooked, roasted	269	22.7	19.08	0	1.97	20		piece, cooked, excluding refus=263
174380		Lamb, shoulder, arm, separable lean and fat, trimmed to 1/8" fat, choice, raw	244	17.19	18.94	0	1.58	14		steak, excluding refuse (yield=84
174381		Lamb, shoulder, arm, separable lean and fat, trimmed to 1/8" fat, choice, cooked, braised	337	31.1	22.65	0	2.43	25		steak, excluding refuse (yield=45
174382		Lamb, shoulder, arm, separable lean and fat, trimmed to 1/8" fat, cooked, broiled	269	24.91	18.05	0	2.12	18		steak, excluding refuse (yield=59
174383		Lamb, shoulder, arm, separable lean and fat, trimmed to 1/8" fat, choice, roasted	267	22.93	18.75	0	2.05	17		piece, cooked, excluding refus=284
174384		Lamb, New Zealand, imported, frozen, composite of trimmed retail cuts, separable lean and fat, trimmed to 1/8" fat, raw	232	17.95	17.2	0	1.54	11		
174385		Lamb, New Zealand, imported, frozen, composite of trimmed retail cuts, separable lean and fat, trimmed to 1/8" fat, cooked	270	25.26	17.98	0	2.08	15		piece, cooked, excluding refus=242
174386		Lamb, New Zealand, imported, frozen, foreshank, separable lean and fat, trimmed to 1/8" fat, raw	223	18.04	16.15	0	1.49	10		
174387		Lamb, New Zealand, imported, frozen, foreshank, separable lean and fat, trimmed to 1/8" fat, cooked, braised	258	26.97	15.83	0	2.07	14		piece, cooked, excluding refus=168
174388		Lamb, new zealand, imported, frozen, rib, separable lean and fat, trimmed to 1/8" fat, raw	311	15.87	27	0	1.43	15		
174389		Lamb, New Zealand, imported, frozen, rib, separable lean and fat, trimmed to 1/8" fat, cooked, roasted	317	19.86	25.74	0	1.74	18		piece, cooked, excluding refus=233
174390		Lamb, New Zealand, imported, frozen, shoulder, whole (arm and blade), separable lean and fat, trimmed to 1/8" fat, raw	251	17.19	19.74	0	1.36	17		
174391		Lamb, New Zealand, imported, frozen, shoulder, whole (arm and blade), separable lean and fat, trimmed to 1/8" fat, cooked, braised	342	29.43	24.03	0	2.16	27		piece, cooked, excluding refus=233
174392		Veal, breast, whole, boneless, separable lean and fat, raw	208	17.47	14.75	0	0.53	7		
174393		Veal, breast, whole, boneless, separable lean and fat, cooked, braised	266	26.97	16.77	0	0.77	9		piece, cooked, excluding refus=283
174394		Veal, breast, plate half, boneless, separable lean and fat, cooked, braised	282	25.93	18.95	0	0.75	8		piece, cooked, excluding refus=291
174395		Veal, breast, point half, boneless, separable lean and fat, cooked, braised	248	28.23	14.16	0	0.79	9		piece, cooked, excluding refus=274
174396		Veal, breast, whole, boneless, separable lean only, cooked, braised	218	30.32	9.8	0	0.83	9		piece, cooked, excluding refus=237
174397		Lamb, Australian, imported, fresh, composite of trimmed retail cuts, separable lean and fat, trimmed to 1/8" fat, raw	229	17.84	16.97	0	1.43	13		
174398		Lamb, Australian, imported, fresh, composite of trimmed retail cuts, separable lean and fat, trimmed to 1/8" fat, cooked	256	24.52	16.82	0	1.93	17		piece, cooked, excluding refus=270
174399		Lamb, Australian, imported, fresh, composite of trimmed retail cuts, separable lean only, trimmed to 1/8" fat, raw	142	20.25	6.18	0	1.59	12		
174400		Lamb, Australian, imported, fresh, composite of trimmed retail cuts, separable lean only, trimmed to 1/8" fat, cooked	201	26.71	9.63	0	2.05	16		piece, cooked, excluding refus=236
174401		Lamb, Australian, imported, fresh, foreshank, separable lean only, trimmed to 1/8" fat, raw	123	20.83	3.81	0	1.5	11		
174402		Lamb, Australian, imported, fresh, foreshank, separable lean only, trimmed to 1/8" fat, cooked, braised	165	27.5	5.22	0	1.91	14		piece, cooked, excluding refus=180
174403		Lamb, Australian, imported, fresh, leg, whole (shank and sirloin), separable lean and fat, trimmed to 1/8" fat, raw	215	18.24	15.19	0	1.48	10		
174404		Lamb, Australian, imported, fresh, leg, whole (shank and sirloin), separable lean and fat, trimmed to 1/8" fat, cooked, roasted	244	25.16	15.13	0	2.03	11		piece, cooked, excluding refus=284
174405		Lamb, Australian, imported, fresh, leg, shank half, separable lean only, trimmed to 1/8" fat, cooked, roasted	182	27.18	7.27	0	2.13	8		piece, cooked, excluding refus=246
174406		Lamb, Australian, imported, fresh, leg, sirloin half, boneless, separable lean and fat, trimmed to 1/8" fat, raw	254	17.25	20	0	1.5	12		
174407		Lamb, Australian, imported, fresh, leg, sirloin half, boneless, separable lean and fat, trimmed to 1/8" fat, cooked, roasted	281	24.88	19.38	0	2.06	15		piece, cooked, excluding refus=306
174408		Lamb, Australian, imported, fresh, leg, sirloin half, boneless, separable lean only, trimmed to 1/8" fat, raw	138	20.48	5.64	0	1.75	10		
174409		Lamb, Australian, imported, fresh, leg, sirloin chops, boneless, separable lean only, trimmed to 1/8" fat, cooked, broiled	188	27.63	7.8	0	2.48	13		
174410		Lamb, Australian, imported, fresh, leg, center slice, bone-in, separable lean and fat, trimmed to 1/8" fat, raw	195	19.17	12.56	0	1.81	10		
174411		Lamb, Australian, imported, fresh, leg, center slice, bone-in, separable lean and fat, trimmed to 1/8" fat, cooked, broiled	215	25.54	11.78	0	2.38	14		
174412		Lamb, Australian, imported, fresh, leg, center slice, bone-in, separable lean only, trimmed to 1/8" fat, raw	143	20.65	6.08	0	1.94	9		
174413		Lamb, Australian, imported, fresh, loin, separable lean only, trimmed to 1/8" fat, cooked, broiled	192	26.53	8.75	0	2.18	21		
174414		Lamb, Australian, imported, fresh, rib chop/rack roast, frenched, bone-in, separable lean and fat, trimmed to 1/8" fat, raw	237	21.26	16.89	0	1.55	7	0	chop=63
174415		Lamb, Australian, imported, fresh, rib chop, frenched, bone-in, separable lean and fat, trimmed to 1/8" fat, cooked, grilled	305	28.48	21.2	0	2.24	11	0	chop=54
174416		Lamb, Australian, imported, fresh, rib chop/rack roast, frenched, bone-in, separable lean only, trimmed to 1/8" fat, raw	147	24.07	5.59	0	1.75	7	0	chop=63
174417		Lamb, Australian, imported, fresh, shoulder, arm, separable lean and fat, trimmed to 1/8" fat, raw	243	17.06	18.89	0	1.35	16		
174418		Lamb, Australian, imported, fresh, shoulder, arm, separable lean and fat, trimmed to 1/8" fat, cooked, braised	311	29.7	20.38	0	2.42	27		
174419		Lamb, Australian, imported, fresh, shoulder, arm, separable lean only, trimmed to 1/8" fat, raw	137	19.88	5.81	0	1.54	15		
174420		Lamb, Australian, imported, fresh, shoulder, arm, separable lean only, trimmed to 1/8" fat, cooked, braised	238	34.17	10.23	0	2.71	27		
174421		Game meat , bison, ground, raw	223	18.67	15.93	0	2.6	11		serving ( 3 oz )=85|patty=113
174422		Game meat, bison, ground, cooked, pan-broiled	238	23.77	15.13	0	3.08	13		patty ( yield from 112.7 g raw=87|serving ( 3 oz )=85
174423		Game meat , bison, top sirloin, separable lean only, 1" steak, cooked, broiled	171	28.05	5.65	0	3.47	5		serving ( 3 oz )=85|steak ( yield from 309.7 g raw=194
174424		Game meat, bison, chuck, shoulder clod, separable lean only, cooked, braised	193	33.78	5.43	0	4.86	7		serving ( 3 oz )=85|roast ( yield from 1247 g raw =774
174425		Game meat, elk, ground, raw	172	21.76	8.82	0	2.75	12		patty ( yield from 102.2 g raw=102
174426		Game meat, elk, ground, cooked, pan-broiled	193	26.64	8.74	0	3.34	10		patty ( yield from 104.1 g raw=95|serving ( 3 oz )=85
174427		Game meat, elk, loin, separable lean only, cooked, broiled	167	31	3.84	0	3.96	5		steak ( yield from 148.1 g raw=114|serving ( 3 oz )=85
174428		Game meat, elk, round, separable lean only, cooked, broiled	156	30.94	2.64	0	4.08	5		serving ( 3 oz )=85|steak ( yield from 233.1 g raw=176
174429		Game meat, elk, tenderloin, separable lean only, cooked, broiled	162	30.76	3.41	0	4.07	5		steak ( yield from 123.5 g raw=92|serving ( 3 oz )=85
174430		Game meat, deer, tenderloin, separable lean only, cooked, broiled	149	29.9	2.35	0	4.25	5		serving ( 3 oz )=85|roast ( yield from 271.8 g raw=202
174431		Game meat, deer, top round, separable lean only, 1" steak, cooked, broiled	152	31.47	1.92	0	4.23	4		steak ( yield from 134.9 g raw=102|serving ( 3 oz )=85
174432		Veal, Australian, shank, fore, bone-in, separable lean only, raw	123	20.18	4.65	0	1	16		roast with bone=235
174433		Veal, Australian, shank, fore, bone-in, separable lean and fat, raw	145	19.58	7.42	0	0.99	15		roast with bone=235
174434		Lamb, New Zealand, imported, Intermuscular fat, raw	640	4.63	68.53	1.26	0.72	5	0.3	
174435		Lamb, New Zealand, imported, subcutaneous fat, raw	703	3.87	76.16	0.55	0.47	3	0.1	
174436		Lamb, New Zealand, imported, brains, cooked, soaked and fried	154	14.03	10.92	0	1.21	6	0	
174437		Lamb, New Zealand, imported, brains, raw	118	11.33	8.03	0	1.07	4	0	
174438		Lamb, New Zealand, imported, chump, boneless, separable lean only, raw	121	21.68	3.83	0	1.52	4	0	
174439		Lamb, New Zealand, imported, kidney, cooked, soaked and fried	112	19.78	3.56	0.18	14.7	9	0.2	
174440		Lamb, New Zealand, imported, flap, boneless, separable lean only, cooked, braised	234	27.88	13.6	0	1.21	9	0	
174441		Lamb, New Zealand, imported, flap, boneless, separable lean only, raw	180	21.72	10.31	0	0.96	7	0	
174442		Lamb, New Zealand, imported, kidney, raw	84	15.21	2.54	0.03	6.6	8	0.1	
174443		Lamb, New Zealand, imported, heart, cooked, soaked and simmered	161	26.26	6.21	0	4.94	5	0.1	
174444		Lamb, New Zealand, imported, heart, raw	105	18.09	3.68	0	3.29	5	0	
174445		Lamb, New Zealand, imported, sweetbread, cooked, soaked and simmered	144	21.13	6.61	0	1.06	6	0.2	
174446		Lamb, New Zealand, imported, sweetbread, raw	72	11	3.16	0	0.54	2	0.1	
174447		Lamb, New Zealand, imported, tunnel-boned leg, chump off, shank off, separable lean only, cooked, slow roasted	159	25.29	6.44	0	1.71	4	0	
174448		Lamb, New Zealand, imported, tunnel-boned leg, chump off, shank off, separable lean only, raw	121	20.93	4.09	0	1.4	4	0	
174449		Lamb, New Zealand, imported, square-cut shoulder chops, separable lean only, cooked, braised	255	31.06	14.56	0	1.89	40	0.2	
174450		Lamb, New Zealand, imported, square-cut shoulder chops, separable lean only, raw	164	20.62	9.08	0	1.18	27	0.1	
174451		Lamb, New Zealand, imported, loin, boneless, separable lean only, cooked, fast roasted	156	28.99	4.49	0	2.05	6	0	
174452		Lamb, New Zealand, imported, loin, boneless, separable lean only, raw	120	21.5	3.77	0	1.55	4	0	
174453		Lamb, New Zealand, imported, hind-shank, separable lean only, cooked, braised	196	32.5	7.37	0	2.12	8	0	
174454		Lamb, New Zealand, imported, hind-shank, separable lean only, raw	115	20.4	3.35	0.73	1.46	5	0	
174455		Lamb, New Zealand, imported, neck chops, separable lean only, raw	151	19.84	7.97	0	1.24	23	0	
174456		Lamb, New Zealand, imported, rack - fully frenched, separable lean only, raw	147	20.61	7.12	0	1.4	8	0.1	
174457		Lamb, New Zealand, imported, loin chop, separable lean only, cooked, fast fried	208	27.43	10.7	0.41	1.88	42	0.1	
174458		Lamb, New Zealand, imported, square-cut shoulder, separable lean only, cooked, slow roasted	192	25.08	10.13	0	1.47	14	0.1	
174459		Lamb, New Zealand, imported, leg chop/steak, bone-in, separable lean only, cooked, fast fried	162	26.31	6.35	0	2.03	10	0	
174460		Lamb, New Zealand, imported, leg chop/steak, bone-in, separable lean and fat, cooked, fast fried	212	24.26	12.76	0.04	1.93	10	0	
174461		Lamb, New Zealand, imported, loin chop, separable lean and fat, cooked, fast fried	332	21.5	27.11	0.41	1.62	31	0.1	
174462		Lamb, New Zealand, imported, loin saddle, separable lean and fat, cooked, fast roasted	274	21.13	20.98	0.1	1.44	7	0.1	
174463		Lamb, New Zealand, imported, loin saddle, separable lean and fat, raw	273	16.56	22.9	0.2	1.29	6	0.1	
174464		Lamb, New Zealand, imported, netted shoulder, rolled, boneless, separable lean and fat, raw	252	16.9	20.36	0.2	1.05	5	0.1	
174465		Chicken, capons, giblets, raw	130	18.28	5.18	1.42	6.25	10		giblets=115|unit (yield from 1 lb ready-to=18
174466		Chicken, capons, giblets, cooked, simmered	164	26.39	5.4	0.76	6.8	13		cup, chopped or diced=145|unit (yield from 1 lb ready-to=11
174467		Duck, domesticated, liver, raw	136	18.74	4.64	3.53	30.53	11		liver=44|unit (yield from 1 lb ready-to=10
174468		Duck, wild, meat and skin, raw	211	17.42	15.2	0	4.16	5		unit (yield from 1 lb ready-to=239|duck=540
174469		Duck, wild, breast, meat only, raw	123	19.85	4.25	0	4.51	3		unit (yield from 1 lb ready-to=73|breast, bone and skin removed=166
174470		Goose, domesticated, meat and skin, raw	371	15.86	33.62	0	2.5	12		unit (yield from 1 lb ready-to=320|goose=2638
174471		Guinea hen, meat only, raw	110	20.64	2.47	0	0.77	11		unit (yield from 1 lb ready-to=275|guinea=528
174472		Pheasant, raw, meat and skin	181	22.7	9.29	0	1.15	12		unit (yield from 1 lb ready-to=371|pheasant=800
174473		Pheasant, raw, meat only	133	23.57	3.64	0	1.15	13		unit (yield from 1 lb ready-to=326|pheasant=704
174474		Pheasant, breast, meat only, raw	133	24.37	3.25	0	0.79	3		unit (yield from 1 lb ready-to=169|breast, bone and skin removed=364
174475		Squab, (pigeon), meat and skin, raw	294	18.47	23.8	0	3.54	12		unit (yield from 1 lb ready-to=297|squab=199
174476		Emu, fan fillet, raw	103	22.5	0.8	0	4.5	3		serving ( 3 oz )=85|fan fillet=513
174477		Emu, fan fillet, cooked, broiled	154	31.27	2.3	0	4.56	6		serving ( 3 oz )=85|steak=394
174478		Emu, flat fillet, raw	102	22.25	0.74	0	5	3		flat fillet=354
174479		Emu, full rump, raw	112	22.83	1.64	0	4.96	4		full rump=695
174480		Emu, top loin, cooked, broiled	152	29.07	3.13	0	5.07	9		serving ( 3 oz )=85|steak=244
174481		Ostrich, ground, raw	165	20.22	8.7	0	2.91	7		patty=109
174482		Ostrich, ground, cooked, pan-broiled	175	26.15	7.07	0	3.43	8	0.1	patty=93|serving ( 3 oz )=85
174483		Ostrich, fan, raw	117	21.81	2.65	0	4.38	6		serving ( cooked from 4oz raw)=85
174484		Ostrich, outside leg, raw	115	22.86	1.96	0	2.65	5		serving (cooked from 4 oz raw)=85
174485		Ostrich, outside strip, raw	120	23.36	2.21	0	3.69	5		serving (cooked from 4 oz raw)=85
174486		Ostrich, outside strip, cooked	156	28.55	3.83	0	4.3	5		serving ( 3 oz )=85
174487		Ostrich, oyster, raw	125	21.55	3.67	0	3.86	6		serving ( cooked from 4 oz raw=85
174488		Ostrich, tip trimmed, cooked	145	28.49	2.57	0	2.79	6		serving ( 3 oz )=85
174489		Ostrich, top loin, raw	119	21.67	2.95	0	3.13	6		serving (cooked from 4 oz raw)=85
174490		Ostrich, top loin, cooked	155	28.12	3.87	0	3.31	6		serving ( 3 oz )=85
174491		Chicken, liver, all classes, cooked, pan-fried	172	25.78	6.43	1.11	12.88	10		liver=44
174492		Turkey, ground, 93% lean, 7% fat, patties, broiled	207	25.86	11.45	0	1.73	29	0.2	
174493		Turkey, ground, 85% lean, 15% fat, raw	180	16.9	12.54	0	1.32	33	0.4	patty (cooked from 4 oz raw)=85
174494		Turkey, ground, 85% lean, 15% fat, pan-broiled crumbles	258	25.11	17.45	0	1.98	49	0.2	
174495		Turkey, ground, 85% lean, 15% fat, patties, broiled	249	25.88	16.2	0	2.04	48	0.2	
174496		Chicken, skin (drumsticks and thighs), cooked, roasted	462	16.57	43.99	0	0.9	10	0.2	
174497		Chicken, broilers or fryers, dark meat, drumstick, meat and skin, cooked, braised	187	22.72	10.73	0	0.94	12	0.1	drumstick without skin=95|drumstick with skin=105
174498		Chicken, broilers or fryers, dark meat, thigh, meat and skin, cooked, braised	229	22.57	15.43	0	1.21	11	0.3	thigh without skin=111|thigh with skin=129
174499		Chicken, dark meat, drumstick, meat only, with added solution, raw	106	19.19	3.26	0	0.72	9	0.2	drumstick with skin=143|drumstick without skin=136
174500		Chicken, dark meat, thigh, meat only, with added solution, cooked, roasted	164	24.23	7.73	0	0.98	10	0.3	thigh with skin=130|thigh without skin=112
174501		Chicken, skin (drumsticks and thighs), with added solution, cooked, braised	403	12.26	38.94	1	0.65	14	0.1	
174502		Chicken, skin (drumsticks and thighs), with added solution, raw	386	11.11	37.9	0.01	0.51	7	0.4	
174503		Chicken, skin (drumsticks and thighs), with added solution, cooked, roasted	421	20.31	37.6	0.44	1.17	15	0.1	
174504		Chicken, dark meat, drumstick, meat and skin, with added solution, cooked, braised	183	21.55	10.71	0.13	0.76	14	0.1	drumstick with skin=106|drumstick without skin=95
174505		Chicken, dark meat, thigh, meat and skin, with added solution, cooked, roasted	214	23.47	13.81	0.09	1.02	11	0.3	thigh with skin=130|thigh without skin=112
174506		Chicken, broiler, rotisserie, BBQ, back meat only	212	21.85	13.87	0.31	0.82	33	0	back=182
174507		Turkey, dark meat from whole, meat only, with added solution, raw	115	19.27	4.12	0.1	0.9	15	0.3	
174508		Turkey, dark meat, meat only, with added solution, cooked, roasted	158	26.1	6	0	1.07	16	0.3	
174509		Turkey, dark meat from whole, meat and skin, with added solution, raw	169	17.84	10.83	0.15	0.83	14	0.5	
174510		Turkey, dark meat from whole, meat and skin, with added solution, cooked, roasted	199	25.55	10.81	0	1.08	17	0.4	
174511		Turkey from whole, light meat, meat and skin, with added solution, raw	147	20.02	7.42	0.14	0.54	14	0.3	
174512		Turkey from whole, light meat, meat and skin, with added solution, cooked, roasted	157	26.52	5.64	0	0.6	14	0.4	
174513		Turkey, retail parts, breast, meat only, with added solution, raw	111	21.99	2.53	0	0.41	8	0.2	breast=1171
174514		Turkey, retail parts, breast, meat only, with added solution, cooked, roasted	130	27.94	2.08	0	0.59	15	0.1	breast=852
174515		Turkey, retail parts, breast, meat only, raw	114	23.34	2.33	0	0.76	9	0.2	breast=1150
174516		Turkey, retail parts, breast, meat only, cooked, roasted	136	29.51	1.97	0	0.97	14	0.2	breast=863
174517		Turkey, retail parts, wing, meat only, raw	112	22.48	2.49	0	0.6	6	0.2	wing=518
174518		Turkey, retail parts, thigh, meat only, raw	116	20.6	3.69	0	1.42	4	0.5	thigh=454
174519		Turkey, breast, from whole bird, meat only, with added solution, roasted	127	26.97	2.08	0	0.55	13	0.3	breast=1654
174520		Turkey, back, from whole bird, meat only, with added solution, raw	115	19.27	4.12	0.15	0.9	15	0.3	back=1245
174521		Turkey, back, from whole bird, meat only, with added solution, roasted	127	26.97	2.08	0	0.55	13	0.3	back=949
174522		Soup, chicken mushroom, canned, condensed	100	1.61	4.84	8.75	0.7	23	0	cup=248
174523		Sauce, barbecue	172	0.82	0.63	39.87	0.64	33	0	tbsp=17|cup=286
174524		Sauce, salsa, ready-to-serve	29	1.52	0.17	4.74	0.42	30	0	tbsp=18|cup=260
174525		Sauce, homemade, white, medium	147	3.84	10.63	8.97	0.33	118	1.2	cup=250
174526		Sauce, homemade, white, thick	186	3.99	13.83	11.31	0.5	111	1.2	cup=250
174527		Sauce, ready-to-serve, pepper or hot	11	0.51	0.37	1.45	0.48	8		tsp=4.7
174528		Sauce, ready-to-serve, pepper, TABASCO	12	1.29	0.76	0.2	1.16	12	0	tsp=4.7
174529		Sauce, oyster, ready-to-serve	51	1.35	0.25	10.62	0.18	32	0	tbsp=18
174530		Soup, minestrone, canned, reduced sodium, ready-to-serve	50	2	0.8	6.6	0.72	20	0	cup=245
174531		Sauce, fish, ready-to-serve	35	5.06	0.01	3.64	0.78	43	0	tbsp=18
174532		Soup, shark fin, restaurant-prepared	46	3.2	2	3.8	0.94	10		cup=216
174533		Soup, bean & ham, canned, reduced sodium, prepared with water or ready-to-serve	81	4.19	1.03	9.66	1.02	38	0	cup=245
174534		Split pea soup, canned, reduced sodium, prepared with water or ready-to serve	71	3.85	0.92	9.93	0.77	17	0	cup=253
174535		Split pea with ham soup, canned, reduced sodium, prepared with water or ready-to-serve	68	4	0.7	9.5	0.7	16	0	cup=245
174536		Soup, chicken broth, ready-to-serve	6	0.64	0.21	0.44	0.07	4	0	cup=249
174537		Soup, cream of chicken, canned, prepared with equal volume milk	77	3.01	4.62	5.94	0.27	73		cup (8 fl oz)=248|can (10.75 oz), prepared=602
174538		Soup, vegetable, canned, low sodium, condensed	65	2.2	0.9	10.01	0.66	20	0	cup=252
174539		Soup, clam chowder, new england, canned, prepared with equal volume low fat (2%) milk	61	3.24	2.02	7.16	1.21	70	0.6	serving 1 cup=252
174540		Soup, cream of mushroom, canned, prepared with equal volume low fat (2%) milk	65	2.36	3.58	5.46	0.1	68	0.7	serving 1 cup=252
174541		Soup, cream of onion, canned, prepared with equal volume milk	75	2.74	3.78	7.1	0.28	72		cup (8 fl oz)=248|can (10.75 oz), prepared=602
174542		Sauce, white, thin, prepared-from-recipe, with butter	72	3.95	2.56	8.19	0.22	131		
174543		Sauce, sweet and sour, prepared-from-recipe	79	1.84	0.58	16.32	0.67	16		
174544		Sauce, barbecue, KRAFT, original	172	0.74	0.62	40.37	0.79	47		tbsp=16|cup=292
174545		Soup, HEALTHY CHOICE Chicken Noodle Soup, canned	41	3.69	0.63	4.4	0	8		serving 1 cup=243
174546		Soup, tomato, canned, prepared with equal volume low fat (2%) milk	55	2.42	1.24	9.32	0.3	68	0.6	serving 1 cup=252
174547		CAMPBELL'S, Tomato Soup, condensed	71	1.46	0.44	14.12	0.59	13		cup condensed=248
174548		CAMPBELL'S CHUNKY, Classic Chicken Noodle Soup	47	3.41	1.3	4.41	0.34	11		cup=243|can=526
174549		Soup, cream of asparagus, canned, prepared with equal volume water	35	0.94	1.68	4.18	0.33	12		cup (8 fl oz)=244|can (10.75 oz), prepared=593
174550		Soup, cheese, canned, prepared with equal volume water	63	2.19	4.24	3.86	0.3	57		cup (8 fl oz)=247|can (11 oz), prepared=600
174551		Soup, chicken broth, canned, prepared with equal volume water	16	2.02	0.57	0.38	0.21	4	0	cup (8 fl oz)=244|can (10.75 oz), prepared=593
174552		CAMPBELL'S CHUNKY, Hearty Beef Barley Soup	56	2.89	0.92	7.98	0.49	10		cup=206|can=527
174553		Soup, cream of chicken, canned, prepared with equal volume water	48	1.41	3.02	3.7	0.25	14		cup=244|can (10.75 oz), prepared=593
174554		Soup, clam chowder, manhattan, canned, prepared with equal volume water	30	0.85	0.86	4.17	0.64	11	0	serving 1 cup=249
174555		Soup, clam chowder, new england, canned, prepared with equal volume water	35	1.55	1.01	4.75	1.22	9	0	serving 1 cup=248
174556		CAMPBELL'S CHUNKY, New England Clam Chowder	81	2.46	3.85	7.81	0.55	12		cup=251|can=519
174557		Soup, beef broth, bouillon, consomme, prepared with equal volume water	12	2.22	0	0.73	0.22	4		cup (8 fl oz)=241|can (10.5 oz), prepared=586
174558		Soup, mushroom with beef stock, canned, prepared with equal volume water	35	1.29	1.65	3.51	0.34	4		cup (8 fl oz)=244|can (10.75 oz), prepared=593
174559		Soup, cream of onion, canned, prepared with equal volume water	44	1.13	2.16	4.8	0.26	14		cup (8 fl oz)=244|can (10.75 oz), prepared=593
174560		Soup, oyster stew, canned, prepared with equal volume water	24	0.87	1.59	1.69	0.41	9		cup (8 fl oz)=241|can (10.5 oz), prepared=586
174561		Soup, pea, green, canned, prepared with equal volume water	61	3.2	1.09	7.98	0.73	12	0	serving 1 cup=259
174562		Soup, turkey noodle, canned, prepared with equal volume water	28	1.6	0.82	3.24	0.39	5		cup=244|can (10.75 oz), prepared=593
174563		Soup, turkey vegetable, canned, prepared with equal volume water	30	1.28	1.26	3.38	0.32	7		cup (8 fl oz)=241|can (10.5 oz), prepared=586
174564		Soup, vegetarian vegetable, canned, prepared with equal volume water	28	0.86	0.79	4.59	0.44	10	0	cup=241|can (10.5 oz), prepared=586
174565		Soup, vegetable beef, canned, prepared with equal volume water	31	2.23	0.76	3.26	0.45	8	0	cup (8 fl oz)=244|can (10.75 oz), prepared=593
174566		Soup, chicken broth cubes, dry, prepared with water	5	0.39	0.12	0.62	0.05	5		cup (8 fl oz)=243|cube (6 fl oz prepared)=182
174567		Soup, cream of chicken, dry, mix, prepared with water	41	0.68	2.04	5.01	0.1	29	0	cup 8 fl oz=261
174568		Soup, onion, dry, mix, prepared with water	12	0.32	0.01	2.47	0.05	9	0	serving 1 cup=230
174569		Soup, tomato, dry, mix, prepared with water	38	0.93	0.61	6.77	0.18	29	0	cup 8 fl oz=265
174570		Roast beef, deli style, prepackaged, sliced	115	18.62	3.69	0.64	2.05	5	0	slice oval=9.3|slice rectangle=13.8
174571		Luncheon meat, pork, canned	334	12.5	30.3	2.1	0.72	6	0.5	slice (4-1/4" x 4-1/4" x 1/16"=21
174572		Turkey breast, low salt, prepackaged or deli, luncheon meat	109	21.81	0.83	3.01	0.63	8	0.1	slice=28|slice NFS=28|cup wafer slices or shaved=81|cubic inch=14
174573		Mortadella, beef, pork	311	16.37	25.39	3.05	1.4	18	1	slice (15 per 8 oz package)=15
174574		Peppered loaf, pork, beef	149	17.3	6.37	4.53	1.07	54	0.8	slices=28.41
174575		Pepperoni, beef and pork, sliced	504	19.25	46.28	1.18	1.33	19	1.3	piece=2
174576		Pickle and pimiento loaf, pork	225	11.23	15.95	6.96	1.33	109	0.8	slice=38|slices=28.5
174577		Polish sausage, pork	326	14.1	28.72	1.63	1.44	12		sausage (10" long x 1-1/4" dia=227
174578		Pork sausage, link/patty, cooked, pan-fried	325	18.53	27.25	1.42	1.2	9	1.4	patty=27|link=23|serving=48
174579		Sausage, pork and beef, fresh, cooked	396	13.8	36.25	2.7	1.13	10	0.7	link (raw dimensions: 4" long =13|patty, cooked (raw dimensions:=27
174580		Sausage, turkey, reduced fat, brown and serve, cooked	204	17	10.3	10.62	1.8	31	0.4	cup=128
174581		Poultry salad sandwich spread	200	11.64	13.52	7.41	0.61	10	0.2	tbsp=13
174582		Salami, dry or hard, pork, beef	378	21.07	31.65	0.72	1.36	24	0.9	slice=9.8|slices 1 serving=9
174583		Sandwich spread, pork, beef	235	7.66	17.34	11.74	0.79	12	0.6	tbsp=15
174584		Sausage, smoked link sausage, pork	309	11.98	28.23	0.94	0.59	11	1.1	link (4" long x 1-1/8" dia)=68|link, little (2" long x 3/4" d=16
174585		Sausage, smoked link sausage, pork and beef	320	12	28.73	2.42	0.75	12	1.1	
174586		Sausage, Italian, pork, mild, cooked, pan-fried	324	18.4	26.4	1.86	1.25	13	1	link=87
174587		Luncheon sausage, pork and beef	260	15.38	20.9	1.58	1.43	13		slice (4" dia x 1/8" thick)=23
174588		Sausage, New england brand, pork, beef	161	17.27	7.58	4.83	0.94	7		slice (4" dia x 1/8" thick)=23
174589		Oscar Mayer, Bologna (beef)	316	11.05	29.1	2.45	1.36	12	0.8	serving (1 slice)=28
174590		Oscar Mayer, Smokies Sausage Little Cheese (pork, turkey)	315	13.5	28.2	1.7	1.24	67		link=9|serving=57
174591		Oscar Mayer, Wieners (beef franks)	329	11.35	30.26	2.78	1.34	10	0.6	serving=45
174592		Bacon, turkey, unprepared	226	15.94	16.93	1.89	1.4	80		serving=14|slice 12 oz pkg=16|slice 6 oz pkg=9.8
174593		Hormel Pillow Pak Sliced Turkey Pepperoni	243	30.99	11.52	3.78	2.7	26		serving=30
174594		Luncheon meat, pork and chicken, minced, canned, includes Spam Lite	196	15.23	13.9	1.35	1.4	39	0.6	
174595		Bratwurst, veal, cooked	341	13.99	31.7	0	0.74	11		serving 2.96 oz=84
174596		Liverwurst spread	305	12.38	25.45	3.39	8.85	22		cup=220
174597		Roast beef spread	223	15.27	16.28	3.53	2.06	23		serving .25 cup=57
174598		Salami, pork, beef, less sodium	396	15.01	30.5	15.18	1.55	94	0.8	
174599		Sausage, summer, pork and beef, sticks, with cheddar cheese	426	19.43	37.91	1.62	2.26	81	0.3	
174600		Sausage, turkey, breakfast links, mild, raw	174	15.91	10.39	3.18	1.34	55	0.4	link=28|package=450
174601		Swisswurst, pork and beef, with swiss cheese, smoked	307	12.69	27.37	1.6	0.72	74		serving 2.7 oz=77
174602		Bacon and beef sticks	517	29.1	44.2	0.8	1.86	14		
174603		Salami, Italian, pork	425	21.7	37	1.2	1.52	10		
174604		Sausage, Italian, turkey, smoked	158	15.05	8.75	3.75	9.6	21		serving 2 oz=56
174605		Sausage, chicken, beef, pork, skinless, smoked	216	13.6	14.3	8.1	4.8	100		link=84
174606		Sausage, turkey, hot, smoked	158	15.05	8.75	4.35	9.6	21	0.2	
174607		Kielbasa, Polish, turkey and beef, smoked	226	13.1	17.6	3.9	1.24			serving 2 oz=56
174608		Chicken breast, roll, oven-roasted	134	14.59	7.65	1.79	0.32	6		serving 2 oz=56
174609		Bologna, pork and turkey, lite	211	13.06	16.06	3.45	1.15	48		serving 2 oz=56
174610		Bologna, pork, turkey and beef	336	11.56	29.25	6.66	1.2	31		
174611		Ham, honey, smoked, cooked	122	17.93	2.37	7.27	0.39	6		
174612		Turkey, breast, smoked, lemon pepper flavor, 97% fat-free	95	20.9	0.69	1.31				slice=28
174613		Turkey, white, rotisserie, deli cut	112	13.5	3	7.3	2.2	16		
174614		Frankfurter, beef, heated	322	11.69	29.36	2.66	1.22	11	1	frankfurter=48|package=451
174615		Frankfurter, meat, heated	278	9.77	24.31	4.9	1.22	99		serving (1 hot dog)=52
174616		Sausage, breakfast sausage, beef, pre-cooked, unprepared	327	12.9	28.22	4.61	1.45	29	0.1	link=19
174617		Sausage, turkey, fresh, raw	155	18.79	8.08	0.47	1.17	19		serving=57
174618		Sausage, beef, fresh, cooked	332	18.21	27.98	0.35	1.57	11	0.5	serving=43
174619		Cereals ready-to-eat, MALT-O-MEAL, COCO-ROOS	389	3.41	4.61	83.45	30	333	3.3	cup (1 NLEA serving)=40
174620		Cereals ready-to-eat, QUAKER, QUAKER OAT CINNAMON LIFE	374	9.14	4.1	72.72	23.22	387	0	cup (1 NLEA serving)=42.67
174621		Cereals ready-to-eat, QUAKER, HONEY GRAHAM OH!S	412	3.92	7.63	81.55	19.52	11	0	cup (1 NLEA serving)=36
174622		Cereals ready-to-eat, QUAKER, Oatmeal Squares	379	11.38	4.83	69.47	29.3	201	0	cup (1 NLEA serving)=56
174623		Cereals ready-to-eat, QUAKER, Oatmeal Squares, cinnamon	379	11.23	4.88	69.39	29.5	210	0	cup (1 NLEA serving)=56
174624		Cereals, QUAKER, Instant Oatmeal, fruit and cream variety, dry	379	8.3	6.37	69.42	11.3	307	0	packet=35
174625		Cereals, QUAKER, Instant Oatmeal, raisins, dates and walnuts, dry	371	8.82	6.98	65.51	10.7	297	0	packet=37
174626		Cereals, QUAKER, Oat Bran, QUAKER/MOTHER'S Oat Bran, dry	364	17.03	7.97	48.64	8.07	79	0	cup (1 NLEA serving)=80
174627		Cereals, QUAKER, Oat Bran, QUAKER/MOTHER'S Oat Bran, prepared with water, no salt	43	2.03	0.95	5.79	0.97	11		
174628		Cereals ready-to-eat, Post, Waffle Crisp	390	6.6	5	78.6	9	24	3.3	cup (1 NLEA serving)=30
174629		Cereals, QUAKER, hominy grits, white, quick, dry	348	8.8	1.2	74.8	4.42	2		cup=148
174630		Cereals, QUAKER, hominy grits, white, regular, dry	361	8.8	1.6	77.6	4.42	2		cup (1 NLEA serving)=164
174631		Cereals ready-to-eat, MALT-O-MEAL, COLOSSAL CRUNCH	401	3.64	5.28	79.89	30	0	3.3	cup (1 NLEA serving)=40
174632		Cereals ready-to-eat, QUAKER, MOTHER'S Cinnamon Oat Crunch	382	10.6	4.56	71.69	3.24	50	0	cup (1 NLEA serving)=60
174633		Cereals ready-to-eat, QUAKER, MOTHER'S GRAHAM BUMPERS	379	4.55	1.45	86.29	1.87	18		cup (1 NLEA serving)=37.33
174634		Cereals ready-to-eat, QUAKER, MOTHER'S COCOA BUMPERS	382	4.21	1.61	87.21	2.06	16	0	cup (1 NLEA serving)=33
174635		Cereals ready-to-eat, SUN COUNTRY, KRETSCHMER Toasted Wheat Bran	200	17.56	5.16	18.21	13.88	66	0	cup (1 NLEA serving)=64
174636		Cereals, QUAKER, Instant Oatmeal, Cinnamon-Spice, dry	369	10.39	5.1	66.32	8.31	229	0	packet (1 NLEA serving)=43
174637		Cereals, QUAKER, Instant Oatmeal, DINOSAUR EGGS, Brown Sugar, dry	384	8.69	7.59	67.28	7.91	220	0	packet (1 NLEA serving)=50
174638		Cereals, QUAKER, Instant Oatmeal, Banana Bread, dry	368	8.97	4.85	69	10.07	277	0	packet (1 NLEA serving)=41
174639		Cereals ready-to-eat, UNCLE SAM CEREAL	346	15.98	11.6	45.48	4.03	95	0	cup (1 NLEA serving)=73.33
174640		Cereals, QUAKER, Quick Oats with Iron, Dry	371	13.7	6.87	58.78	49.45	47		cup=80
174641		Cereals, QUAKER, Whole Wheat Natural Cereal, dry	333	11.8	2	64.9	3.3	44		cup=80
174642		Cereals ready-to-eat, MALT-O-MEAL, Honey BUZZERS	379	3.45	1.72	86.26	31.03	14	3.4	cup=21.8
174643		Cereals ready-to-eat, MALT-O-MEAL, GOLDEN PUFFS	370	5.77	0.89	87.12	7.92	11	3.8	cup (1 NLEA serving)=36|cup=37
174644		Cereals ready-to-eat, MOM'S BEST, Honey Nut TOASTY O'S	388	8.6	4.51	73.54	3.02	380	0	cup (1 NLEA serving)=30
174645		Cereals ready-to-eat, MALT-O-MEAL, Apple ZINGS	390	4.51	2.71	85	27.27	303	3	cup (1 NLEA serving)=33
174646		Cereals ready-to-eat, MALT-O-MEAL, CINNAMON TOASTERS	425	3.32	12.06	73.33	30	333	3.3	cup (1 NLEA serving)=40
174647		Cereals ready-to-eat, MALT-O-MEAL, Cocoa DYNO-BITES	397	4.15	3.43	86.83	6.21	17	3.4	cup (1 NLEA serving)=38.67
174648		Cereals ready-to-eat, RALSTON Corn Flakes	384	5.9	0.91	85.31	19.4	2	7.1	cup (1 NLEA serving)=28
174649		Cereals ready-to-eat, RALSTON Crispy Hexagons	379	5.94	0.95	85.28	27.93	8	8.6	cup (1 NLEA serving)=29
174650		Milk and cereal bar	413	6.47	10.98	71.65	5.99	410	1.7	bar=25
174651		Cereals, MALT-O-MEAL, original, plain, prepared with water, without salt	48	1.67	0.09	9.79	5.19	37	0	serving (3 T dry cereal plus 1=268
174652		Cereals ready-to-eat, QUAKER, Christmas Crunch	397	4.44	4.83	83.32	19.78	11	0	cup (1 NLEA serving)=34.67
174653		Cereals ready-to-eat, POST SELECTS Maple Pecan Crunch	413	8.5	8.7	70	3.5	39	1.9	cup (1 NLEA serving)=69.33
174654		Cereals ready-to-eat, NATURE'S PATH, Organic FLAX PLUS, Pumpkin Granola	467	11.23	18.33	57.7	4.04	51	0	cup (1 NLEA serving)=73.33
174655		Cereals, CREAM OF WHEAT, 2 1/2 minute cook time, dry	355	11.61	1.41	67.39	32.02	882		tablespoon (1 NLEA serving)=11|tbsp=13.8|cup=174
174656		Incaparina, dry mix (corn and soy flours), unprepared	379	21.75	5.58	50.63	22	600		tbsp=8.9|cup=128
174657		Cereals ready-to-eat, QUAKER, CAP'N CRUNCH'S Halloween Crunch	402	4.41	5.66	82.64	19.6	11		cup (1 NLEA serving)=34.67
174658		Cereals ready-to-eat, QUAKER, Natural Granola Apple Cranberry Almond	418	9.21	11.06	64.83	2.47	98		cup (1 NLEA serving)=98
174659		Cereals ready-to-eat, QUAKER, Maple Brown Sugar LIFE Cereal	373	9.17	4.06	72.56	28.69	349		cup (1 NLEA serving)=42.67
174660		Cereals, QUAKER, Instant Oatmeal Organic, Regular	367	16	6.3	57.2	4.2	52		packet=41
174661		Cereals, QUAKER, Instant Oatmeal, fruit and cream, variety of flavors, reduced sugar	376	10.16	7.46	63.27	12.13	246		packet=33
174662		Cereals, QUAKER, Instant Oatmeal, Apple and Cinnamon, reduced sugar	358	10.29	5.64	62.47	12.77	355		packet (1 NLEA serving)=31
174663		Cereals ready-to-eat, POST, HONEY BUNCHES OF OATS, pecan bunches	399	7	5.4	76.8	15.5	19	3.4	cup (1 NLEA serving)=38.67
174664		Cereals ready-to-eat, MALT-O-MEAL, CHOCOLATE MARSHMALLOW MATEYS	392	3.5	3.67	85.68	24	267	3.3	cup (1 NLEA serving)=40
174665		Figs, dried, uncooked	249	3.3	0.93	54.07	2.03	162	0	cup=149|fig=8.4
174666		Figs, dried, stewed	107	1.42	0.4	23.37	0.88	70	0	cup=259
174667		Fruit cocktail, (peach and pineapple and pear and grape and cherry), canned, water pack, solids and liquids	32	0.42	0.05	7.51	0.25	5	0	cup=237
174668		Fruit cocktail, (peach and pineapple and pear and grape and cherry), canned, juice pack, solids and liquids	46	0.46	0.01	10.86	0.21	8	0	cup=237
174669		Fruit salad, (peach and pear and apricot and pineapple and cherry), canned, water pack, solids and liquids	30	0.35	0.07	6.87	0.3	7	0	cup=245
174670		Fruit salad, (peach and pear and apricot and pineapple and cherry), canned, juice pack, solids and liquids	50	0.51	0.03	12.05	0.25	11	0	cup=249
174671		Fruit salad, (peach and pear and apricot and pineapple and cherry), canned, light syrup, solids and liquids	58	0.34	0.07	14.14	0.29	7	0	cup=252
174672		Fruit salad, (peach and pear and apricot and pineapple and cherry), canned, extra heavy syrup, solids and liquids	88	0.33	0.06	21.77	0.28	6	0	cup=259
174673		Grapefruit, raw, pink and red, all areas	42	0.77	0.14	9.06	0.08	22	0	cup sections, with juice=230|fruit (3-3/4" dia)=246|NLEA serving=154
174674		Grapefruit, raw, pink and red, California and Arizona	37	0.5	0.1	9.69	0.08	11	0	cup sections, with juice=230|fruit (3-3/4" dia)=246
174675		Grapefruit, raw, pink and red, Florida	30	0.55	0.1	6.4	0.12	15	0	cup sections, with juice=230|fruit (3-3/4" dia)=246
174676		Grapefruit, raw, white, all areas	33	0.69	0.1	7.31	0.06	12	0	cup sections, with juice=230|fruit (3-3/4" dia)=236
174677		Grapefruit, raw, white, California	37	0.88	0.1	9.09	0.08	12	0	cup sections, with juice=230|fruit (3-3/4" dia)=236
174678		Grapefruit juice, white, canned or bottled, unsweetened	37	0.55	0.66	6.94	0.08	16	0	cup=257
174679		Grapefruit juice, white, canned, sweetened	46	0.58	0.09	11.03	0.36	8	0	cup=250
174680		Grapefruit juice, white, frozen concentrate, unsweetened, undiluted	146	1.97	0.48	34.16	0.49	27	0	can (6 fl oz)=207
174681		Grapefruit juice, white, frozen concentrate, unsweetened, diluted with 3 volume water	41	0.55	0.13	9.63	0.14	8	0	cup=247
174682		Grapes, american type (slip skin), raw	67	0.63	0.35	16.25	0.29	14	0	cup=92|grape=2.4
174683		Grapes, red or green (European type, such as Thompson seedless), raw	69	0.72	0.16	17.2	0.36	10	0	cup=151|grapes=4.9|NLEA serving=126
174684		Grapes, canned, thompson seedless, water pack, solids and liquids	40	0.5	0.11	9.7	0.98	10	0	cup=245
174685		Grapes, canned, thompson seedless, heavy syrup pack, solids and liquids	76	0.48	0.1	19.05	0.94	10	0	cup=256
174686		Guava sauce, cooked	36	0.32	0.14	5.88	0.18	7	0	cup=238
174687		Jackfruit, raw	95	1.72	0.64	21.75	0.23	24		cup, sliced=165|cup 1" pieces=151
174688		Beef, top loin filet, boneless, separable lean only, trimmed to 1/8" fat, all grades, cooked, grilled	195	29.33	8.54	0.3	2.06	17	0.1	fillet=135
174689		Beef, top loin filet, boneless, separable lean only, trimmed to 1/8" fat, choice, cooked, grilled	203	28.99	9.48	0.36	2.04	17	0.1	fillet=135
174690		Beef, top loin filet, boneless, separable lean only, trimmed to 1/8" fat, select, cooked, grilled	184	29.85	7.12	0.2	1.91	22	0.1	fillet=135
174691		Beef, top loin petite roast/filet, boneless, separable lean only, trimmed to 1/8" fat, choice, raw	149	22.5	6.48	0.23	2.27	5	0.1	fillet=178|roast=844
174692		Beef, top loin petite roast/filet, boneless, separable lean only, trimmed to 1/8" fat, select, raw	135	22.77	4.88	0	2.39	5	0.1	fillet=166|roast=866
174693		Beef, loin, top sirloin filet, boneless, separable lean only, trimmed to 0" fat, all grades, cooked, grilled	171	30.58	5.37	0	2.9	6	0.1	fillet=121
174694		Beef, loin, top sirloin filet, boneless, separable lean only, trimmed to 0" fat, choice, cooked, grilled	174	30.45	5.83	0	2.89	6	0.1	fillet=124
174695		Beef, loin, top sirloin petite roast/filet, boneless, separable lean only, trimmed to 0" fat, select, raw	122	23.05	3.35	0	2.39	5	0.1	fillet=186|roast=955
174696		Beef, ribeye petite roast/filet, boneless, separable lean only, trimmed to 0" fat, all grades, raw	133	22.66	4.66	0.04	2.28	5	0.1	fillet=164|roast=901
174697		Beef, ribeye petite roast/filet, boneless, separable lean only, trimmed to 0" fat, choice, raw	138	22.52	5.29	0.18	2.27	5	0.1	fillet=163|roast=938
174698		Beef, ribeye petite roast/filet, boneless, separable lean only, trimmed to 0" fat, select, raw	125	22.89	3.72	0	2.17	5	0.1	fillet=167|roast=847
174699		Beef, ribeye cap steak, boneless, separable lean only, trimmed to 0" fat, choice, raw	187	19.46	11.4	1.75	2.64	6	0.1	steak=249
174700		Beef, ribeye cap steak, boneless, separable lean only, trimmed to 0" fat, select, raw	169	20.05	9.39	1.15	2.95	7	0.1	steak=267
174701		Beef, ribeye filet, boneless, separable lean only, trimmed to 0" fat, all grades, cooked, grilled	199	28.77	9.2	0.17	2.77	6	0.1	fillet=135
174702		Beef, ribeye filet, boneless, separable lean only, trimmed to 0" fat, choice, cooked, grilled	208	28.35	10.26	0.51	2.76	6	0.1	fillet=138
174703		Beef, ribeye filet, boneless, separable lean only, trimmed to 0" fat, select, cooked, grilled	186	29.39	7.61	0	3.56	6	0.1	fillet=129
174704		Beef, loin, top sirloin cap steak, boneless, separable lean and fat, trimmed to 1/8" fat, choice, cooked, grilled	238	26.3	14.3	1.1	3.23	7	0.2	steak=165
174705		Beef, loin, top sirloin cap steak, boneless, separable lean and fat, trimmed to 1/8" fat, select, cooked, grilled	249	25.5	16.1	0.4	3.19	6	0.1	steak=156
174706		Beef, loin, top sirloin cap steak, boneless, separable lean and fat, trimmed to 1/8" fat, all grades, raw	191	19.9	12.4	0	2.41	6	0.1	steak=223
174707		Beef, loin, top sirloin cap steak, boneless, separable lean and fat, trimmed to 1/8" fat, choice, raw	199	19.7	13.4	0	2.4	6	0.1	steak=238
174708		Beef, top loin petite roast, boneless, separable lean and fat, trimmed to 1/8" fat, all grades, cooked, roasted	228	27	12.9	1	3.3	7	0.2	roast=634
174709		Beef, top loin petite roast, boneless, separable lean and fat, trimmed to 1/8" fat, choice, cooked, roasted	239	26.8	14.1	1.1	3.29	7	0.2	roast=677
174710		Beef, top loin petite roast, boneless, separable lean and fat, trimmed to 1/8" fat, select, cooked, roasted	213	27.1	11.2	0.9	3.43	6	0.1	roast=571
174711		Beef, top loin petite roast/filet, boneless, separable lean and fat, trimmed to 1/8" fat, all grades, raw	187	21.1	11.3	0.3	2.66	6	0.1	fillet=173|roast=852
174712		Beef, loin, top loin steak, boneless, lip-on, separable lean and fat, trimmed to 1/8" fat, choice, cooked, grilled	275	25.69	19.19	0	2.47	14	0.1	steak=236
174713		Beef, loin, top loin steak, boneless, lip-on, separable lean and fat, trimmed to 1/8" fat, select, cooked, grilled	247	26.92	15.44	0	2.51	14	0.1	steak=234
174714		Beef, loin, top loin steak, boneless, lip-on, separable lean and fat, trimmed to 1/8" fat, all grades, cooked, grilled	264	26.18	17.69	0	2.48	14	0.1	steak=235
174715		Beef, New Zealand, imported, bolar blade, separable lean only, cooked, fast roasted	193	33.53	6.57	0	2.7	5	0.2	
174716		Beef, New Zealand, imported, bolar blade, separable lean only, raw	129	22.09	4.49	0	2.06	4	0.1	
174717		Beef, New Zealand, imported, brisket navel end, separable lean only, cooked, braised	265	29.35	16.37	0	1.84	7	0.2	
174718		Beef, New Zealand, imported, brisket navel end, separable lean only, raw	194	19.74	12.75	0	1.4	5	0.2	
174719		Beef, New Zealand, imported, cube roll, separable lean only, cooked, fast roasted	239	30.09	13.22	0	2.38	5	0.4	
174720		Beef, New Zealand, imported, cube roll, separable lean only, raw	161	19.77	8.51	1.38	2.09	3	0.2	
174721		Beef, New Zealand, imported, eye round, separable lean only, cooked, slow roasted	164	29.68	4.98	0	1.89	4	0.1	
174722		Beef, New Zealand, imported, eye round, separable lean only, raw	116	20.15	3.35	1.35	1.39	3	0.1	
174723		Beef, New Zealand, imported, variety meats and by-products, heart, raw	105	18.52	3.4	0	4.38	4	0.2	
174724		Beef, New Zealand, imported, hind shin, separable lean only, cooked, braised	167	31.23	4.64	0	2.72	6	0.2	
174725		Beef, New Zealand, imported, hind shin, separable lean only, raw	114	21.46	3.12	0	2.04	4	0	
174726		Beef, New Zealand, imported, inside, raw	128	22.16	4.36	0.1	2.27	4	0.3	
174727		Beef, New Zealand, imported, variety meats and by-products, kidney, raw	87	15.68	2.64	0	3.83	9	0.2	
174728		Beef, New Zealand, imported, variety meats and by-products liver, cooked, boiled	150	23.3	4.68	3.78	7.17	4	0.1	
174729		Beef, New Zealand, imported, variety meats and by-products, liver, raw	133	20.5	4.05	3.6	8.44	4	0	
174730		Beef, New Zealand, imported, manufacturing beef, cooked, boiled	126	24.21	3.26	0	1.78	6	0.1	
174731		Beef, New Zealand, imported, ribs prepared, raw	146	21.31	6.78	0	1.82	15	0.2	
174732		Beef, New Zealand, imported, rump centre, separable lean only, cooked, fast fried	188	30.17	7.48	0	2.96	5	0.2	
174733		Beef, New Zealand, imported, striploin, separable lean only, cooked, fast fried	217	28.53	11.4	0	1.96	6	0.3	
174734		Beef, New Zealand, imported, striploin, separable lean only, raw	150	20.93	7	0.74	1.61	4	0.2	
174735		Beef, New Zealand, imported, oyster blade, separable lean and fat, raw	178	21.27	10.31	0	1.89	4	0.2	
174736		Beef, New Zealand, imported, tenderloin, separable lean only, raw	140	21.19	6.1	0	2.21	4	0.1	
174737		Beef, New Zealand, imported, variety meats and by-products, tongue, cooked, boiled	271	18.31	20.34	3.68	2.52	5	0.3	
174738		Beef, New Zealand, imported, variety meats and by-products, tongue, raw	243	17.77	19.09	0	1.81	4	0.3	
174739		Beef, New Zealand, imported, brisket navel end, separable lean and fat, cooked, braised	453	20.14	41.33	0	1.29	11	0.3	
174740		Beef, New Zealand, imported, brisket navel end, separable lean and fat, raw	345	15.81	31.27	0	1.11	9	0.2	
174741		Beef, New Zealand, imported, brisket point end, separable lean and fat, cooked, braised	250	31.94	13.6	0	2.57	7	0.2	
174742		Beef, New Zealand, imported, brisket point end, separable lean and fat, raw	163	20.05	9.23	0	1.94	5	0.1	
174743		Beef, New Zealand, imported, eye round, separable lean and fat, cooked, slow roasted	168	29.49	5.57	0	1.88	4	0.1	
174744		Beef, New Zealand, imported, eye round, separable lean and fat, raw	129	19.88	4.92	1.32	1.37	4	0.1	
174745		Beef, New Zealand, imported, flank, separable lean and fat, cooked, braised	208	30.13	9.73	0	2.36	5	0.3	
174746		Beef, New Zealand, imported, flank, separable lean and fat, raw	161	20.12	8.9	0	1.53	4	0.1	
174747		Beef, New Zealand, imported, flat, separable lean and fat, cooked, braised	252	31.86	13.79	0	3.09	6	0	
174748		Beef, New Zealand, imported, rump centre, separable lean and fat, cooked, fast fried	192	30.01	7.96	0	2.95	5	0.2	
174749		Beef, New Zealand, imported, rump centre, separable lean only, raw	141	21.74	6.05	0	2.3	4	0.1	
174750		Beef, New Zealand, imported, rump centre, separable lean and fat, raw	145	21.65	6.5	0	2.29	4	0.1	
174751		Beef, New Zealand, imported, striploin, separable lean and fat, cooked, fast fried	301	24.89	22.33	0.02	1.72	8	0.3	
174752		Beef, ground, 93% lean meat / 7% fat, patty, cooked, broiled	193	26.22	8.94	0	2.78	9	0	
174753		Beef, ground, 93% lean meat /7% fat, patty, cooked, pan-broiled	182	25.56	8.01	0.06	2.82	11	0	
174754		Beef, ground, 93% lean meat / 7% fat, loaf, cooked, baked	192	27.03	8.43	0	2.99	10	0	
174755		Beef, ground, 93% lean meat / 7% fat, crumbles, cooked, pan-browned	209	28.88	9.51	0	3.17	12	0	
174756		Beef, ground, 97% lean meat / 3% fat, crumbles, cooked, pan-browned	175	29.46	5.46	0	3.29	7	0	
174757		Beef, composite of trimmed retail cuts, separable lean and fat, trimmed to 0" fat, all grades, raw	167	20.95	9.3	0	2.04	13	0.1	
174758		Beef, composite of trimmed retail cuts, separable lean only, trimmed to 1/8" fat, all grades, raw	140	22.15	5.38	0	1.84	17	0	
174759		Beef, composite of trimmed retail cuts, separable lean only, trimmed to 1/8" fat, all grades, cooked	194	28.95	8.15	0	2.4	12	0.1	
174760		Beef, composite of trimmed retail cuts, separable lean only, trimmed to 0" fat, all grades, raw	138	22.15	5.54	0	2.08	13	0.1	
174761		Beef, rib, small end (ribs 10-12), separable lean only, trimmed to 1/8" fat, choice, raw	148	22.12	5.91	0	1.63	28		
174762		Beef, tenderloin, steak, separable lean only, trimmed to 1/8" fat, choice, raw	158	22.17	7.07	0	1.63	28		
174763		Beef, top sirloin, steak, separable lean only, trimmed to 1/8" fat, choice, raw	135	21.91	4.62	0	1.63	28	0.1	
174764		Beef, rib, small end (ribs 10-12), separable lean only, trimmed to 1/8"fat, choice, cooked, broiled	202	28.29	9.05	0	1.92	16	0.1	
174765		Beef, chuck, arm pot roast, separable lean only, trimmed to 1/8" fat, select, raw	125	22.26	3.32	0	1.86	18	0	
174766		Beef, brisket, flat half, separable lean only, trimmed to 1/8" fat, select, raw	124	21.45	3.61	0	1.83	18		
174767		Beef, chuck, arm pot roast, separable lean only, trimmed to 1/8" fat, select, cooked, braised	205	34.6	6.35	0	2.89	17	0.1	
174768		Beef, brisket, flat half, separable lean only, trimmed to 1/8" fat, select, cooked, braised	189	33.18	5.21	0	2.81	17		
174769		Beef, variety meats and by-products, tripe, cooked, simmered	94	11.71	4.05	1.99	0.66	81		serving=85
174770		Beef, bottom sirloin, tri-tip roast, separable lean only, trimmed to 0" fat, all grades, raw	142	21.26	5.63	0	1.54	23		roast=261
174771		Beef, bottom sirloin, tri-tip roast, separable lean only, trimmed to 0" fat, choice, cooked, roasted	193	26.34	9.73	0	1.77	15		roast=591
174772		Beef, bottom sirloin, tri-tip roast, separable lean only, trimmed to 0" fat, choice, raw	154	21.17	7.06	0	1.54	27		roast=271
174773		Beef, bottom sirloin, tri-tip roast, separable lean only, trimmed to 0" fat, select, cooked, roasted	179	27.17	6.95	0	1.68	20		roast (yield from 666 g raw me=547
174774		Beef, flank, steak, separable lean only, trimmed to 0" fat, all grades, cooked, broiled	186	27.89	7.4	0	1.74	18		steak=383
174775		Beef, flank, steak, separable lean only, trimmed to 0" fat, select, cooked, broiled	178	27.96	6.48	0	1.71	20		steak (yield from 467 g raw me=379
174776		Beef, flank, steak, separable lean only, trimmed to 0" fat, all grades, raw	141	21.57	5.47	0	1.57	24		steak=188
174777		Beef, flank, steak, separable lean only, trimmed to 0" fat, select, raw	137	21.43	5	0	1.54	21		steak=173
174778		Snacks, popcorn, microwave, low fat	424	12.6	9.5	57.8	2.28	11	0	
174779		Snacks, candy rolls, yogurt-covered, fruit flavored with high vitamin C	359	0.46	6.53	71.34	0.56	430	0	Roll=23
174780		Formulated bar, MARS SNACKFOOD US, SNICKERS MARATHON Chewy Chocolate Peanut Bar	396	24.29	13.12	44.74		965		bar=55
174781		Formulated bar, MARS SNACKFOOD US, SNICKERS MARATHON MULTIGRAIN CRUNCH BAR	422	18.49	13.18	54.47	14.67	953		bar=55
174782		Formulated bar, MARS SNACKFOOD US, COCOAVIA, Chocolate Almond Snack Bar	347	7.72	14.19	46.48	2.21	1209		bar=22
174783		Snacks, sweet potato chips, unsalted	532	2.94	32.35	48.02	2.12	59	0	Bag=28|package=34
174784		Snacks, FRITOLAY, SUNCHIPS, Multigrain Snack, original flavor	491	7.95	21.11	58.46	1.74	20	0	
174785		Snacks, popcorn, microwave, regular (butter) flavor, made with partially hydrogenated oil	557	7.5	34.02	45.16	1.85	20	0	cup=7.9|bag=87
174786		Formulated bar, MARS SNACKFOOD US, SNICKERS MARATHON Protein Performance Bar, Caramel Nut Rush	415	25	12.5	38	10.13	625	3.8	bar=80
174787		Formulated bar, LUNA BAR, NUTZ OVER CHOCOLATE	403	20.75	12.19	48.19	14.2	886	3.1	bar=48
174788		Snacks, FRITOLAY, SUNCHIPS, multigrain, French onion flavor	496	8.68	22.15	57.69	1.55	42		
174789		Snacks, FRITOLAY, SUNCHIPS, Multigrain Snack, Harvest Cheddar flavor	491	8.08	22.22	56.6	1.41	41		
174790		Pretzels, soft, unsalted	345	8.2	3.1	69.34	3.92	23	0	large=143|medium=115|small=62
174791		Snacks, vegetable chips, HAIN CELESTIAL GROUP, TERRA CHIPS	517	4.13	29.81	47.07	1.64	79	0	
174792		Formulated bar, ZONE PERFECT CLASSIC CRUNCH BAR, mixed flavors	426	30	14	43	3.6	200	0	bar=50
174793		Snacks, granola bar, KASHI GOLEAN, chewy, mixed flavors	390	16.67	7.69	55.72	1.62	103	0.2	bar=78
174794		Snacks, granola bar, KASHI TLC Bar, chewy, mixed flavors	429	18.57	15.71	41.86	3.39	0	0	bar=35
174795		Snacks, granola bars, QUAKER OATMEAL TO GO, all flavors	389	6.67	6.67	70.87	6	333	0.1	bar=60
174796		Snacks, vegetable chips, made from garden vegetables	473	5.32	23.3	55.73	1.55	52	0	
174797		Snacks, granola bar, KASHI TLC Bar, crunchy, mixed flavors	446	15	15	52.78	2.7	0	0	bar=20
174798		Snacks, candy bits, yogurt covered with vitamin C	415	0	7.5	86.7	0.19	500	0	package=20
174799		Snacks, CLIF BAR, mixed flavors	346	14.71	5.88	58.04	6.62	368	0	bar=68
174800		Snacks, granola bar, QUAKER, chewy, 90 Calorie Bar	408	4.17	8.33	74.97	1.5	333	0	bar=24
174801		Snacks, granola bar, GENERAL MILLS NATURE VALLEY, SWEET&SALTY NUT, peanut	487	9.14	22.86	58.24	1.44	57	0	bar=35
174802		Snacks, granola bar, GENERAL MILLS, NATURE VALLEY, with yogurt coating	423	5.71	11.43	69.89	1.03	286	0	bar=35
174803		Snack, Mixed Berry Bar	383	13.16	10.53	50.94	1.89	105	0.1	bar=38
174804		Snacks, potato chips, made from dried potatoes (preformed), multigrain	505	5.3	24.74	62.64	0.85	26	0	pieces average=1.7
174805		Snacks, potato chips, lightly salted	560	6.72	35.39	49.34	1.43	24	0	pieces=1.22|bag=227
174806		Snacks, Pretzels, gluten- free made with cornstarch and potato flour	389	3.52	6.67	75.32	0.46	0	0	serving=30
174807		Soup, egg drop, Chinese restaurant	27	1.16	0.61	3.89	0.26	7	0.2	cup=241
174808		Soup, hot and sour, Chinese restaurant	39	2.58	1.21	3.85	0.64	19	0.1	cup=233
174809		Beverages, THE COCA-COLA COMPANY, NOS Zero, energy drink, sugar-free with guarana, fortified with vitamins B6 and B12	4	0	0	1.03	0	0	0	
174810		Alcoholic beverage, whiskey sour, canned	119	0	0	13.3	0.01	0		can (6.8 fl oz, 200 ml)=209
174811		Beverages, Whiskey sour mix, bottled	87	0.1	0.1	21.4	0.11	2	0	
174812		Alcoholic beverage, whiskey sour, prepared from item 14028	153	0.06	0.06	12.82	0.08	1		portion (2 oz mix + 1.5 oz whi=106
174813		Beverages, ABBOTT, EAS soy protein powder	405	47.62	3.57	43.94	6.43	95	0	scoop=44
174814		Beverages, CYTOSPORT, Muscle Milk, ready-to-drink	52	5.87	2.17	2.08	1.3	69	0.7	
174815		Alcoholic beverage, distilled, all (gin, rum, vodka, whiskey) 80 proof	231	0	0	0	0.04	0	0	jigger (1.5 fl oz)=42
174816		Beverages, OCEAN SPRAY, Cran-Energy, Cranberry Energy Juice Drink	15	0	0	3.75	0	0	0	can=250
174817		Alcoholic beverage, distilled, rum, 80 proof	231	0	0	0	0.12	0	0	
174818		Alcoholic beverage, distilled, vodka, 80 proof	231	0	0	0	0.01	0		
174819		Alcoholic beverage, distilled, whiskey, 86 proof	250	0	0	0.1	0.02	0		jigger (1.5 fl oz)=42
174820		Beverages, almond milk, chocolate, ready-to-drink	50	0.63	1.25	8.98	0.53	188	1	cup=240
174821		Beverages, Energy Drink with carbonated water and high fructose corn syrup	62	0.42	0	15	0	0	0	
174822		Beverages, Energy Drink, sugar free	4	0.42	0	0.42	0	0	0	
174823		Beverages, ABBOTT, ENSURE, Nutritional Shake, Ready-to-Drink	105	3.8	2.53	16.88	1.9	127	1.1	
174824		Beverages, chocolate powder, no sugar added	350	9.09	4.5	59.21	3.27	909	0	tbsp=5.5
174825		Beverages, ZEVIA, cola	0	0	0	1.13	0	0	0	can=355
174826		Beverages, ZEVIA, cola, caffeine free	0	0	0	1.13	0	0	0	can=355
174827		Beverages, GEROLSTEINER BRUNNEN GmbH & Co. KG,Gerolsteiner naturally sparkling mineral water,	0	0	0	0	0	33	0	
174828		Beverages, yellow green colored citrus soft drink with caffeine	49	0	0	12.83	0.02	13	0	
174829		Beverages, V8 SPLASH Smoothies, Strawberry Banana	37	1.22	0	8.16	0.15	41		serving 8 oz=245
174830		Beverages, V8 SPLASH Smoothies, Tropical Colada	41	1.22	0	8.14	0.15	41		serving 8 oz=246
174831		Beverages, Coconut water, ready-to-drink, unsweetened	18	0.22	0	4.24	0.03	7	0	cup=245
174832		Beverages, almond milk, unsweetened, shelf stable	15	0.4	0.96	1.11	0.28	184	1	cup=262
174833		Alcoholic Beverage, wine, table, red, Cabernet Sauvignon	83	0.07	0	2.6				serving (5 fl oz)=147
174834		Alcoholic Beverage, wine, table, red, Cabernet Franc	83	0.07	0	2.45				serving (5 fl oz)=147
174835		Alcoholic Beverage, wine, table, red, Pinot Noir	82	0.07	0	2.31				serving (5 fl oz)=147
174836		Alcoholic Beverage, wine, table, red, Syrah	83	0.07	0	2.58				serving (5 fl oz)=147
174837		Alcoholic beverage, wine, table, white	82	0.07	0	2.6	0.27	9	0	serving (5 fl oz)=147
174838		Alcoholic Beverage, wine, table, red, Lemberger	80	0.07	0	2.46				serving (5 fl oz)=147
174839		Alcoholic Beverage, wine, table, red, Sangiovese	86	0.07	0	2.62				serving (5 fl oz)=147
174840		Alcoholic Beverage, wine, table, red, Carignane	74	0.07	0	2.4				serving (5 fl oz)=147
174841		Alcoholic beverage, wine, table, white, Pinot Gris (Grigio)	83	0.07	0	2.06				serving (5 fl oz)=147
174842		Beverages, carbonated, club soda	0	0	0	0	0.01	5	0	can or bottle (16 fl oz)=474|can or bottle (12 fl oz)=355
174843		Alcoholic beverage, wine, table, white, Gewurztraminer	81	0.07	0	2.6				serving (5 fl oz)=147
174844		Alcoholic beverage, wine, table, white, late harvest, Gewurztraminer	108	0.07	0	11.39				serving (5 fl oz)=152
174845		Alcoholic beverage, wine, table, white, Semillon	82	0.07	0	3.12				serving (5 fl oz)=147
174846		Beverages, carbonated, ginger ale	34	0	0	8.76	0.18	3	0	can or bottle (16 fl oz)=488|can or bottle (12 fl oz)=366
174847		Beverages, NESTEA, tea, black, ready-to-drink, lemon	36	0	0	9.09	0	3		serving (8 fl oz)=245|serving (12 fl oz)=368|serving (16.9 fl oz)=518
174848		Alcoholic beverage, wine, table, white, Pinot Blanc	81	0.07	0	1.94				serving (5 fl oz)=147
174849		Alcoholic beverage, wine, table, white, Muscat	82	0.07	0	5.23				serving (5 fl oz)=150
174850		Beverages, carbonated, low calorie, cola or pepper-type, with aspartame, without caffeine	1	0.12	0	0.12	0.02	3	0	can or bottle (16 fl oz)=474|can (12 fl oz)=355|drink, small (16 fl oz)=474|drink, medium (22 fl oz)=651|drink, large (32 fl oz)=947
174851		Beverages, carbonated, cola, without caffeine	41	0	0	10.58	0.02	2	0	serving 12 fl oz=368|serving 16 fl oz=491
174852		Beverages, carbonated, cola, regular	42	0	0.25	10.36	0.02	1	0	can or bottle (12 fl oz)=370|can or bottle (16 fl oz)=492|drink, small (16 fl oz)=492|drink, medium (22 fl oz)=676|drink, large (32 fl oz)=984
174853		Beverages, carbonated, reduced sugar, cola, contains caffeine and sweeteners	20	0	0	5.16	0.02	2	0	can (8 fl oz)=355
174854		Beverages, carbonated, orange	48	0	0	12.3	0.06	5		can or bottle (16 fl oz)=496|can or bottle (12 fl oz)=372
174855		Beverages, tea, black, ready-to-drink, peach, diet	1	0	0	0.25	0	1	0	cup=268
174856		Beverages, OCEAN SPRAY, Ruby Red cranberry	45	0.07	0.01	10.98	0.04	5	0	
174857		Beverages, MOTTS, Apple juice light, fortified with vitamin C	22	0	0.1	5.1	0.2	3		
174858		Beverages, Lemonade, powder	376	0	1.05	97.17	0.19	20	0	serving=18|cup=218
174859		Lemonade, powder, prepared with water	14	0	0.04	3.59	0.01	4	0	cup 8 fl oz=264
174860		Beverages, lemonade-flavor drink, powder	380	0	1.01	97.9	0.17	11	0	serving=18|scoop (2 tbsp)=58
174861		Beverages, lemonade-flavor drink, powder, prepared with water	27	0	0.07	6.9	0.01	4	0	cup 8 fl oz=255
174862		Limeade, frozen concentrate, prepared with water	52	0	0	13.79	0	2		cup 8 fl oz=247
174863		Malt beverage, includes non-alcoholic beer	37	0.21	0.12	8.05	0.06	7	0	cup=237
174864		Beverages, OVALTINE, Classic Malt powder	372	0	0	93.33	16.36	909	9.1	serving (4 tbsp or 1 envelope)=21|individual serving (4-5 heapin=21
174865		Beverages, Malted drink mix, chocolate, with added nutrients, powder, prepared with whole milk	87	3.29	3.26	10.79	1.42	139	3.1	cup (8 fl oz)=265
174866		Beverages, malted drink mix, chocolate, powder	411	5.1	4.76	82.14	2.28	60	0	serving (3 heaping tsp or 1 en=21
174867		Beverages, Malted drink mix, chocolate, powder, prepared with whole milk	85	3.37	3.29	10.7	0.21	98		cup (8 fl oz)=265
174868		Beverages, orange drink, canned, with added vitamin C	49	0	0.07	12.34	0.04	5	0	cup (8 fl oz)=248
174869		Strawberry-flavor beverage mix, powder	389	0.1	0.2	99.1	0.44	4	0	serving (2-3 heaping tsp)=22
174870		Beverages, Strawberry-flavor beverage mix, powder, prepared with whole milk	88	3	3.1	12.3	0.08	110		cup (8 fl oz)=266
174871		Beverages, tea, black, brewed, prepared with tap water, decaffeinated	1	0	0	0.3	0.02	0	0	cup (8 fl oz)=237
174872		Beverages, tea, instant, decaffeinated, unsweetened	315	20.21	0	50.16	2.26	118	0	serving 2 tsp=0.7
174873		Beverages, tea, instant, unsweetened, prepared with water	1	0.06	0	0.17	0.01	3	0	serving 6 fl oz=178|serving 8 fl oz=238
174874		Lamb, New Zealand, imported, square-cut shoulder chops, separable lean and fat, cooked, braised	322	26.79	23.86	0.05	1.74	34	0.2	
174875		Lamb, New Zealand, imported, square-cut shoulder chops, separable lean and fat, raw	275	17.02	22.84	0.23	1.06	22	0.1	
174876		Lamb, New Zealand, imported, square-cut shoulder, separable lean and fat, cooked, slow roasted	294	20.88	23.39	0.03	1.41	12	0.1	
174877		Lamb, New Zealand, imported, tunnel-boned leg, chump off, shank off, separable lean and fat, raw	121	20.93	4.09	0	1.4	4	0	
174878		Lamb, New Zealand, imported, tenderloin, separable lean and fat, raw	120	20.43	4.22	0.01	1.62	4	0	
174879		Veal, ground, cooked, pan-fried	215	25.83	11.78	1.51	1.5	18	1.4	
174880		Veal, leg, top round, cap off, cutlet, boneless, cooked, grilled	151	31.89	2.63	0	1.39	6	0.6	cutlet=44
174881		Veal, shoulder, blade chop, separable lean only, cooked, grilled	159	27.33	5.53	0	1.65	21	1	chop=352
174882		Veal, external fat only, raw	503	8.85	51.6	0.89	0.73	31	5.5	
174883		Veal, external fat only, cooked	540	15.28	53.23	0	1.09	58	3.6	
174884		Veal, seam fat only, raw	444	12.53	43.75	0	0.87	30	3.5	
174885		Lamb, Australian, imported, fresh, leg, bottom, boneless, separable lean only, trimmed to 1/8" fat, cooked, roasted	190	28.6	8.35	0	2.04	2	0	leg bottom, boneless=723
174886		Lamb, Australian, imported, fresh, leg, hindshank, heel on, bone-in, separable lean only, trimmed to 1/8" fat, cooked, braised	174	30.73	5.63	0	2.02	5	0	leg hindshank, heel on=418
174887		Lamb, Australian, imported, fresh, leg, hindshank, heel on, bone-in, separable lean only, trimmed to 1/8" fat, raw	122	22.49	3.53	0	1.58	4	0	leg hindshank, heel on=530
174888		Lamb, Australian, imported, fresh, tenderloin, boneless, separable lean only, trimmed to 1/8" fat, cooked, roasted	184	30.97	6.71	0	2.52	2		roast=121
174889		Lamb, Australian, imported, fresh, rack, roast, frenched, denuded, bone-in, separable lean only, trimmed to 0" fat, cooked, roasted	175	26.52	7.63	0	1.94	7	0	roast=329
174890		Lamb, Australian, imported, fresh, rack, roast, frenched, bone-in, separable lean only, trimmed to 1/8" fat, cooked, roasted	244	28.01	14.64	0	2.63	6	0	roast=447
174891		Lamb, Australian, imported, fresh, external fat, cooked	538	16.9	52.3	0	1.98	12	0	
174892		Lamb, Australian, imported, fresh, external fat, raw	487	12.59	48.5	0	1.08	10	0	
174893		Lamb, Australian, imported, fresh, leg, hindshank, heel on, bone-in, separable lean and fat, trimmed to 1/8" fat, cooked, braised	204	29.52	9.5	0	2	6	0	leg hindshank, heel on=418
174894		Lamb, Australian, imported, fresh, leg, hindshank, heel on, bone-in, separable lean and fat, trimmed to 1/8" fat, raw	196	20.58	12.68	0	1.47	5	0	leg hindshank, heel on=530
174895		Lamb, Australian, imported, fresh, leg, trotter off, bone-in, separable lean and fat, trimmed to 1/8" fat, cooked, roasted	226	30.15	11.64	0.08	2.41	4	0	leg trotter off=1808
174896		Lamb, Australian, imported, fresh, leg, trotter off, bone-in, separable lean and fat, trimmed to 1/8" fat, raw	175	21.95	9.73	0	2.09	3	0	leg trotter off=2674
174897		Lamb, Australian, imported, fresh, tenderloin, boneless, separable lean and fat, trimmed to 1/8" fat, cooked, roasted	187	30.87	7.02	0	2.52	2	0	roast=121
174898		Lamb, Australian, imported, fresh, rib chop, frenched, denuded, bone-in, separable lean and fat, trimmed to 0" fat, cooked, grilled	276	30.9	16.96	0	2.37	10	0	chop=43
174899		Bagels, plain, enriched, with calcium propionate (includes onion, poppy, sesame)	264	10.56	1.32	50.78	3.57	219	0	bagel=99|mini bagel (2-1/2" dia)=26|small bagel (3" dia)=69|medium bagel (3-1/2" to 4" dia=105|large bagel (4-1/2")=131
174900		Bagels, plain, enriched, with calcium propionate (includes onion, poppy, sesame), toasted	287	11.14	1.43	55.59	4.5	15	0	mini bagel (2-1/2" dia)=24|small bagel (3" dia)=65|medium bagel (3-1/2" to 4" dia=99|large bagel (4-1/2")=123
174901		Bagels, egg	278	10.6	2.1	50.7	3.98	13		mini bagel (2-1/2" dia)=26|small bagel (3" dia)=69|medium bagel (3-1/2" to 4" dia=105|large bagel (4-1/2" dia)=131
174902		Biscuits, plain or buttermilk, dry mix	428	8	15.4	61.3	2.77	179	0	cup, purchased=120|cup, homemade=114|cup, poured from box=128|cup, spooned into cup=120|cup (NLEA serving size)=121.21
174903		Biscuits, plain or buttermilk, dry mix, prepared	335	7.3	12.1	46.6	2.05	185		
174904		Biscuits, plain or buttermilk, refrigerated dough, lower fat	270	6.7	7.83	41.7	2.13	26	0	serving 1 biscuit=58
174905		Biscuits, plain or buttermilk, refrigerated dough, lower fat, baked	319	7.8	9.1	49.3	3.09	19	0	biscuit (2-1/4" dia)=21
174906		Bread, banana, prepared from recipe, made with margarine	326	4.3	10.5	53.5	1.4	21		individual loaf (include Keebl=57|slice=60
174907		Bread, boston brown, canned	195	5.2	1.5	38.6	2.1	70	0	slice=45
174908		Bread, cornbread, dry mix, enriched (includes corn muffin mix)	418	7	12.2	63	2.5	57	0	package (8.5 oz)=241
174909		Bread, cornbread, dry mix, prepared with 2% milk, 80% margarine, and eggs	330	6.59	9.58	52.16	1.85	135	0	muffin=51|piece=60
174910		Bread, cornbread, prepared from recipe, made with low fat (2%) milk	266	6.7	7.1	43.5	2.5	249		piece=65
174911		Bread, french or vienna, toasted (includes sourdough)	319	13	2.14	58.83	3.87	47	0	slice, small=29|slice, medium=59|slice, large=88
174912		Bread, irish soda, prepared from recipe	290	6.6	5	53.4	2.69	81		
174913		Bread, Italian	259	9.49	2.73	46.01	3.45	105	0	slice=29
174914		Bread, multi-grain, toasted (includes whole-grain)	288	14.52	4.6	39.01	2.72	111	0	slice regular=24|slice large=38
174915		Bread, pita, white, enriched	275	9.1	1.2	53.5	2.62	86	0	pita, large (6-1/2" dia)=60|pita, small (4" dia)=28
174916		Bread, pita, whole-wheat	262	9.8	1.71	49.79	3.06	15	0	pita, large (6-1/2" dia)=64|pita, small (4" dia)=28
174917		Bread, protein (includes gluten)	245	12.1	2.2	40.8	4.15	124	0	slice=19
174918		Bread, pumpernickel	250	8.7	3.1	41	2.87	68	0	slice, regular=26|slice, snack-size=7|slice, thin=20|slice (5" x 4" x 3/8")=32
174919		Bread, reduced-calorie, oatmeal	210	7.6	3.5	43.3	2.3	115		slice=23
174920		Bread, reduced-calorie, rye	203	9.1	2.9	28.5	3.1	76	0	slice=23|slice, thick=32|slice, thin=20
174921		Bread, reduced-calorie, wheat	217	13.32	2.92	31.37	2.91	163	0	slice=21
174922		Bread, reduced-calorie, white	207	8.7	2.5	34.6	3.19	94	0	slice=23
174923		Bread, rice bran	243	8.9	4.6	38.6	3.61	69	0	slice=27
174924		Bread, white, commercially prepared (includes soft bread crumbs)	266	8.85	3.33	46.72	3.61	144	0	slice=29|cup, crumbs=45|cup, cubes=35|slice, large=30|slice crust not eaten=12
174925		Bread, white, commercially prepared, toasted	290	9	4	51.6	3.33	119	0	cup, crumbs=45|cup, cubes=42|slice, large=27|slice crust not eaten=11|slice, thin=17
174926		Bread, white, prepared from recipe, made with nonfat dry milk	274	7.7	2.6	51.6	3.18	32		slice=44
174927		Bread, white, prepared from recipe, made with low fat (2%) milk	285	7.9	5.7	47.6	2.97	57		slice=42|slice, thin (3-3/4" x 5" x 3/8=33
174928		Bread, crumbs, dry, grated, plain	395	13.35	5.3	67.48	4.83	183	0	cup=108
174929		Bread, sticks, plain	412	12	9.5	65.4	4.28	22	0	cup, small pieces=46|stick, small (approx 4-1/4" lo=5|stick (7-5/8" x 5/8")=10|stick (9-1/4" x 3/8")=6
174930		Bread, stuffing, dry mix	386	11	3.4	73	3.81	97	0	package (6 oz)=170
174931		Bread, stuffing, dry mix, prepared	195	2.73	12.05	18.04	0.95	30	0	cup=200
174932		Cake, pudding-type, carrot, dry mix	415	5.1	9.8	79.2	1.8	172		package (18 oz)=510
174933		Cake, cherry fudge with chocolate frosting	264	2.4	12.5	37.5	1.1	48	0.3	piece (1/8 cake)=71
174934		Cake, chocolate, commercially prepared with chocolate frosting, in-store bakery	389	3.48	20.05	50.64	3.04	30	0	piece (1/12 of a cake)=138|cake=1660|piece (1/8 of 18 oz cake)=64
174935		Cake, pudding-type, chocolate, dry mix	391	4.6	8.14	77.86	2.92	133	0	package (18.25 oz)=517
174936		Cake, coffeecake, creme-filled with chocolate frosting	331	5	10.8	51.8	0.51	38		piece (1/6 of 19 oz cake)=90
174937		Cake, coffeecake, fruit	311	5.2	10.2	49	2.43	45		piece (1/8 cake)=50
174938		Cake, coffeecake, cinnamon with crumb topping, dry mix, prepared	318	5.5	9.6	51.6	1.43	136	0.5	piece (1/8 of 8" x 5-3/4" cake=56
174939		Cake, fruitcake, commercially prepared	324	2.9	9.1	57.9	2.07	33	0	piece=43
174940		Cake, pound, commercially prepared, other than all butter, enriched	389	5.2	17.9	51.5	1.62	64		piece (1/10 of 10.6 oz cake)=30|piece (1/12 of 12 oz cake)=28|snack cake (2.5 oz)=71
174941		Cake, shortcake, biscuit-type, prepared from recipe	346	6.1	14.2	48.5	2.54	205		
174942		Cake, snack cakes, creme-filled, chocolate with frosting	399	3.63	15.93	57.11	3.6	116	0	cupcake=50
174943		Cake, snack cakes, creme-filled, sponge	374	3.47	11.54	63.03	1.36	24	0.1	cake=42
174944		Cake, yellow, commercially prepared, with chocolate frosting, in-store bakery	379	3.16	17.75	53.86	2.03	32	0.2	piece (1/12 of a cake)=144|cake=1729|piece (1/8 of 18 oz cake)=64
174945		Cake, yellow, commercially prepared, with vanilla frosting	391	2.99	17.91	55.9	1.07	62	0.4	serving=67
174946		Cake, pudding-type, yellow, dry mix	423	4	9.8	79.3	1.57	115	0	package (18.50 oz)=524
174947		Cake, yellow, enriched, dry mix	374	3.7	3.5	80.72	2.08	211	0	serving=43|package (18.50 oz)=524
174948		Cookies, brownies, dry mix, regular	434	4	14.9	76.6	1.99	19		package (21.5 oz)=610
174949		Cookies, brownies, prepared from recipe	466	6.2	29.1	50.2	1.84	57		brownie (2" square)=24
174950		Cookies, butter, commercially prepared, enriched	467	6.1	18.8	68.1	2.22	29	0.4	cookie=5
174951		Cookies, fudge, cake-type (includes trolley cakes)	349	5	3.7	75.5	2.48	34		cookie=21
174952		Cookies, chocolate chip, dry mix	497	4.6	25.2	66.1	2.07	43		package (17.5 oz)=496
174953		Cookies, chocolate chip, refrigerated dough	451	3.98	21.33	59.52	2	14		serving=33|portion, dough spoon from roll=29
174954		Cookies, chocolate chip, refrigerated dough, baked	492	4.9	22.6	66.5	2.5	28		cookie, medium (2-1/4" dia)=12
174955		Cookies, chocolate chip, prepared from recipe, made with margarine	488	5.7	28.3	55.6	2.46	39		bar (2" square)=32|cookie, medium (2-1/4" dia)=16
174956		Cookies, gingersnaps	416	5.6	9.8	74.7	6.4	77	0	cookie=7|large (approx 3-1/2" to 4" dia=32
174957		Cookies, graham crackers, plain or honey (includes cinnamon)	430	6.69	10.6	74.26	3.78	77	0	cracker=15|cup, crushed=84|large rectangular piece or 2 s=14
174958		Cookies, graham crackers, chocolate-coated	500	4	25.8	64.58	2	46	0	pieces=9
174959		Cookies, ladyfingers, with lemon juice and rind	365	10.6	9.1	58.7	3.58	47	0.6	anisette sponge (4" x 1-1/8" x=13|breakfast treat (approx 4" x 2=24|ladyfinger=11
174960		Cookies, oatmeal, dry mix	462	6.5	19.2	67.3	2.22	25		package (17.5 oz)=496
174961		Cookies, oatmeal, refrigerated dough	424	5.4	18.9	56.6	2.14	31		portion, dough for 1 cookie=16
174962		Cookies, oatmeal, refrigerated dough, baked	471	6	21	62.9	2.38	35		cookie=12
174963		Cookies, oatmeal, with raisins	441	5.86	15.76	65.65	2.3	28		cookie=24
174964		Cookies, peanut butter, prepared from recipe	475	9	23.8	58.9	2.23	39		cookie (3" dia)=20
174965		Cookies, peanut butter sandwich, regular	478	8.8	21.1	63.7	2.6	53	0	cookie=14
174966		Cookies, raisin, soft-type	401	4.1	13.6	66.8	2.29	46	0	cookie=15
174967		Cookies, shortbread, commercially prepared, plain	514	5.37	26.22	62.48	2.98	13	0	cookie=11.8
174968		Cookies, shortbread, commercially prepared, pecan	542	4.9	32.5	56.5	2.43	30		cookie (2" dia)=14
174969		Cookies, peanut butter sandwich, special dietary	535	10	34	50.8	2.55	43		cookie=10
174970		Cookies, sugar wafer, with creme filling, sugar free	531	3.57	28.57	51.96	1.29	0	0	wafer=4
174971		Cookies, sugar, commercially prepared, regular (includes vanilla)	464	5.35	19.55	66.04	2.24	35	0	cookie=17
174972		Cookies, sugar, refrigerated dough	436	4	19.48	60.32	1.85	8		serving=33|cookie dough for 1rolled cooki=17|cookie 1 pre-sliced cookie dou=26
174973		Cookies, vanilla wafers, lower fat	441	5	15.2	71.7	2.38	48	0	cup, crumbs=80|large=6|medium=4|small=3
174974		Cookies, vanilla wafers, higher fat	455	4.9	16.41	71	2.79	36	0	wafers=3.75|wafers mini wafers=1.45
174975		Crackers, cheese, regular	489	10.93	22.74	57.12	4.88	136	0	cup, bite size=62|cup, crushed=72|gold fish=0.6|bag, single serving=28|snack stick=2
174976		Crackers, cheese, sandwich-type with peanut butter filling	496	12.41	25.12	53.34	2.72	50	0	cup, crushed=83|cracker=6.5|sandwich=6.5
174977		Crackers, melba toast, plain	390	12.1	3.2	70.3	3.7	93	0	cup pieces=30|cup, rounds=33|melba round=3|piece (3-3/4" x 1-3/4" x 1/8")=5
174978		Crackers, melba toast, rye (includes pumpernickel)	389	11.6	3.4	69.3	3.68	78		toast=5
174979		Crackers, melba toast, wheat	374	12.9	2.3	69	4.5	43		toast=5
174980		Crackers, milk	446	7.6	13.77	68.33	3.58	172	0	cracker=11
174981		Crackers, rusk toast	407	13.5	7.2	72.3	2.72	27		rusk=10
174982		Crackers, standard snack-type, regular	510	6.64	26.43	59	4.03	120	0	crackers=3.2|crackers, regular size, round =3.2|cracker, round=3.2|cracker, rectangular=4|cup crushed=52
174983		Crackers, standard snack-type, sandwich, with cheese filling	477	9.3	21.1	59.8	2.39	257	0	cracker, sandwich=7
174984		Crackers, standard snack-type, sandwich, with peanut butter filling	494	11.47	24.54	56.08	2.77	81	0	cracker, sandwich=7
174985		Crackers, wheat, regular	455	7.3	16.4	63.83	2.64	92	0	crackers 1 serving=2.12
174986		Cream puff shell, prepared from recipe	360	9	25.9	22	2.02	36	1.4	eclair (5" x 2" x 1-3/4")=48|cream puff shell=66
174987		Croissants, butter	406	8.2	21	43.2	2.03	37	0	croissant, mini=28|croissant, small=42|croissant, medium=57|croissant, large=67
174988		Croissants, apple	254	7.4	8.7	34.6	1.1	30		croissant, medium=57
174989		Croissants, cheese	414	9.2	20.9	44.4	2.15	53	0	croissant, small=42|croissant, medium=57|croissant, large=67
174990		Doughnuts, cake-type, plain (includes unsugared, old-fashioned)	434	5.31	24.93	45.36	2.53	40	0	donut=40|doughnut stick=52|doughnut, long type (twist) (4=52|doughnut medium (3-1/4" dia)=54|doughnut, mini (1-1/2" dia) or=14
174991		Doughnuts, cake-type, plain, chocolate-coated or frosted	452	4.93	25.25	49.43	4	24	0	donettes (2" dia)=18|doughnut, medium (approx 3" di=43|doughnut large (approx 3-1/2" =67
174992		Doughnuts, cake-type, plain, sugared or glazed	426	5.2	22.9	49.3	1.06	60		doughnut, medium (approx 3" di=45
174993		Doughnuts, cake-type, chocolate, sugared or glazed	417	4.5	19.9	55.2	2.27	213	0	doughnut (3-3/4" dia)=60|doughnut, medium (approx 3" di=42
174994		Muffins, English, plain, enriched, with ca prop (includes sourdough)	227	8.87	1.69	40.67	4	163	0	muffin=57
174995		Muffins, English, plain, toasted, enriched, with calcium propionate (includes sourdough)	270	10.32	2.02	49.85	4.65	197	0	muffin=52
174996		Muffins, English, mixed-grain (includes granola)	235	9.1	1.8	43.5	3.02	196	0	muffin=66
174997		Muffins, English, raisin-cinnamon (includes apple-cinnamon)	240	7.91	1.8	45.5	4.5	114	0	muffin=57
174998		French toast, prepared from recipe, made with low fat (2%) milk	229	7.7	10.8	25	1.67	100		slice=65
174999		Hush puppies, prepared from recipe	337	7.7	13.5	43.2	3.04	278	0	cup=152|hush puppy=22
175000		Ice cream cones, cake or wafer-type	417	8.1	6.9	76	3.6	25	0	cone=4|large waffle cone=29
175001		Ice cream cones, sugar, rolled-type	402	7.9	3.8	82.4	4.43	44	0	cone=10
175002		Muffins, corn, commercially prepared	305	5.9	8.4	47.6	2.81	74	0	mini=17|small=66|medium=113|large=139|extra large=168
175003		Muffins, corn, dry mix, prepared	321	7.4	10.2	46.7	1.94	75		
175004		Muffins, corn, toaster-type	346	5.3	11.3	56.3	1.47	19		muffin, toaster=33
175005		Muffins, corn, prepared from recipe, made with low fat (2%) milk	316	7.1	12.3	44.2	2.61	259		muffin (2-3/4" dia x 2")=57
175006		Pancakes, plain, dry mix, complete, prepared	194	5.2	2.5	35.4	1.56	126		pancake (4" dia)=38|pancake (6" dia)=77
175007		Pancakes, plain, dry mix, incomplete (includes buttermilk)	355	10	1.7	68.2	3.05	342	0	cup, poured from box=112
175008		Pancakes, plain, dry mix, incomplete, prepared	218	7.8	7.7	27	1.3	215		pancake (4" dia)=38|pancake (6" dia)=77
175009		Pancakes, plain, prepared from recipe	227	6.4	9.7	28.3	1.8	219		pancake (4" dia)=38|pancake (6" dia)=77
175010		Pancakes, whole-wheat, dry mix, incomplete, prepared	208	8.5	6.5	26.6	3.11	250		pancake (4" dia)=44|pancake (6" dia)=129
175011		Pie, apple, commercially prepared, enriched flour	237	1.9	11	32.4	0.45	11	0	piece (1/8 of 9" dia)=125|piece (1/6 of 8" pie)=117
175012		Pie, apple, prepared from recipe	265	2.4	12.5	37.1	1.12	7		piece (1/8 of 9" dia)=155
175013		Pie, banana cream, prepared from mix, no-bake type	251	3.4	12.9	31	0.46	73		piece (1/8 of 9" dia)=92|piece (1/6 of 8" pie)=123
175014		Pie, chocolate creme, commercially prepared	353	4.15	22.41	37.64	1.49	66	0.1	serving .167 pie=120|piece (1/4 of 6" pie)=99|piece (1/6 of 8" pie)=113
175015		Pie, chocolate mousse, prepared from mix, no-bake type	260	3.5	15.4	29.6	1.08	77		piece (1/8 of 9" dia)=95
175016		Pie, coconut creme, commercially prepared	298	2.1	16.6	36	0.8	29	0.2	piece (1/6 of 7" pie)=64|piece (1/8 of 7" pie)=48
175017		Pie, coconut cream, prepared from mix, no-bake type	276	2.8	17.6	28	0.4	72		piece (1/8 of 9" dia)=94
175018		Pie, lemon meringue, prepared from recipe	285	3.8	12.9	39.1	1	12		piece (1/8 of 9" dia)=127
175019		Pie, mince, prepared from recipe	289	2.6	10.8	45.4	1.49	22	0	piece (1/8 of 9" dia)=165
175020		Pie, peach	224	1.9	10	32.1	0.5	8	0	piece (1/6 of 8" pie)=117
175021		Pie, pecan, commercially prepared	407	4.5	16.69	57.51	0.93	22	0.1	slice=133|pie=833
175022		Pie crust, standard-type, dry mix	518	6.9	31.4	52.1	2.22	61		package (10 oz)=284
175023		Pie crust, standard-type, dry mix, prepared, baked	501	6.7	30.4	48.6	2.15	60		piece (1/8 of 9" crust)=20|crust, single 9"=160
175024		Pie crust, standard-type, frozen, ready-to-bake, enriched	457	6.16	26.07	46.12	2.6	19	0	piece (1/8 of 9" crust)=18|pie crust (average weight of 1=173
175025		Pie crust, standard-type, frozen, ready-to-bake, enriched, baked	508	6.5	28.59	52.94	2.8	21	0	pie crust (average weight of 1=154
175026		Pie crust, standard-type, prepared from recipe, baked	527	6.4	34.6	45.8	2.89	10		piece (1/8 of 9" crust)=23|crust, single 9"=180
175027		Rolls, dinner, egg	307	9.5	6.4	48.3	3.52	59	0	roll (2-1/2" dia)=35
175028		Rolls, dinner, oat bran	236	9.5	4.6	36.1	4.14	85	0	roll=33
175029		Rolls, dinner, rye	286	10.3	3.4	48.2	2.7	30	0	large (approx 3-1/2" to 4" dia=43|medium=36|small (2-3/8" dia)=28
175030		Rolls, dinner, wheat	273	8.6	6.3	42.2	3.55	176	0	roll (1 oz)=28
175031		Rolls, hard (includes kaiser)	293	9.9	4.3	50.4	3.28	95	0	roll (3-1/2" dia)=57
175032		Strudel, apple	274	3.3	11.2	38.9	0.42	15	0	piece=71
175033		Sweet rolls, cheese	360	7.1	18.3	42.5	0.76	118		roll=66
175034		Sweet rolls, cinnamon, commercially prepared with raisins	372	6.2	16.4	48.5	1.6	72	0	large=83|roll (2-3/4" square)=60
175035		Toaster pastries, fruit (includes apple, blueberry, cherry, strawberry)	388	4.2	9.95	69.32	5.51	16	0	pastry=54
175036		Tortillas, ready-to-bake or -fry, corn	218	5.7	2.85	38.34	1.23	81	0	enchilada=19|tortilla=24
175037		Tortillas, ready-to-bake or -fry, flour, refrigerated	306	8.2	7.99	45.88	3.63	146	0	tortilla=48|tortilla medium (approx 6" dia=30|package=407|tortilla (approx 10" dia)=72|tortilla (approx 12" dia)=117
175038		Waffles, plain, frozen, ready-to-heat	285	6.47	9.7	40.78	5.61	308		waffle, square (4" square) (in=35
175039		Waffles, plain, prepared from recipe	291	7.9	14.1	32.9	2.31	255		waffle, round (7" dia)=75
175040		Leavening agents, baking soda	0	0	0	0	0	0	0	tsp=4.6
175041		Leavening agents, cream of tartar	258	0	0	61.3	3.72	8	0	tsp=3
175042		Leavening agents, yeast, baker's, compressed	105	8.4	1.9	10	3.25	19	0	cake (0.6 oz)=17
175043		Leavening agents, yeast, baker's, active dry	325	40.44	7.61	14.32	2.17	30	0	tsp=4|tbsp=12|packet=7.2
175044		Bread, rice bran, toasted	264	9.7	5	42	3.92	75	0	slice=25
175045		Muffins, blueberry, toaster-type, toasted	333	4.9	10.1	54.8	0.54	14	0	muffin, toaster=31
175046		Muffins, wheat bran, toaster-type with raisins, toasted	313	5.5	9.4	47.3	2.83	39		muffin, toaster=34
175047		Pancakes, buttermilk, prepared from recipe	227	6.8	9.3	28.7	1.7	157		pancake (4" dia)=38|pancake (6" dia)=77
175048		Waffles, plain, frozen, ready -to-heat, toasted	312	7.19	9.61	46.89	6.91	307	0	waffle, round (4" dia)=33|waffle, square (4" square)=33
175049		Bagels, plain, enriched, without calcium propionate (includes onion, poppy, sesame)	275	10.5	1.6	51.1	3.56	18		mini bagel (2-1/2" dia)=26|small bagel (3" dia)=69|medium bagel (3-1/2" to 4" dia=105|large bagel (4-1/2" dia)=131
175050		Bagels, plain, unenriched, with calcium propionate (includes onion, poppy, sesame)	275	10.5	1.6	51.1	1.36	74		mini bagel (2-1/2" dia)=26|small bagel (3" dia)=69|medium bagel (3-1/2" to 4")=105|large bagel (4-1/2" dia)=131
175051		Bagels, plain, unenriched, without calcium propionate(includes onion, poppy, sesame)	275	10.5	1.6	51.1	1.36	18		mini bagel (2-1/2" dia)=26|small bagel (3" dia)=69|medium bagel (3-1/2" to 4" dia=105|large bagel (4-1/2" dia)=131
175052		Cake, coffeecake, cinnamon with crumb topping, commercially prepared, unenriched	418	6.8	23.3	44.7	0.78	54		individual cake=57|piece (1/9 of 20 oz cake)=63
175053		Cake, pound, commercially prepared, other than all butter, unenriched	389	5.2	17.9	51.5	0.6	64		piece (1/10 of 10.6 oz cake)=30|piece (1/12 of 12 oz cake)=28|snack cake (2.5 oz)=71
175054		Cake, pudding-type, white, unenriched, dry mix	423	3.9	9.5	80.3	0.52	77		package (18.50 oz)=524
175055		Cake, yellow, unenriched, dry mix	432	4.4	11.6	77	0.48	135		package (18.50 oz)=524
175056		Crackers, saltines, low salt (includes oyster, soda, soup)	421	9.5	8.85	71.44	5.13	119	0	cup oyster crackers=45|cracker=3|cracker, round large=10|cracker, oyster=1|cracker, rectangle=6
175057		Crackers, saltines, unsalted tops (includes oyster, soda, soup)	434	9.2	11.8	68.5	5.4	119		cracker=3
175058		Crackers, standard snack-type, regular, low salt	502	7.4	25.3	59.4	3.6	120	0	cup, bite size=62|cup, crushed=72|cracker, rectangular=4|cracker, oval=3|cracker, round=3
175059		Crackers, wheat, low salt	473	8.6	20.6	60.4	4.4	49	0	cup, crushed=83|cracker=2|cracker, thin square=2
175060		Crackers, cheese, low sodium	503	10.1	25.3	55.8	4.77	151	0	cup Cheez-its=62|cup, crushed=72|gold fish=0.6|cracker (1" square)=1
175061		Danish pastry, raspberry, unenriched	371	5.4	18.5	45.9	0.75	46		pastry (4-1/4" dia)=71
175062		Doughnuts, yeast-leavened, glazed, unenriched (includes honey buns)	403	6.4	22.8	43.1	0.6	43		doughnut, medium (3-1/4" dia)=60
175063		English muffins, plain, enriched, without calcium propionate(includes sourdough)	235	7.7	1.8	43.3	2.5	52		muffin=57
175064		Pie, fried pies, lemon	316	3	16.1	40	1.22	22		pie (5" x 3-3/4")=128
175065		Pie crust, standard-type, frozen, ready-to-bake, unenriched	457	3.9	29.2	43.2	0.38	18		crust, single 9"=142|piece (1/8 of 9" crust)=16
175066		Popovers, dry mix, unenriched	371	10.4	4.3	71	0.82	32		package (6 oz)=170
175067		Taco shells, baked, without added salt	468	7.2	22.6	54.9	2.5	160		medium (approx 5" dia)=13|miniature (3" dia)=5
175068		Crackers, saltines, fat-free, low-sodium	393	10.5	1.6	79.6	7.72	22	0	saltines=5
175069		Tart, breakfast, low fat	372	3.99	5.99	75.3	3.42	44	0	tart=52
175070		Archway Home Style Cookies, Sugar Free Oatmeal	442	5.54	20.92	65.3	1.96	20		serving=24
175071		Archway Home Style Cookies, Chocolate Chip Ice Box	497	4.28	24.4	63.02	2.63	14		serving=24
175072		Archway Home Style Cookies, Iced Oatmeal	435	4.89	16.53	64.76	2.19	32		serving=28
175073		Archway Home Style Cookies, Molasses	403	4.25	12.06	68.21	4.68	29		serving=26
175074		Archway Home Style Cookies, Oatmeal	421	5.48	14.08	65.27	2.45	35		serving=25
175075		Archway Home Style Cookies, Oatmeal Raisin	406	5.17	12.08	66.57	2.4	38		serving=26
175076		Archway Home Style Cookies, Strawberry Filled	400	4.35	13.26	63.72	2.32	20		serving=25
175077		Archway Home Style Cookies, Reduced Fat Ginger Snaps	424	4.67	11.14	75.13	12.57	62		serving=32
175078		Artificial Blueberry Muffin Mix, dry	407	4.7	8.7	77.45				muffin=31
175079		Kraft, Stove Top Stuffing Mix Chicken Flavor	381	12.6	4.1	70.6	4.32	63		NLEA serving (makes 1/2 cup pr=28
175080		Martha White Foods, Martha White's Chewy Fudge Brownie Mix, dry	407	4.42	6.16	80.68	3.81	17		serving=28
175081		Martha White Foods, Martha White's Buttermilk Biscuit Mix, dry	388	7.81	13.23	57.91	4.06	168		serving=41
175082		Mission Foods, Mission Flour Tortillas, Soft Taco, 8 inch	287	8.7	6	49.6	1.99	191		serving=51
175083		Nabisco, Nabisco Grahams Crackers	424	6.99	10	72.8	4.13	79		serving=28
175084		Nabisco, Nabisco Oreo Crunchies, Cookie Crumb Topping	476	4.78	21.5	67.03	4.9	24		serving=11
175085		Game meat, deer, cooked, roasted	158	30.21	3.19	0	4.47	7		piece, cooked (yield from 1 lb=340
175086		Game meat, horse, raw	133	21.39	4.6	0	3.82	6		
175087		Game meat, horse, cooked, roasted	175	28.14	6.05	0	5.03	8		piece, cooked (yield from 1 lb=340
175088		Beverages, tea, instant, lemon, unsweetened	345	7.4	0.18	73.52	0.75	28	0	tsp, rounded=1.4|tbsp, rounded=5.65
175089		Beverages, tea, instant, lemon, sweetened, powder	401	0.12	0.73	97.85	0.21	2	0	serving (3 heaping tsp)=23|cup=182
175090		Beverages, tea, instant, lemon, sweetened, prepared with water	35	0.01	0.06	8.51	0.02	2		cup (8 fl oz)=259
175091		Beverages, tea, instant, sweetened with sodium saccharin, lemon-flavored, powder	338	3.3	0.6	85.4	8.87	21		tsp=0.8|tbsp (1/4 cup)=3.6
175092		Beverages, cocoa mix, with aspartame, powder, prepared with water	29	1.21	0.23	5.01	0.39	48		serving dry mix with 6 fl oz w=192
175093		Beverages, carbonated, cola, fast-food cola	37	0.07	0.02	9.56	0.11	2	0	serving child 12 fl oz, withou=258|serving small 16 fl oz, withou=347|serving medium 21 fl oz, witho=486|serving large 32 fl oz, withou=722
175094		Beverages, fruit punch juice drink, frozen concentrate	175	0.3	0.7	42.9	0.8	20		can (12 fl oz)=423
175095		Beverages, fruit punch juice drink, frozen concentrate, prepared with water	42	0.07	0.17	11.4	0.2	7		
175096		Beverages, water, tap, well	0	0	0	0	0	3		serving 8 fl oz 8 fl oz=237|liter=1000
175097		Alcoholic beverage, liqueur, coffee, 53 proof	336	0.1	0.3	46.8	0.06	1	0	serving 1.5 fl oz=52
175098		Alcoholic beverage, liqueur, coffee with cream, 34 proof	327	2.8	15.7	20.9	0.13	16	0	
175099		Beverages, carbonated, low calorie, cola or pepper-type, with aspartame, contains caffeine	2	0.11	0.03	0.29	0.11	3	0	can can 12 fl oz=355|bottle bottle 16 fl oz=473|serving child 12 fl oz=258|serving small 16 fl oz=347|serving medium 21 fl oz=486
175100		Beverages, Orange drink, breakfast type, with juice and pulp, frozen concentrate	153	0.4	0	38.9	0.26	399	0	can=436
175101		Beverages, Orange drink, breakfast type, with juice and pulp, frozen concentrate, prepared with water	45	0.12	0	11.32	0.08	118		
175102		Beverages, shake, fast food, strawberry	113	3.4	2.8	18.5	0.11	113	0	serving small 12 fl oz=282|serving medium 16 fl oz=376|serving large 21 fl oz=494
175103		Beverages, water, tap, municipal	0	0	0	0	0	3	0	bottle 8 fl oz=237|liter=1000|ice cube (3/4 fl oz)=21.33
175104		Beverages, The COCA-COLA company, DASANI, water, bottled, non-carbonated	0	0	0	0	0	0		bottle 16.9 fl oz=500|bottle 12 fl oz=355|bottle 20 fl oz=591
175105		Beverages, orange breakfast drink, ready-to-drink, with added nutrients	53	0	0	13.1	0.05	100	0	cup (8 fl oz)=253
175106		Beverages, water, bottled, non-carbonated, CALISTOGA	0	0	0	0		0		bottle 16.9 fl oz=500|bottle 24 fl oz=710
175107		Beverages, water, bottled, non-carbonated, CRYSTAL GEYSER	0	0	0	0		3		bottle 8 fl oz=237|bottle 500 ml=500
175108		Beverages, COCA-COLA, POWERADE, lemon-lime flavored, ready-to-drink	32	0	0.05	7.84	0.09	1	0	
175109		Beverages, Propel Zero, fruit-flavored, non-carbonated	5	0	0	1.14	0.03	1	0	bottle 16.9 fl oz=501|bottle 12 fl oz=356|bottle 23.7 fl oz=703
175110		Beverages, ARIZONA, tea, ready-to-drink, lemon	39	0	0	9.77	0	3		bottle 8 fl oz=28.38|bottle 12 fl oz=368|bottle 20 fl oz=613
175111		Beverages, LIPTON BRISK, tea, black, ready-to-drink, lemon	35	0	0	8.81	0	1		bottle 8 fl oz=245|bottle 12 fl oz=367
175112		Alcoholic beverage, wine, dessert, dry	152	0.2	0	11.67	0.24	8		glass (3.5 fl oz)=103
175113		Carbonated beverage, low calorie, other than cola or pepper, with sodium saccharin, without caffeine	0	0	0	0.1	0.04	4		can (12 fl oz)=355
175114		Beverages, Cocoa mix, low calorie, powder, with added calcium, phosphorus, aspartame, without added sodium or vitamin A	359	25.1	3	56.9	4.96	1440	0	envelope Swiss Miss (.53 oz)=15|packet (0.675 oz)=19
175115		Beverages, fruit punch-flavor drink, powder, without added sodium, prepared with water	37	0	0.01	9.47	0.05	17		
175116		Fish, herring, Atlantic, raw	158	17.96	9.04	0	1.1	57	4.2	fillet=184
175117		Fish, herring, Atlantic, cooked, dry heat	203	23.03	11.59	0	1.41	74	5.4	fillet=143
175118		Fish, herring, Atlantic, pickled	262	14.19	18	9.64	1.22	77	2.8	cup=140|cubic inch=20|piece (1-3/4" x 7/8" x 1/2")=15
175119		Fish, mackerel, Atlantic, raw	205	18.6	13.89	0	1.63	12	16.1	fillet=112
175120		Fish, mackerel, Atlantic, cooked, dry heat	262	23.85	17.81	0	1.57	15		fillet=88
175121		Fish, mackerel, jack, canned, drained solids	156	23.19	6.3	0	2.04	241	7.3	cup=190|cubic inch=16|can (15 oz)=361
175122		Fish, mackerel, king, raw	105	20.28	2	0	1.78	31		fillet=396
175123		Fish, mullet, striped, raw	117	19.35	3.79	0	1.02	41	1.5	fillet=119
175124		Fish, mullet, striped, cooked, dry heat	150	24.81	4.86	0	1.41	31		fillet=93
175125		Fish, ocean perch, Atlantic, raw	79	15.31	1.54	0	0.22	28	1.2	fillet=64
175126		Fish, ocean perch, Atlantic, cooked, dry heat	96	18.51	1.87	0	0.27	34	1.4	fillet=50
175127		Fish, pike, northern, cooked, dry heat	113	24.69	0.88	0	0.71	73		fillet=310
175128		Fish, pike, walleye, raw	93	19.14	1.22	0	1.3	110		fillet=159
175129		Fish, pollock, Atlantic, raw	92	19.44	0.98	0	0.46	60	1	fillet=386
175130		Fish, pollock, Alaska, raw (may contain additives to retain moisture)	56	12.19	0.41	0	0.22	15	0.2	fillet=77
175131		Fish, rockfish, Pacific, mixed species, cooked, dry heat	109	22.23	1.62	0	0.36	17	4.6	fillet=149
175132		Fish, roe, mixed species, raw	143	22.32	6.42	1.5	0.6	22	12.1	tbsp=14|can (8 oz), solids and liquid=227
175133		Fish, roughy, orange, raw	76	16.41	0.7	0	1.01	9		
175134		Fish, sablefish, raw	195	13.41	15.3	0	1.28	35		fillet=386
175135		Fish, salmon, chum, canned, drained solids with bone	141	21.43	5.5	0	0.7	249	9.6	can=369
175136		Fish, salmon, coho, wild, raw	146	21.62	5.93	0	0.56	36	9	fillet=396
175137		Fish, salmon, coho, wild, cooked, moist heat	184	27.36	7.5	0	0.71	46		fillet=310
175138		Fish, salmon, pink, raw	127	20.5	4.4	0	0.38	7	10.9	fillet=318
175139		Fish, sardine, Atlantic, canned in oil, drained solids with bone	208	24.62	11.45	0	2.92	382	4.8	cup, drained=149|cubic inch=16|can (3.75 oz)=92|small (2-2/3" x 1/2" x 1/4")=12|sardines=12
175140		Fish, sardine, Pacific, canned in tomato sauce, drained solids with bone	185	20.86	10.45	0.44	2.3	240	4.8	cup=89|can=370|sardine=38
175141		Fish, scup, raw	105	18.88	2.73	0	0.53	40	1.2	fillet=64|cup=166
175142		Fish, sea bass, mixed species, raw	97	18.43	2	0	0.29	10	5.6	fillet=129
175143		Fish, shark, mixed species, cooked, batter-dipped and fried	228	18.62	13.82	6.39	1.11	50		
175144		Fish, sheepshead, raw	108	20.21	2.41	0	0.46	21		fillet=238
175145		Fish, sheepshead, cooked, dry heat	126	26.02	1.63	0	0.67	37		fillet=186
175146		Fish, smelt, rainbow, raw	97	17.63	2.42	0	0.9	60	0.8	
175147		Fish, smelt, rainbow, cooked, dry heat	124	22.6	3.1	0	1.15	77		
175148		Fish, sturgeon, mixed species, cooked, dry heat	135	20.7	5.18	0	0.9	17	12.9	cup, cooked=136|piece (4-1/2" x 2-1/8" x 7/8")=145|cubic inch, boneless=17
175149		Fish, sturgeon, mixed species, smoked	173	31.2	4.4	0	0.93	17	16.1	
175150		Fish, sucker, white, raw	92	16.76	2.32	0	1.3	70		fillet=159
175151		Fish, sunfish, pumpkin seed, raw	89	19.4	0.7	0	1.2	80		fillet=48
175152		Fish, tilefish, cooked, dry heat	147	24.49	4.69	0	0.31	26		fillet=300
175153		Fish, trout, mixed species, raw	148	20.77	6.61	0	1.5	43	3.9	fillet=79
175154		Fish, trout, rainbow, wild, raw	119	20.48	3.46	0	0.7	67		fillet=159
175155		Fish, trout, rainbow, wild, cooked, dry heat	150	22.92	5.82	0	0.38	86		fillet=143
175156		Fish, tuna, fresh, skipjack, raw	103	22	1.01	0	1.25	29		fillet=396
175157		Fish, tuna, white, canned in oil, drained solids	186	26.53	8.08	0	0.65	4		can=178
175158		Fish, tuna, white, canned in water, drained solids	128	23.62	2.97	0	0.97	14	2	can=172
175159		Fish, tuna, fresh, yellowfin, raw	109	24.4	0.49	0	0.77	4	1.7	cubic inch, boneless=16
175160		Fish, tuna salad	187	16.04	9.26	9.41	1	17		cup=205
175161		Fish, whiting, mixed species, cooked, dry heat	116	23.48	1.69	0	0.42	62	1.8	fillet=72
175162		Fish, wolffish, Atlantic, raw	96	17.5	2.39	0	0.09	6		fillet=306
175163		Fish, yellowtail, mixed species, raw	146	23.14	5.24	0	0.49	23		fillet=374
175164		Crustaceans, crab, alaska king, raw	84	18.29	0.6	0	0.59	46		leg=172
175165		Fish, catfish, channel, farmed, raw	119	15.23	5.94	0	0.23	8	0.2	fillet=159
175166		Fish, catfish, channel, farmed, cooked, dry heat	144	18.44	7.19	0	0.28	9	0.3	fillet=143
175167		Fish, salmon, Atlantic, farmed, raw	208	20.42	13.42	0	0.34	9	11	fillet=396
175168		Fish, salmon, Atlantic, farmed, cooked, dry heat	206	22.1	12.35	0	0.34	15	13.1	fillet=356
175169		Crustaceans, crayfish, mixed species, farmed, raw	72	14.85	0.97	0	0.55	25		crayfish=3.38
175170		Crustaceans, crayfish, mixed species, farmed, cooked, moist heat	87	17.52	1.3	0	1.11	51		
175171		Mollusks, oyster, eastern, wild, cooked, dry heat	79	8.87	2.65	4.23	7.16	92	0	medium=9.83
175172		Mollusks, oyster, eastern, farmed, raw	59	5.22	1.55	5.53	5.78	44		medium=14
175173		Mollusks, oyster, eastern, farmed, cooked, dry heat	79	7	2.12	7.28	7.77	56		medium=9.83
175174		Salmon, sockeye, canned, total can contents	153	20.63	7.17	0	0.57	198	19	can total can contents=417
175175		Fish, salmon, pink, canned, drained solids	138	23.1	5.02	0	0.77	283	14.5	can drained solids (total)=315
175176		Fish, tilapia, raw	96	20.08	1.7	0	0.56	10	3.1	fillet=116
175177		Fish, tilapia, cooked, dry heat	128	26.15	2.65	0	0.69	14	3.7	fillet=87
175178		Fish, cod, Pacific, cooked	84	20.42	0.25	0	0.16	17		
175179		Crustaceans, shrimp, raw	85	20.1	0.51	0	0.52	64		
175180		Crustaceans, shrimp, cooked	99	23.98	0.28	0.2	0.51	70		
175181		Fish, trout, brook, raw, New York State	110	21.23	2.73	0	0.38	25		filet=149|fish=332
175182		Beans, baked, canned, plain or vegetarian	94	4.75	0.37	17.04	1.19	34	0	cup=254
175183		Beans, baked, canned, with beef	121	6.38	3.45	16.91	1.6	45	0	cup=266
175184		Beans, baked, canned, with franks	142	6.75	6.57	8.49	1.73	48	0	cup=259
175185		Beans, baked, canned, with pork	106	5.19	1.55	14.49	1.7	53	0	cup=253
175186		Beans, black turtle, mature seeds, raw	339	21.25	0.9	47.75	8.7	160	0	cup=184
175187		Beans, black turtle, mature seeds, cooked, boiled, without salt	130	8.18	0.35	16.05	2.85	55	0	cup=185
175188		Beans, black turtle, mature seeds, canned	91	6.03	0.29	9.65	1.9	35	0	cup=240
175189		Beans, cranberry (roman), mature seeds, raw	335	23.03	1.23	35.35	5	127	0	cup=195
175190		Beans, great northern, mature seeds, raw (Includes foods for USDA's Food Distribution Program)	339	21.86	1.14	42.17	5.47	175	0	cup=183
175191		Beans, great northern, mature seeds, cooked, boiled, without salt	118	8.33	0.45	14.09	2.13	68	0	cup=177
175192		Beans, great northern, mature seeds, canned	114	7.37	0.39	16.12	1.57	53	0	cup=262
175193		Beans, kidney, all types, mature seeds, raw	333	23.58	0.83	35.11	8.2	143	0	cup=184
175194		Beans, kidney, red, mature seeds, cooked, boiled, without salt	127	8.67	0.5	15.4	2.94	28	0	cup=177|tbsp=11
175195		Beans, kidney, red, mature seeds, canned, solids and liquids	81	5.22	0.36	10.53	1.25	29	0	cup=256|tbsp=16|can=436
175196		Beans, kidney, royal red, mature seeds, raw	329	25.33	0.45	33.43	8.7	131	0	cup=184
175197		Beans, kidney, royal red, mature seeds, cooked, boiled, without salt	123	9.49	0.17	12.55	2.77	44	0	cup=177
175198		Beans, pink, mature seeds, cooked, boiled, without salt	149	9.06	0.49	22.61	2.3	52	0	cup=169
175199		Beans, pinto, mature seeds, raw (Includes foods for USDA's Food Distribution Program)	347	21.42	1.23	47.05	5.07	113	0	cup=193|tbsp=12
175200		Beans, pinto, mature seeds, cooked, boiled, without salt	143	9.01	0.65	17.22	2.09	46	0	cup=171|tbsp=10.6
175201		Beans, pinto, mature seeds, canned, solids and liquids	82	4.6	0.56	10.58	1.47	47	0	cup=240|can=442
175202		Beans, white, mature seeds, raw	333	23.36	0.85	45.07	10.44	240	0	cup=202|tbsp=12.6
175203		Beans, white, mature seeds, cooked, boiled, without salt	139	9.73	0.35	18.79	3.7	90	0	cup=179|tbsp=11.2
175204		Beans, white, mature seeds, canned	114	7.26	0.29	16.4	2.99	73	0	cup=262
175205		Broadbeans (fava beans), mature seeds, raw	341	26.12	1.53	33.29	6.7	103	0	cup=150|tbsp=9.4
175206		Chickpeas (garbanzo beans, bengal gram), mature seeds, canned, solids and liquids	88	4.92	1.95	9.09	1.23	35	0	cup=240|can (total can contents)=448
175207		Chili with beans, canned	103	6.12	3.76	9.94	3.43	47	0	cup=256|tbsp=16
175208		Cowpeas, catjang, mature seeds, raw	343	23.85	2.07	48.94	9.95	85	0	cup=167
175209		Cowpeas, catjang, mature seeds, cooked, boiled, without salt	117	8.13	0.71	16.72	3.05	26	0	cup=171
175210		Hyacinth beans, mature seeds, raw	344	23.9	1.69	35.14	5.1	130	0	cup=210
175211		Hyacinth beans, mature seeds, cooked, boiled, without salt	117	8.14	0.58	20.69	4.58	40	0	cup=194
175212		Vitasoy USA, Vitasoy Organic Creamy Original Soymilk	44	2.9	1.6	4.1	0.4	127	0.9	cup=243|serving=243
175213		Vitasoy USA, Vitasoy Organic Classic Original Soymilk	47	3.2	1.8	4.1	0.44	17		cup=243|serving=243
175214		Vitasoy USA, Vitasoy Light Vanilla Soymilk	30	1.6	0.82	4	0.3	123	0.8	cup=243|serving=243
175215		Soymilk (all flavors), unsweetened, with added calcium, vitamins A and D	33	2.86	1.61	1.24	0.46	124	1.2	cup=243
175216		Soymilk (all flavors), nonfat, with added calcium, vitamins A and D	28	2.47	0.04	3.94	0.35	116	1	cup=243
175217		Soymilk, chocolate, nonfat, with added calcium, vitamins A and D	44	2.47	0.04	8.31	0.35	116	1	cup=243
175218		SILK Plain, soymilk	41	2.88	1.65	2.89	0.44	123	1.2	cup=243
175219		SILK Vanilla, soymilk	41	2.47	1.44	3.72	0.44	123	1.2	cup=243
175220		SILK Plus Omega-3 DHA, soymilk	45	2.88	2.06	2.89	0.44	144	1.2	cup=243
175221		SILK Plus for Bone Health, soymilk	41	2.47	1.44	3.73	0.44	165	1.2	cup=243
175222		SILK Plus Fiber, soymilk	41	2.47	1.44	3.66	0.44	123	1.2	cup=243
175223		SILK Unsweetened, soymilk	33	2.88	1.65	1.25	0.44	123	0	cup=243
175224		SILK Coffee, soymilk	62	2.06	1.44	10.29	0	123		cup=243
175225		SILK Vanilla soy yogurt (family size)	79	2.64	1.76	13.26	0.48	132	1.3	container=227
175226		SILK Vanilla soy yogurt (single serving size)	88	2.94	1.76	14.11	0.85	176		container=170
175227		SILK Plain soy yogurt	66	2.64	1.76	9.29		132	1.3	container=227
175228		SILK Strawberry soy yogurt	94	2.35	1.18	17.64	0.64	176		container=170
175229		SILK Key Lime soy yogurt	88	2.35	1.18	17.05	0.64	176		container=170
175230		SILK Banana-Strawberry soy yogurt	88	2.35	1.18	16.46	0.64	176		container=170
175231		SILK Original Creamer	100	0	6.67	6.67	0	0		tbsp=15
175232		SILK French Vanilla Creamer	133	0	6.67	20	0	0		tbsp=15
175233		Vitasoy USA Organic Nasoya, Tofu Plus Firm	74	9.19	3.4	0.91	1.3	237	2.5	
175234		Vitasoy USA Organic Nasoya Sprouted, Tofu Plus Super Firm	115	13.24	5.9	0.96	1.7	239	2.5	
175235		Vitasoy USA Azumaya, Extra Firm Tofu	88	10.07	4.6	0.63	1.7	176		package=395
175236		Vitasoy USA Azumaya, Firm Tofu	80	9.08	4.2	0.92	1.3	180		package=395
175237		Beans, black, mature seeds, cooked, boiled, with salt	132	8.86	0.54	15.01	2.1	27	0	cup=172
175238		Beans, black, mature seeds, canned, low sodium	91	6.03	0.29	9.65	1.9	35	0	cup=240
175239		Beans, black turtle, mature seeds, cooked, boiled, with salt	130	8.18	0.35	16.05	2.85	55	0	cup=185
175240		Beans, cranberry (roman), mature seeds, cooked, boiled, with salt	136	9.34	0.46	15.86	2.09	50	0	cup=177
175241		Beans, french, mature seeds, cooked, boiled, with salt	129	7.05	0.76	14.62	1.08	63	0	cup=177
175242		Beans, kidney, red, mature seeds, cooked, boiled, with salt	127	8.67	0.5	15.4	2.94	28	0	cup=177
175243		Beans, kidney, red, mature seeds, canned, drained solids, rinsed in tap water	121	8.12	0.93	14.8	1.5	58	0	cup cup rinsed solids=158
175244		Beans, kidney, royal red, mature seeds, cooked, boiled with salt	123	9.49	0.17	12.55	2.77	44	0	cup=177
175245		Beans, kidney, red, mature seeds, canned, solids and liquid, low sodium	81	5.22	0.36	9.53	1.25	29	0	cup=256|can total can contents=436
175246		Beans, small white, mature seeds, cooked, boiled, with salt	142	8.97	0.64	15.41	2.84	73	0	cup=179
175247		Beans, pinto, mature seeds, canned, solids and liquids, low sodium	82	4.6	0.56	10.58	1.47	47	0	cup=240|can total can contents=442
175248		Beans, yellow, mature seeds, cooked, boiled, with salt	144	9.16	1.08	14.88	2.48	62	0	cup=177
175249		Beans, white, mature seeds, cooked, boiled, with salt	139	9.73	0.35	18.79	3.7	90	0	cup=179
175250		Chickpeas (garbanzo beans, bengal gram), mature seeds, canned, solids and liquids, low sodium	88	4.92	1.95	9.09	1.23	35	0	cup=240|can total can contents=448
175251		Cowpeas, catjang, mature seeds, cooked, boiled, with salt	117	8.13	0.71	16.72	3.05	26	0	cup=171
175252		Cowpeas, common (blackeyes, crowder, southern), mature seeds, cooked, boiled, with salt	116	7.73	0.53	14.26	2.51	24	0	cup=171
175253		Hyacinth beans, mature seeds, cooked, boiled, with salt	117	8.14	0.58	20.7	4.58	40	0	cup=194
175254		Lentils, mature seeds, cooked, boiled, with salt	114	9.02	0.38	11.64	3.33	19	0	cup=198
175255		Mung beans, mature seeds, cooked, boiled, with salt	105	7.02	0.38	11.55	1.4	27	0	cup=202
175256		Mungo beans, mature seeds, cooked, boiled, with salt	105	7.54	0.55	11.94	1.75	53	0	cup=180
175257		Peas, split, mature seeds, cooked, boiled, with salt	116	8.34	0.39	12.21	1.29	14	0	cup=196
175258		Peanuts, all types, oil-roasted, without salt	599	28.03	52.5	5.86	1.52	61	0	cup,=144
175259		Lamb, New Zealand, imported, frozen, loin, separable lean and fat, cooked, broiled	315	23.43	23.88	0	2.05	23	0.1	chop, excluding refuse (yield =43
175260		Lamb, New Zealand, imported, rack - partly frenched, separable lean only, raw	160	20.65	8.61	0	1.43	12	0	serving=115
175261		Lamb, New Zealand, imported, rack - partly frenched, separable lean only, cooked, fast roasted	193	24.43	10.63	0	1.65	22	0	serving=85
175262		Lamb, New Zealand, imported, square-cut shoulder, separable lean and fat, raw	272	16.16	22.89	0.24	1.01	10	0.2	serving=115
175263		Lamb, New Zealand, imported, frozen, shoulder, whole (arm and blade), separable lean and fat, cooked, braised	357	28.21	26.27	0	2.11	27		piece, cooked, excluding refus=206
175264		Lamb, New Zealand, imported, square-cut shoulder, separable lean only, raw	154	19.72	8.3	0	1.12	12	0.2	serving=115
175265		Veal, composite of trimmed retail cuts, separable lean only, cooked	196	31.9	6.58	0	1.16	24	0	piece, cooked, excluding refus=192
175266		Veal, composite of trimmed retail cuts, separable fat, raw	638	6.02	67.83	0	0.6	7		
175267		Veal, composite of trimmed retail cuts, separable fat, cooked	642	9.42	66.74	0	1	4		unit, cooked (yield from 1 lb =290
175268		Veal, leg (top round), separable lean and fat, raw	117	20.98	3.08	0	0.79	5	0	
175269		Veal, leg (top round), separable lean only, raw	107	21.28	1.76	0	0.8	5		
175270		Veal, leg (top round), separable lean only, cooked, braised	203	36.71	5.09	0	1.32	9		piece, cooked, excluding refus=267
175271		Veal, leg (top round), separable lean only, cooked, pan-fried, breaded	216	28.41	6.27	9.64	1.64	39	0	unit, cooked (yield from 1 lb =295
175272		Veal, leg (top round), separable lean only, cooked, pan-fried, not breaded	183	33.17	4.62	0	0.87	7	0	piece, cooked, excluding refus=289
175273		Veal, loin, separable lean only, cooked, braised	226	33.57	9.15	0	1.1	32	0	chop, excluding refuse (yield =69
175274		Veal, loin, separable lean only, cooked, roasted	175	26.32	6.94	0	0.85	21	0	piece, cooked, excluding refus=208
175275		Veal, rib, separable lean and fat, raw	162	18.86	9.01	0	0.86	13		
175276		Veal, rib, separable lean and fat, cooked, braised	251	32.43	12.53	0	1.41	22	0	piece, cooked, excluding refus=177
175277		Veal, shoulder, whole (arm and blade), separable lean and fat, raw	130	19.27	5.28	0	0.91	22	0	
175278		Veal, shoulder, whole (arm and blade), separable lean and fat, cooked, braised	228	32.06	10.14	0	1.42	35	0	piece, cooked, excluding refus=191
175279		Veal, shoulder, whole (arm and blade), separable lean and fat, cooked, roasted	184	25.32	8.42	0	1.03	27		piece, cooked, excluding refus=258
175280		Veal, shoulder, whole (arm and blade), separable lean only, raw	112	19.79	3	0	0.9	22		
175281		Veal, shoulder, arm, separable lean and fat, cooked, roasted	183	25.46	8.25	0	1.15	26		piece, cooked, excluding refus=283
175282		Veal, shoulder, arm, separable lean only, raw	105	20.04	2.16	0	1.02	22		steak, excluding refuse (yield=289
175283		Veal, shoulder, arm, separable lean only, cooked, braised	201	35.73	5.33	0	1.41	30		steak, excluding refuse (yield=160
175284		Veal, shoulder, arm, separable lean only, cooked, roasted	164	26.13	5.81	0	1.16	27		piece, cooked, excluding refus=272
175285		Veal, shoulder, blade, separable lean only, cooked, roasted	171	25.64	6.88	0	1	28		piece, cooked, excluding refus=236
175286		Veal, sirloin, separable lean and fat, raw	152	19.07	7.81	0	0.78	11	0	
175287		Veal, sirloin, separable lean and fat, cooked, braised	252	31.26	13.14	0	1.2	17		piece, cooked, excluding refus=205
175288		Veal, sirloin, separable lean and fat, cooked, roasted	202	25.14	10.45	0	0.92	13	0	piece, cooked, excluding refus=269
175289		Veal, cubed for stew (leg and shoulder), separable lean only, cooked, braised	188	34.94	4.31	0	1.44	29		unit, cooked (yield from 1 lb =263
175290		Veal, ground, raw	197	18.58	13.06	0	1.37	12	1.3	
175291		Veal, ground, cooked, broiled	172	24.38	7.56	0	0.99	17	0	unit, cooked (yield from 1 lb =299
175292		Game meat, antelope, raw	114	22.38	2.03	0	3.19	3		
175293		Bison, ground, grass-fed, raw	146	20.23	7.21	0.05	2.78	11	0	patty (cooked from 4 oz raw)=85
175294		Game meat, beaver, raw	146	24.05	4.8	0	6.9	15		
175295		Game meat, beaver, cooked, roasted	212	34.85	6.96	0	10	22	0	piece, cooked (yield from 1 lb=313
175296		Game meat, beefalo, composite of cuts, raw	143	23.3	4.8	0	2.32	18		
175297		Game meat, boar, wild, raw	122	21.51	3.33	0		12		
175298		Game meat, boar, wild, cooked, roasted	160	28.3	4.38	0	1.12	16	0	piece, cooked (yield from 1 lb=340
175299		Game meat, buffalo, water, raw	99	20.39	1.37	0	1.61	12		
175300		Game meat, buffalo, water, cooked, roasted	131	26.83	1.8	0	2.12	15		piece, cooked (yield from 1 lb=340
175301		Game meat, elk, raw	111	22.95	1.45	0	2.76	4		
175302		Game meat, elk, cooked, roasted	146	30.19	1.9	0	3.63	5		piece, cooked (yield from 1 lb=340
175303		Game meat, goat, raw	109	20.6	2.31	0	2.83	13		
175304		Game meat, goat, cooked, roasted	143	27.1	3.03	0	3.73	17	0	piece, cooked (yield from 1 lb=340
